querier-1  | 2026-05-16T18:18:39.713603427Z 2026-05-16T18:18:39.713520Z  INFO influxdb3_lib::commands::serve: InfluxDB 3 Core server starting node_id=querier-1 git_hash=c68a5712951128aa65e146169fe814ea69f22f63 version=3.3.0-nightly uuid=94886503-a01b-4986-964f-3fe4021d1519 num_cpus=8
querier-1  | 2026-05-16T18:18:39.713699219Z 2026-05-16T18:18:39.713645Z  INFO influxdb3_clap_blocks::object_store: Object Store bucket=Some("influxdb3-bench") endpoint=Some(Endpoint("http://minio:9000")) object_store_type="S3"
querier-1  | 2026-05-16T18:18:39.713704635Z 2026-05-16T18:18:39.713685Z  INFO object_store::aws::builder: Using Static credential provider
querier-1  | 2026-05-16T18:18:39.716421010Z 2026-05-16T18:18:39.716352Z  INFO influxdb3_lib::commands::serve: Creating shared query executor num_threads=8
querier-1  | 2026-05-16T18:18:39.718049510Z 2026-05-16T18:18:39.717906Z  INFO influxdb3_lib::commands::serve: opening shared catalog at _catalog/
querier-1  | 2026-05-16T18:18:39.720942719Z 2026-05-16T18:18:39.720895Z  INFO influxdb3_catalog::catalog::update: create database name="_internal"
querier-1  | 2026-05-16T18:18:39.720957302Z 2026-05-16T18:18:39.720940Z  INFO influxdb3_lib::commands::serve: catalog initialized catalog_uuid=cdf82d2f-2174-4ce5-9dbb-c5eee0079d42
querier-1  | 2026-05-16T18:18:39.720961344Z 2026-05-16T18:18:39.720947Z  INFO influxdb3_catalog::catalog::update: register node node_id="querier-1" core_count=8 mode=[Core]
querier-1  | 2026-05-16T18:18:39.720966552Z 2026-05-16T18:18:39.720954Z  INFO influxdb3_catalog::catalog::update: registering new node to the catalog node_id="querier-1" instance_id="6875a5d5-23d2-4754-81b9-159d0aaf17e7"
querier-1  | 2026-05-16T18:18:39.722084302Z 2026-05-16T18:18:39.722046Z  INFO influxdb3_catalog::object_store: persisted next catalog sequence put_result=PutResult { e_tag: Some("\"d1f316cdb952cebcff168bea682ecd4f\""), version: None } object_path=CatalogFilePath(Path { raw: "_catalog/catalogs/00000000000000000004.catalog" })
querier-1  | 2026-05-16T18:18:39.722137969Z 2026-05-16T18:18:39.722115Z  INFO influxdb3_lib::commands::serve: catalog initialized instance_id="6875a5d5-23d2-4754-81b9-159d0aaf17e7"
querier-1  | 2026-05-16T18:18:39.722157969Z 2026-05-16T18:18:39.722141Z  INFO influxdb3_catalog::catalog::update: set gen1 duration duration_ns=600000000000
querier-1  | 2026-05-16T18:18:39.722180052Z 2026-05-16T18:18:39.722163Z  WARN influxdb3_lib::commands::serve: cannot change the existing gen1 duration after it has been set existing_secs=60 provided_secs=600
querier-1  | 2026-05-16T18:18:39.723462469Z 2026-05-16T18:18:39.723414Z  INFO influxdb3_wal::object_store: replaying WAL files
querier-1  | 2026-05-16T18:18:39.723466885Z 2026-05-16T18:18:39.723426Z  INFO influxdb3_wal::object_store: completed replaying wal files time_taken=12.875µs
querier-1  | 2026-05-16T18:18:39.723468135Z 2026-05-16T18:18:39.723447Z  INFO influxdb3_lib::commands::serve: enabling layer C (wal tail) writer_node_ids=["writer-1"] interval=1s
querier-1  | 2026-05-16T18:18:39.723495052Z 2026-05-16T18:18:39.723473Z  INFO influxdb3_lib::commands::serve: spawning shared-inventory poller interval=1s
querier-1  | 2026-05-16T18:18:39.723522969Z 2026-05-16T18:18:39.723490Z  INFO influxdb3_lib::commands::serve: setting up background mem check for query buffer
querier-1  | 2026-05-16T18:18:39.723524802Z 2026-05-16T18:18:39.723491Z  INFO influxdb3_write::deleter: Started catalog hard deleter task. delete_grace_period=86400s
querier-1  | 2026-05-16T18:18:39.723525760Z 2026-05-16T18:18:39.723497Z  INFO influxdb3_lib::commands::serve: compaction service disabled (mode=Querier does not run compaction)
querier-1  | 2026-05-16T18:18:39.723531469Z 2026-05-16T18:18:39.723498Z  INFO influxdb3_lib::commands::serve: setting up telemetry store
querier-1  | 2026-05-16T18:18:39.723532427Z 2026-05-16T18:18:39.723508Z  INFO influxdb3_lib::commands::serve: enabling layer B (remote hot chunks) writer_urls=["http://writer:8181"]
querier-1  | 2026-05-16T18:18:39.724004177Z 2026-05-16T18:18:39.723961Z  WARN influxdb3_lib::commands::serve: server started without auth (`--without-auth` switch), all token creation and regeneration of admin token endpoints are disabled
querier-1  | 2026-05-16T18:18:39.724387010Z 2026-05-16T18:18:39.724332Z  INFO influxdb3_lib::commands::serve: setting up server with authz disabled for paths paths_without_authz=[]
querier-1  | 2026-05-16T18:18:39.724389760Z 2026-05-16T18:18:39.724349Z  INFO influxdb3_server: startup time: 10ms address=0.0.0.0:8181
querier-1  | 2026-05-16T18:18:44.750783638Z 2026-05-16T18:18:44.749979Z  INFO influxdb3_write::inventory_poller: inventory poller advanced catalog before_seq=4 after_seq=5
querier-1  | 2026-05-16T18:21:36.917233717Z 2026-05-16T18:21:36.917181Z  INFO influxdb3_server::http: handling query_sql database=bench query_str=-- Full-range aggregation across every host and every point. Forces a scan of
querier-1  | 2026-05-16T18:21:36.917246051Z -- every parquet file the querier knows about. Most-uncompacted-friendly:
querier-1  | 2026-05-16T18:21:36.917247592Z -- many small gen1 files = many small reads.
querier-1  | 2026-05-16T18:21:36.917248717Z SELECT region, AVG(temp) AS avg_temp, MAX(humidity) AS max_humid, COUNT(*) AS n
querier-1  | 2026-05-16T18:21:36.917249551Z FROM sensors
querier-1  | 2026-05-16T18:21:36.917250259Z GROUP BY region format=Csv
querier-1  | 2026-05-16T18:21:36.917316301Z 2026-05-16T18:21:36.917207Z  INFO influxdb3_server::query_executor: executing sql query database=bench query=-- Full-range aggregation across every host and every point. Forces a scan of
querier-1  | 2026-05-16T18:21:36.917323676Z -- every parquet file the querier knows about. Most-uncompacted-friendly:
querier-1  | 2026-05-16T18:21:36.917325301Z -- many small gen1 files = many small reads.
querier-1  | 2026-05-16T18:21:36.917326467Z SELECT region, AVG(temp) AS avg_temp, MAX(humidity) AS max_humid, COUNT(*) AS n
querier-1  | 2026-05-16T18:21:36.917327592Z FROM sensors
querier-1  | 2026-05-16T18:21:36.917328676Z GROUP BY region params=None
querier-1  | 2026-05-16T18:21:36.917434676Z 2026-05-16T18:21:36.917385Z  INFO iox_query::query_log: query when="received" id=20a5be71-f58c-4b97-ac50-d4263517faaa namespace_id=0 namespace_name="influxdb3 oss" query_type="sql" query_text=-- Full-range aggregation across every host and every point. Forces a scan of
querier-1  | 2026-05-16T18:21:36.917439676Z -- every parquet file the querier knows about. Most-uncompacted-friendly:
querier-1  | 2026-05-16T18:21:36.917440926Z -- many small gen1 files = many small reads.
querier-1  | 2026-05-16T18:21:36.917441967Z SELECT region, AVG(temp) AS avg_temp, MAX(humidity) AS max_humid, COUNT(*) AS n
querier-1  | 2026-05-16T18:21:36.917442759Z FROM sensors
querier-1  | 2026-05-16T18:21:36.917443551Z GROUP BY region query_params=Params { } issue_time=2026-05-16T18:21:36.917383717+00:00 success=false running=true cancelled=false
querier-1  | 2026-05-16T18:21:36.946036259Z 2026-05-16T18:21:36.945943Z  INFO influxdb3_write::composite_write_buffer: composite get_table_chunks db_schema.id=DbId(1) table_def.table_id=TableId(0) local=8000 remote=1 remote_reachable=true tail=0 total=8001
querier-1  | 2026-05-16T18:21:36.954912134Z 2026-05-16T18:21:36.954819Z  WARN iox_query::physical_optimizer::dedup::split: cannot split dedup operation, fanout too wide n_split=501 max_dedup_split=100
querier-1  | 2026-05-16T18:21:36.988547384Z 2026-05-16T18:21:36.988421Z  INFO iox_query::query_log: query when="planned" id=20a5be71-f58c-4b97-ac50-d4263517faaa namespace_id=0 namespace_name="influxdb3 oss" query_type="sql" query_text=-- Full-range aggregation across every host and every point. Forces a scan of
querier-1  | 2026-05-16T18:21:36.988568342Z -- every parquet file the querier knows about. Most-uncompacted-friendly:
querier-1  | 2026-05-16T18:21:36.988570009Z -- many small gen1 files = many small reads.
querier-1  | 2026-05-16T18:21:36.988571009Z SELECT region, AVG(temp) AS avg_temp, MAX(humidity) AS max_humid, COUNT(*) AS n
querier-1  | 2026-05-16T18:21:36.988572051Z FROM sensors
querier-1  | 2026-05-16T18:21:36.988572926Z GROUP BY region query_params=Params { } issue_time=2026-05-16T18:21:36.917383717+00:00 partitions=500 parquet_files=8000 deduplicated_partitions=500 deduplicated_parquet_files=8000 plan_duration_secs=0.069314042 success=false running=true cancelled=false
querier-1  | 2026-05-16T18:21:36.988574342Z 2026-05-16T18:21:36.988448Z  INFO iox_query::query_log: query when="permit" id=20a5be71-f58c-4b97-ac50-d4263517faaa namespace_id=0 namespace_name="influxdb3 oss" query_type="sql" query_text=-- Full-range aggregation across every host and every point. Forces a scan of
querier-1  | 2026-05-16T18:21:36.988575592Z -- every parquet file the querier knows about. Most-uncompacted-friendly:
querier-1  | 2026-05-16T18:21:36.988576426Z -- many small gen1 files = many small reads.
querier-1  | 2026-05-16T18:21:36.988577176Z SELECT region, AVG(temp) AS avg_temp, MAX(humidity) AS max_humid, COUNT(*) AS n
querier-1  | 2026-05-16T18:21:36.988578092Z FROM sensors
querier-1  | 2026-05-16T18:21:36.988579301Z GROUP BY region query_params=Params { } issue_time=2026-05-16T18:21:36.917383717+00:00 partitions=500 parquet_files=8000 deduplicated_partitions=500 deduplicated_parquet_files=8000 plan_duration_secs=0.069314042 permit_duration_secs=0.001750083 success=false running=true cancelled=false
querier-1  | 2026-05-16T18:21:36.988721426Z 2026-05-16T18:21:36.988635Z  INFO iox_query::query_log: query when="success" id=20a5be71-f58c-4b97-ac50-d4263517faaa namespace_id=0 namespace_name="influxdb3 oss" query_type="sql" query_text=-- Full-range aggregation across every host and every point. Forces a scan of
querier-1  | 2026-05-16T18:21:36.988729467Z -- every parquet file the querier knows about. Most-uncompacted-friendly:
querier-1  | 2026-05-16T18:21:36.988730509Z -- many small gen1 files = many small reads.
querier-1  | 2026-05-16T18:21:36.988731217Z SELECT region, AVG(temp) AS avg_temp, MAX(humidity) AS max_humid, COUNT(*) AS n
querier-1  | 2026-05-16T18:21:36.988731926Z FROM sensors
querier-1  | 2026-05-16T18:21:36.988733009Z GROUP BY region query_params=Params { } issue_time=2026-05-16T18:21:36.917383717+00:00 partitions=500 parquet_files=8000 deduplicated_partitions=500 deduplicated_parquet_files=8000 plan_duration_secs=0.069314042 permit_duration_secs=0.001750083 execute_duration_secs=0.000180292 end2end_duration_secs=0.0712515 compute_duration_secs=4e-9 max_memory=0 ingester_metrics.latency_to_plan_secs=0.0 ingester_metrics.latency_to_full_data_secs=0.0 ingester_metrics.response_rows=0 ingester_metrics.partition_count=0 ingester_metrics.response_size=0 success=true running=false cancelled=false
querier-1  | 2026-05-16T18:21:38.896692510Z 2026-05-16T18:21:38.896609Z  INFO influxdb3_server::http: handling query_sql database=bench query_str=-- Full-range aggregation across every host and every point. Forces a scan of
querier-1  | 2026-05-16T18:21:38.896715052Z -- every parquet file the querier knows about. Most-uncompacted-friendly:
querier-1  | 2026-05-16T18:21:38.896716885Z -- many small gen1 files = many small reads.
querier-1  | 2026-05-16T18:21:38.896717802Z SELECT region, AVG(temp) AS avg_temp, MAX(humidity) AS max_humid, COUNT(*) AS n
querier-1  | 2026-05-16T18:21:38.896718635Z FROM sensors
querier-1  | 2026-05-16T18:21:38.896719385Z GROUP BY region format=Csv
querier-1  | 2026-05-16T18:21:38.896720135Z 2026-05-16T18:21:38.896639Z  INFO influxdb3_server::query_executor: executing sql query database=bench query=-- Full-range aggregation across every host and every point. Forces a scan of
querier-1  | 2026-05-16T18:21:38.896721343Z -- every parquet file the querier knows about. Most-uncompacted-friendly:
querier-1  | 2026-05-16T18:21:38.896722093Z -- many small gen1 files = many small reads.
querier-1  | 2026-05-16T18:21:38.896722802Z SELECT region, AVG(temp) AS avg_temp, MAX(humidity) AS max_humid, COUNT(*) AS n
querier-1  | 2026-05-16T18:21:38.896723552Z FROM sensors
querier-1  | 2026-05-16T18:21:38.896724218Z GROUP BY region params=None
querier-1  | 2026-05-16T18:21:38.896725302Z 2026-05-16T18:21:38.896661Z  INFO iox_query::query_log: query when="received" id=5f475be2-2c2e-4b3b-b6b0-521efda914cf namespace_id=0 namespace_name="influxdb3 oss" query_type="sql" query_text=-- Full-range aggregation across every host and every point. Forces a scan of
querier-1  | 2026-05-16T18:21:38.896726593Z -- every parquet file the querier knows about. Most-uncompacted-friendly:
querier-1  | 2026-05-16T18:21:38.896727260Z -- many small gen1 files = many small reads.
querier-1  | 2026-05-16T18:21:38.896727885Z SELECT region, AVG(temp) AS avg_temp, MAX(humidity) AS max_humid, COUNT(*) AS n
querier-1  | 2026-05-16T18:21:38.896728510Z FROM sensors
querier-1  | 2026-05-16T18:21:38.896729218Z GROUP BY region query_params=Params { } issue_time=2026-05-16T18:21:38.896660510+00:00 success=false running=true cancelled=false
querier-1  | 2026-05-16T18:21:38.920103093Z 2026-05-16T18:21:38.920017Z  INFO influxdb3_write::composite_write_buffer: composite get_table_chunks db_schema.id=DbId(1) table_def.table_id=TableId(0) local=8000 remote=1 remote_reachable=true tail=0 total=8001
querier-1  | 2026-05-16T18:21:38.928544177Z 2026-05-16T18:21:38.928460Z  WARN iox_query::physical_optimizer::dedup::split: cannot split dedup operation, fanout too wide n_split=501 max_dedup_split=100
querier-1  | 2026-05-16T18:21:38.960783052Z 2026-05-16T18:21:38.960675Z  INFO iox_query::query_log: query when="planned" id=5f475be2-2c2e-4b3b-b6b0-521efda914cf namespace_id=0 namespace_name="influxdb3 oss" query_type="sql" query_text=-- Full-range aggregation across every host and every point. Forces a scan of
querier-1  | 2026-05-16T18:21:38.960806635Z -- every parquet file the querier knows about. Most-uncompacted-friendly:
querier-1  | 2026-05-16T18:21:38.960807885Z -- many small gen1 files = many small reads.
querier-1  | 2026-05-16T18:21:38.960808760Z SELECT region, AVG(temp) AS avg_temp, MAX(humidity) AS max_humid, COUNT(*) AS n
querier-1  | 2026-05-16T18:21:38.960816468Z FROM sensors
querier-1  | 2026-05-16T18:21:38.960817260Z GROUP BY region query_params=Params { } issue_time=2026-05-16T18:21:38.896660510+00:00 partitions=500 parquet_files=8000 deduplicated_partitions=500 deduplicated_parquet_files=8000 plan_duration_secs=0.062496583 success=false running=true cancelled=false
querier-1  | 2026-05-16T18:21:38.960818135Z 2026-05-16T18:21:38.960699Z  INFO iox_query::query_log: query when="permit" id=5f475be2-2c2e-4b3b-b6b0-521efda914cf namespace_id=0 namespace_name="influxdb3 oss" query_type="sql" query_text=-- Full-range aggregation across every host and every point. Forces a scan of
querier-1  | 2026-05-16T18:21:38.960819052Z -- every parquet file the querier knows about. Most-uncompacted-friendly:
querier-1  | 2026-05-16T18:21:38.960819635Z -- many small gen1 files = many small reads.
querier-1  | 2026-05-16T18:21:38.960820218Z SELECT region, AVG(temp) AS avg_temp, MAX(humidity) AS max_humid, COUNT(*) AS n
querier-1  | 2026-05-16T18:21:38.960820802Z FROM sensors
querier-1  | 2026-05-16T18:21:38.960821385Z GROUP BY region query_params=Params { } issue_time=2026-05-16T18:21:38.896660510+00:00 partitions=500 parquet_files=8000 deduplicated_partitions=500 deduplicated_parquet_files=8000 plan_duration_secs=0.062496583 permit_duration_secs=0.001542125 success=false running=true cancelled=false
querier-1  | 2026-05-16T18:21:38.960924052Z 2026-05-16T18:21:38.960804Z  INFO iox_query::query_log: query when="success" id=5f475be2-2c2e-4b3b-b6b0-521efda914cf namespace_id=0 namespace_name="influxdb3 oss" query_type="sql" query_text=-- Full-range aggregation across every host and every point. Forces a scan of
querier-1  | 2026-05-16T18:21:38.960926010Z -- every parquet file the querier knows about. Most-uncompacted-friendly:
querier-1  | 2026-05-16T18:21:38.960926718Z -- many small gen1 files = many small reads.
querier-1  | 2026-05-16T18:21:38.960927302Z SELECT region, AVG(temp) AS avg_temp, MAX(humidity) AS max_humid, COUNT(*) AS n
querier-1  | 2026-05-16T18:21:38.960927885Z FROM sensors
querier-1  | 2026-05-16T18:21:38.960930468Z GROUP BY region query_params=Params { } issue_time=2026-05-16T18:21:38.896660510+00:00 partitions=500 parquet_files=8000 deduplicated_partitions=500 deduplicated_parquet_files=8000 plan_duration_secs=0.062496583 permit_duration_secs=0.001542125 execute_duration_secs=9.6625e-5 end2end_duration_secs=0.064142625 compute_duration_secs=4e-9 max_memory=0 ingester_metrics.latency_to_plan_secs=0.0 ingester_metrics.latency_to_full_data_secs=0.0 ingester_metrics.response_rows=0 ingester_metrics.partition_count=0 ingester_metrics.response_size=0 success=true running=false cancelled=false
querier-1  | 2026-05-16T18:21:40.852994678Z 2026-05-16T18:21:40.852932Z  INFO influxdb3_server::http: handling query_sql database=bench query_str=-- Full-range aggregation across every host and every point. Forces a scan of
querier-1  | 2026-05-16T18:21:40.853005094Z -- every parquet file the querier knows about. Most-uncompacted-friendly:
querier-1  | 2026-05-16T18:21:40.853006511Z -- many small gen1 files = many small reads.
querier-1  | 2026-05-16T18:21:40.853007428Z SELECT region, AVG(temp) AS avg_temp, MAX(humidity) AS max_humid, COUNT(*) AS n
querier-1  | 2026-05-16T18:21:40.853008303Z FROM sensors
querier-1  | 2026-05-16T18:21:40.853009053Z GROUP BY region format=Csv
querier-1  | 2026-05-16T18:21:40.853009844Z 2026-05-16T18:21:40.852959Z  INFO influxdb3_server::query_executor: executing sql query database=bench query=-- Full-range aggregation across every host and every point. Forces a scan of
querier-1  | 2026-05-16T18:21:40.853017761Z -- every parquet file the querier knows about. Most-uncompacted-friendly:
querier-1  | 2026-05-16T18:21:40.853018636Z -- many small gen1 files = many small reads.
querier-1  | 2026-05-16T18:21:40.853019386Z SELECT region, AVG(temp) AS avg_temp, MAX(humidity) AS max_humid, COUNT(*) AS n
querier-1  | 2026-05-16T18:21:40.853020136Z FROM sensors
querier-1  | 2026-05-16T18:21:40.853020803Z GROUP BY region params=None
querier-1  | 2026-05-16T18:21:40.853097344Z 2026-05-16T18:21:40.852984Z  INFO iox_query::query_log: query when="received" id=ed952634-e4a0-4a78-b85d-b9ce56bc872f namespace_id=0 namespace_name="influxdb3 oss" query_type="sql" query_text=-- Full-range aggregation across every host and every point. Forces a scan of
querier-1  | 2026-05-16T18:21:40.853099594Z -- every parquet file the querier knows about. Most-uncompacted-friendly:
querier-1  | 2026-05-16T18:21:40.853100469Z -- many small gen1 files = many small reads.
querier-1  | 2026-05-16T18:21:40.853101219Z SELECT region, AVG(temp) AS avg_temp, MAX(humidity) AS max_humid, COUNT(*) AS n
querier-1  | 2026-05-16T18:21:40.853101928Z FROM sensors
querier-1  | 2026-05-16T18:21:40.853102511Z GROUP BY region query_params=Params { } issue_time=2026-05-16T18:21:40.852983469+00:00 success=false running=true cancelled=false
querier-1  | 2026-05-16T18:21:40.876179803Z 2026-05-16T18:21:40.876088Z  INFO influxdb3_write::composite_write_buffer: composite get_table_chunks db_schema.id=DbId(1) table_def.table_id=TableId(0) local=8000 remote=1 remote_reachable=true tail=0 total=8001
querier-1  | 2026-05-16T18:21:40.884528719Z 2026-05-16T18:21:40.884432Z  WARN iox_query::physical_optimizer::dedup::split: cannot split dedup operation, fanout too wide n_split=501 max_dedup_split=100
querier-1  | 2026-05-16T18:21:40.915905761Z 2026-05-16T18:21:40.915792Z  INFO iox_query::query_log: query when="planned" id=ed952634-e4a0-4a78-b85d-b9ce56bc872f namespace_id=0 namespace_name="influxdb3 oss" query_type="sql" query_text=-- Full-range aggregation across every host and every point. Forces a scan of
querier-1  | 2026-05-16T18:21:40.915927344Z -- every parquet file the querier knows about. Most-uncompacted-friendly:
querier-1  | 2026-05-16T18:21:40.915928469Z -- many small gen1 files = many small reads.
querier-1  | 2026-05-16T18:21:40.915929136Z SELECT region, AVG(temp) AS avg_temp, MAX(humidity) AS max_humid, COUNT(*) AS n
querier-1  | 2026-05-16T18:21:40.915929886Z FROM sensors
querier-1  | 2026-05-16T18:21:40.915930511Z GROUP BY region query_params=Params { } issue_time=2026-05-16T18:21:40.852983469+00:00 partitions=500 parquet_files=8000 deduplicated_partitions=500 deduplicated_parquet_files=8000 plan_duration_secs=0.0613545 success=false running=true cancelled=false
querier-1  | 2026-05-16T18:21:40.915931469Z 2026-05-16T18:21:40.915816Z  INFO iox_query::query_log: query when="permit" id=ed952634-e4a0-4a78-b85d-b9ce56bc872f namespace_id=0 namespace_name="influxdb3 oss" query_type="sql" query_text=-- Full-range aggregation across every host and every point. Forces a scan of
querier-1  | 2026-05-16T18:21:40.915932386Z -- every parquet file the querier knows about. Most-uncompacted-friendly:
querier-1  | 2026-05-16T18:21:40.915933011Z -- many small gen1 files = many small reads.
querier-1  | 2026-05-16T18:21:40.915933594Z SELECT region, AVG(temp) AS avg_temp, MAX(humidity) AS max_humid, COUNT(*) AS n
querier-1  | 2026-05-16T18:21:40.915942553Z FROM sensors
querier-1  | 2026-05-16T18:21:40.915943219Z GROUP BY region query_params=Params { } issue_time=2026-05-16T18:21:40.852983469+00:00 partitions=500 parquet_files=8000 deduplicated_partitions=500 deduplicated_parquet_files=8000 plan_duration_secs=0.0613545 permit_duration_secs=0.001477625 success=false running=true cancelled=false
querier-1  | 2026-05-16T18:21:40.916578803Z 2026-05-16T18:21:40.915923Z  INFO iox_query::query_log: query when="success" id=ed952634-e4a0-4a78-b85d-b9ce56bc872f namespace_id=0 namespace_name="influxdb3 oss" query_type="sql" query_text=-- Full-range aggregation across every host and every point. Forces a scan of
querier-1  | 2026-05-16T18:21:40.916584428Z -- every parquet file the querier knows about. Most-uncompacted-friendly:
querier-1  | 2026-05-16T18:21:40.916585178Z -- many small gen1 files = many small reads.
querier-1  | 2026-05-16T18:21:40.916585844Z SELECT region, AVG(temp) AS avg_temp, MAX(humidity) AS max_humid, COUNT(*) AS n
querier-1  | 2026-05-16T18:21:40.916586469Z FROM sensors
querier-1  | 2026-05-16T18:21:40.916588636Z GROUP BY region query_params=Params { } issue_time=2026-05-16T18:21:40.852983469+00:00 partitions=500 parquet_files=8000 deduplicated_partitions=500 deduplicated_parquet_files=8000 plan_duration_secs=0.0613545 permit_duration_secs=0.001477625 execute_duration_secs=0.000100875 end2end_duration_secs=0.062939334 compute_duration_secs=4e-9 max_memory=0 ingester_metrics.latency_to_plan_secs=0.0 ingester_metrics.latency_to_full_data_secs=0.0 ingester_metrics.response_rows=0 ingester_metrics.partition_count=0 ingester_metrics.response_size=0 success=true running=false cancelled=false
querier-1  | 2026-05-16T18:21:42.806310053Z 2026-05-16T18:21:42.806241Z  INFO influxdb3_server::http: handling query_sql database=bench query_str=-- Full-range aggregation across every host and every point. Forces a scan of
querier-1  | 2026-05-16T18:21:42.806320970Z -- every parquet file the querier knows about. Most-uncompacted-friendly:
querier-1  | 2026-05-16T18:21:42.806322428Z -- many small gen1 files = many small reads.
querier-1  | 2026-05-16T18:21:42.806323470Z SELECT region, AVG(temp) AS avg_temp, MAX(humidity) AS max_humid, COUNT(*) AS n
querier-1  | 2026-05-16T18:21:42.806324345Z FROM sensors
querier-1  | 2026-05-16T18:21:42.806325053Z GROUP BY region format=Csv
querier-1  | 2026-05-16T18:21:42.806325762Z 2026-05-16T18:21:42.806269Z  INFO influxdb3_server::query_executor: executing sql query database=bench query=-- Full-range aggregation across every host and every point. Forces a scan of
querier-1  | 2026-05-16T18:21:42.806326887Z -- every parquet file the querier knows about. Most-uncompacted-friendly:
querier-1  | 2026-05-16T18:21:42.806327553Z -- many small gen1 files = many small reads.
querier-1  | 2026-05-16T18:21:42.806328220Z SELECT region, AVG(temp) AS avg_temp, MAX(humidity) AS max_humid, COUNT(*) AS n
querier-1  | 2026-05-16T18:21:42.806328928Z FROM sensors
querier-1  | 2026-05-16T18:21:42.806329637Z GROUP BY region params=None
querier-1  | 2026-05-16T18:21:42.806413012Z 2026-05-16T18:21:42.806296Z  INFO iox_query::query_log: query when="received" id=35f007ab-2612-4eb6-8a2f-b1641832d29e namespace_id=0 namespace_name="influxdb3 oss" query_type="sql" query_text=-- Full-range aggregation across every host and every point. Forces a scan of
querier-1  | 2026-05-16T18:21:42.806419970Z -- every parquet file the querier knows about. Most-uncompacted-friendly:
querier-1  | 2026-05-16T18:21:42.806420720Z -- many small gen1 files = many small reads.
querier-1  | 2026-05-16T18:21:42.806421303Z SELECT region, AVG(temp) AS avg_temp, MAX(humidity) AS max_humid, COUNT(*) AS n
querier-1  | 2026-05-16T18:21:42.806421928Z FROM sensors
querier-1  | 2026-05-16T18:21:42.806422512Z GROUP BY region query_params=Params { } issue_time=2026-05-16T18:21:42.806295095+00:00 success=false running=true cancelled=false
querier-1  | 2026-05-16T18:21:42.831736303Z 2026-05-16T18:21:42.831641Z  INFO influxdb3_write::composite_write_buffer: composite get_table_chunks db_schema.id=DbId(1) table_def.table_id=TableId(0) local=8000 remote=1 remote_reachable=true tail=0 total=8001
querier-1  | 2026-05-16T18:21:42.840359387Z 2026-05-16T18:21:42.840281Z  WARN iox_query::physical_optimizer::dedup::split: cannot split dedup operation, fanout too wide n_split=501 max_dedup_split=100
querier-1  | 2026-05-16T18:21:42.872769303Z 2026-05-16T18:21:42.872656Z  INFO iox_query::query_log: query when="planned" id=35f007ab-2612-4eb6-8a2f-b1641832d29e namespace_id=0 namespace_name="influxdb3 oss" query_type="sql" query_text=-- Full-range aggregation across every host and every point. Forces a scan of
querier-1  | 2026-05-16T18:21:42.872797595Z -- every parquet file the querier knows about. Most-uncompacted-friendly:
querier-1  | 2026-05-16T18:21:42.872799053Z -- many small gen1 files = many small reads.
querier-1  | 2026-05-16T18:21:42.872800012Z SELECT region, AVG(temp) AS avg_temp, MAX(humidity) AS max_humid, COUNT(*) AS n
querier-1  | 2026-05-16T18:21:42.872800720Z FROM sensors
querier-1  | 2026-05-16T18:21:42.872801387Z GROUP BY region query_params=Params { } issue_time=2026-05-16T18:21:42.806295095+00:00 partitions=500 parquet_files=8000 deduplicated_partitions=500 deduplicated_parquet_files=8000 plan_duration_secs=0.064915167 success=false running=true cancelled=false
querier-1  | 2026-05-16T18:21:42.872802220Z 2026-05-16T18:21:42.872682Z  INFO iox_query::query_log: query when="permit" id=35f007ab-2612-4eb6-8a2f-b1641832d29e namespace_id=0 namespace_name="influxdb3 oss" query_type="sql" query_text=-- Full-range aggregation across every host and every point. Forces a scan of
querier-1  | 2026-05-16T18:21:42.872803137Z -- every parquet file the querier knows about. Most-uncompacted-friendly:
querier-1  | 2026-05-16T18:21:42.872803720Z -- many small gen1 files = many small reads.
querier-1  | 2026-05-16T18:21:42.872804303Z SELECT region, AVG(temp) AS avg_temp, MAX(humidity) AS max_humid, COUNT(*) AS n
querier-1  | 2026-05-16T18:21:42.872804928Z FROM sensors
querier-1  | 2026-05-16T18:21:42.872805512Z GROUP BY region query_params=Params { } issue_time=2026-05-16T18:21:42.806295095+00:00 partitions=500 parquet_files=8000 deduplicated_partitions=500 deduplicated_parquet_files=8000 plan_duration_secs=0.064915167 permit_duration_secs=0.001471416 success=false running=true cancelled=false
querier-1  | 2026-05-16T18:21:42.872934137Z 2026-05-16T18:21:42.872791Z  INFO iox_query::query_log: query when="success" id=35f007ab-2612-4eb6-8a2f-b1641832d29e namespace_id=0 namespace_name="influxdb3 oss" query_type="sql" query_text=-- Full-range aggregation across every host and every point. Forces a scan of
querier-1  | 2026-05-16T18:21:42.872939720Z -- every parquet file the querier knows about. Most-uncompacted-friendly:
querier-1  | 2026-05-16T18:21:42.872940928Z -- many small gen1 files = many small reads.
querier-1  | 2026-05-16T18:21:42.872948887Z SELECT region, AVG(temp) AS avg_temp, MAX(humidity) AS max_humid, COUNT(*) AS n
querier-1  | 2026-05-16T18:21:42.872949720Z FROM sensors
querier-1  | 2026-05-16T18:21:42.872952845Z GROUP BY region query_params=Params { } issue_time=2026-05-16T18:21:42.806295095+00:00 partitions=500 parquet_files=8000 deduplicated_partitions=500 deduplicated_parquet_files=8000 plan_duration_secs=0.064915167 permit_duration_secs=0.001471416 execute_duration_secs=0.000102792 end2end_duration_secs=0.066495417 compute_duration_secs=4e-9 max_memory=0 ingester_metrics.latency_to_plan_secs=0.0 ingester_metrics.latency_to_full_data_secs=0.0 ingester_metrics.response_rows=0 ingester_metrics.partition_count=0 ingester_metrics.response_size=0 success=true running=false cancelled=false
querier-1  | 2026-05-16T18:21:44.780035429Z 2026-05-16T18:21:44.779963Z  INFO influxdb3_server::http: handling query_sql database=bench query_str=-- Full-range aggregation across every host and every point. Forces a scan of
querier-1  | 2026-05-16T18:21:44.780045513Z -- every parquet file the querier knows about. Most-uncompacted-friendly:
querier-1  | 2026-05-16T18:21:44.780046721Z -- many small gen1 files = many small reads.
querier-1  | 2026-05-16T18:21:44.780047471Z SELECT region, AVG(temp) AS avg_temp, MAX(humidity) AS max_humid, COUNT(*) AS n
querier-1  | 2026-05-16T18:21:44.780048179Z FROM sensors
querier-1  | 2026-05-16T18:21:44.780048763Z GROUP BY region format=Csv
querier-1  | 2026-05-16T18:21:44.780049429Z 2026-05-16T18:21:44.779981Z  INFO influxdb3_server::query_executor: executing sql query database=bench query=-- Full-range aggregation across every host and every point. Forces a scan of
querier-1  | 2026-05-16T18:21:44.780050638Z -- every parquet file the querier knows about. Most-uncompacted-friendly:
querier-1  | 2026-05-16T18:21:44.780051304Z -- many small gen1 files = many small reads.
querier-1  | 2026-05-16T18:21:44.780051888Z SELECT region, AVG(temp) AS avg_temp, MAX(humidity) AS max_humid, COUNT(*) AS n
querier-1  | 2026-05-16T18:21:44.780052554Z FROM sensors
querier-1  | 2026-05-16T18:21:44.780053096Z GROUP BY region params=None
querier-1  | 2026-05-16T18:21:44.780053804Z 2026-05-16T18:21:44.780007Z  INFO iox_query::query_log: query when="received" id=77855264-4949-4dad-bc2d-ec9cde10f800 namespace_id=0 namespace_name="influxdb3 oss" query_type="sql" query_text=-- Full-range aggregation across every host and every point. Forces a scan of
querier-1  | 2026-05-16T18:21:44.780054846Z -- every parquet file the querier knows about. Most-uncompacted-friendly:
querier-1  | 2026-05-16T18:21:44.780055471Z -- many small gen1 files = many small reads.
querier-1  | 2026-05-16T18:21:44.780056013Z SELECT region, AVG(temp) AS avg_temp, MAX(humidity) AS max_humid, COUNT(*) AS n
querier-1  | 2026-05-16T18:21:44.780056638Z FROM sensors
querier-1  | 2026-05-16T18:21:44.780057179Z GROUP BY region query_params=Params { } issue_time=2026-05-16T18:21:44.780006054+00:00 success=false running=true cancelled=false
querier-1  | 2026-05-16T18:21:44.804324179Z 2026-05-16T18:21:44.804215Z  INFO influxdb3_write::composite_write_buffer: composite get_table_chunks db_schema.id=DbId(1) table_def.table_id=TableId(0) local=8000 remote=1 remote_reachable=true tail=0 total=8001
querier-1  | 2026-05-16T18:21:44.812761804Z 2026-05-16T18:21:44.812674Z  WARN iox_query::physical_optimizer::dedup::split: cannot split dedup operation, fanout too wide n_split=501 max_dedup_split=100
querier-1  | 2026-05-16T18:21:44.844042554Z 2026-05-16T18:21:44.843941Z  INFO iox_query::query_log: query when="planned" id=77855264-4949-4dad-bc2d-ec9cde10f800 namespace_id=0 namespace_name="influxdb3 oss" query_type="sql" query_text=-- Full-range aggregation across every host and every point. Forces a scan of
querier-1  | 2026-05-16T18:21:44.844073971Z -- every parquet file the querier knows about. Most-uncompacted-friendly:
querier-1  | 2026-05-16T18:21:44.844075513Z -- many small gen1 files = many small reads.
querier-1  | 2026-05-16T18:21:44.844076221Z SELECT region, AVG(temp) AS avg_temp, MAX(humidity) AS max_humid, COUNT(*) AS n
querier-1  | 2026-05-16T18:21:44.844076929Z FROM sensors
querier-1  | 2026-05-16T18:21:44.844077554Z GROUP BY region query_params=Params { } issue_time=2026-05-16T18:21:44.780006054+00:00 partitions=500 parquet_files=8000 deduplicated_partitions=500 deduplicated_parquet_files=8000 plan_duration_secs=0.062479709 success=false running=true cancelled=false
querier-1  | 2026-05-16T18:21:44.844078429Z 2026-05-16T18:21:44.843965Z  INFO iox_query::query_log: query when="permit" id=77855264-4949-4dad-bc2d-ec9cde10f800 namespace_id=0 namespace_name="influxdb3 oss" query_type="sql" query_text=-- Full-range aggregation across every host and every point. Forces a scan of
querier-1  | 2026-05-16T18:21:44.844079346Z -- every parquet file the querier knows about. Most-uncompacted-friendly:
querier-1  | 2026-05-16T18:21:44.844080013Z -- many small gen1 files = many small reads.
querier-1  | 2026-05-16T18:21:44.844080596Z SELECT region, AVG(temp) AS avg_temp, MAX(humidity) AS max_humid, COUNT(*) AS n
querier-1  | 2026-05-16T18:21:44.844081221Z FROM sensors
querier-1  | 2026-05-16T18:21:44.844081763Z GROUP BY region query_params=Params { } issue_time=2026-05-16T18:21:44.780006054+00:00 partitions=500 parquet_files=8000 deduplicated_partitions=500 deduplicated_parquet_files=8000 plan_duration_secs=0.062479709 permit_duration_secs=0.00147875 success=false running=true cancelled=false
querier-1  | 2026-05-16T18:21:44.844200221Z 2026-05-16T18:21:44.844073Z  INFO iox_query::query_log: query when="success" id=77855264-4949-4dad-bc2d-ec9cde10f800 namespace_id=0 namespace_name="influxdb3 oss" query_type="sql" query_text=-- Full-range aggregation across every host and every point. Forces a scan of
querier-1  | 2026-05-16T18:21:44.844203013Z -- every parquet file the querier knows about. Most-uncompacted-friendly:
querier-1  | 2026-05-16T18:21:44.844203679Z -- many small gen1 files = many small reads.
querier-1  | 2026-05-16T18:21:44.844204304Z SELECT region, AVG(temp) AS avg_temp, MAX(humidity) AS max_humid, COUNT(*) AS n
querier-1  | 2026-05-16T18:21:44.844204929Z FROM sensors
querier-1  | 2026-05-16T18:21:44.844206138Z GROUP BY region query_params=Params { } issue_time=2026-05-16T18:21:44.780006054+00:00 partitions=500 parquet_files=8000 deduplicated_partitions=500 deduplicated_parquet_files=8000 plan_duration_secs=0.062479709 permit_duration_secs=0.00147875 execute_duration_secs=0.000100958 end2end_duration_secs=0.064066209 compute_duration_secs=5.5418e-5 max_memory=0 ingester_metrics.latency_to_plan_secs=0.0 ingester_metrics.latency_to_full_data_secs=0.0 ingester_metrics.response_rows=0 ingester_metrics.partition_count=0 ingester_metrics.response_size=0 success=true running=false cancelled=false
querier-1  | 2026-05-16T18:21:46.766784514Z 2026-05-16T18:21:46.766710Z  INFO influxdb3_server::http: handling query_sql database=bench query_str=-- Full-range aggregation across every host and every point. Forces a scan of
querier-1  | 2026-05-16T18:21:46.766799180Z -- every parquet file the querier knows about. Most-uncompacted-friendly:
querier-1  | 2026-05-16T18:21:46.766800139Z -- many small gen1 files = many small reads.
querier-1  | 2026-05-16T18:21:46.766800805Z SELECT region, AVG(temp) AS avg_temp, MAX(humidity) AS max_humid, COUNT(*) AS n
querier-1  | 2026-05-16T18:21:46.766801639Z FROM sensors
querier-1  | 2026-05-16T18:21:46.766802347Z GROUP BY region format=Csv
querier-1  | 2026-05-16T18:21:46.766803097Z 2026-05-16T18:21:46.766738Z  INFO influxdb3_server::query_executor: executing sql query database=bench query=-- Full-range aggregation across every host and every point. Forces a scan of
querier-1  | 2026-05-16T18:21:46.766804014Z -- every parquet file the querier knows about. Most-uncompacted-friendly:
querier-1  | 2026-05-16T18:21:46.766804764Z -- many small gen1 files = many small reads.
querier-1  | 2026-05-16T18:21:46.766805430Z SELECT region, AVG(temp) AS avg_temp, MAX(humidity) AS max_humid, COUNT(*) AS n
querier-1  | 2026-05-16T18:21:46.766806180Z FROM sensors
querier-1  | 2026-05-16T18:21:46.766806805Z GROUP BY region params=None
querier-1  | 2026-05-16T18:21:46.766808722Z 2026-05-16T18:21:46.766766Z  INFO iox_query::query_log: query when="received" id=3b36bd92-fcc0-4e34-a7f7-adc50a0970d1 namespace_id=0 namespace_name="influxdb3 oss" query_type="sql" query_text=-- Full-range aggregation across every host and every point. Forces a scan of
querier-1  | 2026-05-16T18:21:46.766809889Z -- every parquet file the querier knows about. Most-uncompacted-friendly:
querier-1  | 2026-05-16T18:21:46.766810514Z -- many small gen1 files = many small reads.
querier-1  | 2026-05-16T18:21:46.766811055Z SELECT region, AVG(temp) AS avg_temp, MAX(humidity) AS max_humid, COUNT(*) AS n
querier-1  | 2026-05-16T18:21:46.766811639Z FROM sensors
querier-1  | 2026-05-16T18:21:46.766812180Z GROUP BY region query_params=Params { } issue_time=2026-05-16T18:21:46.766765055+00:00 success=false running=true cancelled=false
querier-1  | 2026-05-16T18:21:46.790083555Z 2026-05-16T18:21:46.789998Z  INFO influxdb3_write::composite_write_buffer: composite get_table_chunks db_schema.id=DbId(1) table_def.table_id=TableId(0) local=8000 remote=1 remote_reachable=true tail=0 total=8001
querier-1  | 2026-05-16T18:21:46.798297805Z 2026-05-16T18:21:46.798208Z  WARN iox_query::physical_optimizer::dedup::split: cannot split dedup operation, fanout too wide n_split=501 max_dedup_split=100
querier-1  | 2026-05-16T18:21:46.830217889Z 2026-05-16T18:21:46.830097Z  INFO iox_query::query_log: query when="planned" id=3b36bd92-fcc0-4e34-a7f7-adc50a0970d1 namespace_id=0 namespace_name="influxdb3 oss" query_type="sql" query_text=-- Full-range aggregation across every host and every point. Forces a scan of
querier-1  | 2026-05-16T18:21:46.830233514Z -- every parquet file the querier knows about. Most-uncompacted-friendly:
querier-1  | 2026-05-16T18:21:46.830234430Z -- many small gen1 files = many small reads.
querier-1  | 2026-05-16T18:21:46.830235055Z SELECT region, AVG(temp) AS avg_temp, MAX(humidity) AS max_humid, COUNT(*) AS n
querier-1  | 2026-05-16T18:21:46.830235805Z FROM sensors
querier-1  | 2026-05-16T18:21:46.830236430Z GROUP BY region query_params=Params { } issue_time=2026-05-16T18:21:46.766765055+00:00 partitions=500 parquet_files=8000 deduplicated_partitions=500 deduplicated_parquet_files=8000 plan_duration_secs=0.061917834 success=false running=true cancelled=false
querier-1  | 2026-05-16T18:21:46.830255472Z 2026-05-16T18:21:46.830125Z  INFO iox_query::query_log: query when="permit" id=3b36bd92-fcc0-4e34-a7f7-adc50a0970d1 namespace_id=0 namespace_name="influxdb3 oss" query_type="sql" query_text=-- Full-range aggregation across every host and every point. Forces a scan of
querier-1  | 2026-05-16T18:21:46.830256514Z -- every parquet file the querier knows about. Most-uncompacted-friendly:
querier-1  | 2026-05-16T18:21:46.830257097Z -- many small gen1 files = many small reads.
querier-1  | 2026-05-16T18:21:46.830257639Z SELECT region, AVG(temp) AS avg_temp, MAX(humidity) AS max_humid, COUNT(*) AS n
querier-1  | 2026-05-16T18:21:46.830258264Z FROM sensors
querier-1  | 2026-05-16T18:21:46.830258805Z GROUP BY region query_params=Params { } issue_time=2026-05-16T18:21:46.766765055+00:00 partitions=500 parquet_files=8000 deduplicated_partitions=500 deduplicated_parquet_files=8000 plan_duration_secs=0.061917834 permit_duration_secs=0.0014415 success=false running=true cancelled=false
querier-1  | 2026-05-16T18:21:46.830371680Z 2026-05-16T18:21:46.830221Z  INFO iox_query::query_log: query when="success" id=3b36bd92-fcc0-4e34-a7f7-adc50a0970d1 namespace_id=0 namespace_name="influxdb3 oss" query_type="sql" query_text=-- Full-range aggregation across every host and every point. Forces a scan of
querier-1  | 2026-05-16T18:21:46.830376805Z -- every parquet file the querier knows about. Most-uncompacted-friendly:
querier-1  | 2026-05-16T18:21:46.830377930Z -- many small gen1 files = many small reads.
querier-1  | 2026-05-16T18:21:46.830378639Z SELECT region, AVG(temp) AS avg_temp, MAX(humidity) AS max_humid, COUNT(*) AS n
querier-1  | 2026-05-16T18:21:46.830379305Z FROM sensors
querier-1  | 2026-05-16T18:21:46.830380097Z GROUP BY region query_params=Params { } issue_time=2026-05-16T18:21:46.766765055+00:00 partitions=500 parquet_files=8000 deduplicated_partitions=500 deduplicated_parquet_files=8000 plan_duration_secs=0.061917834 permit_duration_secs=0.0014415 execute_duration_secs=9.0875e-5 end2end_duration_secs=0.063456167 compute_duration_secs=5e-9 max_memory=0 ingester_metrics.latency_to_plan_secs=0.0 ingester_metrics.latency_to_full_data_secs=0.0 ingester_metrics.response_rows=0 ingester_metrics.partition_count=0 ingester_metrics.response_size=0 success=true running=false cancelled=false
querier-1  | 2026-05-16T18:21:48.735917584Z 2026-05-16T18:21:48.735853Z  INFO influxdb3_server::http: handling query_sql database=bench query_str=-- High-cardinality predicate: per-host extremes across a 4-week window.
querier-1  | 2026-05-16T18:21:48.735927000Z -- Benchmarks the per-file pruning path. Compaction should improve this
querier-1  | 2026-05-16T18:21:48.735928167Z -- materially when many gen1 files cover overlapping host sets.
querier-1  | 2026-05-16T18:21:48.735928875Z SELECT host, MAX(pressure) AS max_p, MIN(pressure) AS min_p
querier-1  | 2026-05-16T18:21:48.735929500Z FROM sensors
querier-1  | 2026-05-16T18:21:48.735930084Z WHERE time > now() - INTERVAL '4 weeks'
querier-1  | 2026-05-16T18:21:48.735930750Z GROUP BY host
querier-1  | 2026-05-16T18:21:48.735931334Z ORDER BY max_p DESC
querier-1  | 2026-05-16T18:21:48.735931875Z LIMIT 50 format=Csv
querier-1  | 2026-05-16T18:21:48.735932417Z 2026-05-16T18:21:48.735878Z  INFO influxdb3_server::query_executor: executing sql query database=bench query=-- High-cardinality predicate: per-host extremes across a 4-week window.
querier-1  | 2026-05-16T18:21:48.735938292Z -- Benchmarks the per-file pruning path. Compaction should improve this
querier-1  | 2026-05-16T18:21:48.735939000Z -- materially when many gen1 files cover overlapping host sets.
querier-1  | 2026-05-16T18:21:48.735939584Z SELECT host, MAX(pressure) AS max_p, MIN(pressure) AS min_p
querier-1  | 2026-05-16T18:21:48.735940125Z FROM sensors
querier-1  | 2026-05-16T18:21:48.735940625Z WHERE time > now() - INTERVAL '4 weeks'
querier-1  | 2026-05-16T18:21:48.735941209Z GROUP BY host
querier-1  | 2026-05-16T18:21:48.735941709Z ORDER BY max_p DESC
querier-1  | 2026-05-16T18:21:48.735942250Z LIMIT 50 params=None
querier-1  | 2026-05-16T18:21:48.736025334Z 2026-05-16T18:21:48.735903Z  INFO iox_query::query_log: query when="received" id=a29d3907-52aa-424c-9c6f-a353bcb78bae namespace_id=0 namespace_name="influxdb3 oss" query_type="sql" query_text=-- High-cardinality predicate: per-host extremes across a 4-week window.
querier-1  | 2026-05-16T18:21:48.736027125Z -- Benchmarks the per-file pruning path. Compaction should improve this
querier-1  | 2026-05-16T18:21:48.736027792Z -- materially when many gen1 files cover overlapping host sets.
querier-1  | 2026-05-16T18:21:48.736028375Z SELECT host, MAX(pressure) AS max_p, MIN(pressure) AS min_p
querier-1  | 2026-05-16T18:21:48.736028959Z FROM sensors
querier-1  | 2026-05-16T18:21:48.736029500Z WHERE time > now() - INTERVAL '4 weeks'
querier-1  | 2026-05-16T18:21:48.736030084Z GROUP BY host
querier-1  | 2026-05-16T18:21:48.736030625Z ORDER BY max_p DESC
querier-1  | 2026-05-16T18:21:48.736031167Z LIMIT 50 query_params=Params { } issue_time=2026-05-16T18:21:48.735902292+00:00 success=false running=true cancelled=false
querier-1  | 2026-05-16T18:21:48.745073000Z 2026-05-16T18:21:48.745007Z  INFO influxdb3_write::composite_write_buffer: composite get_table_chunks db_schema.id=DbId(1) table_def.table_id=TableId(0) local=2240 remote=1 remote_reachable=true tail=0 total=2241
querier-1  | 2026-05-16T18:21:48.747490625Z 2026-05-16T18:21:48.747431Z  WARN iox_query::physical_optimizer::dedup::split: cannot split dedup operation, fanout too wide n_split=141 max_dedup_split=100
querier-1  | 2026-05-16T18:21:48.756539584Z 2026-05-16T18:21:48.756457Z  INFO iox_query::query_log: query when="planned" id=a29d3907-52aa-424c-9c6f-a353bcb78bae namespace_id=0 namespace_name="influxdb3 oss" query_type="sql" query_text=-- High-cardinality predicate: per-host extremes across a 4-week window.
querier-1  | 2026-05-16T18:21:48.756554125Z -- Benchmarks the per-file pruning path. Compaction should improve this
querier-1  | 2026-05-16T18:21:48.756555334Z -- materially when many gen1 files cover overlapping host sets.
querier-1  | 2026-05-16T18:21:48.756556167Z SELECT host, MAX(pressure) AS max_p, MIN(pressure) AS min_p
querier-1  | 2026-05-16T18:21:48.756557042Z FROM sensors
querier-1  | 2026-05-16T18:21:48.756557750Z WHERE time > now() - INTERVAL '4 weeks'
querier-1  | 2026-05-16T18:21:48.756558750Z GROUP BY host
querier-1  | 2026-05-16T18:21:48.756559417Z ORDER BY max_p DESC
querier-1  | 2026-05-16T18:21:48.756560250Z LIMIT 50 query_params=Params { } issue_time=2026-05-16T18:21:48.735902292+00:00 partitions=140 parquet_files=2240 deduplicated_partitions=140 deduplicated_parquet_files=2240 plan_duration_secs=0.020131 success=false running=true cancelled=false
querier-1  | 2026-05-16T18:21:48.756568417Z 2026-05-16T18:21:48.756475Z  INFO iox_query::query_log: query when="permit" id=a29d3907-52aa-424c-9c6f-a353bcb78bae namespace_id=0 namespace_name="influxdb3 oss" query_type="sql" query_text=-- High-cardinality predicate: per-host extremes across a 4-week window.
querier-1  | 2026-05-16T18:21:48.756569709Z -- Benchmarks the per-file pruning path. Compaction should improve this
querier-1  | 2026-05-16T18:21:48.756570500Z -- materially when many gen1 files cover overlapping host sets.
querier-1  | 2026-05-16T18:21:48.756571250Z SELECT host, MAX(pressure) AS max_p, MIN(pressure) AS min_p
querier-1  | 2026-05-16T18:21:48.756572000Z FROM sensors
querier-1  | 2026-05-16T18:21:48.756572709Z WHERE time > now() - INTERVAL '4 weeks'
querier-1  | 2026-05-16T18:21:48.756573417Z GROUP BY host
querier-1  | 2026-05-16T18:21:48.756574167Z ORDER BY max_p DESC
querier-1  | 2026-05-16T18:21:48.756574875Z LIMIT 50 query_params=Params { } issue_time=2026-05-16T18:21:48.735902292+00:00 partitions=140 parquet_files=2240 deduplicated_partitions=140 deduplicated_parquet_files=2240 plan_duration_secs=0.020131 permit_duration_secs=0.00044125 success=false running=true cancelled=false
querier-1  | 2026-05-16T18:21:48.758460042Z 2026-05-16T18:21:48.756869Z  INFO iox_query::query_log: query when="success" id=a29d3907-52aa-424c-9c6f-a353bcb78bae namespace_id=0 namespace_name="influxdb3 oss" query_type="sql" query_text=-- High-cardinality predicate: per-host extremes across a 4-week window.
querier-1  | 2026-05-16T18:21:48.758474542Z -- Benchmarks the per-file pruning path. Compaction should improve this
querier-1  | 2026-05-16T18:21:48.758475667Z -- materially when many gen1 files cover overlapping host sets.
querier-1  | 2026-05-16T18:21:48.758476375Z SELECT host, MAX(pressure) AS max_p, MIN(pressure) AS min_p
querier-1  | 2026-05-16T18:21:48.758477000Z FROM sensors
querier-1  | 2026-05-16T18:21:48.758477667Z WHERE time > now() - INTERVAL '4 weeks'
querier-1  | 2026-05-16T18:21:48.758478459Z GROUP BY host
querier-1  | 2026-05-16T18:21:48.758479000Z ORDER BY max_p DESC
querier-1  | 2026-05-16T18:21:48.758479625Z LIMIT 50 query_params=Params { } issue_time=2026-05-16T18:21:48.735902292+00:00 partitions=140 parquet_files=2240 deduplicated_partitions=140 deduplicated_parquet_files=2240 plan_duration_secs=0.020131 permit_duration_secs=0.00044125 execute_duration_secs=0.000376792 end2end_duration_secs=0.0209665 compute_duration_secs=0.000185282 max_memory=0 ingester_metrics.latency_to_plan_secs=0.0 ingester_metrics.latency_to_full_data_secs=0.0 ingester_metrics.response_rows=0 ingester_metrics.partition_count=0 ingester_metrics.response_size=0 success=true running=false cancelled=false
querier-1  | 2026-05-16T18:21:49.165956667Z 2026-05-16T18:21:49.165883Z  INFO influxdb3_server::http: handling query_sql database=bench query_str=-- High-cardinality predicate: per-host extremes across a 4-week window.
querier-1  | 2026-05-16T18:21:49.165975042Z -- Benchmarks the per-file pruning path. Compaction should improve this
querier-1  | 2026-05-16T18:21:49.165976167Z -- materially when many gen1 files cover overlapping host sets.
querier-1  | 2026-05-16T18:21:49.165976959Z SELECT host, MAX(pressure) AS max_p, MIN(pressure) AS min_p
querier-1  | 2026-05-16T18:21:49.165977542Z FROM sensors
querier-1  | 2026-05-16T18:21:49.165978042Z WHERE time > now() - INTERVAL '4 weeks'
querier-1  | 2026-05-16T18:21:49.165984751Z GROUP BY host
querier-1  | 2026-05-16T18:21:49.165985292Z ORDER BY max_p DESC
querier-1  | 2026-05-16T18:21:49.165985792Z LIMIT 50 format=Csv
querier-1  | 2026-05-16T18:21:49.165986292Z 2026-05-16T18:21:49.165905Z  INFO influxdb3_server::query_executor: executing sql query database=bench query=-- High-cardinality predicate: per-host extremes across a 4-week window.
querier-1  | 2026-05-16T18:21:49.165987001Z -- Benchmarks the per-file pruning path. Compaction should improve this
querier-1  | 2026-05-16T18:21:49.165987542Z -- materially when many gen1 files cover overlapping host sets.
querier-1  | 2026-05-16T18:21:49.165988084Z SELECT host, MAX(pressure) AS max_p, MIN(pressure) AS min_p
querier-1  | 2026-05-16T18:21:49.165988584Z FROM sensors
querier-1  | 2026-05-16T18:21:49.165989042Z WHERE time > now() - INTERVAL '4 weeks'
querier-1  | 2026-05-16T18:21:49.165989542Z GROUP BY host
querier-1  | 2026-05-16T18:21:49.165990001Z ORDER BY max_p DESC
querier-1  | 2026-05-16T18:21:49.165990459Z LIMIT 50 params=None
querier-1  | 2026-05-16T18:21:49.165990959Z 2026-05-16T18:21:49.165927Z  INFO iox_query::query_log: query when="received" id=f61f2178-e0d0-453e-b544-a136aee12da1 namespace_id=0 namespace_name="influxdb3 oss" query_type="sql" query_text=-- High-cardinality predicate: per-host extremes across a 4-week window.
querier-1  | 2026-05-16T18:21:49.165991876Z -- Benchmarks the per-file pruning path. Compaction should improve this
querier-1  | 2026-05-16T18:21:49.165992376Z -- materially when many gen1 files cover overlapping host sets.
querier-1  | 2026-05-16T18:21:49.165992917Z SELECT host, MAX(pressure) AS max_p, MIN(pressure) AS min_p
querier-1  | 2026-05-16T18:21:49.165993417Z FROM sensors
querier-1  | 2026-05-16T18:21:49.165993876Z WHERE time > now() - INTERVAL '4 weeks'
querier-1  | 2026-05-16T18:21:49.165994376Z GROUP BY host
querier-1  | 2026-05-16T18:21:49.165994834Z ORDER BY max_p DESC
querier-1  | 2026-05-16T18:21:49.165995292Z LIMIT 50 query_params=Params { } issue_time=2026-05-16T18:21:49.165925876+00:00 success=false running=true cancelled=false
querier-1  | 2026-05-16T18:21:49.173622709Z 2026-05-16T18:21:49.173542Z  INFO influxdb3_write::composite_write_buffer: composite get_table_chunks db_schema.id=DbId(1) table_def.table_id=TableId(0) local=2240 remote=1 remote_reachable=true tail=0 total=2241
querier-1  | 2026-05-16T18:21:49.176146376Z 2026-05-16T18:21:49.176084Z  WARN iox_query::physical_optimizer::dedup::split: cannot split dedup operation, fanout too wide n_split=141 max_dedup_split=100
querier-1  | 2026-05-16T18:21:49.184885542Z 2026-05-16T18:21:49.184803Z  INFO iox_query::query_log: query when="planned" id=f61f2178-e0d0-453e-b544-a136aee12da1 namespace_id=0 namespace_name="influxdb3 oss" query_type="sql" query_text=-- High-cardinality predicate: per-host extremes across a 4-week window.
querier-1  | 2026-05-16T18:21:49.184902126Z -- Benchmarks the per-file pruning path. Compaction should improve this
querier-1  | 2026-05-16T18:21:49.184903709Z -- materially when many gen1 files cover overlapping host sets.
querier-1  | 2026-05-16T18:21:49.184905126Z SELECT host, MAX(pressure) AS max_p, MIN(pressure) AS min_p
querier-1  | 2026-05-16T18:21:49.184905917Z FROM sensors
querier-1  | 2026-05-16T18:21:49.184913209Z WHERE time > now() - INTERVAL '4 weeks'
querier-1  | 2026-05-16T18:21:49.184914084Z GROUP BY host
querier-1  | 2026-05-16T18:21:49.184914709Z ORDER BY max_p DESC
querier-1  | 2026-05-16T18:21:49.184915292Z LIMIT 50 query_params=Params { } issue_time=2026-05-16T18:21:49.165925876+00:00 partitions=140 parquet_files=2240 deduplicated_partitions=140 deduplicated_parquet_files=2240 plan_duration_secs=0.018511958 success=false running=true cancelled=false
querier-1  | 2026-05-16T18:21:49.184916167Z 2026-05-16T18:21:49.184821Z  INFO iox_query::query_log: query when="permit" id=f61f2178-e0d0-453e-b544-a136aee12da1 namespace_id=0 namespace_name="influxdb3 oss" query_type="sql" query_text=-- High-cardinality predicate: per-host extremes across a 4-week window.
querier-1  | 2026-05-16T18:21:49.184917126Z -- Benchmarks the per-file pruning path. Compaction should improve this
querier-1  | 2026-05-16T18:21:49.184917834Z -- materially when many gen1 files cover overlapping host sets.
querier-1  | 2026-05-16T18:21:49.184918459Z SELECT host, MAX(pressure) AS max_p, MIN(pressure) AS min_p
querier-1  | 2026-05-16T18:21:49.184919001Z FROM sensors
querier-1  | 2026-05-16T18:21:49.184919542Z WHERE time > now() - INTERVAL '4 weeks'
querier-1  | 2026-05-16T18:21:49.184920167Z GROUP BY host
querier-1  | 2026-05-16T18:21:49.184920709Z ORDER BY max_p DESC
querier-1  | 2026-05-16T18:21:49.184921459Z LIMIT 50 query_params=Params { } issue_time=2026-05-16T18:21:49.165925876+00:00 partitions=140 parquet_files=2240 deduplicated_partitions=140 deduplicated_parquet_files=2240 plan_duration_secs=0.018511958 permit_duration_secs=0.000383625 success=false running=true cancelled=false
querier-1  | 2026-05-16T18:21:49.185133459Z 2026-05-16T18:21:49.185071Z  INFO iox_query::query_log: query when="success" id=f61f2178-e0d0-453e-b544-a136aee12da1 namespace_id=0 namespace_name="influxdb3 oss" query_type="sql" query_text=-- High-cardinality predicate: per-host extremes across a 4-week window.
querier-1  | 2026-05-16T18:21:49.185144584Z -- Benchmarks the per-file pruning path. Compaction should improve this
querier-1  | 2026-05-16T18:21:49.185146001Z -- materially when many gen1 files cover overlapping host sets.
querier-1  | 2026-05-16T18:21:49.185146917Z SELECT host, MAX(pressure) AS max_p, MIN(pressure) AS min_p
querier-1  | 2026-05-16T18:21:49.185147751Z FROM sensors
querier-1  | 2026-05-16T18:21:49.185148501Z WHERE time > now() - INTERVAL '4 weeks'
querier-1  | 2026-05-16T18:21:49.185149334Z GROUP BY host
querier-1  | 2026-05-16T18:21:49.185150001Z ORDER BY max_p DESC
querier-1  | 2026-05-16T18:21:49.185150792Z LIMIT 50 query_params=Params { } issue_time=2026-05-16T18:21:49.165925876+00:00 partitions=140 parquet_files=2240 deduplicated_partitions=140 deduplicated_parquet_files=2240 plan_duration_secs=0.018511958 permit_duration_secs=0.000383625 execute_duration_secs=0.000211208 end2end_duration_secs=0.019143541 compute_duration_secs=0.000157897 max_memory=0 ingester_metrics.latency_to_plan_secs=0.0 ingester_metrics.latency_to_full_data_secs=0.0 ingester_metrics.response_rows=0 ingester_metrics.partition_count=0 ingester_metrics.response_size=0 success=true running=false cancelled=false
querier-1  | 2026-05-16T18:21:49.586694084Z 2026-05-16T18:21:49.586615Z  INFO influxdb3_server::http: handling query_sql database=bench query_str=-- High-cardinality predicate: per-host extremes across a 4-week window.
querier-1  | 2026-05-16T18:21:49.586713584Z -- Benchmarks the per-file pruning path. Compaction should improve this
querier-1  | 2026-05-16T18:21:49.586715084Z -- materially when many gen1 files cover overlapping host sets.
querier-1  | 2026-05-16T18:21:49.586716001Z SELECT host, MAX(pressure) AS max_p, MIN(pressure) AS min_p
querier-1  | 2026-05-16T18:21:49.586716792Z FROM sensors
querier-1  | 2026-05-16T18:21:49.586717542Z WHERE time > now() - INTERVAL '4 weeks'
querier-1  | 2026-05-16T18:21:49.586718417Z GROUP BY host
querier-1  | 2026-05-16T18:21:49.586719126Z ORDER BY max_p DESC
querier-1  | 2026-05-16T18:21:49.586719834Z LIMIT 50 format=Csv
querier-1  | 2026-05-16T18:21:49.586720584Z 2026-05-16T18:21:49.586646Z  INFO influxdb3_server::query_executor: executing sql query database=bench query=-- High-cardinality predicate: per-host extremes across a 4-week window.
querier-1  | 2026-05-16T18:21:49.586721501Z -- Benchmarks the per-file pruning path. Compaction should improve this
querier-1  | 2026-05-16T18:21:49.586722251Z -- materially when many gen1 files cover overlapping host sets.
querier-1  | 2026-05-16T18:21:49.586722959Z SELECT host, MAX(pressure) AS max_p, MIN(pressure) AS min_p
querier-1  | 2026-05-16T18:21:49.586723667Z FROM sensors
querier-1  | 2026-05-16T18:21:49.586724292Z WHERE time > now() - INTERVAL '4 weeks'
querier-1  | 2026-05-16T18:21:49.586725042Z GROUP BY host
querier-1  | 2026-05-16T18:21:49.586725667Z ORDER BY max_p DESC
querier-1  | 2026-05-16T18:21:49.586726334Z LIMIT 50 params=None
querier-1  | 2026-05-16T18:21:49.586975959Z 2026-05-16T18:21:49.586670Z  INFO iox_query::query_log: query when="received" id=4cd62fb3-1b83-47f0-bf9a-a0c10769a6bf namespace_id=0 namespace_name="influxdb3 oss" query_type="sql" query_text=-- High-cardinality predicate: per-host extremes across a 4-week window.
querier-1  | 2026-05-16T18:21:49.586978417Z -- Benchmarks the per-file pruning path. Compaction should improve this
querier-1  | 2026-05-16T18:21:49.586979167Z -- materially when many gen1 files cover overlapping host sets.
querier-1  | 2026-05-16T18:21:49.586979834Z SELECT host, MAX(pressure) AS max_p, MIN(pressure) AS min_p
querier-1  | 2026-05-16T18:21:49.586980459Z FROM sensors
querier-1  | 2026-05-16T18:21:49.586981084Z WHERE time > now() - INTERVAL '4 weeks'
querier-1  | 2026-05-16T18:21:49.586981709Z GROUP BY host
querier-1  | 2026-05-16T18:21:49.586982376Z ORDER BY max_p DESC
querier-1  | 2026-05-16T18:21:49.586983001Z LIMIT 50 query_params=Params { } issue_time=2026-05-16T18:21:49.586669501+00:00 success=false running=true cancelled=false
querier-1  | 2026-05-16T18:21:49.595160959Z 2026-05-16T18:21:49.595097Z  INFO influxdb3_write::composite_write_buffer: composite get_table_chunks db_schema.id=DbId(1) table_def.table_id=TableId(0) local=2240 remote=1 remote_reachable=true tail=0 total=2241
querier-1  | 2026-05-16T18:21:49.597827917Z 2026-05-16T18:21:49.597760Z  WARN iox_query::physical_optimizer::dedup::split: cannot split dedup operation, fanout too wide n_split=141 max_dedup_split=100
querier-1  | 2026-05-16T18:21:49.606780126Z 2026-05-16T18:21:49.606677Z  INFO iox_query::query_log: query when="planned" id=4cd62fb3-1b83-47f0-bf9a-a0c10769a6bf namespace_id=0 namespace_name="influxdb3 oss" query_type="sql" query_text=-- High-cardinality predicate: per-host extremes across a 4-week window.
querier-1  | 2026-05-16T18:21:49.606800751Z -- Benchmarks the per-file pruning path. Compaction should improve this
querier-1  | 2026-05-16T18:21:49.606801917Z -- materially when many gen1 files cover overlapping host sets.
querier-1  | 2026-05-16T18:21:49.606802834Z SELECT host, MAX(pressure) AS max_p, MIN(pressure) AS min_p
querier-1  | 2026-05-16T18:21:49.606803584Z FROM sensors
querier-1  | 2026-05-16T18:21:49.606804667Z WHERE time > now() - INTERVAL '4 weeks'
querier-1  | 2026-05-16T18:21:49.606805709Z GROUP BY host
querier-1  | 2026-05-16T18:21:49.606806251Z ORDER BY max_p DESC
querier-1  | 2026-05-16T18:21:49.606806876Z LIMIT 50 query_params=Params { } issue_time=2026-05-16T18:21:49.586669501+00:00 partitions=140 parquet_files=2240 deduplicated_partitions=140 deduplicated_parquet_files=2240 plan_duration_secs=0.019593416 success=false running=true cancelled=false
querier-1  | 2026-05-16T18:21:49.606807667Z 2026-05-16T18:21:49.606699Z  INFO iox_query::query_log: query when="permit" id=4cd62fb3-1b83-47f0-bf9a-a0c10769a6bf namespace_id=0 namespace_name="influxdb3 oss" query_type="sql" query_text=-- High-cardinality predicate: per-host extremes across a 4-week window.
querier-1  | 2026-05-16T18:21:49.606808626Z -- Benchmarks the per-file pruning path. Compaction should improve this
querier-1  | 2026-05-16T18:21:49.606809167Z -- materially when many gen1 files cover overlapping host sets.
querier-1  | 2026-05-16T18:21:49.606809751Z SELECT host, MAX(pressure) AS max_p, MIN(pressure) AS min_p
querier-1  | 2026-05-16T18:21:49.606810334Z FROM sensors
querier-1  | 2026-05-16T18:21:49.606810876Z WHERE time > now() - INTERVAL '4 weeks'
querier-1  | 2026-05-16T18:21:49.606811417Z GROUP BY host
querier-1  | 2026-05-16T18:21:49.606811959Z ORDER BY max_p DESC
querier-1  | 2026-05-16T18:21:49.606812501Z LIMIT 50 query_params=Params { } issue_time=2026-05-16T18:21:49.586669501+00:00 partitions=140 parquet_files=2240 deduplicated_partitions=140 deduplicated_parquet_files=2240 plan_duration_secs=0.019593416 permit_duration_secs=0.000436334 success=false running=true cancelled=false
querier-1  | 2026-05-16T18:21:49.607070459Z 2026-05-16T18:21:49.606963Z  INFO iox_query::query_log: query when="success" id=4cd62fb3-1b83-47f0-bf9a-a0c10769a6bf namespace_id=0 namespace_name="influxdb3 oss" query_type="sql" query_text=-- High-cardinality predicate: per-host extremes across a 4-week window.
querier-1  | 2026-05-16T18:21:49.607073667Z -- Benchmarks the per-file pruning path. Compaction should improve this
querier-1  | 2026-05-16T18:21:49.607074584Z -- materially when many gen1 files cover overlapping host sets.
querier-1  | 2026-05-16T18:21:49.607076001Z SELECT host, MAX(pressure) AS max_p, MIN(pressure) AS min_p
querier-1  | 2026-05-16T18:21:49.607076626Z FROM sensors
querier-1  | 2026-05-16T18:21:49.607077209Z WHERE time > now() - INTERVAL '4 weeks'
querier-1  | 2026-05-16T18:21:49.607077876Z GROUP BY host
querier-1  | 2026-05-16T18:21:49.607078584Z ORDER BY max_p DESC
querier-1  | 2026-05-16T18:21:49.607079167Z LIMIT 50 query_params=Params { } issue_time=2026-05-16T18:21:49.586669501+00:00 partitions=140 parquet_files=2240 deduplicated_partitions=140 deduplicated_parquet_files=2240 plan_duration_secs=0.019593416 permit_duration_secs=0.000436334 execute_duration_secs=0.000230666 end2end_duration_secs=0.020292041 compute_duration_secs=0.000154153 max_memory=0 ingester_metrics.latency_to_plan_secs=0.0 ingester_metrics.latency_to_full_data_secs=0.0 ingester_metrics.response_rows=0 ingester_metrics.partition_count=0 ingester_metrics.response_size=0 success=true running=false cancelled=false
querier-1  | 2026-05-16T18:21:49.989533543Z 2026-05-16T18:21:49.989481Z  INFO influxdb3_server::http: handling query_sql database=bench query_str=-- High-cardinality predicate: per-host extremes across a 4-week window.
querier-1  | 2026-05-16T18:21:49.989543084Z -- Benchmarks the per-file pruning path. Compaction should improve this
querier-1  | 2026-05-16T18:21:49.989544418Z -- materially when many gen1 files cover overlapping host sets.
querier-1  | 2026-05-16T18:21:49.989545293Z SELECT host, MAX(pressure) AS max_p, MIN(pressure) AS min_p
querier-1  | 2026-05-16T18:21:49.989546251Z FROM sensors
querier-1  | 2026-05-16T18:21:49.989547001Z WHERE time > now() - INTERVAL '4 weeks'
querier-1  | 2026-05-16T18:21:49.989547918Z GROUP BY host
querier-1  | 2026-05-16T18:21:49.989548626Z ORDER BY max_p DESC
querier-1  | 2026-05-16T18:21:49.989549376Z LIMIT 50 format=Csv
querier-1  | 2026-05-16T18:21:49.989550084Z 2026-05-16T18:21:49.989500Z  INFO influxdb3_server::query_executor: executing sql query database=bench query=-- High-cardinality predicate: per-host extremes across a 4-week window.
querier-1  | 2026-05-16T18:21:49.989551043Z -- Benchmarks the per-file pruning path. Compaction should improve this
querier-1  | 2026-05-16T18:21:49.989551793Z -- materially when many gen1 files cover overlapping host sets.
querier-1  | 2026-05-16T18:21:49.989552459Z SELECT host, MAX(pressure) AS max_p, MIN(pressure) AS min_p
querier-1  | 2026-05-16T18:21:49.989553168Z FROM sensors
querier-1  | 2026-05-16T18:21:49.989553834Z WHERE time > now() - INTERVAL '4 weeks'
querier-1  | 2026-05-16T18:21:49.989554543Z GROUP BY host
querier-1  | 2026-05-16T18:21:49.989555251Z ORDER BY max_p DESC
querier-1  | 2026-05-16T18:21:49.989555918Z LIMIT 50 params=None
querier-1  | 2026-05-16T18:21:49.989648751Z 2026-05-16T18:21:49.989523Z  INFO iox_query::query_log: query when="received" id=c05546ca-8dab-42a5-8655-57ef103bd174 namespace_id=0 namespace_name="influxdb3 oss" query_type="sql" query_text=-- High-cardinality predicate: per-host extremes across a 4-week window.
querier-1  | 2026-05-16T18:21:49.989650793Z -- Benchmarks the per-file pruning path. Compaction should improve this
querier-1  | 2026-05-16T18:21:49.989651459Z -- materially when many gen1 files cover overlapping host sets.
querier-1  | 2026-05-16T18:21:49.989652084Z SELECT host, MAX(pressure) AS max_p, MIN(pressure) AS min_p
querier-1  | 2026-05-16T18:21:49.989652668Z FROM sensors
querier-1  | 2026-05-16T18:21:49.989653251Z WHERE time > now() - INTERVAL '4 weeks'
querier-1  | 2026-05-16T18:21:49.989653834Z GROUP BY host
querier-1  | 2026-05-16T18:21:49.989654376Z ORDER BY max_p DESC
querier-1  | 2026-05-16T18:21:49.989654918Z LIMIT 50 query_params=Params { } issue_time=2026-05-16T18:21:49.989521918+00:00 success=false running=true cancelled=false
querier-1  | 2026-05-16T18:21:49.997980209Z 2026-05-16T18:21:49.997911Z  INFO influxdb3_write::composite_write_buffer: composite get_table_chunks db_schema.id=DbId(1) table_def.table_id=TableId(0) local=2240 remote=1 remote_reachable=true tail=0 total=2241
querier-1  | 2026-05-16T18:21:50.000476584Z 2026-05-16T18:21:50.000421Z  WARN iox_query::physical_optimizer::dedup::split: cannot split dedup operation, fanout too wide n_split=141 max_dedup_split=100
querier-1  | 2026-05-16T18:21:50.009618126Z 2026-05-16T18:21:50.009522Z  INFO iox_query::query_log: query when="planned" id=c05546ca-8dab-42a5-8655-57ef103bd174 namespace_id=0 namespace_name="influxdb3 oss" query_type="sql" query_text=-- High-cardinality predicate: per-host extremes across a 4-week window.
querier-1  | 2026-05-16T18:21:50.009633751Z -- Benchmarks the per-file pruning path. Compaction should improve this
querier-1  | 2026-05-16T18:21:50.009634918Z -- materially when many gen1 files cover overlapping host sets.
querier-1  | 2026-05-16T18:21:50.009635751Z SELECT host, MAX(pressure) AS max_p, MIN(pressure) AS min_p
querier-1  | 2026-05-16T18:21:50.009636501Z FROM sensors
querier-1  | 2026-05-16T18:21:50.009637334Z WHERE time > now() - INTERVAL '4 weeks'
querier-1  | 2026-05-16T18:21:50.009638376Z GROUP BY host
querier-1  | 2026-05-16T18:21:50.009639084Z ORDER BY max_p DESC
querier-1  | 2026-05-16T18:21:50.009639834Z LIMIT 50 query_params=Params { } issue_time=2026-05-16T18:21:49.989521918+00:00 partitions=140 parquet_files=2240 deduplicated_partitions=140 deduplicated_parquet_files=2240 plan_duration_secs=0.019514458 success=false running=true cancelled=false
querier-1  | 2026-05-16T18:21:50.009640834Z 2026-05-16T18:21:50.009544Z  INFO iox_query::query_log: query when="permit" id=c05546ca-8dab-42a5-8655-57ef103bd174 namespace_id=0 namespace_name="influxdb3 oss" query_type="sql" query_text=-- High-cardinality predicate: per-host extremes across a 4-week window.
querier-1  | 2026-05-16T18:21:50.009641959Z -- Benchmarks the per-file pruning path. Compaction should improve this
querier-1  | 2026-05-16T18:21:50.009642709Z -- materially when many gen1 files cover overlapping host sets.
querier-1  | 2026-05-16T18:21:50.009643543Z SELECT host, MAX(pressure) AS max_p, MIN(pressure) AS min_p
querier-1  | 2026-05-16T18:21:50.009644293Z FROM sensors
querier-1  | 2026-05-16T18:21:50.009644959Z WHERE time > now() - INTERVAL '4 weeks'
querier-1  | 2026-05-16T18:21:50.009645668Z GROUP BY host
querier-1  | 2026-05-16T18:21:50.009646334Z ORDER BY max_p DESC
querier-1  | 2026-05-16T18:21:50.009647043Z LIMIT 50 query_params=Params { } issue_time=2026-05-16T18:21:49.989521918+00:00 partitions=140 parquet_files=2240 deduplicated_partitions=140 deduplicated_parquet_files=2240 plan_duration_secs=0.019514458 permit_duration_secs=0.000507417 success=false running=true cancelled=false
querier-1  | 2026-05-16T18:21:50.013546376Z 2026-05-16T18:21:50.013346Z  INFO iox_query::query_log: query when="success" id=c05546ca-8dab-42a5-8655-57ef103bd174 namespace_id=0 namespace_name="influxdb3 oss" query_type="sql" query_text=-- High-cardinality predicate: per-host extremes across a 4-week window.
querier-1  | 2026-05-16T18:21:50.013559209Z -- Benchmarks the per-file pruning path. Compaction should improve this
querier-1  | 2026-05-16T18:21:50.013560376Z -- materially when many gen1 files cover overlapping host sets.
querier-1  | 2026-05-16T18:21:50.013561251Z SELECT host, MAX(pressure) AS max_p, MIN(pressure) AS min_p
querier-1  | 2026-05-16T18:21:50.013561959Z FROM sensors
querier-1  | 2026-05-16T18:21:50.013562584Z WHERE time > now() - INTERVAL '4 weeks'
querier-1  | 2026-05-16T18:21:50.013570501Z GROUP BY host
querier-1  | 2026-05-16T18:21:50.013571251Z ORDER BY max_p DESC
querier-1  | 2026-05-16T18:21:50.013571834Z LIMIT 50 query_params=Params { } issue_time=2026-05-16T18:21:49.989521918+00:00 partitions=140 parquet_files=2240 deduplicated_partitions=140 deduplicated_parquet_files=2240 plan_duration_secs=0.019514458 permit_duration_secs=0.000507417 execute_duration_secs=0.003772375 end2end_duration_secs=0.023823375 compute_duration_secs=0.004679502 max_memory=2697656 ingester_metrics.latency_to_plan_secs=0.0 ingester_metrics.latency_to_full_data_secs=0.0 ingester_metrics.response_rows=0 ingester_metrics.partition_count=0 ingester_metrics.response_size=0 success=true running=false cancelled=false
querier-1  | 2026-05-16T18:21:50.445235043Z 2026-05-16T18:21:50.445173Z  INFO influxdb3_server::http: handling query_sql database=bench query_str=-- High-cardinality predicate: per-host extremes across a 4-week window.
querier-1  | 2026-05-16T18:21:50.445245459Z -- Benchmarks the per-file pruning path. Compaction should improve this
querier-1  | 2026-05-16T18:21:50.445246751Z -- materially when many gen1 files cover overlapping host sets.
querier-1  | 2026-05-16T18:21:50.445247584Z SELECT host, MAX(pressure) AS max_p, MIN(pressure) AS min_p
querier-1  | 2026-05-16T18:21:50.445248209Z FROM sensors
querier-1  | 2026-05-16T18:21:50.445248793Z WHERE time > now() - INTERVAL '4 weeks'
querier-1  | 2026-05-16T18:21:50.445249584Z GROUP BY host
querier-1  | 2026-05-16T18:21:50.445250168Z ORDER BY max_p DESC
querier-1  | 2026-05-16T18:21:50.445250709Z LIMIT 50 format=Csv
querier-1  | 2026-05-16T18:21:50.445251293Z 2026-05-16T18:21:50.445196Z  INFO influxdb3_server::query_executor: executing sql query database=bench query=-- High-cardinality predicate: per-host extremes across a 4-week window.
querier-1  | 2026-05-16T18:21:50.445252043Z -- Benchmarks the per-file pruning path. Compaction should improve this
querier-1  | 2026-05-16T18:21:50.445252626Z -- materially when many gen1 files cover overlapping host sets.
querier-1  | 2026-05-16T18:21:50.445253168Z SELECT host, MAX(pressure) AS max_p, MIN(pressure) AS min_p
querier-1  | 2026-05-16T18:21:50.445253751Z FROM sensors
querier-1  | 2026-05-16T18:21:50.445254293Z WHERE time > now() - INTERVAL '4 weeks'
querier-1  | 2026-05-16T18:21:50.445254834Z GROUP BY host
querier-1  | 2026-05-16T18:21:50.445255334Z ORDER BY max_p DESC
querier-1  | 2026-05-16T18:21:50.445255876Z LIMIT 50 params=None
querier-1  | 2026-05-16T18:21:50.445408584Z 2026-05-16T18:21:50.445221Z  INFO iox_query::query_log: query when="received" id=b24eeedb-0c66-4e3d-992f-bdb7c38ab331 namespace_id=0 namespace_name="influxdb3 oss" query_type="sql" query_text=-- High-cardinality predicate: per-host extremes across a 4-week window.
querier-1  | 2026-05-16T18:21:50.445412168Z -- Benchmarks the per-file pruning path. Compaction should improve this
querier-1  | 2026-05-16T18:21:50.445413126Z -- materially when many gen1 files cover overlapping host sets.
querier-1  | 2026-05-16T18:21:50.445413918Z SELECT host, MAX(pressure) AS max_p, MIN(pressure) AS min_p
querier-1  | 2026-05-16T18:21:50.445414751Z FROM sensors
querier-1  | 2026-05-16T18:21:50.445415376Z WHERE time > now() - INTERVAL '4 weeks'
querier-1  | 2026-05-16T18:21:50.445416126Z GROUP BY host
querier-1  | 2026-05-16T18:21:50.445424876Z ORDER BY max_p DESC
querier-1  | 2026-05-16T18:21:50.445425543Z LIMIT 50 query_params=Params { } issue_time=2026-05-16T18:21:50.445220209+00:00 success=false running=true cancelled=false
querier-1  | 2026-05-16T18:21:50.453841168Z 2026-05-16T18:21:50.453749Z  INFO influxdb3_write::composite_write_buffer: composite get_table_chunks db_schema.id=DbId(1) table_def.table_id=TableId(0) local=2240 remote=1 remote_reachable=true tail=0 total=2241
querier-1  | 2026-05-16T18:21:50.456805084Z 2026-05-16T18:21:50.456751Z  WARN iox_query::physical_optimizer::dedup::split: cannot split dedup operation, fanout too wide n_split=141 max_dedup_split=100
querier-1  | 2026-05-16T18:21:50.466470918Z 2026-05-16T18:21:50.466373Z  INFO iox_query::query_log: query when="planned" id=b24eeedb-0c66-4e3d-992f-bdb7c38ab331 namespace_id=0 namespace_name="influxdb3 oss" query_type="sql" query_text=-- High-cardinality predicate: per-host extremes across a 4-week window.
querier-1  | 2026-05-16T18:21:50.466496418Z -- Benchmarks the per-file pruning path. Compaction should improve this
querier-1  | 2026-05-16T18:21:50.466497959Z -- materially when many gen1 files cover overlapping host sets.
querier-1  | 2026-05-16T18:21:50.466498668Z SELECT host, MAX(pressure) AS max_p, MIN(pressure) AS min_p
querier-1  | 2026-05-16T18:21:50.466499293Z FROM sensors
querier-1  | 2026-05-16T18:21:50.466499876Z WHERE time > now() - INTERVAL '4 weeks'
querier-1  | 2026-05-16T18:21:50.466500626Z GROUP BY host
querier-1  | 2026-05-16T18:21:50.466501209Z ORDER BY max_p DESC
querier-1  | 2026-05-16T18:21:50.466501959Z LIMIT 50 query_params=Params { } issue_time=2026-05-16T18:21:50.445220209+00:00 partitions=140 parquet_files=2240 deduplicated_partitions=140 deduplicated_parquet_files=2240 plan_duration_secs=0.020728375 success=false running=true cancelled=false
querier-1  | 2026-05-16T18:21:50.466502834Z 2026-05-16T18:21:50.466397Z  INFO iox_query::query_log: query when="permit" id=b24eeedb-0c66-4e3d-992f-bdb7c38ab331 namespace_id=0 namespace_name="influxdb3 oss" query_type="sql" query_text=-- High-cardinality predicate: per-host extremes across a 4-week window.
querier-1  | 2026-05-16T18:21:50.466503668Z -- Benchmarks the per-file pruning path. Compaction should improve this
querier-1  | 2026-05-16T18:21:50.466504251Z -- materially when many gen1 files cover overlapping host sets.
querier-1  | 2026-05-16T18:21:50.466504834Z SELECT host, MAX(pressure) AS max_p, MIN(pressure) AS min_p
querier-1  | 2026-05-16T18:21:50.466505376Z FROM sensors
querier-1  | 2026-05-16T18:21:50.466505918Z WHERE time > now() - INTERVAL '4 weeks'
querier-1  | 2026-05-16T18:21:50.466506459Z GROUP BY host
querier-1  | 2026-05-16T18:21:50.466507043Z ORDER BY max_p DESC
querier-1  | 2026-05-16T18:21:50.466507584Z LIMIT 50 query_params=Params { } issue_time=2026-05-16T18:21:50.445220209+00:00 partitions=140 parquet_files=2240 deduplicated_partitions=140 deduplicated_parquet_files=2240 plan_duration_secs=0.020728375 permit_duration_secs=0.00044875 success=false running=true cancelled=false
querier-1  | 2026-05-16T18:21:50.466786376Z 2026-05-16T18:21:50.466700Z  INFO iox_query::query_log: query when="success" id=b24eeedb-0c66-4e3d-992f-bdb7c38ab331 namespace_id=0 namespace_name="influxdb3 oss" query_type="sql" query_text=-- High-cardinality predicate: per-host extremes across a 4-week window.
querier-1  | 2026-05-16T18:21:50.466789876Z -- Benchmarks the per-file pruning path. Compaction should improve this
querier-1  | 2026-05-16T18:21:50.466797751Z -- materially when many gen1 files cover overlapping host sets.
querier-1  | 2026-05-16T18:21:50.466798459Z SELECT host, MAX(pressure) AS max_p, MIN(pressure) AS min_p
querier-1  | 2026-05-16T18:21:50.466799126Z FROM sensors
querier-1  | 2026-05-16T18:21:50.466799751Z WHERE time > now() - INTERVAL '4 weeks'
querier-1  | 2026-05-16T18:21:50.466800459Z GROUP BY host
querier-1  | 2026-05-16T18:21:50.466801043Z ORDER BY max_p DESC
querier-1  | 2026-05-16T18:21:50.466803126Z LIMIT 50 query_params=Params { } issue_time=2026-05-16T18:21:50.445220209+00:00 partitions=140 parquet_files=2240 deduplicated_partitions=140 deduplicated_parquet_files=2240 plan_duration_secs=0.020728375 permit_duration_secs=0.00044875 execute_duration_secs=0.000267209 end2end_duration_secs=0.021478459 compute_duration_secs=0.000211153 max_memory=0 ingester_metrics.latency_to_plan_secs=0.0 ingester_metrics.latency_to_full_data_secs=0.0 ingester_metrics.response_rows=0 ingester_metrics.partition_count=0 ingester_metrics.response_size=0 success=true running=false cancelled=false
querier-1  | 2026-05-16T18:21:50.887170293Z 2026-05-16T18:21:50.887098Z  INFO influxdb3_server::http: handling query_sql database=bench query_str=-- High-cardinality predicate: per-host extremes across a 4-week window.
querier-1  | 2026-05-16T18:21:50.887181585Z -- Benchmarks the per-file pruning path. Compaction should improve this
querier-1  | 2026-05-16T18:21:50.887183126Z -- materially when many gen1 files cover overlapping host sets.
querier-1  | 2026-05-16T18:21:50.887184001Z SELECT host, MAX(pressure) AS max_p, MIN(pressure) AS min_p
querier-1  | 2026-05-16T18:21:50.887184793Z FROM sensors
querier-1  | 2026-05-16T18:21:50.887185543Z WHERE time > now() - INTERVAL '4 weeks'
querier-1  | 2026-05-16T18:21:50.887186335Z GROUP BY host
querier-1  | 2026-05-16T18:21:50.887187085Z ORDER BY max_p DESC
querier-1  | 2026-05-16T18:21:50.887187751Z LIMIT 50 format=Csv
querier-1  | 2026-05-16T18:21:50.887188501Z 2026-05-16T18:21:50.887120Z  INFO influxdb3_server::query_executor: executing sql query database=bench query=-- High-cardinality predicate: per-host extremes across a 4-week window.
querier-1  | 2026-05-16T18:21:50.887189418Z -- Benchmarks the per-file pruning path. Compaction should improve this
querier-1  | 2026-05-16T18:21:50.887190168Z -- materially when many gen1 files cover overlapping host sets.
querier-1  | 2026-05-16T18:21:50.887190876Z SELECT host, MAX(pressure) AS max_p, MIN(pressure) AS min_p
querier-1  | 2026-05-16T18:21:50.887191626Z FROM sensors
querier-1  | 2026-05-16T18:21:50.887192251Z WHERE time > now() - INTERVAL '4 weeks'
querier-1  | 2026-05-16T18:21:50.887192918Z GROUP BY host
querier-1  | 2026-05-16T18:21:50.887193460Z ORDER BY max_p DESC
querier-1  | 2026-05-16T18:21:50.887194085Z LIMIT 50 params=None
querier-1  | 2026-05-16T18:21:50.887194710Z 2026-05-16T18:21:50.887142Z  INFO iox_query::query_log: query when="received" id=7a048700-a17c-477c-8e73-acc18ea3d825 namespace_id=0 namespace_name="influxdb3 oss" query_type="sql" query_text=-- High-cardinality predicate: per-host extremes across a 4-week window.
querier-1  | 2026-05-16T18:21:50.887195793Z -- Benchmarks the per-file pruning path. Compaction should improve this
querier-1  | 2026-05-16T18:21:50.887202251Z -- materially when many gen1 files cover overlapping host sets.
querier-1  | 2026-05-16T18:21:50.887202876Z SELECT host, MAX(pressure) AS max_p, MIN(pressure) AS min_p
querier-1  | 2026-05-16T18:21:50.887203376Z FROM sensors
querier-1  | 2026-05-16T18:21:50.887203835Z WHERE time > now() - INTERVAL '4 weeks'
querier-1  | 2026-05-16T18:21:50.887204335Z GROUP BY host
querier-1  | 2026-05-16T18:21:50.887204793Z ORDER BY max_p DESC
querier-1  | 2026-05-16T18:21:50.887205293Z LIMIT 50 query_params=Params { } issue_time=2026-05-16T18:21:50.887141876+00:00 success=false running=true cancelled=false
querier-1  | 2026-05-16T18:21:50.894967210Z 2026-05-16T18:21:50.894891Z  INFO influxdb3_write::composite_write_buffer: composite get_table_chunks db_schema.id=DbId(1) table_def.table_id=TableId(0) local=2240 remote=1 remote_reachable=true tail=0 total=2241
querier-1  | 2026-05-16T18:21:50.897495251Z 2026-05-16T18:21:50.897434Z  WARN iox_query::physical_optimizer::dedup::split: cannot split dedup operation, fanout too wide n_split=141 max_dedup_split=100
querier-1  | 2026-05-16T18:21:50.906331835Z 2026-05-16T18:21:50.906230Z  INFO iox_query::query_log: query when="planned" id=7a048700-a17c-477c-8e73-acc18ea3d825 namespace_id=0 namespace_name="influxdb3 oss" query_type="sql" query_text=-- High-cardinality predicate: per-host extremes across a 4-week window.
querier-1  | 2026-05-16T18:21:50.906350376Z -- Benchmarks the per-file pruning path. Compaction should improve this
querier-1  | 2026-05-16T18:21:50.906352001Z -- materially when many gen1 files cover overlapping host sets.
querier-1  | 2026-05-16T18:21:50.906352835Z SELECT host, MAX(pressure) AS max_p, MIN(pressure) AS min_p
querier-1  | 2026-05-16T18:21:50.906353585Z FROM sensors
querier-1  | 2026-05-16T18:21:50.906354293Z WHERE time > now() - INTERVAL '4 weeks'
querier-1  | 2026-05-16T18:21:50.906355085Z GROUP BY host
querier-1  | 2026-05-16T18:21:50.906355668Z ORDER BY max_p DESC
querier-1  | 2026-05-16T18:21:50.906356210Z LIMIT 50 query_params=Params { } issue_time=2026-05-16T18:21:50.887141876+00:00 partitions=140 parquet_files=2240 deduplicated_partitions=140 deduplicated_parquet_files=2240 plan_duration_secs=0.018677542 success=false running=true cancelled=false
querier-1  | 2026-05-16T18:21:50.906357085Z 2026-05-16T18:21:50.906253Z  INFO iox_query::query_log: query when="permit" id=7a048700-a17c-477c-8e73-acc18ea3d825 namespace_id=0 namespace_name="influxdb3 oss" query_type="sql" query_text=-- High-cardinality predicate: per-host extremes across a 4-week window.
querier-1  | 2026-05-16T18:21:50.906357960Z -- Benchmarks the per-file pruning path. Compaction should improve this
querier-1  | 2026-05-16T18:21:50.906358626Z -- materially when many gen1 files cover overlapping host sets.
querier-1  | 2026-05-16T18:21:50.906359210Z SELECT host, MAX(pressure) AS max_p, MIN(pressure) AS min_p
querier-1  | 2026-05-16T18:21:50.906359793Z FROM sensors
querier-1  | 2026-05-16T18:21:50.906360335Z WHERE time > now() - INTERVAL '4 weeks'
querier-1  | 2026-05-16T18:21:50.906360918Z GROUP BY host
querier-1  | 2026-05-16T18:21:50.906361460Z ORDER BY max_p DESC
querier-1  | 2026-05-16T18:21:50.906362043Z LIMIT 50 query_params=Params { } issue_time=2026-05-16T18:21:50.887141876+00:00 partitions=140 parquet_files=2240 deduplicated_partitions=140 deduplicated_parquet_files=2240 plan_duration_secs=0.018677542 permit_duration_secs=0.000433167 success=false running=true cancelled=false
querier-1  | 2026-05-16T18:21:50.906563668Z 2026-05-16T18:21:50.906512Z  INFO iox_query::query_log: query when="success" id=7a048700-a17c-477c-8e73-acc18ea3d825 namespace_id=0 namespace_name="influxdb3 oss" query_type="sql" query_text=-- High-cardinality predicate: per-host extremes across a 4-week window.
querier-1  | 2026-05-16T18:21:50.906567376Z -- Benchmarks the per-file pruning path. Compaction should improve this
querier-1  | 2026-05-16T18:21:50.906568168Z -- materially when many gen1 files cover overlapping host sets.
querier-1  | 2026-05-16T18:21:50.906568793Z SELECT host, MAX(pressure) AS max_p, MIN(pressure) AS min_p
querier-1  | 2026-05-16T18:21:50.906569418Z FROM sensors
querier-1  | 2026-05-16T18:21:50.906569960Z WHERE time > now() - INTERVAL '4 weeks'
querier-1  | 2026-05-16T18:21:50.906570626Z GROUP BY host
querier-1  | 2026-05-16T18:21:50.906571210Z ORDER BY max_p DESC
querier-1  | 2026-05-16T18:21:50.906572043Z LIMIT 50 query_params=Params { } issue_time=2026-05-16T18:21:50.887141876+00:00 partitions=140 parquet_files=2240 deduplicated_partitions=140 deduplicated_parquet_files=2240 plan_duration_secs=0.018677542 permit_duration_secs=0.000433167 execute_duration_secs=0.000223125 end2end_duration_secs=0.019369292 compute_duration_secs=0.00016419 max_memory=0 ingester_metrics.latency_to_plan_secs=0.0 ingester_metrics.latency_to_full_data_secs=0.0 ingester_metrics.response_rows=0 ingester_metrics.partition_count=0 ingester_metrics.response_size=0 success=true running=false cancelled=false
querier-1  | 2026-05-16T18:21:51.313899335Z 2026-05-16T18:21:51.313844Z  INFO influxdb3_server::http: handling query_sql database=bench query_str=-- 6-hour downsampling over an 8-week window. Touches most parquet files
querier-1  | 2026-05-16T18:21:51.313909543Z -- since timestamps span the entire generated range; aggregation work is
querier-1  | 2026-05-16T18:21:51.313910918Z -- dominated by group-by and merge across many files. 6h bins keep result
querier-1  | 2026-05-16T18:21:51.313911793Z -- cardinality manageable while still exercising the full date range.
querier-1  | 2026-05-16T18:21:51.313912585Z SELECT
querier-1  | 2026-05-16T18:21:51.313913252Z     DATE_BIN(INTERVAL '6 hours', time) AS bucket,
querier-1  | 2026-05-16T18:21:51.313913960Z     region,
querier-1  | 2026-05-16T18:21:51.313914752Z     AVG(temp) AS avg_temp,
querier-1  | 2026-05-16T18:21:51.313915418Z     APPROX_PERCENTILE_CONT(humidity, 0.95) AS p95_humidity
querier-1  | 2026-05-16T18:21:51.313916127Z FROM sensors
querier-1  | 2026-05-16T18:21:51.313916835Z WHERE time > now() - INTERVAL '8 weeks'
querier-1  | 2026-05-16T18:21:51.313917668Z GROUP BY bucket, region
querier-1  | 2026-05-16T18:21:51.313918335Z ORDER BY bucket, region format=Csv
querier-1  | 2026-05-16T18:21:51.313919085Z 2026-05-16T18:21:51.313864Z  INFO influxdb3_server::query_executor: executing sql query database=bench query=-- 6-hour downsampling over an 8-week window. Touches most parquet files
querier-1  | 2026-05-16T18:21:51.313920002Z -- since timestamps span the entire generated range; aggregation work is
querier-1  | 2026-05-16T18:21:51.313920752Z -- dominated by group-by and merge across many files. 6h bins keep result
querier-1  | 2026-05-16T18:21:51.313921502Z -- cardinality manageable while still exercising the full date range.
querier-1  | 2026-05-16T18:21:51.313929210Z SELECT
querier-1  | 2026-05-16T18:21:51.313929918Z     DATE_BIN(INTERVAL '6 hours', time) AS bucket,
querier-1  | 2026-05-16T18:21:51.313930585Z     region,
querier-1  | 2026-05-16T18:21:51.313931168Z     AVG(temp) AS avg_temp,
querier-1  | 2026-05-16T18:21:51.313931752Z     APPROX_PERCENTILE_CONT(humidity, 0.95) AS p95_humidity
querier-1  | 2026-05-16T18:21:51.313932377Z FROM sensors
querier-1  | 2026-05-16T18:21:51.313932918Z WHERE time > now() - INTERVAL '8 weeks'
querier-1  | 2026-05-16T18:21:51.313933460Z GROUP BY bucket, region
querier-1  | 2026-05-16T18:21:51.313933918Z ORDER BY bucket, region params=None
querier-1  | 2026-05-16T18:21:51.314037752Z 2026-05-16T18:21:51.313887Z  INFO iox_query::query_log: query when="received" id=b86d1d0e-c1e9-424e-a4fa-630ebb2a69f7 namespace_id=0 namespace_name="influxdb3 oss" query_type="sql" query_text=-- 6-hour downsampling over an 8-week window. Touches most parquet files
querier-1  | 2026-05-16T18:21:51.314039793Z -- since timestamps span the entire generated range; aggregation work is
querier-1  | 2026-05-16T18:21:51.314040460Z -- dominated by group-by and merge across many files. 6h bins keep result
querier-1  | 2026-05-16T18:21:51.314041085Z -- cardinality manageable while still exercising the full date range.
querier-1  | 2026-05-16T18:21:51.314041710Z SELECT
querier-1  | 2026-05-16T18:21:51.314042252Z     DATE_BIN(INTERVAL '6 hours', time) AS bucket,
querier-1  | 2026-05-16T18:21:51.314042835Z     region,
querier-1  | 2026-05-16T18:21:51.314043377Z     AVG(temp) AS avg_temp,
querier-1  | 2026-05-16T18:21:51.314043877Z     APPROX_PERCENTILE_CONT(humidity, 0.95) AS p95_humidity
querier-1  | 2026-05-16T18:21:51.314044460Z FROM sensors
querier-1  | 2026-05-16T18:21:51.314044960Z WHERE time > now() - INTERVAL '8 weeks'
querier-1  | 2026-05-16T18:21:51.314045502Z GROUP BY bucket, region
querier-1  | 2026-05-16T18:21:51.314046085Z ORDER BY bucket, region query_params=Params { } issue_time=2026-05-16T18:21:51.313886585+00:00 success=false running=true cancelled=false
querier-1  | 2026-05-16T18:21:51.328926668Z 2026-05-16T18:21:51.328853Z  INFO influxdb3_write::composite_write_buffer: composite get_table_chunks db_schema.id=DbId(1) table_def.table_id=TableId(0) local=4480 remote=1 remote_reachable=true tail=0 total=4481
querier-1  | 2026-05-16T18:21:51.333787293Z 2026-05-16T18:21:51.333719Z  WARN iox_query::physical_optimizer::dedup::split: cannot split dedup operation, fanout too wide n_split=281 max_dedup_split=100
querier-1  | 2026-05-16T18:21:51.352687127Z 2026-05-16T18:21:51.352588Z  INFO iox_query::query_log: query when="planned" id=b86d1d0e-c1e9-424e-a4fa-630ebb2a69f7 namespace_id=0 namespace_name="influxdb3 oss" query_type="sql" query_text=-- 6-hour downsampling over an 8-week window. Touches most parquet files
querier-1  | 2026-05-16T18:21:51.352710627Z -- since timestamps span the entire generated range; aggregation work is
querier-1  | 2026-05-16T18:21:51.352712252Z -- dominated by group-by and merge across many files. 6h bins keep result
querier-1  | 2026-05-16T18:21:51.352713210Z -- cardinality manageable while still exercising the full date range.
querier-1  | 2026-05-16T18:21:51.352714002Z SELECT
querier-1  | 2026-05-16T18:21:51.352722543Z     DATE_BIN(INTERVAL '6 hours', time) AS bucket,
querier-1  | 2026-05-16T18:21:51.352723418Z     region,
querier-1  | 2026-05-16T18:21:51.352724168Z     AVG(temp) AS avg_temp,
querier-1  | 2026-05-16T18:21:51.352724877Z     APPROX_PERCENTILE_CONT(humidity, 0.95) AS p95_humidity
querier-1  | 2026-05-16T18:21:51.352725627Z FROM sensors
querier-1  | 2026-05-16T18:21:51.352726335Z WHERE time > now() - INTERVAL '8 weeks'
querier-1  | 2026-05-16T18:21:51.352727377Z GROUP BY bucket, region
querier-1  | 2026-05-16T18:21:51.352728127Z ORDER BY bucket, region query_params=Params { } issue_time=2026-05-16T18:21:51.313886585+00:00 partitions=280 parquet_files=4480 deduplicated_partitions=280 deduplicated_parquet_files=4480 plan_duration_secs=0.037906333 success=false running=true cancelled=false
querier-1  | 2026-05-16T18:21:51.352729043Z 2026-05-16T18:21:51.352617Z  INFO iox_query::query_log: query when="permit" id=b86d1d0e-c1e9-424e-a4fa-630ebb2a69f7 namespace_id=0 namespace_name="influxdb3 oss" query_type="sql" query_text=-- 6-hour downsampling over an 8-week window. Touches most parquet files
querier-1  | 2026-05-16T18:21:51.352729960Z -- since timestamps span the entire generated range; aggregation work is
querier-1  | 2026-05-16T18:21:51.352730543Z -- dominated by group-by and merge across many files. 6h bins keep result
querier-1  | 2026-05-16T18:21:51.352731127Z -- cardinality manageable while still exercising the full date range.
querier-1  | 2026-05-16T18:21:51.352731710Z SELECT
querier-1  | 2026-05-16T18:21:51.352732252Z     DATE_BIN(INTERVAL '6 hours', time) AS bucket,
querier-1  | 2026-05-16T18:21:51.352732793Z     region,
querier-1  | 2026-05-16T18:21:51.352733335Z     AVG(temp) AS avg_temp,
querier-1  | 2026-05-16T18:21:51.352733877Z     APPROX_PERCENTILE_CONT(humidity, 0.95) AS p95_humidity
querier-1  | 2026-05-16T18:21:51.352734418Z FROM sensors
querier-1  | 2026-05-16T18:21:51.352734960Z WHERE time > now() - INTERVAL '8 weeks'
querier-1  | 2026-05-16T18:21:51.352735627Z GROUP BY bucket, region
querier-1  | 2026-05-16T18:21:51.352736210Z ORDER BY bucket, region query_params=Params { } issue_time=2026-05-16T18:21:51.313886585+00:00 partitions=280 parquet_files=4480 deduplicated_partitions=280 deduplicated_parquet_files=4480 plan_duration_secs=0.037906333 permit_duration_secs=0.000824417 success=false running=true cancelled=false
querier-1  | 2026-05-16T18:21:51.353008835Z 2026-05-16T18:21:51.352948Z  INFO iox_query::query_log: query when="success" id=b86d1d0e-c1e9-424e-a4fa-630ebb2a69f7 namespace_id=0 namespace_name="influxdb3 oss" query_type="sql" query_text=-- 6-hour downsampling over an 8-week window. Touches most parquet files
querier-1  | 2026-05-16T18:21:51.353012168Z -- since timestamps span the entire generated range; aggregation work is
querier-1  | 2026-05-16T18:21:51.353013002Z -- dominated by group-by and merge across many files. 6h bins keep result
querier-1  | 2026-05-16T18:21:51.353013627Z -- cardinality manageable while still exercising the full date range.
querier-1  | 2026-05-16T18:21:51.353014252Z SELECT
querier-1  | 2026-05-16T18:21:51.353017127Z     DATE_BIN(INTERVAL '6 hours', time) AS bucket,
querier-1  | 2026-05-16T18:21:51.353017793Z     region,
querier-1  | 2026-05-16T18:21:51.353018335Z     AVG(temp) AS avg_temp,
querier-1  | 2026-05-16T18:21:51.353021960Z     APPROX_PERCENTILE_CONT(humidity, 0.95) AS p95_humidity
querier-1  | 2026-05-16T18:21:51.353022585Z FROM sensors
querier-1  | 2026-05-16T18:21:51.353023168Z WHERE time > now() - INTERVAL '8 weeks'
querier-1  | 2026-05-16T18:21:51.353023710Z GROUP BY bucket, region
querier-1  | 2026-05-16T18:21:51.353024460Z ORDER BY bucket, region query_params=Params { } issue_time=2026-05-16T18:21:51.313886585+00:00 partitions=280 parquet_files=4480 deduplicated_partitions=280 deduplicated_parquet_files=4480 plan_duration_secs=0.037906333 permit_duration_secs=0.000824417 execute_duration_secs=0.000293125 end2end_duration_secs=0.039059958 compute_duration_secs=0.000334729 max_memory=6399640 ingester_metrics.latency_to_plan_secs=0.0 ingester_metrics.latency_to_full_data_secs=0.0 ingester_metrics.response_rows=0 ingester_metrics.partition_count=0 ingester_metrics.response_size=0 success=true running=false cancelled=false
querier-1  | 2026-05-16T18:21:52.101532835Z 2026-05-16T18:21:52.101443Z  INFO influxdb3_server::http: handling query_sql database=bench query_str=-- 6-hour downsampling over an 8-week window. Touches most parquet files
querier-1  | 2026-05-16T18:21:52.101557085Z -- since timestamps span the entire generated range; aggregation work is
querier-1  | 2026-05-16T18:21:52.101559460Z -- dominated by group-by and merge across many files. 6h bins keep result
querier-1  | 2026-05-16T18:21:52.101560585Z -- cardinality manageable while still exercising the full date range.
querier-1  | 2026-05-16T18:21:52.101561544Z SELECT
querier-1  | 2026-05-16T18:21:52.101562460Z     DATE_BIN(INTERVAL '6 hours', time) AS bucket,
querier-1  | 2026-05-16T18:21:52.101563335Z     region,
querier-1  | 2026-05-16T18:21:52.101564085Z     AVG(temp) AS avg_temp,
querier-1  | 2026-05-16T18:21:52.101564794Z     APPROX_PERCENTILE_CONT(humidity, 0.95) AS p95_humidity
querier-1  | 2026-05-16T18:21:52.101565585Z FROM sensors
querier-1  | 2026-05-16T18:21:52.101566252Z WHERE time > now() - INTERVAL '8 weeks'
querier-1  | 2026-05-16T18:21:52.101567127Z GROUP BY bucket, region
querier-1  | 2026-05-16T18:21:52.101567835Z ORDER BY bucket, region format=Csv
querier-1  | 2026-05-16T18:21:52.101568544Z 2026-05-16T18:21:52.101470Z  INFO influxdb3_server::query_executor: executing sql query database=bench query=-- 6-hour downsampling over an 8-week window. Touches most parquet files
querier-1  | 2026-05-16T18:21:52.101569460Z -- since timestamps span the entire generated range; aggregation work is
querier-1  | 2026-05-16T18:21:52.101570169Z -- dominated by group-by and merge across many files. 6h bins keep result
querier-1  | 2026-05-16T18:21:52.101570919Z -- cardinality manageable while still exercising the full date range.
querier-1  | 2026-05-16T18:21:52.101571669Z SELECT
querier-1  | 2026-05-16T18:21:52.101572335Z     DATE_BIN(INTERVAL '6 hours', time) AS bucket,
querier-1  | 2026-05-16T18:21:52.101573085Z     region,
querier-1  | 2026-05-16T18:21:52.101573752Z     AVG(temp) AS avg_temp,
querier-1  | 2026-05-16T18:21:52.101574419Z     APPROX_PERCENTILE_CONT(humidity, 0.95) AS p95_humidity
querier-1  | 2026-05-16T18:21:52.101575127Z FROM sensors
querier-1  | 2026-05-16T18:21:52.101575794Z WHERE time > now() - INTERVAL '8 weeks'
querier-1  | 2026-05-16T18:21:52.101576460Z GROUP BY bucket, region
querier-1  | 2026-05-16T18:21:52.101584419Z ORDER BY bucket, region params=None
querier-1  | 2026-05-16T18:21:52.101585127Z 2026-05-16T18:21:52.101494Z  INFO iox_query::query_log: query when="received" id=bb5ccd6a-0979-4911-acde-93f9745ab882 namespace_id=0 namespace_name="influxdb3 oss" query_type="sql" query_text=-- 6-hour downsampling over an 8-week window. Touches most parquet files
querier-1  | 2026-05-16T18:21:52.101586169Z -- since timestamps span the entire generated range; aggregation work is
querier-1  | 2026-05-16T18:21:52.101586752Z -- dominated by group-by and merge across many files. 6h bins keep result
querier-1  | 2026-05-16T18:21:52.101587335Z -- cardinality manageable while still exercising the full date range.
querier-1  | 2026-05-16T18:21:52.101587919Z SELECT
querier-1  | 2026-05-16T18:21:52.101588419Z     DATE_BIN(INTERVAL '6 hours', time) AS bucket,
querier-1  | 2026-05-16T18:21:52.101589002Z     region,
querier-1  | 2026-05-16T18:21:52.101589544Z     AVG(temp) AS avg_temp,
querier-1  | 2026-05-16T18:21:52.101590085Z     APPROX_PERCENTILE_CONT(humidity, 0.95) AS p95_humidity
querier-1  | 2026-05-16T18:21:52.101590669Z FROM sensors
querier-1  | 2026-05-16T18:21:52.101591169Z WHERE time > now() - INTERVAL '8 weeks'
querier-1  | 2026-05-16T18:21:52.101591752Z GROUP BY bucket, region
querier-1  | 2026-05-16T18:21:52.101592710Z ORDER BY bucket, region query_params=Params { } issue_time=2026-05-16T18:21:52.101493460+00:00 success=false running=true cancelled=false
querier-1  | 2026-05-16T18:21:52.115710669Z 2026-05-16T18:21:52.115636Z  INFO influxdb3_write::composite_write_buffer: composite get_table_chunks db_schema.id=DbId(1) table_def.table_id=TableId(0) local=4480 remote=1 remote_reachable=true tail=0 total=4481
querier-1  | 2026-05-16T18:21:52.120362960Z 2026-05-16T18:21:52.120289Z  WARN iox_query::physical_optimizer::dedup::split: cannot split dedup operation, fanout too wide n_split=281 max_dedup_split=100
querier-1  | 2026-05-16T18:21:52.139001752Z 2026-05-16T18:21:52.138920Z  INFO iox_query::query_log: query when="planned" id=bb5ccd6a-0979-4911-acde-93f9745ab882 namespace_id=0 namespace_name="influxdb3 oss" query_type="sql" query_text=-- 6-hour downsampling over an 8-week window. Touches most parquet files
querier-1  | 2026-05-16T18:21:52.139022169Z -- since timestamps span the entire generated range; aggregation work is
querier-1  | 2026-05-16T18:21:52.139023419Z -- dominated by group-by and merge across many files. 6h bins keep result
querier-1  | 2026-05-16T18:21:52.139024127Z -- cardinality manageable while still exercising the full date range.
querier-1  | 2026-05-16T18:21:52.139024794Z SELECT
querier-1  | 2026-05-16T18:21:52.139025419Z     DATE_BIN(INTERVAL '6 hours', time) AS bucket,
querier-1  | 2026-05-16T18:21:52.139026044Z     region,
querier-1  | 2026-05-16T18:21:52.139026627Z     AVG(temp) AS avg_temp,
querier-1  | 2026-05-16T18:21:52.139027169Z     APPROX_PERCENTILE_CONT(humidity, 0.95) AS p95_humidity
querier-1  | 2026-05-16T18:21:52.139027752Z FROM sensors
querier-1  | 2026-05-16T18:21:52.139028294Z WHERE time > now() - INTERVAL '8 weeks'
querier-1  | 2026-05-16T18:21:52.139029085Z GROUP BY bucket, region
querier-1  | 2026-05-16T18:21:52.139029669Z ORDER BY bucket, region query_params=Params { } issue_time=2026-05-16T18:21:52.101493460+00:00 partitions=280 parquet_files=4480 deduplicated_partitions=280 deduplicated_parquet_files=4480 plan_duration_secs=0.036655 success=false running=true cancelled=false
querier-1  | 2026-05-16T18:21:52.139038127Z 2026-05-16T18:21:52.138949Z  INFO iox_query::query_log: query when="permit" id=bb5ccd6a-0979-4911-acde-93f9745ab882 namespace_id=0 namespace_name="influxdb3 oss" query_type="sql" query_text=-- 6-hour downsampling over an 8-week window. Touches most parquet files
querier-1  | 2026-05-16T18:21:52.139039377Z -- since timestamps span the entire generated range; aggregation work is
querier-1  | 2026-05-16T18:21:52.139040169Z -- dominated by group-by and merge across many files. 6h bins keep result
querier-1  | 2026-05-16T18:21:52.139040919Z -- cardinality manageable while still exercising the full date range.
querier-1  | 2026-05-16T18:21:52.139041627Z SELECT
querier-1  | 2026-05-16T18:21:52.139042294Z     DATE_BIN(INTERVAL '6 hours', time) AS bucket,
querier-1  | 2026-05-16T18:21:52.139043044Z     region,
querier-1  | 2026-05-16T18:21:52.139043710Z     AVG(temp) AS avg_temp,
querier-1  | 2026-05-16T18:21:52.139044419Z     APPROX_PERCENTILE_CONT(humidity, 0.95) AS p95_humidity
querier-1  | 2026-05-16T18:21:52.139045169Z FROM sensors
querier-1  | 2026-05-16T18:21:52.139045835Z WHERE time > now() - INTERVAL '8 weeks'
querier-1  | 2026-05-16T18:21:52.139046502Z GROUP BY bucket, region
querier-1  | 2026-05-16T18:21:52.139047252Z ORDER BY bucket, region query_params=Params { } issue_time=2026-05-16T18:21:52.101493460+00:00 partitions=280 parquet_files=4480 deduplicated_partitions=280 deduplicated_parquet_files=4480 plan_duration_secs=0.036655 permit_duration_secs=0.000800584 success=false running=true cancelled=false
querier-1  | 2026-05-16T18:21:52.139363502Z 2026-05-16T18:21:52.139244Z  INFO iox_query::query_log: query when="success" id=bb5ccd6a-0979-4911-acde-93f9745ab882 namespace_id=0 namespace_name="influxdb3 oss" query_type="sql" query_text=-- 6-hour downsampling over an 8-week window. Touches most parquet files
querier-1  | 2026-05-16T18:21:52.139368544Z -- since timestamps span the entire generated range; aggregation work is
querier-1  | 2026-05-16T18:21:52.139369377Z -- dominated by group-by and merge across many files. 6h bins keep result
querier-1  | 2026-05-16T18:21:52.139370085Z -- cardinality manageable while still exercising the full date range.
querier-1  | 2026-05-16T18:21:52.139370710Z SELECT
querier-1  | 2026-05-16T18:21:52.139371294Z     DATE_BIN(INTERVAL '6 hours', time) AS bucket,
querier-1  | 2026-05-16T18:21:52.139371919Z     region,
querier-1  | 2026-05-16T18:21:52.139372460Z     AVG(temp) AS avg_temp,
querier-1  | 2026-05-16T18:21:52.139373044Z     APPROX_PERCENTILE_CONT(humidity, 0.95) AS p95_humidity
querier-1  | 2026-05-16T18:21:52.139373627Z FROM sensors
querier-1  | 2026-05-16T18:21:52.139374210Z WHERE time > now() - INTERVAL '8 weeks'
querier-1  | 2026-05-16T18:21:52.139374835Z GROUP BY bucket, region
querier-1  | 2026-05-16T18:21:52.139376544Z ORDER BY bucket, region query_params=Params { } issue_time=2026-05-16T18:21:52.101493460+00:00 partitions=280 parquet_files=4480 deduplicated_partitions=280 deduplicated_parquet_files=4480 plan_duration_secs=0.036655 permit_duration_secs=0.000800584 execute_duration_secs=0.000268833 end2end_duration_secs=0.037749959 compute_duration_secs=0.000119989 max_memory=0 ingester_metrics.latency_to_plan_secs=0.0 ingester_metrics.latency_to_full_data_secs=0.0 ingester_metrics.response_rows=0 ingester_metrics.partition_count=0 ingester_metrics.response_size=0 success=true running=false cancelled=false
querier-1  | 2026-05-16T18:21:52.881599127Z 2026-05-16T18:21:52.881523Z  INFO influxdb3_server::http: handling query_sql database=bench query_str=-- 6-hour downsampling over an 8-week window. Touches most parquet files
querier-1  | 2026-05-16T18:21:52.881608461Z -- since timestamps span the entire generated range; aggregation work is
querier-1  | 2026-05-16T18:21:52.881609544Z -- dominated by group-by and merge across many files. 6h bins keep result
querier-1  | 2026-05-16T18:21:52.881610211Z -- cardinality manageable while still exercising the full date range.
querier-1  | 2026-05-16T18:21:52.881610877Z SELECT
querier-1  | 2026-05-16T18:21:52.881611461Z     DATE_BIN(INTERVAL '6 hours', time) AS bucket,
querier-1  | 2026-05-16T18:21:52.881612044Z     region,
querier-1  | 2026-05-16T18:21:52.881612669Z     AVG(temp) AS avg_temp,
querier-1  | 2026-05-16T18:21:52.881613294Z     APPROX_PERCENTILE_CONT(humidity, 0.95) AS p95_humidity
querier-1  | 2026-05-16T18:21:52.881613877Z FROM sensors
querier-1  | 2026-05-16T18:21:52.881614419Z WHERE time > now() - INTERVAL '8 weeks'
querier-1  | 2026-05-16T18:21:52.881615127Z GROUP BY bucket, region
querier-1  | 2026-05-16T18:21:52.881615919Z ORDER BY bucket, region format=Csv
querier-1  | 2026-05-16T18:21:52.881616544Z 2026-05-16T18:21:52.881542Z  INFO influxdb3_server::query_executor: executing sql query database=bench query=-- 6-hour downsampling over an 8-week window. Touches most parquet files
querier-1  | 2026-05-16T18:21:52.881617377Z -- since timestamps span the entire generated range; aggregation work is
querier-1  | 2026-05-16T18:21:52.881618002Z -- dominated by group-by and merge across many files. 6h bins keep result
querier-1  | 2026-05-16T18:21:52.881618627Z -- cardinality manageable while still exercising the full date range.
querier-1  | 2026-05-16T18:21:52.881619211Z SELECT
querier-1  | 2026-05-16T18:21:52.881619752Z     DATE_BIN(INTERVAL '6 hours', time) AS bucket,
querier-1  | 2026-05-16T18:21:52.881620294Z     region,
querier-1  | 2026-05-16T18:21:52.881620877Z     AVG(temp) AS avg_temp,
querier-1  | 2026-05-16T18:21:52.881621627Z     APPROX_PERCENTILE_CONT(humidity, 0.95) AS p95_humidity
querier-1  | 2026-05-16T18:21:52.881622336Z FROM sensors
querier-1  | 2026-05-16T18:21:52.881623086Z WHERE time > now() - INTERVAL '8 weeks'
querier-1  | 2026-05-16T18:21:52.881623711Z GROUP BY bucket, region
querier-1  | 2026-05-16T18:21:52.881624211Z ORDER BY bucket, region params=None
querier-1  | 2026-05-16T18:21:52.881624794Z 2026-05-16T18:21:52.881567Z  INFO iox_query::query_log: query when="received" id=ed863d58-681c-42b6-a3d6-c28403e6eab2 namespace_id=0 namespace_name="influxdb3 oss" query_type="sql" query_text=-- 6-hour downsampling over an 8-week window. Touches most parquet files
querier-1  | 2026-05-16T18:21:52.881625794Z -- since timestamps span the entire generated range; aggregation work is
querier-1  | 2026-05-16T18:21:52.881626544Z -- dominated by group-by and merge across many files. 6h bins keep result
querier-1  | 2026-05-16T18:21:52.881634336Z -- cardinality manageable while still exercising the full date range.
querier-1  | 2026-05-16T18:21:52.881635086Z SELECT
querier-1  | 2026-05-16T18:21:52.881635752Z     DATE_BIN(INTERVAL '6 hours', time) AS bucket,
querier-1  | 2026-05-16T18:21:52.881636586Z     region,
querier-1  | 2026-05-16T18:21:52.881637127Z     AVG(temp) AS avg_temp,
querier-1  | 2026-05-16T18:21:52.881637627Z     APPROX_PERCENTILE_CONT(humidity, 0.95) AS p95_humidity
querier-1  | 2026-05-16T18:21:52.881638294Z FROM sensors
querier-1  | 2026-05-16T18:21:52.881639002Z WHERE time > now() - INTERVAL '8 weeks'
querier-1  | 2026-05-16T18:21:52.881639711Z GROUP BY bucket, region
querier-1  | 2026-05-16T18:21:52.881640586Z ORDER BY bucket, region query_params=Params { } issue_time=2026-05-16T18:21:52.881566002+00:00 success=false running=true cancelled=false
querier-1  | 2026-05-16T18:21:52.895997252Z 2026-05-16T18:21:52.895907Z  INFO influxdb3_write::composite_write_buffer: composite get_table_chunks db_schema.id=DbId(1) table_def.table_id=TableId(0) local=4480 remote=1 remote_reachable=true tail=0 total=4481
querier-1  | 2026-05-16T18:21:52.900729419Z 2026-05-16T18:21:52.900657Z  WARN iox_query::physical_optimizer::dedup::split: cannot split dedup operation, fanout too wide n_split=281 max_dedup_split=100
querier-1  | 2026-05-16T18:21:52.920030419Z 2026-05-16T18:21:52.919927Z  INFO iox_query::query_log: query when="planned" id=ed863d58-681c-42b6-a3d6-c28403e6eab2 namespace_id=0 namespace_name="influxdb3 oss" query_type="sql" query_text=-- 6-hour downsampling over an 8-week window. Touches most parquet files
querier-1  | 2026-05-16T18:21:52.920055294Z -- since timestamps span the entire generated range; aggregation work is
querier-1  | 2026-05-16T18:21:52.920057211Z -- dominated by group-by and merge across many files. 6h bins keep result
querier-1  | 2026-05-16T18:21:52.920058211Z -- cardinality manageable while still exercising the full date range.
querier-1  | 2026-05-16T18:21:52.920059002Z SELECT
querier-1  | 2026-05-16T18:21:52.920059711Z     DATE_BIN(INTERVAL '6 hours', time) AS bucket,
querier-1  | 2026-05-16T18:21:52.920060461Z     region,
querier-1  | 2026-05-16T18:21:52.920061127Z     AVG(temp) AS avg_temp,
querier-1  | 2026-05-16T18:21:52.920061877Z     APPROX_PERCENTILE_CONT(humidity, 0.95) AS p95_humidity
querier-1  | 2026-05-16T18:21:52.920062669Z FROM sensors
querier-1  | 2026-05-16T18:21:52.920063336Z WHERE time > now() - INTERVAL '8 weeks'
querier-1  | 2026-05-16T18:21:52.920064211Z GROUP BY bucket, region
querier-1  | 2026-05-16T18:21:52.920064877Z ORDER BY bucket, region query_params=Params { } issue_time=2026-05-16T18:21:52.881566002+00:00 partitions=280 parquet_files=4480 deduplicated_partitions=280 deduplicated_parquet_files=4480 plan_duration_secs=0.037560834 success=false running=true cancelled=false
querier-1  | 2026-05-16T18:21:52.920065836Z 2026-05-16T18:21:52.919953Z  INFO iox_query::query_log: query when="permit" id=ed863d58-681c-42b6-a3d6-c28403e6eab2 namespace_id=0 namespace_name="influxdb3 oss" query_type="sql" query_text=-- 6-hour downsampling over an 8-week window. Touches most parquet files
querier-1  | 2026-05-16T18:21:52.920066877Z -- since timestamps span the entire generated range; aggregation work is
querier-1  | 2026-05-16T18:21:52.920067627Z -- dominated by group-by and merge across many files. 6h bins keep result
querier-1  | 2026-05-16T18:21:52.920078836Z -- cardinality manageable while still exercising the full date range.
querier-1  | 2026-05-16T18:21:52.920079711Z SELECT
querier-1  | 2026-05-16T18:21:52.920080419Z     DATE_BIN(INTERVAL '6 hours', time) AS bucket,
querier-1  | 2026-05-16T18:21:52.920081127Z     region,
querier-1  | 2026-05-16T18:21:52.920081794Z     AVG(temp) AS avg_temp,
querier-1  | 2026-05-16T18:21:52.920082461Z     APPROX_PERCENTILE_CONT(humidity, 0.95) AS p95_humidity
querier-1  | 2026-05-16T18:21:52.920083169Z FROM sensors
querier-1  | 2026-05-16T18:21:52.920083836Z WHERE time > now() - INTERVAL '8 weeks'
querier-1  | 2026-05-16T18:21:52.920084586Z GROUP BY bucket, region
querier-1  | 2026-05-16T18:21:52.920085294Z ORDER BY bucket, region query_params=Params { } issue_time=2026-05-16T18:21:52.881566002+00:00 partitions=280 parquet_files=4480 deduplicated_partitions=280 deduplicated_parquet_files=4480 plan_duration_secs=0.037560834 permit_duration_secs=0.000825833 success=false running=true cancelled=false
querier-1  | 2026-05-16T18:21:52.920341502Z 2026-05-16T18:21:52.920265Z  INFO iox_query::query_log: query when="success" id=ed863d58-681c-42b6-a3d6-c28403e6eab2 namespace_id=0 namespace_name="influxdb3 oss" query_type="sql" query_text=-- 6-hour downsampling over an 8-week window. Touches most parquet files
querier-1  | 2026-05-16T18:21:52.920352002Z -- since timestamps span the entire generated range; aggregation work is
querier-1  | 2026-05-16T18:21:52.920353419Z -- dominated by group-by and merge across many files. 6h bins keep result
querier-1  | 2026-05-16T18:21:52.920354377Z -- cardinality manageable while still exercising the full date range.
querier-1  | 2026-05-16T18:21:52.920355169Z SELECT
querier-1  | 2026-05-16T18:21:52.920356044Z     DATE_BIN(INTERVAL '6 hours', time) AS bucket,
querier-1  | 2026-05-16T18:21:52.920356794Z     region,
querier-1  | 2026-05-16T18:21:52.920357502Z     AVG(temp) AS avg_temp,
querier-1  | 2026-05-16T18:21:52.920358252Z     APPROX_PERCENTILE_CONT(humidity, 0.95) AS p95_humidity
querier-1  | 2026-05-16T18:21:52.920359002Z FROM sensors
querier-1  | 2026-05-16T18:21:52.920359669Z WHERE time > now() - INTERVAL '8 weeks'
querier-1  | 2026-05-16T18:21:52.920360544Z GROUP BY bucket, region
querier-1  | 2026-05-16T18:21:52.920361336Z ORDER BY bucket, region query_params=Params { } issue_time=2026-05-16T18:21:52.881566002+00:00 partitions=280 parquet_files=4480 deduplicated_partitions=280 deduplicated_parquet_files=4480 plan_duration_secs=0.037560834 permit_duration_secs=0.000825833 execute_duration_secs=0.00027625 end2end_duration_secs=0.03869725 compute_duration_secs=0.000205393 max_memory=6399640 ingester_metrics.latency_to_plan_secs=0.0 ingester_metrics.latency_to_full_data_secs=0.0 ingester_metrics.response_rows=0 ingester_metrics.partition_count=0 ingester_metrics.response_size=0 success=true running=false cancelled=false
querier-1  | 2026-05-16T18:21:53.653496253Z 2026-05-16T18:21:53.653417Z  INFO influxdb3_server::http: handling query_sql database=bench query_str=-- 6-hour downsampling over an 8-week window. Touches most parquet files
querier-1  | 2026-05-16T18:21:53.653508211Z -- since timestamps span the entire generated range; aggregation work is
querier-1  | 2026-05-16T18:21:53.653509211Z -- dominated by group-by and merge across many files. 6h bins keep result
querier-1  | 2026-05-16T18:21:53.653516378Z -- cardinality manageable while still exercising the full date range.
querier-1  | 2026-05-16T18:21:53.653517253Z SELECT
querier-1  | 2026-05-16T18:21:53.653517961Z     DATE_BIN(INTERVAL '6 hours', time) AS bucket,
querier-1  | 2026-05-16T18:21:53.653518836Z     region,
querier-1  | 2026-05-16T18:21:53.653519628Z     AVG(temp) AS avg_temp,
querier-1  | 2026-05-16T18:21:53.653520378Z     APPROX_PERCENTILE_CONT(humidity, 0.95) AS p95_humidity
querier-1  | 2026-05-16T18:21:53.653521169Z FROM sensors
querier-1  | 2026-05-16T18:21:53.653521878Z WHERE time > now() - INTERVAL '8 weeks'
querier-1  | 2026-05-16T18:21:53.653522753Z GROUP BY bucket, region
querier-1  | 2026-05-16T18:21:53.653523461Z ORDER BY bucket, region format=Csv
querier-1  | 2026-05-16T18:21:53.653524211Z 2026-05-16T18:21:53.653444Z  INFO influxdb3_server::query_executor: executing sql query database=bench query=-- 6-hour downsampling over an 8-week window. Touches most parquet files
querier-1  | 2026-05-16T18:21:53.653525128Z -- since timestamps span the entire generated range; aggregation work is
querier-1  | 2026-05-16T18:21:53.653526044Z -- dominated by group-by and merge across many files. 6h bins keep result
querier-1  | 2026-05-16T18:21:53.653526878Z -- cardinality manageable while still exercising the full date range.
querier-1  | 2026-05-16T18:21:53.653527628Z SELECT
querier-1  | 2026-05-16T18:21:53.653528336Z     DATE_BIN(INTERVAL '6 hours', time) AS bucket,
querier-1  | 2026-05-16T18:21:53.653529086Z     region,
querier-1  | 2026-05-16T18:21:53.653529836Z     AVG(temp) AS avg_temp,
querier-1  | 2026-05-16T18:21:53.653530503Z     APPROX_PERCENTILE_CONT(humidity, 0.95) AS p95_humidity
querier-1  | 2026-05-16T18:21:53.653531128Z FROM sensors
querier-1  | 2026-05-16T18:21:53.653531711Z WHERE time > now() - INTERVAL '8 weeks'
querier-1  | 2026-05-16T18:21:53.653532336Z GROUP BY bucket, region
querier-1  | 2026-05-16T18:21:53.653532878Z ORDER BY bucket, region params=None
querier-1  | 2026-05-16T18:21:53.653534711Z 2026-05-16T18:21:53.653472Z  INFO iox_query::query_log: query when="received" id=63d4a577-de7b-40a9-abdc-e1da4df94bac namespace_id=0 namespace_name="influxdb3 oss" query_type="sql" query_text=-- 6-hour downsampling over an 8-week window. Touches most parquet files
querier-1  | 2026-05-16T18:21:53.653535753Z -- since timestamps span the entire generated range; aggregation work is
querier-1  | 2026-05-16T18:21:53.653536378Z -- dominated by group-by and merge across many files. 6h bins keep result
querier-1  | 2026-05-16T18:21:53.653536961Z -- cardinality manageable while still exercising the full date range.
querier-1  | 2026-05-16T18:21:53.653537586Z SELECT
querier-1  | 2026-05-16T18:21:53.653538128Z     DATE_BIN(INTERVAL '6 hours', time) AS bucket,
querier-1  | 2026-05-16T18:21:53.653538711Z     region,
querier-1  | 2026-05-16T18:21:53.653539253Z     AVG(temp) AS avg_temp,
querier-1  | 2026-05-16T18:21:53.653539836Z     APPROX_PERCENTILE_CONT(humidity, 0.95) AS p95_humidity
querier-1  | 2026-05-16T18:21:53.653540503Z FROM sensors
querier-1  | 2026-05-16T18:21:53.653541169Z WHERE time > now() - INTERVAL '8 weeks'
querier-1  | 2026-05-16T18:21:53.653542836Z GROUP BY bucket, region
querier-1  | 2026-05-16T18:21:53.653543878Z ORDER BY bucket, region query_params=Params { } issue_time=2026-05-16T18:21:53.653471003+00:00 success=false running=true cancelled=false
querier-1  | 2026-05-16T18:21:53.668455586Z 2026-05-16T18:21:53.668365Z  INFO influxdb3_write::composite_write_buffer: composite get_table_chunks db_schema.id=DbId(1) table_def.table_id=TableId(0) local=4480 remote=1 remote_reachable=true tail=0 total=4481
querier-1  | 2026-05-16T18:21:53.673302753Z 2026-05-16T18:21:53.673228Z  WARN iox_query::physical_optimizer::dedup::split: cannot split dedup operation, fanout too wide n_split=281 max_dedup_split=100
querier-1  | 2026-05-16T18:21:53.693027169Z 2026-05-16T18:21:53.692931Z  INFO iox_query::query_log: query when="planned" id=63d4a577-de7b-40a9-abdc-e1da4df94bac namespace_id=0 namespace_name="influxdb3 oss" query_type="sql" query_text=-- 6-hour downsampling over an 8-week window. Touches most parquet files
querier-1  | 2026-05-16T18:21:53.693049669Z -- since timestamps span the entire generated range; aggregation work is
querier-1  | 2026-05-16T18:21:53.693051128Z -- dominated by group-by and merge across many files. 6h bins keep result
querier-1  | 2026-05-16T18:21:53.693052169Z -- cardinality manageable while still exercising the full date range.
querier-1  | 2026-05-16T18:21:53.693052794Z SELECT
querier-1  | 2026-05-16T18:21:53.693053378Z     DATE_BIN(INTERVAL '6 hours', time) AS bucket,
querier-1  | 2026-05-16T18:21:53.693053961Z     region,
querier-1  | 2026-05-16T18:21:53.693054503Z     AVG(temp) AS avg_temp,
querier-1  | 2026-05-16T18:21:53.693055044Z     APPROX_PERCENTILE_CONT(humidity, 0.95) AS p95_humidity
querier-1  | 2026-05-16T18:21:53.693055586Z FROM sensors
querier-1  | 2026-05-16T18:21:53.693056128Z WHERE time > now() - INTERVAL '8 weeks'
querier-1  | 2026-05-16T18:21:53.693056919Z GROUP BY bucket, region
querier-1  | 2026-05-16T18:21:53.693057503Z ORDER BY bucket, region query_params=Params { } issue_time=2026-05-16T18:21:53.653471003+00:00 partitions=280 parquet_files=4480 deduplicated_partitions=280 deduplicated_parquet_files=4480 plan_duration_secs=0.038683166 success=false running=true cancelled=false
querier-1  | 2026-05-16T18:21:53.693058336Z 2026-05-16T18:21:53.692951Z  INFO iox_query::query_log: query when="permit" id=63d4a577-de7b-40a9-abdc-e1da4df94bac namespace_id=0 namespace_name="influxdb3 oss" query_type="sql" query_text=-- 6-hour downsampling over an 8-week window. Touches most parquet files
querier-1  | 2026-05-16T18:21:53.693059169Z -- since timestamps span the entire generated range; aggregation work is
querier-1  | 2026-05-16T18:21:53.693059794Z -- dominated by group-by and merge across many files. 6h bins keep result
querier-1  | 2026-05-16T18:21:53.693060378Z -- cardinality manageable while still exercising the full date range.
querier-1  | 2026-05-16T18:21:53.693060961Z SELECT
querier-1  | 2026-05-16T18:21:53.693061461Z     DATE_BIN(INTERVAL '6 hours', time) AS bucket,
querier-1  | 2026-05-16T18:21:53.693062044Z     region,
querier-1  | 2026-05-16T18:21:53.693062586Z     AVG(temp) AS avg_temp,
querier-1  | 2026-05-16T18:21:53.693063128Z     APPROX_PERCENTILE_CONT(humidity, 0.95) AS p95_humidity
querier-1  | 2026-05-16T18:21:53.693063669Z FROM sensors
querier-1  | 2026-05-16T18:21:53.693070169Z WHERE time > now() - INTERVAL '8 weeks'
querier-1  | 2026-05-16T18:21:53.693070919Z GROUP BY bucket, region
querier-1  | 2026-05-16T18:21:53.693071628Z ORDER BY bucket, region query_params=Params { } issue_time=2026-05-16T18:21:53.653471003+00:00 partitions=280 parquet_files=4480 deduplicated_partitions=280 deduplicated_parquet_files=4480 plan_duration_secs=0.038683166 permit_duration_secs=0.000797125 success=false running=true cancelled=false
querier-1  | 2026-05-16T18:21:53.693316461Z 2026-05-16T18:21:53.693251Z  INFO iox_query::query_log: query when="success" id=63d4a577-de7b-40a9-abdc-e1da4df94bac namespace_id=0 namespace_name="influxdb3 oss" query_type="sql" query_text=-- 6-hour downsampling over an 8-week window. Touches most parquet files
querier-1  | 2026-05-16T18:21:53.693323669Z -- since timestamps span the entire generated range; aggregation work is
querier-1  | 2026-05-16T18:21:53.693324878Z -- dominated by group-by and merge across many files. 6h bins keep result
querier-1  | 2026-05-16T18:21:53.693325628Z -- cardinality manageable while still exercising the full date range.
querier-1  | 2026-05-16T18:21:53.693326336Z SELECT
querier-1  | 2026-05-16T18:21:53.693326961Z     DATE_BIN(INTERVAL '6 hours', time) AS bucket,
querier-1  | 2026-05-16T18:21:53.693327586Z     region,
querier-1  | 2026-05-16T18:21:53.693328211Z     AVG(temp) AS avg_temp,
querier-1  | 2026-05-16T18:21:53.693328878Z     APPROX_PERCENTILE_CONT(humidity, 0.95) AS p95_humidity
querier-1  | 2026-05-16T18:21:53.693329503Z FROM sensors
querier-1  | 2026-05-16T18:21:53.693330128Z WHERE time > now() - INTERVAL '8 weeks'
querier-1  | 2026-05-16T18:21:53.693330794Z GROUP BY bucket, region
querier-1  | 2026-05-16T18:21:53.693331586Z ORDER BY bucket, region query_params=Params { } issue_time=2026-05-16T18:21:53.653471003+00:00 partitions=280 parquet_files=4480 deduplicated_partitions=280 deduplicated_parquet_files=4480 plan_duration_secs=0.038683166 permit_duration_secs=0.000797125 execute_duration_secs=0.000278375 end2end_duration_secs=0.03978 compute_duration_secs=0.00021148 max_memory=6399640 ingester_metrics.latency_to_plan_secs=0.0 ingester_metrics.latency_to_full_data_secs=0.0 ingester_metrics.response_rows=0 ingester_metrics.partition_count=0 ingester_metrics.response_size=0 success=true running=false cancelled=false
querier-1  | 2026-05-16T18:21:54.453645545Z 2026-05-16T18:21:54.453578Z  INFO influxdb3_server::http: handling query_sql database=bench query_str=-- 6-hour downsampling over an 8-week window. Touches most parquet files
querier-1  | 2026-05-16T18:21:54.453660503Z -- since timestamps span the entire generated range; aggregation work is
querier-1  | 2026-05-16T18:21:54.453661753Z -- dominated by group-by and merge across many files. 6h bins keep result
querier-1  | 2026-05-16T18:21:54.453662545Z -- cardinality manageable while still exercising the full date range.
querier-1  | 2026-05-16T18:21:54.453663336Z SELECT
querier-1  | 2026-05-16T18:21:54.453664045Z     DATE_BIN(INTERVAL '6 hours', time) AS bucket,
querier-1  | 2026-05-16T18:21:54.453664795Z     region,
querier-1  | 2026-05-16T18:21:54.453665503Z     AVG(temp) AS avg_temp,
querier-1  | 2026-05-16T18:21:54.453666211Z     APPROX_PERCENTILE_CONT(humidity, 0.95) AS p95_humidity
querier-1  | 2026-05-16T18:21:54.453666961Z FROM sensors
querier-1  | 2026-05-16T18:21:54.453686920Z WHERE time > now() - INTERVAL '8 weeks'
querier-1  | 2026-05-16T18:21:54.453690836Z GROUP BY bucket, region
querier-1  | 2026-05-16T18:21:54.453692003Z ORDER BY bucket, region format=Csv
querier-1  | 2026-05-16T18:21:54.453692795Z 2026-05-16T18:21:54.453599Z  INFO influxdb3_server::query_executor: executing sql query database=bench query=-- 6-hour downsampling over an 8-week window. Touches most parquet files
querier-1  | 2026-05-16T18:21:54.453693586Z -- since timestamps span the entire generated range; aggregation work is
querier-1  | 2026-05-16T18:21:54.453694211Z -- dominated by group-by and merge across many files. 6h bins keep result
querier-1  | 2026-05-16T18:21:54.453694878Z -- cardinality manageable while still exercising the full date range.
querier-1  | 2026-05-16T18:21:54.453695503Z SELECT
querier-1  | 2026-05-16T18:21:54.453696086Z     DATE_BIN(INTERVAL '6 hours', time) AS bucket,
querier-1  | 2026-05-16T18:21:54.453696711Z     region,
querier-1  | 2026-05-16T18:21:54.453697253Z     AVG(temp) AS avg_temp,
querier-1  | 2026-05-16T18:21:54.453697795Z     APPROX_PERCENTILE_CONT(humidity, 0.95) AS p95_humidity
querier-1  | 2026-05-16T18:21:54.453698420Z FROM sensors
querier-1  | 2026-05-16T18:21:54.453698961Z WHERE time > now() - INTERVAL '8 weeks'
querier-1  | 2026-05-16T18:21:54.453699545Z GROUP BY bucket, region
querier-1  | 2026-05-16T18:21:54.453700128Z ORDER BY bucket, region params=None
querier-1  | 2026-05-16T18:21:54.453819545Z 2026-05-16T18:21:54.453626Z  INFO iox_query::query_log: query when="received" id=e50c75ed-ba2a-4c38-86bd-7b7bd5878bf1 namespace_id=0 namespace_name="influxdb3 oss" query_type="sql" query_text=-- 6-hour downsampling over an 8-week window. Touches most parquet files
querier-1  | 2026-05-16T18:21:54.453821336Z -- since timestamps span the entire generated range; aggregation work is
querier-1  | 2026-05-16T18:21:54.453822003Z -- dominated by group-by and merge across many files. 6h bins keep result
querier-1  | 2026-05-16T18:21:54.453822628Z -- cardinality manageable while still exercising the full date range.
querier-1  | 2026-05-16T18:21:54.453823211Z SELECT
querier-1  | 2026-05-16T18:21:54.453823795Z     DATE_BIN(INTERVAL '6 hours', time) AS bucket,
querier-1  | 2026-05-16T18:21:54.453824378Z     region,
querier-1  | 2026-05-16T18:21:54.453824920Z     AVG(temp) AS avg_temp,
querier-1  | 2026-05-16T18:21:54.453825503Z     APPROX_PERCENTILE_CONT(humidity, 0.95) AS p95_humidity
querier-1  | 2026-05-16T18:21:54.453826086Z FROM sensors
querier-1  | 2026-05-16T18:21:54.453826628Z WHERE time > now() - INTERVAL '8 weeks'
querier-1  | 2026-05-16T18:21:54.453827253Z GROUP BY bucket, region
querier-1  | 2026-05-16T18:21:54.453827836Z ORDER BY bucket, region query_params=Params { } issue_time=2026-05-16T18:21:54.453625253+00:00 success=false running=true cancelled=false
querier-1  | 2026-05-16T18:21:54.469029586Z 2026-05-16T18:21:54.468943Z  INFO influxdb3_write::composite_write_buffer: composite get_table_chunks db_schema.id=DbId(1) table_def.table_id=TableId(0) local=4480 remote=1 remote_reachable=true tail=0 total=4481
querier-1  | 2026-05-16T18:21:54.474173670Z 2026-05-16T18:21:54.474093Z  WARN iox_query::physical_optimizer::dedup::split: cannot split dedup operation, fanout too wide n_split=281 max_dedup_split=100
querier-1  | 2026-05-16T18:21:54.493449961Z 2026-05-16T18:21:54.493337Z  INFO iox_query::query_log: query when="planned" id=e50c75ed-ba2a-4c38-86bd-7b7bd5878bf1 namespace_id=0 namespace_name="influxdb3 oss" query_type="sql" query_text=-- 6-hour downsampling over an 8-week window. Touches most parquet files
querier-1  | 2026-05-16T18:21:54.493493420Z -- since timestamps span the entire generated range; aggregation work is
querier-1  | 2026-05-16T18:21:54.493495545Z -- dominated by group-by and merge across many files. 6h bins keep result
querier-1  | 2026-05-16T18:21:54.493496503Z -- cardinality manageable while still exercising the full date range.
querier-1  | 2026-05-16T18:21:54.493497336Z SELECT
querier-1  | 2026-05-16T18:21:54.493498253Z     DATE_BIN(INTERVAL '6 hours', time) AS bucket,
querier-1  | 2026-05-16T18:21:54.493499003Z     region,
querier-1  | 2026-05-16T18:21:54.493499711Z     AVG(temp) AS avg_temp,
querier-1  | 2026-05-16T18:21:54.493500420Z     APPROX_PERCENTILE_CONT(humidity, 0.95) AS p95_humidity
querier-1  | 2026-05-16T18:21:54.493501128Z FROM sensors
querier-1  | 2026-05-16T18:21:54.493501836Z WHERE time > now() - INTERVAL '8 weeks'
querier-1  | 2026-05-16T18:21:54.493502711Z GROUP BY bucket, region
querier-1  | 2026-05-16T18:21:54.493503461Z ORDER BY bucket, region query_params=Params { } issue_time=2026-05-16T18:21:54.453625253+00:00 partitions=280 parquet_files=4480 deduplicated_partitions=280 deduplicated_parquet_files=4480 plan_duration_secs=0.038929667 success=false running=true cancelled=false
querier-1  | 2026-05-16T18:21:54.493504461Z 2026-05-16T18:21:54.493364Z  INFO iox_query::query_log: query when="permit" id=e50c75ed-ba2a-4c38-86bd-7b7bd5878bf1 namespace_id=0 namespace_name="influxdb3 oss" query_type="sql" query_text=-- 6-hour downsampling over an 8-week window. Touches most parquet files
querier-1  | 2026-05-16T18:21:54.493505545Z -- since timestamps span the entire generated range; aggregation work is
querier-1  | 2026-05-16T18:21:54.493506295Z -- dominated by group-by and merge across many files. 6h bins keep result
querier-1  | 2026-05-16T18:21:54.493507045Z -- cardinality manageable while still exercising the full date range.
querier-1  | 2026-05-16T18:21:54.493507753Z SELECT
querier-1  | 2026-05-16T18:21:54.493508336Z     DATE_BIN(INTERVAL '6 hours', time) AS bucket,
querier-1  | 2026-05-16T18:21:54.493509045Z     region,
querier-1  | 2026-05-16T18:21:54.493509711Z     AVG(temp) AS avg_temp,
querier-1  | 2026-05-16T18:21:54.493510420Z     APPROX_PERCENTILE_CONT(humidity, 0.95) AS p95_humidity
querier-1  | 2026-05-16T18:21:54.493511086Z FROM sensors
querier-1  | 2026-05-16T18:21:54.493511753Z WHERE time > now() - INTERVAL '8 weeks'
querier-1  | 2026-05-16T18:21:54.493512461Z GROUP BY bucket, region
querier-1  | 2026-05-16T18:21:54.493513170Z ORDER BY bucket, region query_params=Params { } issue_time=2026-05-16T18:21:54.453625253+00:00 partitions=280 parquet_files=4480 deduplicated_partitions=280 deduplicated_parquet_files=4480 plan_duration_secs=0.038929667 permit_duration_secs=0.000809083 success=false running=true cancelled=false
querier-1  | 2026-05-16T18:21:54.493751628Z 2026-05-16T18:21:54.493691Z  INFO iox_query::query_log: query when="success" id=e50c75ed-ba2a-4c38-86bd-7b7bd5878bf1 namespace_id=0 namespace_name="influxdb3 oss" query_type="sql" query_text=-- 6-hour downsampling over an 8-week window. Touches most parquet files
querier-1  | 2026-05-16T18:21:54.493762753Z -- since timestamps span the entire generated range; aggregation work is
querier-1  | 2026-05-16T18:21:54.493763586Z -- dominated by group-by and merge across many files. 6h bins keep result
querier-1  | 2026-05-16T18:21:54.493764211Z -- cardinality manageable while still exercising the full date range.
querier-1  | 2026-05-16T18:21:54.493764836Z SELECT
querier-1  | 2026-05-16T18:21:54.493765378Z     DATE_BIN(INTERVAL '6 hours', time) AS bucket,
querier-1  | 2026-05-16T18:21:54.493765961Z     region,
querier-1  | 2026-05-16T18:21:54.493766503Z     AVG(temp) AS avg_temp,
querier-1  | 2026-05-16T18:21:54.493767086Z     APPROX_PERCENTILE_CONT(humidity, 0.95) AS p95_humidity
querier-1  | 2026-05-16T18:21:54.493767670Z FROM sensors
querier-1  | 2026-05-16T18:21:54.493768211Z WHERE time > now() - INTERVAL '8 weeks'
querier-1  | 2026-05-16T18:21:54.493768836Z GROUP BY bucket, region
querier-1  | 2026-05-16T18:21:54.493769420Z ORDER BY bucket, region query_params=Params { } issue_time=2026-05-16T18:21:54.453625253+00:00 partitions=280 parquet_files=4480 deduplicated_partitions=280 deduplicated_parquet_files=4480 plan_duration_secs=0.038929667 permit_duration_secs=0.000809083 execute_duration_secs=0.000287458 end2end_duration_secs=0.040064208 compute_duration_secs=0.000250104 max_memory=6399640 ingester_metrics.latency_to_plan_secs=0.0 ingester_metrics.latency_to_full_data_secs=0.0 ingester_metrics.response_rows=0 ingester_metrics.partition_count=0 ingester_metrics.response_size=0 success=true running=false cancelled=false
querier-1  | 2026-05-16T18:21:55.233366920Z 2026-05-16T18:21:55.233313Z  INFO influxdb3_server::http: handling query_sql database=bench query_str=-- 6-hour downsampling over an 8-week window. Touches most parquet files
querier-1  | 2026-05-16T18:21:55.233382212Z -- since timestamps span the entire generated range; aggregation work is
querier-1  | 2026-05-16T18:21:55.233384170Z -- dominated by group-by and merge across many files. 6h bins keep result
querier-1  | 2026-05-16T18:21:55.233385170Z -- cardinality manageable while still exercising the full date range.
querier-1  | 2026-05-16T18:21:55.233386128Z SELECT
querier-1  | 2026-05-16T18:21:55.233386878Z     DATE_BIN(INTERVAL '6 hours', time) AS bucket,
querier-1  | 2026-05-16T18:21:55.233387628Z     region,
querier-1  | 2026-05-16T18:21:55.233388337Z     AVG(temp) AS avg_temp,
querier-1  | 2026-05-16T18:21:55.233389045Z     APPROX_PERCENTILE_CONT(humidity, 0.95) AS p95_humidity
querier-1  | 2026-05-16T18:21:55.233389753Z FROM sensors
querier-1  | 2026-05-16T18:21:55.233390420Z WHERE time > now() - INTERVAL '8 weeks'
querier-1  | 2026-05-16T18:21:55.233391253Z GROUP BY bucket, region
querier-1  | 2026-05-16T18:21:55.233392003Z ORDER BY bucket, region format=Csv
querier-1  | 2026-05-16T18:21:55.233392753Z 2026-05-16T18:21:55.233332Z  INFO influxdb3_server::query_executor: executing sql query database=bench query=-- 6-hour downsampling over an 8-week window. Touches most parquet files
querier-1  | 2026-05-16T18:21:55.233393670Z -- since timestamps span the entire generated range; aggregation work is
querier-1  | 2026-05-16T18:21:55.233394462Z -- dominated by group-by and merge across many files. 6h bins keep result
querier-1  | 2026-05-16T18:21:55.233402753Z -- cardinality manageable while still exercising the full date range.
querier-1  | 2026-05-16T18:21:55.233403545Z SELECT
querier-1  | 2026-05-16T18:21:55.233404087Z     DATE_BIN(INTERVAL '6 hours', time) AS bucket,
querier-1  | 2026-05-16T18:21:55.233404712Z     region,
querier-1  | 2026-05-16T18:21:55.233405295Z     AVG(temp) AS avg_temp,
querier-1  | 2026-05-16T18:21:55.233405837Z     APPROX_PERCENTILE_CONT(humidity, 0.95) AS p95_humidity
querier-1  | 2026-05-16T18:21:55.233406420Z FROM sensors
querier-1  | 2026-05-16T18:21:55.233406962Z WHERE time > now() - INTERVAL '8 weeks'
querier-1  | 2026-05-16T18:21:55.233407545Z GROUP BY bucket, region
querier-1  | 2026-05-16T18:21:55.233408087Z ORDER BY bucket, region params=None
querier-1  | 2026-05-16T18:21:55.233409378Z 2026-05-16T18:21:55.233358Z  INFO iox_query::query_log: query when="received" id=c85e4dc3-2285-4117-b780-42e4696bed34 namespace_id=0 namespace_name="influxdb3 oss" query_type="sql" query_text=-- 6-hour downsampling over an 8-week window. Touches most parquet files
querier-1  | 2026-05-16T18:21:55.233410503Z -- since timestamps span the entire generated range; aggregation work is
querier-1  | 2026-05-16T18:21:55.233411170Z -- dominated by group-by and merge across many files. 6h bins keep result
querier-1  | 2026-05-16T18:21:55.233411795Z -- cardinality manageable while still exercising the full date range.
querier-1  | 2026-05-16T18:21:55.233412420Z SELECT
querier-1  | 2026-05-16T18:21:55.233412962Z     DATE_BIN(INTERVAL '6 hours', time) AS bucket,
querier-1  | 2026-05-16T18:21:55.233413545Z     region,
querier-1  | 2026-05-16T18:21:55.233414045Z     AVG(temp) AS avg_temp,
querier-1  | 2026-05-16T18:21:55.233414628Z     APPROX_PERCENTILE_CONT(humidity, 0.95) AS p95_humidity
querier-1  | 2026-05-16T18:21:55.233415170Z FROM sensors
querier-1  | 2026-05-16T18:21:55.233415712Z WHERE time > now() - INTERVAL '8 weeks'
querier-1  | 2026-05-16T18:21:55.233416295Z GROUP BY bucket, region
querier-1  | 2026-05-16T18:21:55.233416878Z ORDER BY bucket, region query_params=Params { } issue_time=2026-05-16T18:21:55.233357503+00:00 success=false running=true cancelled=false
querier-1  | 2026-05-16T18:21:55.247917920Z 2026-05-16T18:21:55.247837Z  INFO influxdb3_write::composite_write_buffer: composite get_table_chunks db_schema.id=DbId(1) table_def.table_id=TableId(0) local=4480 remote=1 remote_reachable=true tail=0 total=4481
querier-1  | 2026-05-16T18:21:55.252927837Z 2026-05-16T18:21:55.252852Z  WARN iox_query::physical_optimizer::dedup::split: cannot split dedup operation, fanout too wide n_split=281 max_dedup_split=100
querier-1  | 2026-05-16T18:21:55.271544003Z 2026-05-16T18:21:55.271447Z  INFO iox_query::query_log: query when="planned" id=c85e4dc3-2285-4117-b780-42e4696bed34 namespace_id=0 namespace_name="influxdb3 oss" query_type="sql" query_text=-- 6-hour downsampling over an 8-week window. Touches most parquet files
querier-1  | 2026-05-16T18:21:55.271566003Z -- since timestamps span the entire generated range; aggregation work is
querier-1  | 2026-05-16T18:21:55.271567545Z -- dominated by group-by and merge across many files. 6h bins keep result
querier-1  | 2026-05-16T18:21:55.271568420Z -- cardinality manageable while still exercising the full date range.
querier-1  | 2026-05-16T18:21:55.271576795Z SELECT
querier-1  | 2026-05-16T18:21:55.271577628Z     DATE_BIN(INTERVAL '6 hours', time) AS bucket,
querier-1  | 2026-05-16T18:21:55.271578503Z     region,
querier-1  | 2026-05-16T18:21:55.271579295Z     AVG(temp) AS avg_temp,
querier-1  | 2026-05-16T18:21:55.271580087Z     APPROX_PERCENTILE_CONT(humidity, 0.95) AS p95_humidity
querier-1  | 2026-05-16T18:21:55.271580837Z FROM sensors
querier-1  | 2026-05-16T18:21:55.271581503Z WHERE time > now() - INTERVAL '8 weeks'
querier-1  | 2026-05-16T18:21:55.271582503Z GROUP BY bucket, region
querier-1  | 2026-05-16T18:21:55.271583253Z ORDER BY bucket, region query_params=Params { } issue_time=2026-05-16T18:21:55.233357503+00:00 partitions=280 parquet_files=4480 deduplicated_partitions=280 deduplicated_parquet_files=4480 plan_duration_secs=0.037258667 success=false running=true cancelled=false
querier-1  | 2026-05-16T18:21:55.271584170Z 2026-05-16T18:21:55.271469Z  INFO iox_query::query_log: query when="permit" id=c85e4dc3-2285-4117-b780-42e4696bed34 namespace_id=0 namespace_name="influxdb3 oss" query_type="sql" query_text=-- 6-hour downsampling over an 8-week window. Touches most parquet files
querier-1  | 2026-05-16T18:21:55.271585253Z -- since timestamps span the entire generated range; aggregation work is
querier-1  | 2026-05-16T18:21:55.271585962Z -- dominated by group-by and merge across many files. 6h bins keep result
querier-1  | 2026-05-16T18:21:55.271586712Z -- cardinality manageable while still exercising the full date range.
querier-1  | 2026-05-16T18:21:55.271587378Z SELECT
querier-1  | 2026-05-16T18:21:55.271588045Z     DATE_BIN(INTERVAL '6 hours', time) AS bucket,
querier-1  | 2026-05-16T18:21:55.271588753Z     region,
querier-1  | 2026-05-16T18:21:55.271589462Z     AVG(temp) AS avg_temp,
querier-1  | 2026-05-16T18:21:55.271590170Z     APPROX_PERCENTILE_CONT(humidity, 0.95) AS p95_humidity
querier-1  | 2026-05-16T18:21:55.271590878Z FROM sensors
querier-1  | 2026-05-16T18:21:55.271591545Z WHERE time > now() - INTERVAL '8 weeks'
querier-1  | 2026-05-16T18:21:55.271592295Z GROUP BY bucket, region
querier-1  | 2026-05-16T18:21:55.271593003Z ORDER BY bucket, region query_params=Params { } issue_time=2026-05-16T18:21:55.233357503+00:00 partitions=280 parquet_files=4480 deduplicated_partitions=280 deduplicated_parquet_files=4480 plan_duration_secs=0.037258667 permit_duration_secs=0.000852917 success=false running=true cancelled=false
querier-1  | 2026-05-16T18:21:55.271750878Z 2026-05-16T18:21:55.271713Z  INFO iox_query::query_log: query when="success" id=c85e4dc3-2285-4117-b780-42e4696bed34 namespace_id=0 namespace_name="influxdb3 oss" query_type="sql" query_text=-- 6-hour downsampling over an 8-week window. Touches most parquet files
querier-1  | 2026-05-16T18:21:55.271756128Z -- since timestamps span the entire generated range; aggregation work is
querier-1  | 2026-05-16T18:21:55.271757253Z -- dominated by group-by and merge across many files. 6h bins keep result
querier-1  | 2026-05-16T18:21:55.271758003Z -- cardinality manageable while still exercising the full date range.
querier-1  | 2026-05-16T18:21:55.271758670Z SELECT
querier-1  | 2026-05-16T18:21:55.271759295Z     DATE_BIN(INTERVAL '6 hours', time) AS bucket,
querier-1  | 2026-05-16T18:21:55.271759920Z     region,
querier-1  | 2026-05-16T18:21:55.271765503Z     AVG(temp) AS avg_temp,
querier-1  | 2026-05-16T18:21:55.271766253Z     APPROX_PERCENTILE_CONT(humidity, 0.95) AS p95_humidity
querier-1  | 2026-05-16T18:21:55.271766878Z FROM sensors
querier-1  | 2026-05-16T18:21:55.271767420Z WHERE time > now() - INTERVAL '8 weeks'
querier-1  | 2026-05-16T18:21:55.271768128Z GROUP BY bucket, region
querier-1  | 2026-05-16T18:21:55.271768878Z ORDER BY bucket, region query_params=Params { } issue_time=2026-05-16T18:21:55.233357503+00:00 partitions=280 parquet_files=4480 deduplicated_partitions=280 deduplicated_parquet_files=4480 plan_duration_secs=0.037258667 permit_duration_secs=0.000852917 execute_duration_secs=0.000220791 end2end_duration_secs=0.038355 compute_duration_secs=0.000172068 max_memory=0 ingester_metrics.latency_to_plan_secs=0.0 ingester_metrics.latency_to_full_data_secs=0.0 ingester_metrics.response_rows=0 ingester_metrics.partition_count=0 ingester_metrics.response_size=0 success=true running=false cancelled=false
querier-1  | 2026-05-16T18:21:56.018224254Z 2026-05-16T18:21:56.018159Z  INFO influxdb3_server::http: handling query_sql database=bench query_str=-- 1-week recent window — exercises the gen1-heavy tail. Most recent data
querier-1  | 2026-05-16T18:21:56.018231462Z -- still sits in many small gen1 files; compaction should already be
querier-1  | 2026-05-16T18:21:56.018232587Z -- promoting older portions of this window to gen2/3.
querier-1  | 2026-05-16T18:21:56.018233337Z SELECT region, AVG(temp), COUNT(*)
querier-1  | 2026-05-16T18:21:56.018234087Z FROM sensors
querier-1  | 2026-05-16T18:21:56.018234837Z WHERE time > now() - INTERVAL '1 week'
querier-1  | 2026-05-16T18:21:56.018235879Z GROUP BY region format=Csv
querier-1  | 2026-05-16T18:21:56.018236754Z 2026-05-16T18:21:56.018194Z  INFO influxdb3_server::query_executor: executing sql query database=bench query=-- 1-week recent window — exercises the gen1-heavy tail. Most recent data
querier-1  | 2026-05-16T18:21:56.018237712Z -- still sits in many small gen1 files; compaction should already be
querier-1  | 2026-05-16T18:21:56.018238462Z -- promoting older portions of this window to gen2/3.
querier-1  | 2026-05-16T18:21:56.018239170Z SELECT region, AVG(temp), COUNT(*)
querier-1  | 2026-05-16T18:21:56.018239879Z FROM sensors
querier-1  | 2026-05-16T18:21:56.018240545Z WHERE time > now() - INTERVAL '1 week'
querier-1  | 2026-05-16T18:21:56.018241295Z GROUP BY region params=None
querier-1  | 2026-05-16T18:21:56.018330962Z 2026-05-16T18:21:56.018222Z  INFO iox_query::query_log: query when="received" id=cb68f08c-a6e5-41d8-aba0-9fea4b56beba namespace_id=0 namespace_name="influxdb3 oss" query_type="sql" query_text=-- 1-week recent window — exercises the gen1-heavy tail. Most recent data
querier-1  | 2026-05-16T18:21:56.018333170Z -- still sits in many small gen1 files; compaction should already be
querier-1  | 2026-05-16T18:21:56.018333879Z -- promoting older portions of this window to gen2/3.
querier-1  | 2026-05-16T18:21:56.018334629Z SELECT region, AVG(temp), COUNT(*)
querier-1  | 2026-05-16T18:21:56.018335212Z FROM sensors
querier-1  | 2026-05-16T18:21:56.018335754Z WHERE time > now() - INTERVAL '1 week'
querier-1  | 2026-05-16T18:21:56.018336379Z GROUP BY region query_params=Params { } issue_time=2026-05-16T18:21:56.018221212+00:00 success=false running=true cancelled=false
querier-1  | 2026-05-16T18:21:56.021643795Z 2026-05-16T18:21:56.021579Z  INFO influxdb3_write::composite_write_buffer: composite get_table_chunks db_schema.id=DbId(1) table_def.table_id=TableId(0) local=560 remote=1 remote_reachable=true tail=0 total=561
querier-1  | 2026-05-16T18:21:56.035823337Z 2026-05-16T18:21:56.035758Z  INFO iox_query::query_log: query when="planned" id=cb68f08c-a6e5-41d8-aba0-9fea4b56beba namespace_id=0 namespace_name="influxdb3 oss" query_type="sql" query_text=-- 1-week recent window — exercises the gen1-heavy tail. Most recent data
querier-1  | 2026-05-16T18:21:56.035832712Z -- still sits in many small gen1 files; compaction should already be
querier-1  | 2026-05-16T18:21:56.035833712Z -- promoting older portions of this window to gen2/3.
querier-1  | 2026-05-16T18:21:56.035834587Z SELECT region, AVG(temp), COUNT(*)
querier-1  | 2026-05-16T18:21:56.035835504Z FROM sensors
querier-1  | 2026-05-16T18:21:56.035836254Z WHERE time > now() - INTERVAL '1 week'
querier-1  | 2026-05-16T18:21:56.035837295Z GROUP BY region query_params=Params { } issue_time=2026-05-16T18:21:56.018221212+00:00 partitions=35 parquet_files=560 deduplicated_partitions=35 deduplicated_parquet_files=560 plan_duration_secs=0.01741625 success=false running=true cancelled=false
querier-1  | 2026-05-16T18:21:56.035838337Z 2026-05-16T18:21:56.035772Z  INFO iox_query::query_log: query when="permit" id=cb68f08c-a6e5-41d8-aba0-9fea4b56beba namespace_id=0 namespace_name="influxdb3 oss" query_type="sql" query_text=-- 1-week recent window — exercises the gen1-heavy tail. Most recent data
querier-1  | 2026-05-16T18:21:56.035839545Z -- still sits in many small gen1 files; compaction should already be
querier-1  | 2026-05-16T18:21:56.035840295Z -- promoting older portions of this window to gen2/3.
querier-1  | 2026-05-16T18:21:56.035841004Z SELECT region, AVG(temp), COUNT(*)
querier-1  | 2026-05-16T18:21:56.035841712Z FROM sensors
querier-1  | 2026-05-16T18:21:56.035842379Z WHERE time > now() - INTERVAL '1 week'
querier-1  | 2026-05-16T18:21:56.035843129Z GROUP BY region query_params=Params { } issue_time=2026-05-16T18:21:56.018221212+00:00 partitions=35 parquet_files=560 deduplicated_partitions=35 deduplicated_parquet_files=560 plan_duration_secs=0.01741625 permit_duration_secs=0.000134208 success=false running=true cancelled=false
querier-1  | 2026-05-16T18:21:56.035938920Z 2026-05-16T18:21:56.035873Z  INFO iox_query::query_log: query when="success" id=cb68f08c-a6e5-41d8-aba0-9fea4b56beba namespace_id=0 namespace_name="influxdb3 oss" query_type="sql" query_text=-- 1-week recent window — exercises the gen1-heavy tail. Most recent data
querier-1  | 2026-05-16T18:21:56.035943295Z -- still sits in many small gen1 files; compaction should already be
querier-1  | 2026-05-16T18:21:56.035944254Z -- promoting older portions of this window to gen2/3.
querier-1  | 2026-05-16T18:21:56.035944962Z SELECT region, AVG(temp), COUNT(*)
querier-1  | 2026-05-16T18:21:56.035945587Z FROM sensors
querier-1  | 2026-05-16T18:21:56.035946212Z WHERE time > now() - INTERVAL '1 week'
querier-1  | 2026-05-16T18:21:56.035947087Z GROUP BY region query_params=Params { } issue_time=2026-05-16T18:21:56.018221212+00:00 partitions=35 parquet_files=560 deduplicated_partitions=35 deduplicated_parquet_files=560 plan_duration_secs=0.01741625 permit_duration_secs=0.000134208 execute_duration_secs=8.3709e-5 end2end_duration_secs=0.017651292 compute_duration_secs=2.042e-5 max_memory=0 ingester_metrics.latency_to_plan_secs=0.0 ingester_metrics.latency_to_full_data_secs=0.0 ingester_metrics.response_rows=0 ingester_metrics.partition_count=0 ingester_metrics.response_size=0 success=true running=false cancelled=false
querier-1  | 2026-05-16T18:21:56.093432545Z 2026-05-16T18:21:56.093348Z  INFO influxdb3_server::http: handling query_sql database=bench query_str=-- 1-week recent window — exercises the gen1-heavy tail. Most recent data
querier-1  | 2026-05-16T18:21:56.093454670Z -- still sits in many small gen1 files; compaction should already be
querier-1  | 2026-05-16T18:21:56.093456504Z -- promoting older portions of this window to gen2/3.
querier-1  | 2026-05-16T18:21:56.093457545Z SELECT region, AVG(temp), COUNT(*)
querier-1  | 2026-05-16T18:21:56.093458295Z FROM sensors
querier-1  | 2026-05-16T18:21:56.093459045Z WHERE time > now() - INTERVAL '1 week'
querier-1  | 2026-05-16T18:21:56.093459920Z GROUP BY region format=Csv
querier-1  | 2026-05-16T18:21:56.093460795Z 2026-05-16T18:21:56.093372Z  INFO influxdb3_server::query_executor: executing sql query database=bench query=-- 1-week recent window — exercises the gen1-heavy tail. Most recent data
querier-1  | 2026-05-16T18:21:56.093461837Z -- still sits in many small gen1 files; compaction should already be
querier-1  | 2026-05-16T18:21:56.093462587Z -- promoting older portions of this window to gen2/3.
querier-1  | 2026-05-16T18:21:56.093463295Z SELECT region, AVG(temp), COUNT(*)
querier-1  | 2026-05-16T18:21:56.093463962Z FROM sensors
querier-1  | 2026-05-16T18:21:56.093464629Z WHERE time > now() - INTERVAL '1 week'
querier-1  | 2026-05-16T18:21:56.093465337Z GROUP BY region params=None
querier-1  | 2026-05-16T18:21:56.093466087Z 2026-05-16T18:21:56.093393Z  INFO iox_query::query_log: query when="received" id=9ab5cd77-0400-47b4-b0e0-e65bb943eb49 namespace_id=0 namespace_name="influxdb3 oss" query_type="sql" query_text=-- 1-week recent window — exercises the gen1-heavy tail. Most recent data
querier-1  | 2026-05-16T18:21:56.093467587Z -- still sits in many small gen1 files; compaction should already be
querier-1  | 2026-05-16T18:21:56.093468379Z -- promoting older portions of this window to gen2/3.
querier-1  | 2026-05-16T18:21:56.093469087Z SELECT region, AVG(temp), COUNT(*)
querier-1  | 2026-05-16T18:21:56.093469670Z FROM sensors
querier-1  | 2026-05-16T18:21:56.093470212Z WHERE time > now() - INTERVAL '1 week'
querier-1  | 2026-05-16T18:21:56.093470837Z GROUP BY region query_params=Params { } issue_time=2026-05-16T18:21:56.093392337+00:00 success=false running=true cancelled=false
querier-1  | 2026-05-16T18:21:56.096808170Z 2026-05-16T18:21:56.096744Z  INFO influxdb3_write::composite_write_buffer: composite get_table_chunks db_schema.id=DbId(1) table_def.table_id=TableId(0) local=560 remote=1 remote_reachable=true tail=0 total=561
querier-1  | 2026-05-16T18:21:56.111014796Z 2026-05-16T18:21:56.110948Z  INFO iox_query::query_log: query when="planned" id=9ab5cd77-0400-47b4-b0e0-e65bb943eb49 namespace_id=0 namespace_name="influxdb3 oss" query_type="sql" query_text=-- 1-week recent window — exercises the gen1-heavy tail. Most recent data
querier-1  | 2026-05-16T18:21:56.111023754Z -- still sits in many small gen1 files; compaction should already be
querier-1  | 2026-05-16T18:21:56.111025046Z -- promoting older portions of this window to gen2/3.
querier-1  | 2026-05-16T18:21:56.111033379Z SELECT region, AVG(temp), COUNT(*)
querier-1  | 2026-05-16T18:21:56.111034337Z FROM sensors
querier-1  | 2026-05-16T18:21:56.111035212Z WHERE time > now() - INTERVAL '1 week'
querier-1  | 2026-05-16T18:21:56.111036254Z GROUP BY region query_params=Params { } issue_time=2026-05-16T18:21:56.093392337+00:00 partitions=35 parquet_files=560 deduplicated_partitions=35 deduplicated_parquet_files=560 plan_duration_secs=0.017440334 success=false running=true cancelled=false
querier-1  | 2026-05-16T18:21:56.111037504Z 2026-05-16T18:21:56.110962Z  INFO iox_query::query_log: query when="permit" id=9ab5cd77-0400-47b4-b0e0-e65bb943eb49 namespace_id=0 namespace_name="influxdb3 oss" query_type="sql" query_text=-- 1-week recent window — exercises the gen1-heavy tail. Most recent data
querier-1  | 2026-05-16T18:21:56.111038712Z -- still sits in many small gen1 files; compaction should already be
querier-1  | 2026-05-16T18:21:56.111039504Z -- promoting older portions of this window to gen2/3.
querier-1  | 2026-05-16T18:21:56.111040296Z SELECT region, AVG(temp), COUNT(*)
querier-1  | 2026-05-16T18:21:56.111041046Z FROM sensors
querier-1  | 2026-05-16T18:21:56.111041754Z WHERE time > now() - INTERVAL '1 week'
querier-1  | 2026-05-16T18:21:56.111042546Z GROUP BY region query_params=Params { } issue_time=2026-05-16T18:21:56.093392337+00:00 partitions=35 parquet_files=560 deduplicated_partitions=35 deduplicated_parquet_files=560 plan_duration_secs=0.017440334 permit_duration_secs=0.000129166 success=false running=true cancelled=false
querier-1  | 2026-05-16T18:21:56.111417462Z 2026-05-16T18:21:56.111102Z  INFO iox_query::query_log: query when="success" id=9ab5cd77-0400-47b4-b0e0-e65bb943eb49 namespace_id=0 namespace_name="influxdb3 oss" query_type="sql" query_text=-- 1-week recent window — exercises the gen1-heavy tail. Most recent data
querier-1  | 2026-05-16T18:21:56.111423171Z -- still sits in many small gen1 files; compaction should already be
querier-1  | 2026-05-16T18:21:56.111424046Z -- promoting older portions of this window to gen2/3.
querier-1  | 2026-05-16T18:21:56.111424712Z SELECT region, AVG(temp), COUNT(*)
querier-1  | 2026-05-16T18:21:56.111425337Z FROM sensors
querier-1  | 2026-05-16T18:21:56.111425962Z WHERE time > now() - INTERVAL '1 week'
querier-1  | 2026-05-16T18:21:56.111426671Z GROUP BY region query_params=Params { } issue_time=2026-05-16T18:21:56.093392337+00:00 partitions=35 parquet_files=560 deduplicated_partitions=35 deduplicated_parquet_files=560 plan_duration_secs=0.017440334 permit_duration_secs=0.000129166 execute_duration_secs=8.9834e-5 end2end_duration_secs=0.017708459 compute_duration_secs=3.6964e-5 max_memory=0 ingester_metrics.latency_to_plan_secs=0.0 ingester_metrics.latency_to_full_data_secs=0.0 ingester_metrics.response_rows=0 ingester_metrics.partition_count=0 ingester_metrics.response_size=0 success=true running=false cancelled=false
querier-1  | 2026-05-16T18:21:56.162822296Z 2026-05-16T18:21:56.162750Z  INFO influxdb3_server::http: handling query_sql database=bench query_str=-- 1-week recent window — exercises the gen1-heavy tail. Most recent data
querier-1  | 2026-05-16T18:21:56.162833921Z -- still sits in many small gen1 files; compaction should already be
querier-1  | 2026-05-16T18:21:56.162835296Z -- promoting older portions of this window to gen2/3.
querier-1  | 2026-05-16T18:21:56.162836046Z SELECT region, AVG(temp), COUNT(*)
querier-1  | 2026-05-16T18:21:56.162843046Z FROM sensors
querier-1  | 2026-05-16T18:21:56.162843754Z WHERE time > now() - INTERVAL '1 week'
querier-1  | 2026-05-16T18:21:56.162844546Z GROUP BY region format=Csv
querier-1  | 2026-05-16T18:21:56.162845171Z 2026-05-16T18:21:56.162772Z  INFO influxdb3_server::query_executor: executing sql query database=bench query=-- 1-week recent window — exercises the gen1-heavy tail. Most recent data
querier-1  | 2026-05-16T18:21:56.162846087Z -- still sits in many small gen1 files; compaction should already be
querier-1  | 2026-05-16T18:21:56.162846712Z -- promoting older portions of this window to gen2/3.
querier-1  | 2026-05-16T18:21:56.162847337Z SELECT region, AVG(temp), COUNT(*)
querier-1  | 2026-05-16T18:21:56.162847879Z FROM sensors
querier-1  | 2026-05-16T18:21:56.162848421Z WHERE time > now() - INTERVAL '1 week'
querier-1  | 2026-05-16T18:21:56.162848962Z GROUP BY region params=None
querier-1  | 2026-05-16T18:21:56.162849629Z 2026-05-16T18:21:56.162794Z  INFO iox_query::query_log: query when="received" id=c534394d-dc86-4c39-99f9-9d3753fe5c52 namespace_id=0 namespace_name="influxdb3 oss" query_type="sql" query_text=-- 1-week recent window — exercises the gen1-heavy tail. Most recent data
querier-1  | 2026-05-16T18:21:56.162850629Z -- still sits in many small gen1 files; compaction should already be
querier-1  | 2026-05-16T18:21:56.162851212Z -- promoting older portions of this window to gen2/3.
querier-1  | 2026-05-16T18:21:56.162851796Z SELECT region, AVG(temp), COUNT(*)
querier-1  | 2026-05-16T18:21:56.162852379Z FROM sensors
querier-1  | 2026-05-16T18:21:56.162852879Z WHERE time > now() - INTERVAL '1 week'
querier-1  | 2026-05-16T18:21:56.162853587Z GROUP BY region query_params=Params { } issue_time=2026-05-16T18:21:56.162793046+00:00 success=false running=true cancelled=false
querier-1  | 2026-05-16T18:21:56.166090296Z 2026-05-16T18:21:56.166040Z  INFO influxdb3_write::composite_write_buffer: composite get_table_chunks db_schema.id=DbId(1) table_def.table_id=TableId(0) local=560 remote=1 remote_reachable=true tail=0 total=561
querier-1  | 2026-05-16T18:21:56.180483046Z 2026-05-16T18:21:56.180406Z  INFO iox_query::query_log: query when="planned" id=c534394d-dc86-4c39-99f9-9d3753fe5c52 namespace_id=0 namespace_name="influxdb3 oss" query_type="sql" query_text=-- 1-week recent window — exercises the gen1-heavy tail. Most recent data
querier-1  | 2026-05-16T18:21:56.180489462Z -- still sits in many small gen1 files; compaction should already be
querier-1  | 2026-05-16T18:21:56.180490462Z -- promoting older portions of this window to gen2/3.
querier-1  | 2026-05-16T18:21:56.180491379Z SELECT region, AVG(temp), COUNT(*)
querier-1  | 2026-05-16T18:21:56.180492171Z FROM sensors
querier-1  | 2026-05-16T18:21:56.180492879Z WHERE time > now() - INTERVAL '1 week'
querier-1  | 2026-05-16T18:21:56.180493837Z GROUP BY region query_params=Params { } issue_time=2026-05-16T18:21:56.162793046+00:00 partitions=35 parquet_files=560 deduplicated_partitions=35 deduplicated_parquet_files=560 plan_duration_secs=0.017467708 success=false running=true cancelled=false
querier-1  | 2026-05-16T18:21:56.180494879Z 2026-05-16T18:21:56.180424Z  INFO iox_query::query_log: query when="permit" id=c534394d-dc86-4c39-99f9-9d3753fe5c52 namespace_id=0 namespace_name="influxdb3 oss" query_type="sql" query_text=-- 1-week recent window — exercises the gen1-heavy tail. Most recent data
querier-1  | 2026-05-16T18:21:56.180502462Z -- still sits in many small gen1 files; compaction should already be
querier-1  | 2026-05-16T18:21:56.180503171Z -- promoting older portions of this window to gen2/3.
querier-1  | 2026-05-16T18:21:56.180503796Z SELECT region, AVG(temp), COUNT(*)
querier-1  | 2026-05-16T18:21:56.180504379Z FROM sensors
querier-1  | 2026-05-16T18:21:56.180504921Z WHERE time > now() - INTERVAL '1 week'
querier-1  | 2026-05-16T18:21:56.180505504Z GROUP BY region query_params=Params { } issue_time=2026-05-16T18:21:56.162793046+00:00 partitions=35 parquet_files=560 deduplicated_partitions=35 deduplicated_parquet_files=560 plan_duration_secs=0.017467708 permit_duration_secs=0.000162792 success=false running=true cancelled=false
querier-1  | 2026-05-16T18:21:56.181340171Z 2026-05-16T18:21:56.180575Z  INFO iox_query::query_log: query when="success" id=c534394d-dc86-4c39-99f9-9d3753fe5c52 namespace_id=0 namespace_name="influxdb3 oss" query_type="sql" query_text=-- 1-week recent window — exercises the gen1-heavy tail. Most recent data
querier-1  | 2026-05-16T18:21:56.181352504Z -- still sits in many small gen1 files; compaction should already be
querier-1  | 2026-05-16T18:21:56.181353712Z -- promoting older portions of this window to gen2/3.
querier-1  | 2026-05-16T18:21:56.181354462Z SELECT region, AVG(temp), COUNT(*)
querier-1  | 2026-05-16T18:21:56.181355129Z FROM sensors
querier-1  | 2026-05-16T18:21:56.181355712Z WHERE time > now() - INTERVAL '1 week'
querier-1  | 2026-05-16T18:21:56.181356462Z GROUP BY region query_params=Params { } issue_time=2026-05-16T18:21:56.162793046+00:00 partitions=35 parquet_files=560 deduplicated_partitions=35 deduplicated_parquet_files=560 plan_duration_secs=0.017467708 permit_duration_secs=0.000162792 execute_duration_secs=0.000104583 end2end_duration_secs=0.01778075 compute_duration_secs=4.6677e-5 max_memory=0 ingester_metrics.latency_to_plan_secs=0.0 ingester_metrics.latency_to_full_data_secs=0.0 ingester_metrics.response_rows=0 ingester_metrics.partition_count=0 ingester_metrics.response_size=0 success=true running=false cancelled=false
querier-1  | 2026-05-16T18:21:56.229503879Z 2026-05-16T18:21:56.229443Z  INFO influxdb3_server::http: handling query_sql database=bench query_str=-- 1-week recent window — exercises the gen1-heavy tail. Most recent data
querier-1  | 2026-05-16T18:21:56.229512546Z -- still sits in many small gen1 files; compaction should already be
querier-1  | 2026-05-16T18:21:56.229514004Z -- promoting older portions of this window to gen2/3.
querier-1  | 2026-05-16T18:21:56.229514796Z SELECT region, AVG(temp), COUNT(*)
querier-1  | 2026-05-16T18:21:56.229515462Z FROM sensors
querier-1  | 2026-05-16T18:21:56.229516046Z WHERE time > now() - INTERVAL '1 week'
querier-1  | 2026-05-16T18:21:56.229516754Z GROUP BY region format=Csv
querier-1  | 2026-05-16T18:21:56.229517421Z 2026-05-16T18:21:56.229468Z  INFO influxdb3_server::query_executor: executing sql query database=bench query=-- 1-week recent window — exercises the gen1-heavy tail. Most recent data
querier-1  | 2026-05-16T18:21:56.229518212Z -- still sits in many small gen1 files; compaction should already be
querier-1  | 2026-05-16T18:21:56.229518837Z -- promoting older portions of this window to gen2/3.
querier-1  | 2026-05-16T18:21:56.229519421Z SELECT region, AVG(temp), COUNT(*)
querier-1  | 2026-05-16T18:21:56.229525587Z FROM sensors
querier-1  | 2026-05-16T18:21:56.229526212Z WHERE time > now() - INTERVAL '1 week'
querier-1  | 2026-05-16T18:21:56.229526837Z GROUP BY region params=None
querier-1  | 2026-05-16T18:21:56.229591837Z 2026-05-16T18:21:56.229494Z  INFO iox_query::query_log: query when="received" id=ba16341a-c432-4430-acd4-647cdd8781c1 namespace_id=0 namespace_name="influxdb3 oss" query_type="sql" query_text=-- 1-week recent window — exercises the gen1-heavy tail. Most recent data
querier-1  | 2026-05-16T18:21:56.229594046Z -- still sits in many small gen1 files; compaction should already be
querier-1  | 2026-05-16T18:21:56.229594921Z -- promoting older portions of this window to gen2/3.
querier-1  | 2026-05-16T18:21:56.229595712Z SELECT region, AVG(temp), COUNT(*)
querier-1  | 2026-05-16T18:21:56.229596421Z FROM sensors
querier-1  | 2026-05-16T18:21:56.229597129Z WHERE time > now() - INTERVAL '1 week'
querier-1  | 2026-05-16T18:21:56.229597879Z GROUP BY region query_params=Params { } issue_time=2026-05-16T18:21:56.229493296+00:00 success=false running=true cancelled=false
querier-1  | 2026-05-16T18:21:56.232859962Z 2026-05-16T18:21:56.232801Z  INFO influxdb3_write::composite_write_buffer: composite get_table_chunks db_schema.id=DbId(1) table_def.table_id=TableId(0) local=560 remote=1 remote_reachable=true tail=0 total=561
querier-1  | 2026-05-16T18:21:56.247209212Z 2026-05-16T18:21:56.247147Z  INFO iox_query::query_log: query when="planned" id=ba16341a-c432-4430-acd4-647cdd8781c1 namespace_id=0 namespace_name="influxdb3 oss" query_type="sql" query_text=-- 1-week recent window — exercises the gen1-heavy tail. Most recent data
querier-1  | 2026-05-16T18:21:56.247216171Z -- still sits in many small gen1 files; compaction should already be
querier-1  | 2026-05-16T18:21:56.247217171Z -- promoting older portions of this window to gen2/3.
querier-1  | 2026-05-16T18:21:56.247217962Z SELECT region, AVG(temp), COUNT(*)
querier-1  | 2026-05-16T18:21:56.247218712Z FROM sensors
querier-1  | 2026-05-16T18:21:56.247219379Z WHERE time > now() - INTERVAL '1 week'
querier-1  | 2026-05-16T18:21:56.247220296Z GROUP BY region query_params=Params { } issue_time=2026-05-16T18:21:56.229493296+00:00 partitions=35 parquet_files=560 deduplicated_partitions=35 deduplicated_parquet_files=560 plan_duration_secs=0.017525875 success=false running=true cancelled=false
querier-1  | 2026-05-16T18:21:56.247221379Z 2026-05-16T18:21:56.247165Z  INFO iox_query::query_log: query when="permit" id=ba16341a-c432-4430-acd4-647cdd8781c1 namespace_id=0 namespace_name="influxdb3 oss" query_type="sql" query_text=-- 1-week recent window — exercises the gen1-heavy tail. Most recent data
querier-1  | 2026-05-16T18:21:56.247222587Z -- still sits in many small gen1 files; compaction should already be
querier-1  | 2026-05-16T18:21:56.247223337Z -- promoting older portions of this window to gen2/3.
querier-1  | 2026-05-16T18:21:56.247224087Z SELECT region, AVG(temp), COUNT(*)
querier-1  | 2026-05-16T18:21:56.247224879Z FROM sensors
querier-1  | 2026-05-16T18:21:56.247226879Z WHERE time > now() - INTERVAL '1 week'
querier-1  | 2026-05-16T18:21:56.247227629Z GROUP BY region query_params=Params { } issue_time=2026-05-16T18:21:56.229493296+00:00 partitions=35 parquet_files=560 deduplicated_partitions=35 deduplicated_parquet_files=560 plan_duration_secs=0.017525875 permit_duration_secs=0.000146041 success=false running=true cancelled=false
querier-1  | 2026-05-16T18:21:56.247334754Z 2026-05-16T18:21:56.247266Z  INFO iox_query::query_log: query when="success" id=ba16341a-c432-4430-acd4-647cdd8781c1 namespace_id=0 namespace_name="influxdb3 oss" query_type="sql" query_text=-- 1-week recent window — exercises the gen1-heavy tail. Most recent data
querier-1  | 2026-05-16T18:21:56.247347879Z -- still sits in many small gen1 files; compaction should already be
querier-1  | 2026-05-16T18:21:56.247349587Z -- promoting older portions of this window to gen2/3.
querier-1  | 2026-05-16T18:21:56.247350504Z SELECT region, AVG(temp), COUNT(*)
querier-1  | 2026-05-16T18:21:56.247351296Z FROM sensors
querier-1  | 2026-05-16T18:21:56.247352087Z WHERE time > now() - INTERVAL '1 week'
querier-1  | 2026-05-16T18:21:56.247353171Z GROUP BY region query_params=Params { } issue_time=2026-05-16T18:21:56.229493296+00:00 partitions=35 parquet_files=560 deduplicated_partitions=35 deduplicated_parquet_files=560 plan_duration_secs=0.017525875 permit_duration_secs=0.000146041 execute_duration_secs=8.4917e-5 end2end_duration_secs=0.017772 compute_duration_secs=4e-9 max_memory=0 ingester_metrics.latency_to_plan_secs=0.0 ingester_metrics.latency_to_full_data_secs=0.0 ingester_metrics.response_rows=0 ingester_metrics.partition_count=0 ingester_metrics.response_size=0 success=true running=false cancelled=false
querier-1  | 2026-05-16T18:21:56.313811129Z 2026-05-16T18:21:56.313747Z  INFO influxdb3_server::http: handling query_sql database=bench query_str=-- 1-week recent window — exercises the gen1-heavy tail. Most recent data
querier-1  | 2026-05-16T18:21:56.313819296Z -- still sits in many small gen1 files; compaction should already be
querier-1  | 2026-05-16T18:21:56.313820337Z -- promoting older portions of this window to gen2/3.
querier-1  | 2026-05-16T18:21:56.313821046Z SELECT region, AVG(temp), COUNT(*)
querier-1  | 2026-05-16T18:21:56.313821629Z FROM sensors
querier-1  | 2026-05-16T18:21:56.313822212Z WHERE time > now() - INTERVAL '1 week'
querier-1  | 2026-05-16T18:21:56.313822879Z GROUP BY region format=Csv
querier-1  | 2026-05-16T18:21:56.313823504Z 2026-05-16T18:21:56.313766Z  INFO influxdb3_server::query_executor: executing sql query database=bench query=-- 1-week recent window — exercises the gen1-heavy tail. Most recent data
querier-1  | 2026-05-16T18:21:56.313824254Z -- still sits in many small gen1 files; compaction should already be
querier-1  | 2026-05-16T18:21:56.313824837Z -- promoting older portions of this window to gen2/3.
querier-1  | 2026-05-16T18:21:56.313825421Z SELECT region, AVG(temp), COUNT(*)
querier-1  | 2026-05-16T18:21:56.313826004Z FROM sensors
querier-1  | 2026-05-16T18:21:56.313826504Z WHERE time > now() - INTERVAL '1 week'
querier-1  | 2026-05-16T18:21:56.313827087Z GROUP BY region params=None
querier-1  | 2026-05-16T18:21:56.313901837Z 2026-05-16T18:21:56.313787Z  INFO iox_query::query_log: query when="received" id=92c3c07b-4a7a-4b82-99d4-e3a9c9ca4e02 namespace_id=0 namespace_name="influxdb3 oss" query_type="sql" query_text=-- 1-week recent window — exercises the gen1-heavy tail. Most recent data
querier-1  | 2026-05-16T18:21:56.313904046Z -- still sits in many small gen1 files; compaction should already be
querier-1  | 2026-05-16T18:21:56.313904837Z -- promoting older portions of this window to gen2/3.
querier-1  | 2026-05-16T18:21:56.313905421Z SELECT region, AVG(temp), COUNT(*)
querier-1  | 2026-05-16T18:21:56.313911254Z FROM sensors
querier-1  | 2026-05-16T18:21:56.313911837Z WHERE time > now() - INTERVAL '1 week'
querier-1  | 2026-05-16T18:21:56.313912462Z GROUP BY region query_params=Params { } issue_time=2026-05-16T18:21:56.313786504+00:00 success=false running=true cancelled=false
querier-1  | 2026-05-16T18:21:56.317039629Z 2026-05-16T18:21:56.316976Z  INFO influxdb3_write::composite_write_buffer: composite get_table_chunks db_schema.id=DbId(1) table_def.table_id=TableId(0) local=560 remote=1 remote_reachable=true tail=0 total=561
querier-1  | 2026-05-16T18:21:56.331143921Z 2026-05-16T18:21:56.331075Z  INFO iox_query::query_log: query when="planned" id=92c3c07b-4a7a-4b82-99d4-e3a9c9ca4e02 namespace_id=0 namespace_name="influxdb3 oss" query_type="sql" query_text=-- 1-week recent window — exercises the gen1-heavy tail. Most recent data
querier-1  | 2026-05-16T18:21:56.331153962Z -- still sits in many small gen1 files; compaction should already be
querier-1  | 2026-05-16T18:21:56.331155087Z -- promoting older portions of this window to gen2/3.
querier-1  | 2026-05-16T18:21:56.331156046Z SELECT region, AVG(temp), COUNT(*)
querier-1  | 2026-05-16T18:21:56.331156796Z FROM sensors
querier-1  | 2026-05-16T18:21:56.331157587Z WHERE time > now() - INTERVAL '1 week'
querier-1  | 2026-05-16T18:21:56.331158546Z GROUP BY region query_params=Params { } issue_time=2026-05-16T18:21:56.313786504+00:00 partitions=35 parquet_files=560 deduplicated_partitions=35 deduplicated_parquet_files=560 plan_duration_secs=0.017170458 success=false running=true cancelled=false
querier-1  | 2026-05-16T18:21:56.331159629Z 2026-05-16T18:21:56.331089Z  INFO iox_query::query_log: query when="permit" id=92c3c07b-4a7a-4b82-99d4-e3a9c9ca4e02 namespace_id=0 namespace_name="influxdb3 oss" query_type="sql" query_text=-- 1-week recent window — exercises the gen1-heavy tail. Most recent data
querier-1  | 2026-05-16T18:21:56.331160796Z -- still sits in many small gen1 files; compaction should already be
querier-1  | 2026-05-16T18:21:56.331161587Z -- promoting older portions of this window to gen2/3.
querier-1  | 2026-05-16T18:21:56.331162254Z SELECT region, AVG(temp), COUNT(*)
querier-1  | 2026-05-16T18:21:56.331162962Z FROM sensors
querier-1  | 2026-05-16T18:21:56.331163629Z WHERE time > now() - INTERVAL '1 week'
querier-1  | 2026-05-16T18:21:56.331164379Z GROUP BY region query_params=Params { } issue_time=2026-05-16T18:21:56.313786504+00:00 partitions=35 parquet_files=560 deduplicated_partitions=35 deduplicated_parquet_files=560 plan_duration_secs=0.017170458 permit_duration_secs=0.000132584 success=false running=true cancelled=false
querier-1  | 2026-05-16T18:21:56.331238212Z 2026-05-16T18:21:56.331191Z  INFO iox_query::query_log: query when="success" id=92c3c07b-4a7a-4b82-99d4-e3a9c9ca4e02 namespace_id=0 namespace_name="influxdb3 oss" query_type="sql" query_text=-- 1-week recent window — exercises the gen1-heavy tail. Most recent data
querier-1  | 2026-05-16T18:21:56.331239879Z -- still sits in many small gen1 files; compaction should already be
querier-1  | 2026-05-16T18:21:56.331240546Z -- promoting older portions of this window to gen2/3.
querier-1  | 2026-05-16T18:21:56.331241129Z SELECT region, AVG(temp), COUNT(*)
querier-1  | 2026-05-16T18:21:56.331241671Z FROM sensors
querier-1  | 2026-05-16T18:21:56.331242212Z WHERE time > now() - INTERVAL '1 week'
querier-1  | 2026-05-16T18:21:56.331248962Z GROUP BY region query_params=Params { } issue_time=2026-05-16T18:21:56.313786504+00:00 partitions=35 parquet_files=560 deduplicated_partitions=35 deduplicated_parquet_files=560 plan_duration_secs=0.017170458 permit_duration_secs=0.000132584 execute_duration_secs=8.325e-5 end2end_duration_secs=0.017404458 compute_duration_secs=1.8503e-5 max_memory=0 ingester_metrics.latency_to_plan_secs=0.0 ingester_metrics.latency_to_full_data_secs=0.0 ingester_metrics.response_rows=0 ingester_metrics.partition_count=0 ingester_metrics.response_size=0 success=true running=false cancelled=false
querier-1  | 2026-05-16T18:21:56.378259879Z 2026-05-16T18:21:56.378197Z  INFO influxdb3_server::http: handling query_sql database=bench query_str=-- 1-week recent window — exercises the gen1-heavy tail. Most recent data
querier-1  | 2026-05-16T18:21:56.378268837Z -- still sits in many small gen1 files; compaction should already be
querier-1  | 2026-05-16T18:21:56.378269962Z -- promoting older portions of this window to gen2/3.
querier-1  | 2026-05-16T18:21:56.378270796Z SELECT region, AVG(temp), COUNT(*)
querier-1  | 2026-05-16T18:21:56.378271504Z FROM sensors
querier-1  | 2026-05-16T18:21:56.378272254Z WHERE time > now() - INTERVAL '1 week'
querier-1  | 2026-05-16T18:21:56.378273171Z GROUP BY region format=Csv
querier-1  | 2026-05-16T18:21:56.378273879Z 2026-05-16T18:21:56.378216Z  INFO influxdb3_server::query_executor: executing sql query database=bench query=-- 1-week recent window — exercises the gen1-heavy tail. Most recent data
querier-1  | 2026-05-16T18:21:56.378274796Z -- still sits in many small gen1 files; compaction should already be
querier-1  | 2026-05-16T18:21:56.378275587Z -- promoting older portions of this window to gen2/3.
querier-1  | 2026-05-16T18:21:56.378276296Z SELECT region, AVG(temp), COUNT(*)
querier-1  | 2026-05-16T18:21:56.378276921Z FROM sensors
querier-1  | 2026-05-16T18:21:56.378277546Z WHERE time > now() - INTERVAL '1 week'
querier-1  | 2026-05-16T18:21:56.378278254Z GROUP BY region params=None
querier-1  | 2026-05-16T18:21:56.378279087Z 2026-05-16T18:21:56.378237Z  INFO iox_query::query_log: query when="received" id=c3644dc4-0a00-4f70-9271-6fcaa00d9625 namespace_id=0 namespace_name="influxdb3 oss" query_type="sql" query_text=-- 1-week recent window — exercises the gen1-heavy tail. Most recent data
querier-1  | 2026-05-16T18:21:56.378280337Z -- still sits in many small gen1 files; compaction should already be
querier-1  | 2026-05-16T18:21:56.378281004Z -- promoting older portions of this window to gen2/3.
querier-1  | 2026-05-16T18:21:56.378281671Z SELECT region, AVG(temp), COUNT(*)
querier-1  | 2026-05-16T18:21:56.378282254Z FROM sensors
querier-1  | 2026-05-16T18:21:56.378282879Z WHERE time > now() - INTERVAL '1 week'
querier-1  | 2026-05-16T18:21:56.378283587Z GROUP BY region query_params=Params { } issue_time=2026-05-16T18:21:56.378236379+00:00 success=false running=true cancelled=false
querier-1  | 2026-05-16T18:21:56.381532546Z 2026-05-16T18:21:56.381466Z  INFO influxdb3_write::composite_write_buffer: composite get_table_chunks db_schema.id=DbId(1) table_def.table_id=TableId(0) local=560 remote=1 remote_reachable=true tail=0 total=561
querier-1  | 2026-05-16T18:21:56.395847004Z 2026-05-16T18:21:56.395785Z  INFO iox_query::query_log: query when="planned" id=c3644dc4-0a00-4f70-9271-6fcaa00d9625 namespace_id=0 namespace_name="influxdb3 oss" query_type="sql" query_text=-- 1-week recent window — exercises the gen1-heavy tail. Most recent data
querier-1  | 2026-05-16T18:21:56.395872129Z -- still sits in many small gen1 files; compaction should already be
querier-1  | 2026-05-16T18:21:56.395873921Z -- promoting older portions of this window to gen2/3.
querier-1  | 2026-05-16T18:21:56.395874837Z SELECT region, AVG(temp), COUNT(*)
querier-1  | 2026-05-16T18:21:56.395875629Z FROM sensors
querier-1  | 2026-05-16T18:21:56.395876379Z WHERE time > now() - INTERVAL '1 week'
querier-1  | 2026-05-16T18:21:56.395877379Z GROUP BY region query_params=Params { } issue_time=2026-05-16T18:21:56.378236379+00:00 partitions=35 parquet_files=560 deduplicated_partitions=35 deduplicated_parquet_files=560 plan_duration_secs=0.017419125 success=false running=true cancelled=false
querier-1  | 2026-05-16T18:21:56.395878462Z 2026-05-16T18:21:56.395798Z  INFO iox_query::query_log: query when="permit" id=c3644dc4-0a00-4f70-9271-6fcaa00d9625 namespace_id=0 namespace_name="influxdb3 oss" query_type="sql" query_text=-- 1-week recent window — exercises the gen1-heavy tail. Most recent data
querier-1  | 2026-05-16T18:21:56.395879712Z -- still sits in many small gen1 files; compaction should already be
querier-1  | 2026-05-16T18:21:56.395880504Z -- promoting older portions of this window to gen2/3.
querier-1  | 2026-05-16T18:21:56.395881254Z SELECT region, AVG(temp), COUNT(*)
querier-1  | 2026-05-16T18:21:56.395881921Z FROM sensors
querier-1  | 2026-05-16T18:21:56.395882587Z WHERE time > now() - INTERVAL '1 week'
querier-1  | 2026-05-16T18:21:56.395883379Z GROUP BY region query_params=Params { } issue_time=2026-05-16T18:21:56.378236379+00:00 partitions=35 parquet_files=560 deduplicated_partitions=35 deduplicated_parquet_files=560 plan_duration_secs=0.017419125 permit_duration_secs=0.000142125 success=false running=true cancelled=false
querier-1  | 2026-05-16T18:21:56.396254629Z 2026-05-16T18:21:56.395918Z  INFO iox_query::query_log: query when="success" id=c3644dc4-0a00-4f70-9271-6fcaa00d9625 namespace_id=0 namespace_name="influxdb3 oss" query_type="sql" query_text=-- 1-week recent window — exercises the gen1-heavy tail. Most recent data
querier-1  | 2026-05-16T18:21:56.396262546Z -- still sits in many small gen1 files; compaction should already be
querier-1  | 2026-05-16T18:21:56.396263796Z -- promoting older portions of this window to gen2/3.
querier-1  | 2026-05-16T18:21:56.396264587Z SELECT region, AVG(temp), COUNT(*)
querier-1  | 2026-05-16T18:21:56.396265212Z FROM sensors
querier-1  | 2026-05-16T18:21:56.396265837Z WHERE time > now() - INTERVAL '1 week'
querier-1  | 2026-05-16T18:21:56.396266671Z GROUP BY region query_params=Params { } issue_time=2026-05-16T18:21:56.378236379+00:00 partitions=35 parquet_files=560 deduplicated_partitions=35 deduplicated_parquet_files=560 plan_duration_secs=0.017419125 permit_duration_secs=0.000142125 execute_duration_secs=9.8667e-5 end2end_duration_secs=0.017681875 compute_duration_secs=5.6756e-5 max_memory=0 ingester_metrics.latency_to_plan_secs=0.0 ingester_metrics.latency_to_full_data_secs=0.0 ingester_metrics.response_rows=0 ingester_metrics.partition_count=0 ingester_metrics.response_size=0 success=true running=false cancelled=false
querier-1  | 2026-05-16T18:21:58.276866213Z 2026-05-16T18:21:58.276783Z  INFO influxdb3_write::inventory_poller: inventory poller advanced catalog before_seq=5 after_seq=10
querier-1  | 2026-05-16T18:23:16.837512805Z 2026-05-16T18:23:16.837437Z  INFO influxdb3_server::http: handling query_sql database=bench query_str=-- Full-range aggregation across every host and every point. Forces a scan of
querier-1  | 2026-05-16T18:23:16.837530805Z -- every parquet file the querier knows about. Most-uncompacted-friendly:
querier-1  | 2026-05-16T18:23:16.837532472Z -- many small gen1 files = many small reads.
querier-1  | 2026-05-16T18:23:16.837533389Z SELECT region, AVG(temp) AS avg_temp, MAX(humidity) AS max_humid, COUNT(*) AS n
querier-1  | 2026-05-16T18:23:16.837534222Z FROM sensors
querier-1  | 2026-05-16T18:23:16.837534889Z GROUP BY region format=Csv
querier-1  | 2026-05-16T18:23:16.837535555Z 2026-05-16T18:23:16.837455Z  INFO influxdb3_server::query_executor: executing sql query database=bench query=-- Full-range aggregation across every host and every point. Forces a scan of
querier-1  | 2026-05-16T18:23:16.837536555Z -- every parquet file the querier knows about. Most-uncompacted-friendly:
querier-1  | 2026-05-16T18:23:16.837537264Z -- many small gen1 files = many small reads.
querier-1  | 2026-05-16T18:23:16.837537805Z SELECT region, AVG(temp) AS avg_temp, MAX(humidity) AS max_humid, COUNT(*) AS n
querier-1  | 2026-05-16T18:23:16.837538430Z FROM sensors
querier-1  | 2026-05-16T18:23:16.837539014Z GROUP BY region params=None
querier-1  | 2026-05-16T18:23:16.837540597Z 2026-05-16T18:23:16.837489Z  INFO iox_query::query_log: query when="received" id=cff8e895-d1a6-420f-a052-437b8dc30017 namespace_id=0 namespace_name="influxdb3 oss" query_type="sql" query_text=-- Full-range aggregation across every host and every point. Forces a scan of
querier-1  | 2026-05-16T18:23:16.837541597Z -- every parquet file the querier knows about. Most-uncompacted-friendly:
querier-1  | 2026-05-16T18:23:16.837542222Z -- many small gen1 files = many small reads.
querier-1  | 2026-05-16T18:23:16.837542847Z SELECT region, AVG(temp) AS avg_temp, MAX(humidity) AS max_humid, COUNT(*) AS n
querier-1  | 2026-05-16T18:23:16.837543472Z FROM sensors
querier-1  | 2026-05-16T18:23:16.837544014Z GROUP BY region query_params=Params { } issue_time=2026-05-16T18:23:16.837488305+00:00 success=false running=true cancelled=false
querier-1  | 2026-05-16T18:23:16.844849347Z 2026-05-16T18:23:16.844769Z  INFO influxdb3_write::composite_write_buffer: composite get_table_chunks db_schema.id=DbId(1) table_def.table_id=TableId(0) local=1 remote=1 remote_reachable=true tail=0 total=2
querier-1  | 2026-05-16T18:23:16.845587764Z 2026-05-16T18:23:16.845517Z  INFO iox_query::query_log: query when="planned" id=cff8e895-d1a6-420f-a052-437b8dc30017 namespace_id=0 namespace_name="influxdb3 oss" query_type="sql" query_text=-- Full-range aggregation across every host and every point. Forces a scan of
querier-1  | 2026-05-16T18:23:16.845594264Z -- every parquet file the querier knows about. Most-uncompacted-friendly:
querier-1  | 2026-05-16T18:23:16.845595264Z -- many small gen1 files = many small reads.
querier-1  | 2026-05-16T18:23:16.845596014Z SELECT region, AVG(temp) AS avg_temp, MAX(humidity) AS max_humid, COUNT(*) AS n
querier-1  | 2026-05-16T18:23:16.845596639Z FROM sensors
querier-1  | 2026-05-16T18:23:16.845597264Z GROUP BY region query_params=Params { } issue_time=2026-05-16T18:23:16.837488305+00:00 partitions=1 parquet_files=1 deduplicated_partitions=0 deduplicated_parquet_files=0 plan_duration_secs=0.008023084 success=false running=true cancelled=false
querier-1  | 2026-05-16T18:23:16.845603222Z 2026-05-16T18:23:16.845533Z  INFO iox_query::query_log: query when="permit" id=cff8e895-d1a6-420f-a052-437b8dc30017 namespace_id=0 namespace_name="influxdb3 oss" query_type="sql" query_text=-- Full-range aggregation across every host and every point. Forces a scan of
querier-1  | 2026-05-16T18:23:16.845604389Z -- every parquet file the querier knows about. Most-uncompacted-friendly:
querier-1  | 2026-05-16T18:23:16.845605222Z -- many small gen1 files = many small reads.
querier-1  | 2026-05-16T18:23:16.845605930Z SELECT region, AVG(temp) AS avg_temp, MAX(humidity) AS max_humid, COUNT(*) AS n
querier-1  | 2026-05-16T18:23:16.845606805Z FROM sensors
querier-1  | 2026-05-16T18:23:16.845607555Z GROUP BY region query_params=Params { } issue_time=2026-05-16T18:23:16.837488305+00:00 partitions=1 parquet_files=1 deduplicated_partitions=0 deduplicated_parquet_files=0 plan_duration_secs=0.008023084 permit_duration_secs=2.1708e-5 success=false running=true cancelled=false
querier-1  | 2026-05-16T18:23:16.845824555Z 2026-05-16T18:23:16.845685Z  INFO iox_query::query_log: query when="success" id=cff8e895-d1a6-420f-a052-437b8dc30017 namespace_id=0 namespace_name="influxdb3 oss" query_type="sql" query_text=-- Full-range aggregation across every host and every point. Forces a scan of
querier-1  | 2026-05-16T18:23:16.845833805Z -- every parquet file the querier knows about. Most-uncompacted-friendly:
querier-1  | 2026-05-16T18:23:16.845835097Z -- many small gen1 files = many small reads.
querier-1  | 2026-05-16T18:23:16.845836055Z SELECT region, AVG(temp) AS avg_temp, MAX(humidity) AS max_humid, COUNT(*) AS n
querier-1  | 2026-05-16T18:23:16.845836889Z FROM sensors
querier-1  | 2026-05-16T18:23:16.845839889Z GROUP BY region query_params=Params { } issue_time=2026-05-16T18:23:16.837488305+00:00 partitions=1 parquet_files=1 deduplicated_partitions=0 deduplicated_parquet_files=0 plan_duration_secs=0.008023084 permit_duration_secs=2.1708e-5 execute_duration_secs=0.000132417 end2end_duration_secs=0.008195 compute_duration_secs=3.9421e-5 max_memory=0 ingester_metrics.latency_to_plan_secs=0.0 ingester_metrics.latency_to_full_data_secs=0.0 ingester_metrics.response_rows=0 ingester_metrics.partition_count=0 ingester_metrics.response_size=0 success=true running=false cancelled=false
querier-1  | 2026-05-16T18:23:16.864440639Z 2026-05-16T18:23:16.864345Z  INFO influxdb3_server::http: handling query_sql database=bench query_str=-- Full-range aggregation across every host and every point. Forces a scan of
querier-1  | 2026-05-16T18:23:16.864461180Z -- every parquet file the querier knows about. Most-uncompacted-friendly:
querier-1  | 2026-05-16T18:23:16.864462972Z -- many small gen1 files = many small reads.
querier-1  | 2026-05-16T18:23:16.864463889Z SELECT region, AVG(temp) AS avg_temp, MAX(humidity) AS max_humid, COUNT(*) AS n
querier-1  | 2026-05-16T18:23:16.864464722Z FROM sensors
querier-1  | 2026-05-16T18:23:16.864465430Z GROUP BY region format=Csv
querier-1  | 2026-05-16T18:23:16.864466222Z 2026-05-16T18:23:16.864365Z  INFO influxdb3_server::query_executor: executing sql query database=bench query=-- Full-range aggregation across every host and every point. Forces a scan of
querier-1  | 2026-05-16T18:23:16.864467264Z -- every parquet file the querier knows about. Most-uncompacted-friendly:
querier-1  | 2026-05-16T18:23:16.864468014Z -- many small gen1 files = many small reads.
querier-1  | 2026-05-16T18:23:16.864468764Z SELECT region, AVG(temp) AS avg_temp, MAX(humidity) AS max_humid, COUNT(*) AS n
querier-1  | 2026-05-16T18:23:16.864477180Z FROM sensors
querier-1  | 2026-05-16T18:23:16.864478055Z GROUP BY region params=None
querier-1  | 2026-05-16T18:23:16.864479014Z 2026-05-16T18:23:16.864391Z  INFO iox_query::query_log: query when="received" id=0399006a-fa4f-48f5-99d5-b37fbaca361c namespace_id=0 namespace_name="influxdb3 oss" query_type="sql" query_text=-- Full-range aggregation across every host and every point. Forces a scan of
querier-1  | 2026-05-16T18:23:16.864480264Z -- every parquet file the querier knows about. Most-uncompacted-friendly:
querier-1  | 2026-05-16T18:23:16.864480972Z -- many small gen1 files = many small reads.
querier-1  | 2026-05-16T18:23:16.864481764Z SELECT region, AVG(temp) AS avg_temp, MAX(humidity) AS max_humid, COUNT(*) AS n
querier-1  | 2026-05-16T18:23:16.864482514Z FROM sensors
querier-1  | 2026-05-16T18:23:16.864483180Z GROUP BY region query_params=Params { } issue_time=2026-05-16T18:23:16.864389847+00:00 success=false running=true cancelled=false
querier-1  | 2026-05-16T18:23:16.870326389Z 2026-05-16T18:23:16.870215Z  INFO influxdb3_write::composite_write_buffer: composite get_table_chunks db_schema.id=DbId(1) table_def.table_id=TableId(0) local=1 remote=1 remote_reachable=true tail=0 total=2
querier-1  | 2026-05-16T18:23:16.870986972Z 2026-05-16T18:23:16.870922Z  INFO iox_query::query_log: query when="planned" id=0399006a-fa4f-48f5-99d5-b37fbaca361c namespace_id=0 namespace_name="influxdb3 oss" query_type="sql" query_text=-- Full-range aggregation across every host and every point. Forces a scan of
querier-1  | 2026-05-16T18:23:16.870993639Z -- every parquet file the querier knows about. Most-uncompacted-friendly:
querier-1  | 2026-05-16T18:23:16.870994639Z -- many small gen1 files = many small reads.
querier-1  | 2026-05-16T18:23:16.870995347Z SELECT region, AVG(temp) AS avg_temp, MAX(humidity) AS max_humid, COUNT(*) AS n
querier-1  | 2026-05-16T18:23:16.870995972Z FROM sensors
querier-1  | 2026-05-16T18:23:16.870996555Z GROUP BY region query_params=Params { } issue_time=2026-05-16T18:23:16.864389847+00:00 partitions=1 parquet_files=1 deduplicated_partitions=0 deduplicated_parquet_files=0 plan_duration_secs=0.006525 success=false running=true cancelled=false
querier-1  | 2026-05-16T18:23:16.870997347Z 2026-05-16T18:23:16.870939Z  INFO iox_query::query_log: query when="permit" id=0399006a-fa4f-48f5-99d5-b37fbaca361c namespace_id=0 namespace_name="influxdb3 oss" query_type="sql" query_text=-- Full-range aggregation across every host and every point. Forces a scan of
querier-1  | 2026-05-16T18:23:16.870998264Z -- every parquet file the querier knows about. Most-uncompacted-friendly:
querier-1  | 2026-05-16T18:23:16.870998889Z -- many small gen1 files = many small reads.
querier-1  | 2026-05-16T18:23:16.870999472Z SELECT region, AVG(temp) AS avg_temp, MAX(humidity) AS max_humid, COUNT(*) AS n
querier-1  | 2026-05-16T18:23:16.871000055Z FROM sensors
querier-1  | 2026-05-16T18:23:16.871000639Z GROUP BY region query_params=Params { } issue_time=2026-05-16T18:23:16.864389847+00:00 partitions=1 parquet_files=1 deduplicated_partitions=0 deduplicated_parquet_files=0 plan_duration_secs=0.006525 permit_duration_secs=2.4292e-5 success=false running=true cancelled=false
querier-1  | 2026-05-16T18:23:16.871089722Z 2026-05-16T18:23:16.871047Z  INFO iox_query::query_log: query when="success" id=0399006a-fa4f-48f5-99d5-b37fbaca361c namespace_id=0 namespace_name="influxdb3 oss" query_type="sql" query_text=-- Full-range aggregation across every host and every point. Forces a scan of
querier-1  | 2026-05-16T18:23:16.871096222Z -- every parquet file the querier knows about. Most-uncompacted-friendly:
querier-1  | 2026-05-16T18:23:16.871096930Z -- many small gen1 files = many small reads.
querier-1  | 2026-05-16T18:23:16.871097514Z SELECT region, AVG(temp) AS avg_temp, MAX(humidity) AS max_humid, COUNT(*) AS n
querier-1  | 2026-05-16T18:23:16.871098180Z FROM sensors
querier-1  | 2026-05-16T18:23:16.871099222Z GROUP BY region query_params=Params { } issue_time=2026-05-16T18:23:16.864389847+00:00 partitions=1 parquet_files=1 deduplicated_partitions=0 deduplicated_parquet_files=0 plan_duration_secs=0.006525 permit_duration_secs=2.4292e-5 execute_duration_secs=9.95e-5 end2end_duration_secs=0.006657375 compute_duration_secs=4e-9 max_memory=0 ingester_metrics.latency_to_plan_secs=0.0 ingester_metrics.latency_to_full_data_secs=0.0 ingester_metrics.response_rows=0 ingester_metrics.partition_count=0 ingester_metrics.response_size=0 success=true running=false cancelled=false
querier-1  | 2026-05-16T18:23:16.889667389Z 2026-05-16T18:23:16.889592Z  INFO influxdb3_server::http: handling query_sql database=bench query_str=-- Full-range aggregation across every host and every point. Forces a scan of
querier-1  | 2026-05-16T18:23:16.889676264Z -- every parquet file the querier knows about. Most-uncompacted-friendly:
querier-1  | 2026-05-16T18:23:16.889677222Z -- many small gen1 files = many small reads.
querier-1  | 2026-05-16T18:23:16.889677889Z SELECT region, AVG(temp) AS avg_temp, MAX(humidity) AS max_humid, COUNT(*) AS n
querier-1  | 2026-05-16T18:23:16.889678597Z FROM sensors
querier-1  | 2026-05-16T18:23:16.889679180Z GROUP BY region format=Csv
querier-1  | 2026-05-16T18:23:16.889679847Z 2026-05-16T18:23:16.889616Z  INFO influxdb3_server::query_executor: executing sql query database=bench query=-- Full-range aggregation across every host and every point. Forces a scan of
querier-1  | 2026-05-16T18:23:16.889680597Z -- every parquet file the querier knows about. Most-uncompacted-friendly:
querier-1  | 2026-05-16T18:23:16.889681305Z -- many small gen1 files = many small reads.
querier-1  | 2026-05-16T18:23:16.889682014Z SELECT region, AVG(temp) AS avg_temp, MAX(humidity) AS max_humid, COUNT(*) AS n
querier-1  | 2026-05-16T18:23:16.889682764Z FROM sensors
querier-1  | 2026-05-16T18:23:16.889683472Z GROUP BY region params=None
querier-1  | 2026-05-16T18:23:16.889724597Z 2026-05-16T18:23:16.889676Z  INFO iox_query::query_log: query when="received" id=5c96025d-ca6d-4f54-8f3a-4cfb476cf336 namespace_id=0 namespace_name="influxdb3 oss" query_type="sql" query_text=-- Full-range aggregation across every host and every point. Forces a scan of
querier-1  | 2026-05-16T18:23:16.889729180Z -- every parquet file the querier knows about. Most-uncompacted-friendly:
querier-1  | 2026-05-16T18:23:16.889730180Z -- many small gen1 files = many small reads.
querier-1  | 2026-05-16T18:23:16.889730805Z SELECT region, AVG(temp) AS avg_temp, MAX(humidity) AS max_humid, COUNT(*) AS n
querier-1  | 2026-05-16T18:23:16.889731514Z FROM sensors
querier-1  | 2026-05-16T18:23:16.889732139Z GROUP BY region query_params=Params { } issue_time=2026-05-16T18:23:16.889675555+00:00 success=false running=true cancelled=false
querier-1  | 2026-05-16T18:23:16.896335180Z 2026-05-16T18:23:16.896232Z  INFO influxdb3_write::composite_write_buffer: composite get_table_chunks db_schema.id=DbId(1) table_def.table_id=TableId(0) local=1 remote=1 remote_reachable=true tail=0 total=2
querier-1  | 2026-05-16T18:23:16.897181347Z 2026-05-16T18:23:16.897103Z  INFO iox_query::query_log: query when="planned" id=5c96025d-ca6d-4f54-8f3a-4cfb476cf336 namespace_id=0 namespace_name="influxdb3 oss" query_type="sql" query_text=-- Full-range aggregation across every host and every point. Forces a scan of
querier-1  | 2026-05-16T18:23:16.897190264Z -- every parquet file the querier knows about. Most-uncompacted-friendly:
querier-1  | 2026-05-16T18:23:16.897191222Z -- many small gen1 files = many small reads.
querier-1  | 2026-05-16T18:23:16.897192097Z SELECT region, AVG(temp) AS avg_temp, MAX(humidity) AS max_humid, COUNT(*) AS n
querier-1  | 2026-05-16T18:23:16.897192847Z FROM sensors
querier-1  | 2026-05-16T18:23:16.897193555Z GROUP BY region query_params=Params { } issue_time=2026-05-16T18:23:16.889675555+00:00 partitions=1 parquet_files=1 deduplicated_partitions=0 deduplicated_parquet_files=0 plan_duration_secs=0.007422167 success=false running=true cancelled=false
querier-1  | 2026-05-16T18:23:16.897194389Z 2026-05-16T18:23:16.897121Z  INFO iox_query::query_log: query when="permit" id=5c96025d-ca6d-4f54-8f3a-4cfb476cf336 namespace_id=0 namespace_name="influxdb3 oss" query_type="sql" query_text=-- Full-range aggregation across every host and every point. Forces a scan of
querier-1  | 2026-05-16T18:23:16.897195264Z -- every parquet file the querier knows about. Most-uncompacted-friendly:
querier-1  | 2026-05-16T18:23:16.897195930Z -- many small gen1 files = many small reads.
querier-1  | 2026-05-16T18:23:16.897196514Z SELECT region, AVG(temp) AS avg_temp, MAX(humidity) AS max_humid, COUNT(*) AS n
querier-1  | 2026-05-16T18:23:16.897197139Z FROM sensors
querier-1  | 2026-05-16T18:23:16.897197722Z GROUP BY region query_params=Params { } issue_time=2026-05-16T18:23:16.889675555+00:00 partitions=1 parquet_files=1 deduplicated_partitions=0 deduplicated_parquet_files=0 plan_duration_secs=0.007422167 permit_duration_secs=2.3625e-5 success=false running=true cancelled=false
querier-1  | 2026-05-16T18:23:16.897387180Z 2026-05-16T18:23:16.897323Z  INFO iox_query::query_log: query when="success" id=5c96025d-ca6d-4f54-8f3a-4cfb476cf336 namespace_id=0 namespace_name="influxdb3 oss" query_type="sql" query_text=-- Full-range aggregation across every host and every point. Forces a scan of
querier-1  | 2026-05-16T18:23:16.897397222Z -- every parquet file the querier knows about. Most-uncompacted-friendly:
querier-1  | 2026-05-16T18:23:16.897398472Z -- many small gen1 files = many small reads.
querier-1  | 2026-05-16T18:23:16.897399264Z SELECT region, AVG(temp) AS avg_temp, MAX(humidity) AS max_humid, COUNT(*) AS n
querier-1  | 2026-05-16T18:23:16.897399972Z FROM sensors
querier-1  | 2026-05-16T18:23:16.897400597Z GROUP BY region query_params=Params { } issue_time=2026-05-16T18:23:16.889675555+00:00 partitions=1 parquet_files=1 deduplicated_partitions=0 deduplicated_parquet_files=0 plan_duration_secs=0.007422167 permit_duration_secs=2.3625e-5 execute_duration_secs=0.000126667 end2end_duration_secs=0.007647292 compute_duration_secs=0.000138346 max_memory=0 ingester_metrics.latency_to_plan_secs=0.0 ingester_metrics.latency_to_full_data_secs=0.0 ingester_metrics.response_rows=0 ingester_metrics.partition_count=0 ingester_metrics.response_size=0 success=true running=false cancelled=false
querier-1  | 2026-05-16T18:23:16.916844764Z 2026-05-16T18:23:16.916780Z  INFO influxdb3_server::http: handling query_sql database=bench query_str=-- Full-range aggregation across every host and every point. Forces a scan of
querier-1  | 2026-05-16T18:23:16.916858889Z -- every parquet file the querier knows about. Most-uncompacted-friendly:
querier-1  | 2026-05-16T18:23:16.916859930Z -- many small gen1 files = many small reads.
querier-1  | 2026-05-16T18:23:16.916860597Z SELECT region, AVG(temp) AS avg_temp, MAX(humidity) AS max_humid, COUNT(*) AS n
querier-1  | 2026-05-16T18:23:16.916861347Z FROM sensors
querier-1  | 2026-05-16T18:23:16.916861930Z GROUP BY region format=Csv
querier-1  | 2026-05-16T18:23:16.916862555Z 2026-05-16T18:23:16.916797Z  INFO influxdb3_server::query_executor: executing sql query database=bench query=-- Full-range aggregation across every host and every point. Forces a scan of
querier-1  | 2026-05-16T18:23:16.916863264Z -- every parquet file the querier knows about. Most-uncompacted-friendly:
querier-1  | 2026-05-16T18:23:16.916864139Z -- many small gen1 files = many small reads.
querier-1  | 2026-05-16T18:23:16.916864680Z SELECT region, AVG(temp) AS avg_temp, MAX(humidity) AS max_humid, COUNT(*) AS n
querier-1  | 2026-05-16T18:23:16.916865305Z FROM sensors
querier-1  | 2026-05-16T18:23:16.916865889Z GROUP BY region params=None
querier-1  | 2026-05-16T18:23:16.916866472Z 2026-05-16T18:23:16.916821Z  INFO iox_query::query_log: query when="received" id=a885433c-3677-41be-ba5d-10ddaee9dbec namespace_id=0 namespace_name="influxdb3 oss" query_type="sql" query_text=-- Full-range aggregation across every host and every point. Forces a scan of
querier-1  | 2026-05-16T18:23:16.916867472Z -- every parquet file the querier knows about. Most-uncompacted-friendly:
querier-1  | 2026-05-16T18:23:16.916868055Z -- many small gen1 files = many small reads.
querier-1  | 2026-05-16T18:23:16.916868639Z SELECT region, AVG(temp) AS avg_temp, MAX(humidity) AS max_humid, COUNT(*) AS n
querier-1  | 2026-05-16T18:23:16.916869222Z FROM sensors
querier-1  | 2026-05-16T18:23:16.916869764Z GROUP BY region query_params=Params { } issue_time=2026-05-16T18:23:16.916820305+00:00 success=false running=true cancelled=false
querier-1  | 2026-05-16T18:23:16.922534264Z 2026-05-16T18:23:16.922422Z  INFO influxdb3_write::composite_write_buffer: composite get_table_chunks db_schema.id=DbId(1) table_def.table_id=TableId(0) local=1 remote=1 remote_reachable=true tail=0 total=2
querier-1  | 2026-05-16T18:23:16.923186930Z 2026-05-16T18:23:16.923108Z  INFO iox_query::query_log: query when="planned" id=a885433c-3677-41be-ba5d-10ddaee9dbec namespace_id=0 namespace_name="influxdb3 oss" query_type="sql" query_text=-- Full-range aggregation across every host and every point. Forces a scan of
querier-1  | 2026-05-16T18:23:16.923194764Z -- every parquet file the querier knows about. Most-uncompacted-friendly:
querier-1  | 2026-05-16T18:23:16.923195597Z -- many small gen1 files = many small reads.
querier-1  | 2026-05-16T18:23:16.923196222Z SELECT region, AVG(temp) AS avg_temp, MAX(humidity) AS max_humid, COUNT(*) AS n
querier-1  | 2026-05-16T18:23:16.923196972Z FROM sensors
querier-1  | 2026-05-16T18:23:16.923197555Z GROUP BY region query_params=Params { } issue_time=2026-05-16T18:23:16.916820305+00:00 partitions=1 parquet_files=1 deduplicated_partitions=0 deduplicated_parquet_files=0 plan_duration_secs=0.006282 success=false running=true cancelled=false
querier-1  | 2026-05-16T18:23:16.923198347Z 2026-05-16T18:23:16.923128Z  INFO iox_query::query_log: query when="permit" id=a885433c-3677-41be-ba5d-10ddaee9dbec namespace_id=0 namespace_name="influxdb3 oss" query_type="sql" query_text=-- Full-range aggregation across every host and every point. Forces a scan of
querier-1  | 2026-05-16T18:23:16.923205180Z -- every parquet file the querier knows about. Most-uncompacted-friendly:
querier-1  | 2026-05-16T18:23:16.923206097Z -- many small gen1 files = many small reads.
querier-1  | 2026-05-16T18:23:16.923206847Z SELECT region, AVG(temp) AS avg_temp, MAX(humidity) AS max_humid, COUNT(*) AS n
querier-1  | 2026-05-16T18:23:16.923207597Z FROM sensors
querier-1  | 2026-05-16T18:23:16.923208305Z GROUP BY region query_params=Params { } issue_time=2026-05-16T18:23:16.916820305+00:00 partitions=1 parquet_files=1 deduplicated_partitions=0 deduplicated_parquet_files=0 plan_duration_secs=0.006282 permit_duration_secs=2.5125e-5 success=false running=true cancelled=false
querier-1  | 2026-05-16T18:23:16.923331722Z 2026-05-16T18:23:16.923272Z  INFO iox_query::query_log: query when="success" id=a885433c-3677-41be-ba5d-10ddaee9dbec namespace_id=0 namespace_name="influxdb3 oss" query_type="sql" query_text=-- Full-range aggregation across every host and every point. Forces a scan of
querier-1  | 2026-05-16T18:23:16.923343347Z -- every parquet file the querier knows about. Most-uncompacted-friendly:
querier-1  | 2026-05-16T18:23:16.923344472Z -- many small gen1 files = many small reads.
querier-1  | 2026-05-16T18:23:16.923345305Z SELECT region, AVG(temp) AS avg_temp, MAX(humidity) AS max_humid, COUNT(*) AS n
querier-1  | 2026-05-16T18:23:16.923346180Z FROM sensors
querier-1  | 2026-05-16T18:23:16.923346889Z GROUP BY region query_params=Params { } issue_time=2026-05-16T18:23:16.916820305+00:00 partitions=1 parquet_files=1 deduplicated_partitions=0 deduplicated_parquet_files=0 plan_duration_secs=0.006282 permit_duration_secs=2.5125e-5 execute_duration_secs=0.000118792 end2end_duration_secs=0.006449875 compute_duration_secs=4.6003e-5 max_memory=0 ingester_metrics.latency_to_plan_secs=0.0 ingester_metrics.latency_to_full_data_secs=0.0 ingester_metrics.response_rows=0 ingester_metrics.partition_count=0 ingester_metrics.response_size=0 success=true running=false cancelled=false
querier-1  | 2026-05-16T18:23:16.941528055Z 2026-05-16T18:23:16.941447Z  INFO influxdb3_server::http: handling query_sql database=bench query_str=-- Full-range aggregation across every host and every point. Forces a scan of
querier-1  | 2026-05-16T18:23:16.941535764Z -- every parquet file the querier knows about. Most-uncompacted-friendly:
querier-1  | 2026-05-16T18:23:16.941537805Z -- many small gen1 files = many small reads.
querier-1  | 2026-05-16T18:23:16.941538514Z SELECT region, AVG(temp) AS avg_temp, MAX(humidity) AS max_humid, COUNT(*) AS n
querier-1  | 2026-05-16T18:23:16.941539139Z FROM sensors
querier-1  | 2026-05-16T18:23:16.941539680Z GROUP BY region format=Csv
querier-1  | 2026-05-16T18:23:16.941540347Z 2026-05-16T18:23:16.941465Z  INFO influxdb3_server::query_executor: executing sql query database=bench query=-- Full-range aggregation across every host and every point. Forces a scan of
querier-1  | 2026-05-16T18:23:16.941541055Z -- every parquet file the querier knows about. Most-uncompacted-friendly:
querier-1  | 2026-05-16T18:23:16.941541639Z -- many small gen1 files = many small reads.
querier-1  | 2026-05-16T18:23:16.941542222Z SELECT region, AVG(temp) AS avg_temp, MAX(humidity) AS max_humid, COUNT(*) AS n
querier-1  | 2026-05-16T18:23:16.941549139Z FROM sensors
querier-1  | 2026-05-16T18:23:16.941549722Z GROUP BY region params=None
querier-1  | 2026-05-16T18:23:16.941550305Z 2026-05-16T18:23:16.941483Z  INFO iox_query::query_log: query when="received" id=398f8717-624f-4cf4-9ebb-f45ed6368a4d namespace_id=0 namespace_name="influxdb3 oss" query_type="sql" query_text=-- Full-range aggregation across every host and every point. Forces a scan of
querier-1  | 2026-05-16T18:23:16.941551222Z -- every parquet file the querier knows about. Most-uncompacted-friendly:
querier-1  | 2026-05-16T18:23:16.941551805Z -- many small gen1 files = many small reads.
querier-1  | 2026-05-16T18:23:16.941552347Z SELECT region, AVG(temp) AS avg_temp, MAX(humidity) AS max_humid, COUNT(*) AS n
querier-1  | 2026-05-16T18:23:16.941552930Z FROM sensors
querier-1  | 2026-05-16T18:23:16.941553472Z GROUP BY region query_params=Params { } issue_time=2026-05-16T18:23:16.941482514+00:00 success=false running=true cancelled=false
querier-1  | 2026-05-16T18:23:16.950440972Z 2026-05-16T18:23:16.950205Z  INFO influxdb3_write::composite_write_buffer: composite get_table_chunks db_schema.id=DbId(1) table_def.table_id=TableId(0) local=1 remote=1 remote_reachable=true tail=0 total=2
querier-1  | 2026-05-16T18:23:16.951127847Z 2026-05-16T18:23:16.950917Z  INFO iox_query::query_log: query when="planned" id=398f8717-624f-4cf4-9ebb-f45ed6368a4d namespace_id=0 namespace_name="influxdb3 oss" query_type="sql" query_text=-- Full-range aggregation across every host and every point. Forces a scan of
querier-1  | 2026-05-16T18:23:16.951140472Z -- every parquet file the querier knows about. Most-uncompacted-friendly:
querier-1  | 2026-05-16T18:23:16.951142347Z -- many small gen1 files = many small reads.
querier-1  | 2026-05-16T18:23:16.951143722Z SELECT region, AVG(temp) AS avg_temp, MAX(humidity) AS max_humid, COUNT(*) AS n
querier-1  | 2026-05-16T18:23:16.951145014Z FROM sensors
querier-1  | 2026-05-16T18:23:16.951146097Z GROUP BY region query_params=Params { } issue_time=2026-05-16T18:23:16.941482514+00:00 partitions=1 parquet_files=1 deduplicated_partitions=0 deduplicated_parquet_files=0 plan_duration_secs=0.009430416 success=false running=true cancelled=false
querier-1  | 2026-05-16T18:23:16.951147847Z 2026-05-16T18:23:16.950933Z  INFO iox_query::query_log: query when="permit" id=398f8717-624f-4cf4-9ebb-f45ed6368a4d namespace_id=0 namespace_name="influxdb3 oss" query_type="sql" query_text=-- Full-range aggregation across every host and every point. Forces a scan of
querier-1  | 2026-05-16T18:23:16.951149597Z -- every parquet file the querier knows about. Most-uncompacted-friendly:
querier-1  | 2026-05-16T18:23:16.951150722Z -- many small gen1 files = many small reads.
querier-1  | 2026-05-16T18:23:16.951151847Z SELECT region, AVG(temp) AS avg_temp, MAX(humidity) AS max_humid, COUNT(*) AS n
querier-1  | 2026-05-16T18:23:16.951152972Z FROM sensors
querier-1  | 2026-05-16T18:23:16.951154055Z GROUP BY region query_params=Params { } issue_time=2026-05-16T18:23:16.941482514+00:00 partitions=1 parquet_files=1 deduplicated_partitions=0 deduplicated_parquet_files=0 plan_duration_secs=0.009430416 permit_duration_secs=2.0125e-5 success=false running=true cancelled=false
querier-1  | 2026-05-16T18:23:16.951441889Z 2026-05-16T18:23:16.951323Z  INFO iox_query::query_log: query when="success" id=398f8717-624f-4cf4-9ebb-f45ed6368a4d namespace_id=0 namespace_name="influxdb3 oss" query_type="sql" query_text=-- Full-range aggregation across every host and every point. Forces a scan of
querier-1  | 2026-05-16T18:23:16.951469264Z -- every parquet file the querier knows about. Most-uncompacted-friendly:
querier-1  | 2026-05-16T18:23:16.951471597Z -- many small gen1 files = many small reads.
querier-1  | 2026-05-16T18:23:16.951472972Z SELECT region, AVG(temp) AS avg_temp, MAX(humidity) AS max_humid, COUNT(*) AS n
querier-1  | 2026-05-16T18:23:16.951474264Z FROM sensors
querier-1  | 2026-05-16T18:23:16.951475722Z GROUP BY region query_params=Params { } issue_time=2026-05-16T18:23:16.941482514+00:00 partitions=1 parquet_files=1 deduplicated_partitions=0 deduplicated_parquet_files=0 plan_duration_secs=0.009430416 permit_duration_secs=2.0125e-5 execute_duration_secs=0.00021775 end2end_duration_secs=0.009836625 compute_duration_secs=0.00011627 max_memory=2171072 ingester_metrics.latency_to_plan_secs=0.0 ingester_metrics.latency_to_full_data_secs=0.0 ingester_metrics.response_rows=0 ingester_metrics.partition_count=0 ingester_metrics.response_size=0 success=true running=false cancelled=false
querier-1  | 2026-05-16T18:23:16.974391305Z 2026-05-16T18:23:16.974297Z  INFO influxdb3_server::http: handling query_sql database=bench query_str=-- Full-range aggregation across every host and every point. Forces a scan of
querier-1  | 2026-05-16T18:23:16.974409930Z -- every parquet file the querier knows about. Most-uncompacted-friendly:
querier-1  | 2026-05-16T18:23:16.974411639Z -- many small gen1 files = many small reads.
querier-1  | 2026-05-16T18:23:16.974412347Z SELECT region, AVG(temp) AS avg_temp, MAX(humidity) AS max_humid, COUNT(*) AS n
querier-1  | 2026-05-16T18:23:16.974413055Z FROM sensors
querier-1  | 2026-05-16T18:23:16.974413639Z GROUP BY region format=Csv
querier-1  | 2026-05-16T18:23:16.974414222Z 2026-05-16T18:23:16.974319Z  INFO influxdb3_server::query_executor: executing sql query database=bench query=-- Full-range aggregation across every host and every point. Forces a scan of
querier-1  | 2026-05-16T18:23:16.974415180Z -- every parquet file the querier knows about. Most-uncompacted-friendly:
querier-1  | 2026-05-16T18:23:16.974415805Z -- many small gen1 files = many small reads.
querier-1  | 2026-05-16T18:23:16.974416347Z SELECT region, AVG(temp) AS avg_temp, MAX(humidity) AS max_humid, COUNT(*) AS n
querier-1  | 2026-05-16T18:23:16.974416930Z FROM sensors
querier-1  | 2026-05-16T18:23:16.974417472Z GROUP BY region params=None
querier-1  | 2026-05-16T18:23:16.974418139Z 2026-05-16T18:23:16.974341Z  INFO iox_query::query_log: query when="received" id=ffa54ec8-33cb-48a2-aa23-fff499c72651 namespace_id=0 namespace_name="influxdb3 oss" query_type="sql" query_text=-- Full-range aggregation across every host and every point. Forces a scan of
querier-1  | 2026-05-16T18:23:16.974419097Z -- every parquet file the querier knows about. Most-uncompacted-friendly:
querier-1  | 2026-05-16T18:23:16.974419639Z -- many small gen1 files = many small reads.
querier-1  | 2026-05-16T18:23:16.974420180Z SELECT region, AVG(temp) AS avg_temp, MAX(humidity) AS max_humid, COUNT(*) AS n
querier-1  | 2026-05-16T18:23:16.974420764Z FROM sensors
querier-1  | 2026-05-16T18:23:16.974421305Z GROUP BY region query_params=Params { } issue_time=2026-05-16T18:23:16.974340347+00:00 success=false running=true cancelled=false
querier-1  | 2026-05-16T18:23:16.980624139Z 2026-05-16T18:23:16.980530Z  INFO influxdb3_write::composite_write_buffer: composite get_table_chunks db_schema.id=DbId(1) table_def.table_id=TableId(0) local=1 remote=1 remote_reachable=true tail=0 total=2
querier-1  | 2026-05-16T18:23:16.981284305Z 2026-05-16T18:23:16.981225Z  INFO iox_query::query_log: query when="planned" id=ffa54ec8-33cb-48a2-aa23-fff499c72651 namespace_id=0 namespace_name="influxdb3 oss" query_type="sql" query_text=-- Full-range aggregation across every host and every point. Forces a scan of
querier-1  | 2026-05-16T18:23:16.981292305Z -- every parquet file the querier knows about. Most-uncompacted-friendly:
querier-1  | 2026-05-16T18:23:16.981293514Z -- many small gen1 files = many small reads.
querier-1  | 2026-05-16T18:23:16.981294264Z SELECT region, AVG(temp) AS avg_temp, MAX(humidity) AS max_humid, COUNT(*) AS n
querier-1  | 2026-05-16T18:23:16.981294930Z FROM sensors
querier-1  | 2026-05-16T18:23:16.981295680Z GROUP BY region query_params=Params { } issue_time=2026-05-16T18:23:16.974340347+00:00 partitions=1 parquet_files=1 deduplicated_partitions=0 deduplicated_parquet_files=0 plan_duration_secs=0.00687925 success=false running=true cancelled=false
querier-1  | 2026-05-16T18:23:16.981296555Z 2026-05-16T18:23:16.981240Z  INFO iox_query::query_log: query when="permit" id=ffa54ec8-33cb-48a2-aa23-fff499c72651 namespace_id=0 namespace_name="influxdb3 oss" query_type="sql" query_text=-- Full-range aggregation across every host and every point. Forces a scan of
querier-1  | 2026-05-16T18:23:16.981297472Z -- every parquet file the querier knows about. Most-uncompacted-friendly:
querier-1  | 2026-05-16T18:23:16.981298097Z -- many small gen1 files = many small reads.
querier-1  | 2026-05-16T18:23:16.981298722Z SELECT region, AVG(temp) AS avg_temp, MAX(humidity) AS max_humid, COUNT(*) AS n
querier-1  | 2026-05-16T18:23:16.981299347Z FROM sensors
querier-1  | 2026-05-16T18:23:16.981299930Z GROUP BY region query_params=Params { } issue_time=2026-05-16T18:23:16.974340347+00:00 partitions=1 parquet_files=1 deduplicated_partitions=0 deduplicated_parquet_files=0 plan_duration_secs=0.00687925 permit_duration_secs=2.0542e-5 success=false running=true cancelled=false
querier-1  | 2026-05-16T18:23:16.981593680Z 2026-05-16T18:23:16.981365Z  INFO iox_query::query_log: query when="success" id=ffa54ec8-33cb-48a2-aa23-fff499c72651 namespace_id=0 namespace_name="influxdb3 oss" query_type="sql" query_text=-- Full-range aggregation across every host and every point. Forces a scan of
querier-1  | 2026-05-16T18:23:16.981597055Z -- every parquet file the querier knows about. Most-uncompacted-friendly:
querier-1  | 2026-05-16T18:23:16.981597805Z -- many small gen1 files = many small reads.
querier-1  | 2026-05-16T18:23:16.981598472Z SELECT region, AVG(temp) AS avg_temp, MAX(humidity) AS max_humid, COUNT(*) AS n
querier-1  | 2026-05-16T18:23:16.981599097Z FROM sensors
querier-1  | 2026-05-16T18:23:16.981599805Z GROUP BY region query_params=Params { } issue_time=2026-05-16T18:23:16.974340347+00:00 partitions=1 parquet_files=1 deduplicated_partitions=0 deduplicated_parquet_files=0 plan_duration_secs=0.00687925 permit_duration_secs=2.0542e-5 execute_duration_secs=0.00010975 end2end_duration_secs=0.007023042 compute_duration_secs=5.6879e-5 max_memory=0 ingester_metrics.latency_to_plan_secs=0.0 ingester_metrics.latency_to_full_data_secs=0.0 ingester_metrics.response_rows=0 ingester_metrics.partition_count=0 ingester_metrics.response_size=0 success=true running=false cancelled=false
querier-1  | 2026-05-16T18:23:17.000431139Z 2026-05-16T18:23:17.000356Z  INFO influxdb3_server::http: handling query_sql database=bench query_str=-- High-cardinality predicate: per-host extremes across a 4-week window.
querier-1  | 2026-05-16T18:23:17.000448180Z -- Benchmarks the per-file pruning path. Compaction should improve this
querier-1  | 2026-05-16T18:23:17.000449430Z -- materially when many gen1 files cover overlapping host sets.
querier-1  | 2026-05-16T18:23:17.000450139Z SELECT host, MAX(pressure) AS max_p, MIN(pressure) AS min_p
querier-1  | 2026-05-16T18:23:17.000450764Z FROM sensors
querier-1  | 2026-05-16T18:23:17.000451389Z WHERE time > now() - INTERVAL '4 weeks'
querier-1  | 2026-05-16T18:23:17.000452055Z GROUP BY host
querier-1  | 2026-05-16T18:23:17.000452639Z ORDER BY max_p DESC
querier-1  | 2026-05-16T18:23:17.000453264Z LIMIT 50 format=Csv
querier-1  | 2026-05-16T18:23:17.000453847Z 2026-05-16T18:23:17.000373Z  INFO influxdb3_server::query_executor: executing sql query database=bench query=-- High-cardinality predicate: per-host extremes across a 4-week window.
querier-1  | 2026-05-16T18:23:17.000454597Z -- Benchmarks the per-file pruning path. Compaction should improve this
querier-1  | 2026-05-16T18:23:17.000455222Z -- materially when many gen1 files cover overlapping host sets.
querier-1  | 2026-05-16T18:23:17.000455847Z SELECT host, MAX(pressure) AS max_p, MIN(pressure) AS min_p
querier-1  | 2026-05-16T18:23:17.000456472Z FROM sensors
querier-1  | 2026-05-16T18:23:17.000457014Z WHERE time > now() - INTERVAL '4 weeks'
querier-1  | 2026-05-16T18:23:17.000457597Z GROUP BY host
querier-1  | 2026-05-16T18:23:17.000458139Z ORDER BY max_p DESC
querier-1  | 2026-05-16T18:23:17.000458722Z LIMIT 50 params=None
querier-1  | 2026-05-16T18:23:17.000459305Z 2026-05-16T18:23:17.000393Z  INFO iox_query::query_log: query when="received" id=c54d5200-9ea5-4d13-b48a-c9772e32e4ab namespace_id=0 namespace_name="influxdb3 oss" query_type="sql" query_text=-- High-cardinality predicate: per-host extremes across a 4-week window.
querier-1  | 2026-05-16T18:23:17.000460430Z -- Benchmarks the per-file pruning path. Compaction should improve this
querier-1  | 2026-05-16T18:23:17.000461014Z -- materially when many gen1 files cover overlapping host sets.
querier-1  | 2026-05-16T18:23:17.000461597Z SELECT host, MAX(pressure) AS max_p, MIN(pressure) AS min_p
querier-1  | 2026-05-16T18:23:17.000462139Z FROM sensors
querier-1  | 2026-05-16T18:23:17.000462680Z WHERE time > now() - INTERVAL '4 weeks'
querier-1  | 2026-05-16T18:23:17.000463264Z GROUP BY host
querier-1  | 2026-05-16T18:23:17.000463805Z ORDER BY max_p DESC
querier-1  | 2026-05-16T18:23:17.000464347Z LIMIT 50 query_params=Params { } issue_time=2026-05-16T18:23:17.000393014+00:00 success=false running=true cancelled=false
querier-1  | 2026-05-16T18:23:17.003347139Z 2026-05-16T18:23:17.003254Z  INFO influxdb3_write::composite_write_buffer: composite get_table_chunks db_schema.id=DbId(1) table_def.table_id=TableId(0) local=1 remote=1 remote_reachable=true tail=0 total=2
querier-1  | 2026-05-16T18:23:17.004240347Z 2026-05-16T18:23:17.004190Z  INFO iox_query::query_log: query when="planned" id=c54d5200-9ea5-4d13-b48a-c9772e32e4ab namespace_id=0 namespace_name="influxdb3 oss" query_type="sql" query_text=-- High-cardinality predicate: per-host extremes across a 4-week window.
querier-1  | 2026-05-16T18:23:17.004244430Z -- Benchmarks the per-file pruning path. Compaction should improve this
querier-1  | 2026-05-16T18:23:17.004251930Z -- materially when many gen1 files cover overlapping host sets.
querier-1  | 2026-05-16T18:23:17.004252680Z SELECT host, MAX(pressure) AS max_p, MIN(pressure) AS min_p
querier-1  | 2026-05-16T18:23:17.004253347Z FROM sensors
querier-1  | 2026-05-16T18:23:17.004253972Z WHERE time > now() - INTERVAL '4 weeks'
querier-1  | 2026-05-16T18:23:17.004254722Z GROUP BY host
querier-1  | 2026-05-16T18:23:17.004255305Z ORDER BY max_p DESC
querier-1  | 2026-05-16T18:23:17.004255889Z LIMIT 50 query_params=Params { } issue_time=2026-05-16T18:23:17.000393014+00:00 partitions=1 parquet_files=1 deduplicated_partitions=0 deduplicated_parquet_files=0 plan_duration_secs=0.003791166 success=false running=true cancelled=false
querier-1  | 2026-05-16T18:23:17.004256680Z 2026-05-16T18:23:17.004204Z  INFO iox_query::query_log: query when="permit" id=c54d5200-9ea5-4d13-b48a-c9772e32e4ab namespace_id=0 namespace_name="influxdb3 oss" query_type="sql" query_text=-- High-cardinality predicate: per-host extremes across a 4-week window.
querier-1  | 2026-05-16T18:23:17.004257639Z -- Benchmarks the per-file pruning path. Compaction should improve this
querier-1  | 2026-05-16T18:23:17.004272305Z -- materially when many gen1 files cover overlapping host sets.
querier-1  | 2026-05-16T18:23:17.004273097Z SELECT host, MAX(pressure) AS max_p, MIN(pressure) AS min_p
querier-1  | 2026-05-16T18:23:17.004273805Z FROM sensors
querier-1  | 2026-05-16T18:23:17.004274430Z WHERE time > now() - INTERVAL '4 weeks'
querier-1  | 2026-05-16T18:23:17.004275055Z GROUP BY host
querier-1  | 2026-05-16T18:23:17.004275597Z ORDER BY max_p DESC
querier-1  | 2026-05-16T18:23:17.004276180Z LIMIT 50 query_params=Params { } issue_time=2026-05-16T18:23:17.000393014+00:00 partitions=1 parquet_files=1 deduplicated_partitions=0 deduplicated_parquet_files=0 plan_duration_secs=0.003791166 permit_duration_secs=1.9792e-5 success=false running=true cancelled=false
querier-1  | 2026-05-16T18:23:17.004561222Z 2026-05-16T18:23:17.004478Z  INFO iox_query::query_log: query when="success" id=c54d5200-9ea5-4d13-b48a-c9772e32e4ab namespace_id=0 namespace_name="influxdb3 oss" query_type="sql" query_text=-- High-cardinality predicate: per-host extremes across a 4-week window.
querier-1  | 2026-05-16T18:23:17.004569972Z -- Benchmarks the per-file pruning path. Compaction should improve this
querier-1  | 2026-05-16T18:23:17.004571139Z -- materially when many gen1 files cover overlapping host sets.
querier-1  | 2026-05-16T18:23:17.004571805Z SELECT host, MAX(pressure) AS max_p, MIN(pressure) AS min_p
querier-1  | 2026-05-16T18:23:17.004572472Z FROM sensors
querier-1  | 2026-05-16T18:23:17.004573055Z WHERE time > now() - INTERVAL '4 weeks'
querier-1  | 2026-05-16T18:23:17.004573847Z GROUP BY host
querier-1  | 2026-05-16T18:23:17.004574472Z ORDER BY max_p DESC
querier-1  | 2026-05-16T18:23:17.004575180Z LIMIT 50 query_params=Params { } issue_time=2026-05-16T18:23:17.000393014+00:00 partitions=1 parquet_files=1 deduplicated_partitions=0 deduplicated_parquet_files=0 plan_duration_secs=0.003791166 permit_duration_secs=1.9792e-5 execute_duration_secs=0.000234417 end2end_duration_secs=0.004083958 compute_duration_secs=0.000221735 max_memory=2697656 ingester_metrics.latency_to_plan_secs=0.0 ingester_metrics.latency_to_full_data_secs=0.0 ingester_metrics.response_rows=0 ingester_metrics.partition_count=0 ingester_metrics.response_size=0 success=true running=false cancelled=false
querier-1  | 2026-05-16T18:23:17.033264750Z 2026-05-16T18:23:17.033188Z  INFO influxdb3_server::http: handling query_sql database=bench query_str=-- High-cardinality predicate: per-host extremes across a 4-week window.
querier-1  | 2026-05-16T18:23:17.033282833Z -- Benchmarks the per-file pruning path. Compaction should improve this
querier-1  | 2026-05-16T18:23:17.033284458Z -- materially when many gen1 files cover overlapping host sets.
querier-1  | 2026-05-16T18:23:17.033285458Z SELECT host, MAX(pressure) AS max_p, MIN(pressure) AS min_p
querier-1  | 2026-05-16T18:23:17.033286375Z FROM sensors
querier-1  | 2026-05-16T18:23:17.033287208Z WHERE time > now() - INTERVAL '4 weeks'
querier-1  | 2026-05-16T18:23:17.033288333Z GROUP BY host
querier-1  | 2026-05-16T18:23:17.033289166Z ORDER BY max_p DESC
querier-1  | 2026-05-16T18:23:17.033289916Z LIMIT 50 format=Csv
querier-1  | 2026-05-16T18:23:17.033290583Z 2026-05-16T18:23:17.033210Z  INFO influxdb3_server::query_executor: executing sql query database=bench query=-- High-cardinality predicate: per-host extremes across a 4-week window.
querier-1  | 2026-05-16T18:23:17.033291541Z -- Benchmarks the per-file pruning path. Compaction should improve this
querier-1  | 2026-05-16T18:23:17.033292291Z -- materially when many gen1 files cover overlapping host sets.
querier-1  | 2026-05-16T18:23:17.033301250Z SELECT host, MAX(pressure) AS max_p, MIN(pressure) AS min_p
querier-1  | 2026-05-16T18:23:17.033307666Z FROM sensors
querier-1  | 2026-05-16T18:23:17.033309000Z WHERE time > now() - INTERVAL '4 weeks'
querier-1  | 2026-05-16T18:23:17.033310000Z GROUP BY host
querier-1  | 2026-05-16T18:23:17.033310750Z ORDER BY max_p DESC
querier-1  | 2026-05-16T18:23:17.033311416Z LIMIT 50 params=None
querier-1  | 2026-05-16T18:23:17.033312208Z 2026-05-16T18:23:17.033232Z  INFO iox_query::query_log: query when="received" id=4d0d2839-160b-4d35-97c4-ac12166d4bf8 namespace_id=0 namespace_name="influxdb3 oss" query_type="sql" query_text=-- High-cardinality predicate: per-host extremes across a 4-week window.
querier-1  | 2026-05-16T18:23:17.033313625Z -- Benchmarks the per-file pruning path. Compaction should improve this
querier-1  | 2026-05-16T18:23:17.033314375Z -- materially when many gen1 files cover overlapping host sets.
querier-1  | 2026-05-16T18:23:17.033315125Z SELECT host, MAX(pressure) AS max_p, MIN(pressure) AS min_p
querier-1  | 2026-05-16T18:23:17.033315875Z FROM sensors
querier-1  | 2026-05-16T18:23:17.033331041Z WHERE time > now() - INTERVAL '4 weeks'
querier-1  | 2026-05-16T18:23:17.033334500Z GROUP BY host
querier-1  | 2026-05-16T18:23:17.033335291Z ORDER BY max_p DESC
querier-1  | 2026-05-16T18:23:17.033336000Z LIMIT 50 query_params=Params { } issue_time=2026-05-16T18:23:17.033232+00:00 success=false running=true cancelled=false
querier-1  | 2026-05-16T18:23:17.036245666Z 2026-05-16T18:23:17.036178Z  INFO influxdb3_write::composite_write_buffer: composite get_table_chunks db_schema.id=DbId(1) table_def.table_id=TableId(0) local=1 remote=1 remote_reachable=true tail=0 total=2
querier-1  | 2026-05-16T18:23:17.037206666Z 2026-05-16T18:23:17.037140Z  INFO iox_query::query_log: query when="planned" id=4d0d2839-160b-4d35-97c4-ac12166d4bf8 namespace_id=0 namespace_name="influxdb3 oss" query_type="sql" query_text=-- High-cardinality predicate: per-host extremes across a 4-week window.
querier-1  | 2026-05-16T18:23:17.037226666Z -- Benchmarks the per-file pruning path. Compaction should improve this
querier-1  | 2026-05-16T18:23:17.037228208Z -- materially when many gen1 files cover overlapping host sets.
querier-1  | 2026-05-16T18:23:17.037228875Z SELECT host, MAX(pressure) AS max_p, MIN(pressure) AS min_p
querier-1  | 2026-05-16T18:23:17.037229500Z FROM sensors
querier-1  | 2026-05-16T18:23:17.037230125Z WHERE time > now() - INTERVAL '4 weeks'
querier-1  | 2026-05-16T18:23:17.037230833Z GROUP BY host
querier-1  | 2026-05-16T18:23:17.037231458Z ORDER BY max_p DESC
querier-1  | 2026-05-16T18:23:17.037232125Z LIMIT 50 query_params=Params { } issue_time=2026-05-16T18:23:17.033232+00:00 partitions=1 parquet_files=1 deduplicated_partitions=0 deduplicated_parquet_files=0 plan_duration_secs=0.003902791 success=false running=true cancelled=false
querier-1  | 2026-05-16T18:23:17.037232958Z 2026-05-16T18:23:17.037155Z  INFO iox_query::query_log: query when="permit" id=4d0d2839-160b-4d35-97c4-ac12166d4bf8 namespace_id=0 namespace_name="influxdb3 oss" query_type="sql" query_text=-- High-cardinality predicate: per-host extremes across a 4-week window.
querier-1  | 2026-05-16T18:23:17.037233958Z -- Benchmarks the per-file pruning path. Compaction should improve this
querier-1  | 2026-05-16T18:23:17.037234541Z -- materially when many gen1 files cover overlapping host sets.
querier-1  | 2026-05-16T18:23:17.037235208Z SELECT host, MAX(pressure) AS max_p, MIN(pressure) AS min_p
querier-1  | 2026-05-16T18:23:17.037235791Z FROM sensors
querier-1  | 2026-05-16T18:23:17.037236333Z WHERE time > now() - INTERVAL '4 weeks'
querier-1  | 2026-05-16T18:23:17.037236958Z GROUP BY host
querier-1  | 2026-05-16T18:23:17.037237541Z ORDER BY max_p DESC
querier-1  | 2026-05-16T18:23:17.037238125Z LIMIT 50 query_params=Params { } issue_time=2026-05-16T18:23:17.033232+00:00 partitions=1 parquet_files=1 deduplicated_partitions=0 deduplicated_parquet_files=0 plan_duration_secs=0.003902791 permit_duration_secs=2.0292e-5 success=false running=true cancelled=false
querier-1  | 2026-05-16T18:23:17.037517000Z 2026-05-16T18:23:17.037398Z  INFO iox_query::query_log: query when="success" id=4d0d2839-160b-4d35-97c4-ac12166d4bf8 namespace_id=0 namespace_name="influxdb3 oss" query_type="sql" query_text=-- High-cardinality predicate: per-host extremes across a 4-week window.
querier-1  | 2026-05-16T18:23:17.037530333Z -- Benchmarks the per-file pruning path. Compaction should improve this
querier-1  | 2026-05-16T18:23:17.037531458Z -- materially when many gen1 files cover overlapping host sets.
querier-1  | 2026-05-16T18:23:17.037532250Z SELECT host, MAX(pressure) AS max_p, MIN(pressure) AS min_p
querier-1  | 2026-05-16T18:23:17.037532916Z FROM sensors
querier-1  | 2026-05-16T18:23:17.037533625Z WHERE time > now() - INTERVAL '4 weeks'
querier-1  | 2026-05-16T18:23:17.037534416Z GROUP BY host
querier-1  | 2026-05-16T18:23:17.037535000Z ORDER BY max_p DESC
querier-1  | 2026-05-16T18:23:17.037536666Z LIMIT 50 query_params=Params { } issue_time=2026-05-16T18:23:17.033232+00:00 partitions=1 parquet_files=1 deduplicated_partitions=0 deduplicated_parquet_files=0 plan_duration_secs=0.003902791 permit_duration_secs=2.0292e-5 execute_duration_secs=0.000205708 end2end_duration_secs=0.004165 compute_duration_secs=0.000242067 max_memory=2697656 ingester_metrics.latency_to_plan_secs=0.0 ingester_metrics.latency_to_full_data_secs=0.0 ingester_metrics.response_rows=0 ingester_metrics.partition_count=0 ingester_metrics.response_size=0 success=true running=false cancelled=false
querier-1  | 2026-05-16T18:23:17.065540875Z 2026-05-16T18:23:17.065469Z  INFO influxdb3_server::http: handling query_sql database=bench query_str=-- High-cardinality predicate: per-host extremes across a 4-week window.
querier-1  | 2026-05-16T18:23:17.065558416Z -- Benchmarks the per-file pruning path. Compaction should improve this
querier-1  | 2026-05-16T18:23:17.065559916Z -- materially when many gen1 files cover overlapping host sets.
querier-1  | 2026-05-16T18:23:17.065560916Z SELECT host, MAX(pressure) AS max_p, MIN(pressure) AS min_p
querier-1  | 2026-05-16T18:23:17.065561666Z FROM sensors
querier-1  | 2026-05-16T18:23:17.065562458Z WHERE time > now() - INTERVAL '4 weeks'
querier-1  | 2026-05-16T18:23:17.065563375Z GROUP BY host
querier-1  | 2026-05-16T18:23:17.065564125Z ORDER BY max_p DESC
querier-1  | 2026-05-16T18:23:17.065564833Z LIMIT 50 format=Csv
querier-1  | 2026-05-16T18:23:17.065565541Z 2026-05-16T18:23:17.065488Z  INFO influxdb3_server::query_executor: executing sql query database=bench query=-- High-cardinality predicate: per-host extremes across a 4-week window.
querier-1  | 2026-05-16T18:23:17.065566458Z -- Benchmarks the per-file pruning path. Compaction should improve this
querier-1  | 2026-05-16T18:23:17.065567250Z -- materially when many gen1 files cover overlapping host sets.
querier-1  | 2026-05-16T18:23:17.065568041Z SELECT host, MAX(pressure) AS max_p, MIN(pressure) AS min_p
querier-1  | 2026-05-16T18:23:17.065568750Z FROM sensors
querier-1  | 2026-05-16T18:23:17.065569458Z WHERE time > now() - INTERVAL '4 weeks'
querier-1  | 2026-05-16T18:23:17.065570208Z GROUP BY host
querier-1  | 2026-05-16T18:23:17.065570875Z ORDER BY max_p DESC
querier-1  | 2026-05-16T18:23:17.065571541Z LIMIT 50 params=None
querier-1  | 2026-05-16T18:23:17.065572250Z 2026-05-16T18:23:17.065509Z  INFO iox_query::query_log: query when="received" id=76ea7445-6d40-40a9-82c6-3447f7a90bdc namespace_id=0 namespace_name="influxdb3 oss" query_type="sql" query_text=-- High-cardinality predicate: per-host extremes across a 4-week window.
querier-1  | 2026-05-16T18:23:17.065573500Z -- Benchmarks the per-file pruning path. Compaction should improve this
querier-1  | 2026-05-16T18:23:17.065574291Z -- materially when many gen1 files cover overlapping host sets.
querier-1  | 2026-05-16T18:23:17.065575000Z SELECT host, MAX(pressure) AS max_p, MIN(pressure) AS min_p
querier-1  | 2026-05-16T18:23:17.065575875Z FROM sensors
querier-1  | 2026-05-16T18:23:17.065576541Z WHERE time > now() - INTERVAL '4 weeks'
querier-1  | 2026-05-16T18:23:17.065577250Z GROUP BY host
querier-1  | 2026-05-16T18:23:17.065577916Z ORDER BY max_p DESC
querier-1  | 2026-05-16T18:23:17.065578583Z LIMIT 50 query_params=Params { } issue_time=2026-05-16T18:23:17.065507750+00:00 success=false running=true cancelled=false
querier-1  | 2026-05-16T18:23:17.068442291Z 2026-05-16T18:23:17.068362Z  INFO influxdb3_write::composite_write_buffer: composite get_table_chunks db_schema.id=DbId(1) table_def.table_id=TableId(0) local=1 remote=1 remote_reachable=true tail=0 total=2
querier-1  | 2026-05-16T18:23:17.069337541Z 2026-05-16T18:23:17.069290Z  INFO iox_query::query_log: query when="planned" id=76ea7445-6d40-40a9-82c6-3447f7a90bdc namespace_id=0 namespace_name="influxdb3 oss" query_type="sql" query_text=-- High-cardinality predicate: per-host extremes across a 4-week window.
querier-1  | 2026-05-16T18:23:17.069342625Z -- Benchmarks the per-file pruning path. Compaction should improve this
querier-1  | 2026-05-16T18:23:17.069343416Z -- materially when many gen1 files cover overlapping host sets.
querier-1  | 2026-05-16T18:23:17.069344166Z SELECT host, MAX(pressure) AS max_p, MIN(pressure) AS min_p
querier-1  | 2026-05-16T18:23:17.069344958Z FROM sensors
querier-1  | 2026-05-16T18:23:17.069345666Z WHERE time > now() - INTERVAL '4 weeks'
querier-1  | 2026-05-16T18:23:17.069346541Z GROUP BY host
querier-1  | 2026-05-16T18:23:17.069347208Z ORDER BY max_p DESC
querier-1  | 2026-05-16T18:23:17.069347916Z LIMIT 50 query_params=Params { } issue_time=2026-05-16T18:23:17.065507750+00:00 partitions=1 parquet_files=1 deduplicated_partitions=0 deduplicated_parquet_files=0 plan_duration_secs=0.003776208 success=false running=true cancelled=false
querier-1  | 2026-05-16T18:23:17.069348958Z 2026-05-16T18:23:17.069304Z  INFO iox_query::query_log: query when="permit" id=76ea7445-6d40-40a9-82c6-3447f7a90bdc namespace_id=0 namespace_name="influxdb3 oss" query_type="sql" query_text=-- High-cardinality predicate: per-host extremes across a 4-week window.
querier-1  | 2026-05-16T18:23:17.069350000Z -- Benchmarks the per-file pruning path. Compaction should improve this
querier-1  | 2026-05-16T18:23:17.069351041Z -- materially when many gen1 files cover overlapping host sets.
querier-1  | 2026-05-16T18:23:17.069351791Z SELECT host, MAX(pressure) AS max_p, MIN(pressure) AS min_p
querier-1  | 2026-05-16T18:23:17.069352500Z FROM sensors
querier-1  | 2026-05-16T18:23:17.069353208Z WHERE time > now() - INTERVAL '4 weeks'
querier-1  | 2026-05-16T18:23:17.069353916Z GROUP BY host
querier-1  | 2026-05-16T18:23:17.069354583Z ORDER BY max_p DESC
querier-1  | 2026-05-16T18:23:17.069355250Z LIMIT 50 query_params=Params { } issue_time=2026-05-16T18:23:17.065507750+00:00 partitions=1 parquet_files=1 deduplicated_partitions=0 deduplicated_parquet_files=0 plan_duration_secs=0.003776208 permit_duration_secs=2.0417e-5 success=false running=true cancelled=false
querier-1  | 2026-05-16T18:23:17.069612875Z 2026-05-16T18:23:17.069525Z  INFO iox_query::query_log: query when="success" id=76ea7445-6d40-40a9-82c6-3447f7a90bdc namespace_id=0 namespace_name="influxdb3 oss" query_type="sql" query_text=-- High-cardinality predicate: per-host extremes across a 4-week window.
querier-1  | 2026-05-16T18:23:17.069618041Z -- Benchmarks the per-file pruning path. Compaction should improve this
querier-1  | 2026-05-16T18:23:17.069619250Z -- materially when many gen1 files cover overlapping host sets.
querier-1  | 2026-05-16T18:23:17.069620041Z SELECT host, MAX(pressure) AS max_p, MIN(pressure) AS min_p
querier-1  | 2026-05-16T18:23:17.069620666Z FROM sensors
querier-1  | 2026-05-16T18:23:17.069621291Z WHERE time > now() - INTERVAL '4 weeks'
querier-1  | 2026-05-16T18:23:17.069622000Z GROUP BY host
querier-1  | 2026-05-16T18:23:17.069622625Z ORDER BY max_p DESC
querier-1  | 2026-05-16T18:23:17.069626958Z LIMIT 50 query_params=Params { } issue_time=2026-05-16T18:23:17.065507750+00:00 partitions=1 parquet_files=1 deduplicated_partitions=0 deduplicated_parquet_files=0 plan_duration_secs=0.003776208 permit_duration_secs=2.0417e-5 execute_duration_secs=0.000196 end2end_duration_secs=0.004016791 compute_duration_secs=7.5344e-5 max_memory=0 ingester_metrics.latency_to_plan_secs=0.0 ingester_metrics.latency_to_full_data_secs=0.0 ingester_metrics.response_rows=0 ingester_metrics.partition_count=0 ingester_metrics.response_size=0 success=true running=false cancelled=false
querier-1  | 2026-05-16T18:23:17.099225041Z 2026-05-16T18:23:17.099161Z  INFO influxdb3_server::http: handling query_sql database=bench query_str=-- High-cardinality predicate: per-host extremes across a 4-week window.
querier-1  | 2026-05-16T18:23:17.099232500Z -- Benchmarks the per-file pruning path. Compaction should improve this
querier-1  | 2026-05-16T18:23:17.099233416Z -- materially when many gen1 files cover overlapping host sets.
querier-1  | 2026-05-16T18:23:17.099234083Z SELECT host, MAX(pressure) AS max_p, MIN(pressure) AS min_p
querier-1  | 2026-05-16T18:23:17.099234708Z FROM sensors
querier-1  | 2026-05-16T18:23:17.099235291Z WHERE time > now() - INTERVAL '4 weeks'
querier-1  | 2026-05-16T18:23:17.099236000Z GROUP BY host
querier-1  | 2026-05-16T18:23:17.099236583Z ORDER BY max_p DESC
querier-1  | 2026-05-16T18:23:17.099237291Z LIMIT 50 format=Csv
querier-1  | 2026-05-16T18:23:17.099237875Z 2026-05-16T18:23:17.099181Z  INFO influxdb3_server::query_executor: executing sql query database=bench query=-- High-cardinality predicate: per-host extremes across a 4-week window.
querier-1  | 2026-05-16T18:23:17.099238625Z -- Benchmarks the per-file pruning path. Compaction should improve this
querier-1  | 2026-05-16T18:23:17.099239250Z -- materially when many gen1 files cover overlapping host sets.
querier-1  | 2026-05-16T18:23:17.099239833Z SELECT host, MAX(pressure) AS max_p, MIN(pressure) AS min_p
querier-1  | 2026-05-16T18:23:17.099240416Z FROM sensors
querier-1  | 2026-05-16T18:23:17.099240958Z WHERE time > now() - INTERVAL '4 weeks'
querier-1  | 2026-05-16T18:23:17.099241500Z GROUP BY host
querier-1  | 2026-05-16T18:23:17.099242041Z ORDER BY max_p DESC
querier-1  | 2026-05-16T18:23:17.099242583Z LIMIT 50 params=None
querier-1  | 2026-05-16T18:23:17.099243166Z 2026-05-16T18:23:17.099201Z  INFO iox_query::query_log: query when="received" id=4967196c-fe63-405f-a99d-448b921e88af namespace_id=0 namespace_name="influxdb3 oss" query_type="sql" query_text=-- High-cardinality predicate: per-host extremes across a 4-week window.
querier-1  | 2026-05-16T18:23:17.099244125Z -- Benchmarks the per-file pruning path. Compaction should improve this
querier-1  | 2026-05-16T18:23:17.099244708Z -- materially when many gen1 files cover overlapping host sets.
querier-1  | 2026-05-16T18:23:17.099245291Z SELECT host, MAX(pressure) AS max_p, MIN(pressure) AS min_p
querier-1  | 2026-05-16T18:23:17.099245833Z FROM sensors
querier-1  | 2026-05-16T18:23:17.099246375Z WHERE time > now() - INTERVAL '4 weeks'
querier-1  | 2026-05-16T18:23:17.099246958Z GROUP BY host
querier-1  | 2026-05-16T18:23:17.099247458Z ORDER BY max_p DESC
querier-1  | 2026-05-16T18:23:17.099248000Z LIMIT 50 query_params=Params { } issue_time=2026-05-16T18:23:17.099200041+00:00 success=false running=true cancelled=false
querier-1  | 2026-05-16T18:23:17.102309250Z 2026-05-16T18:23:17.102222Z  INFO influxdb3_write::composite_write_buffer: composite get_table_chunks db_schema.id=DbId(1) table_def.table_id=TableId(0) local=1 remote=1 remote_reachable=true tail=0 total=2
querier-1  | 2026-05-16T18:23:17.103617666Z 2026-05-16T18:23:17.103487Z  INFO iox_query::query_log: query when="planned" id=4967196c-fe63-405f-a99d-448b921e88af namespace_id=0 namespace_name="influxdb3 oss" query_type="sql" query_text=-- High-cardinality predicate: per-host extremes across a 4-week window.
querier-1  | 2026-05-16T18:23:17.103629250Z -- Benchmarks the per-file pruning path. Compaction should improve this
querier-1  | 2026-05-16T18:23:17.103630375Z -- materially when many gen1 files cover overlapping host sets.
querier-1  | 2026-05-16T18:23:17.103631208Z SELECT host, MAX(pressure) AS max_p, MIN(pressure) AS min_p
querier-1  | 2026-05-16T18:23:17.103632000Z FROM sensors
querier-1  | 2026-05-16T18:23:17.103632750Z WHERE time > now() - INTERVAL '4 weeks'
querier-1  | 2026-05-16T18:23:17.103633708Z GROUP BY host
querier-1  | 2026-05-16T18:23:17.103634291Z ORDER BY max_p DESC
querier-1  | 2026-05-16T18:23:17.103634916Z LIMIT 50 query_params=Params { } issue_time=2026-05-16T18:23:17.099200041+00:00 partitions=1 parquet_files=1 deduplicated_partitions=0 deduplicated_parquet_files=0 plan_duration_secs=0.004276084 success=false running=true cancelled=false
querier-1  | 2026-05-16T18:23:17.103635708Z 2026-05-16T18:23:17.103506Z  INFO iox_query::query_log: query when="permit" id=4967196c-fe63-405f-a99d-448b921e88af namespace_id=0 namespace_name="influxdb3 oss" query_type="sql" query_text=-- High-cardinality predicate: per-host extremes across a 4-week window.
querier-1  | 2026-05-16T18:23:17.103636583Z -- Benchmarks the per-file pruning path. Compaction should improve this
querier-1  | 2026-05-16T18:23:17.103637250Z -- materially when many gen1 files cover overlapping host sets.
querier-1  | 2026-05-16T18:23:17.103637833Z SELECT host, MAX(pressure) AS max_p, MIN(pressure) AS min_p
querier-1  | 2026-05-16T18:23:17.103638375Z FROM sensors
querier-1  | 2026-05-16T18:23:17.103638916Z WHERE time > now() - INTERVAL '4 weeks'
querier-1  | 2026-05-16T18:23:17.103639500Z GROUP BY host
querier-1  | 2026-05-16T18:23:17.103640041Z ORDER BY max_p DESC
querier-1  | 2026-05-16T18:23:17.103640625Z LIMIT 50 query_params=Params { } issue_time=2026-05-16T18:23:17.099200041+00:00 partitions=1 parquet_files=1 deduplicated_partitions=0 deduplicated_parquet_files=0 plan_duration_secs=0.004276084 permit_duration_secs=3.025e-5 success=false running=true cancelled=false
querier-1  | 2026-05-16T18:23:17.103818791Z 2026-05-16T18:23:17.103776Z  INFO iox_query::query_log: query when="success" id=4967196c-fe63-405f-a99d-448b921e88af namespace_id=0 namespace_name="influxdb3 oss" query_type="sql" query_text=-- High-cardinality predicate: per-host extremes across a 4-week window.
querier-1  | 2026-05-16T18:23:17.103825125Z -- Benchmarks the per-file pruning path. Compaction should improve this
querier-1  | 2026-05-16T18:23:17.103826541Z -- materially when many gen1 files cover overlapping host sets.
querier-1  | 2026-05-16T18:23:17.103827500Z SELECT host, MAX(pressure) AS max_p, MIN(pressure) AS min_p
querier-1  | 2026-05-16T18:23:17.103828333Z FROM sensors
querier-1  | 2026-05-16T18:23:17.103829125Z WHERE time > now() - INTERVAL '4 weeks'
querier-1  | 2026-05-16T18:23:17.103846083Z GROUP BY host
querier-1  | 2026-05-16T18:23:17.103846833Z ORDER BY max_p DESC
querier-1  | 2026-05-16T18:23:17.103847625Z LIMIT 50 query_params=Params { } issue_time=2026-05-16T18:23:17.099200041+00:00 partitions=1 parquet_files=1 deduplicated_partitions=0 deduplicated_parquet_files=0 plan_duration_secs=0.004276084 permit_duration_secs=3.025e-5 execute_duration_secs=0.000242166 end2end_duration_secs=0.004574625 compute_duration_secs=0.000219405 max_memory=2697656 ingester_metrics.latency_to_plan_secs=0.0 ingester_metrics.latency_to_full_data_secs=0.0 ingester_metrics.response_rows=0 ingester_metrics.partition_count=0 ingester_metrics.response_size=0 success=true running=false cancelled=false
querier-1  | 2026-05-16T18:23:17.132216083Z 2026-05-16T18:23:17.132145Z  INFO influxdb3_server::http: handling query_sql database=bench query_str=-- High-cardinality predicate: per-host extremes across a 4-week window.
querier-1  | 2026-05-16T18:23:17.132227916Z -- Benchmarks the per-file pruning path. Compaction should improve this
querier-1  | 2026-05-16T18:23:17.132228875Z -- materially when many gen1 files cover overlapping host sets.
querier-1  | 2026-05-16T18:23:17.132229541Z SELECT host, MAX(pressure) AS max_p, MIN(pressure) AS min_p
querier-1  | 2026-05-16T18:23:17.132230166Z FROM sensors
querier-1  | 2026-05-16T18:23:17.132230833Z WHERE time > now() - INTERVAL '4 weeks'
querier-1  | 2026-05-16T18:23:17.132231583Z GROUP BY host
querier-1  | 2026-05-16T18:23:17.132232166Z ORDER BY max_p DESC
querier-1  | 2026-05-16T18:23:17.132232750Z LIMIT 50 format=Csv
querier-1  | 2026-05-16T18:23:17.132233375Z 2026-05-16T18:23:17.132165Z  INFO influxdb3_server::query_executor: executing sql query database=bench query=-- High-cardinality predicate: per-host extremes across a 4-week window.
querier-1  | 2026-05-16T18:23:17.132234083Z -- Benchmarks the per-file pruning path. Compaction should improve this
querier-1  | 2026-05-16T18:23:17.132234666Z -- materially when many gen1 files cover overlapping host sets.
querier-1  | 2026-05-16T18:23:17.132235250Z SELECT host, MAX(pressure) AS max_p, MIN(pressure) AS min_p
querier-1  | 2026-05-16T18:23:17.132235875Z FROM sensors
querier-1  | 2026-05-16T18:23:17.132236416Z WHERE time > now() - INTERVAL '4 weeks'
querier-1  | 2026-05-16T18:23:17.132237000Z GROUP BY host
querier-1  | 2026-05-16T18:23:17.132237583Z ORDER BY max_p DESC
querier-1  | 2026-05-16T18:23:17.132238125Z LIMIT 50 params=None
querier-1  | 2026-05-16T18:23:17.132336375Z 2026-05-16T18:23:17.132190Z  INFO iox_query::query_log: query when="received" id=d478099c-f257-47f0-ac96-23f4651d05ad namespace_id=0 namespace_name="influxdb3 oss" query_type="sql" query_text=-- High-cardinality predicate: per-host extremes across a 4-week window.
querier-1  | 2026-05-16T18:23:17.132340291Z -- Benchmarks the per-file pruning path. Compaction should improve this
querier-1  | 2026-05-16T18:23:17.132341041Z -- materially when many gen1 files cover overlapping host sets.
querier-1  | 2026-05-16T18:23:17.132341708Z SELECT host, MAX(pressure) AS max_p, MIN(pressure) AS min_p
querier-1  | 2026-05-16T18:23:17.132342333Z FROM sensors
querier-1  | 2026-05-16T18:23:17.132342916Z WHERE time > now() - INTERVAL '4 weeks'
querier-1  | 2026-05-16T18:23:17.132358666Z GROUP BY host
querier-1  | 2026-05-16T18:23:17.132359333Z ORDER BY max_p DESC
querier-1  | 2026-05-16T18:23:17.132359916Z LIMIT 50 query_params=Params { } issue_time=2026-05-16T18:23:17.132188625+00:00 success=false running=true cancelled=false
querier-1  | 2026-05-16T18:23:17.135070125Z 2026-05-16T18:23:17.134985Z  INFO influxdb3_write::composite_write_buffer: composite get_table_chunks db_schema.id=DbId(1) table_def.table_id=TableId(0) local=1 remote=1 remote_reachable=true tail=0 total=2
querier-1  | 2026-05-16T18:23:17.136061708Z 2026-05-16T18:23:17.135996Z  INFO iox_query::query_log: query when="planned" id=d478099c-f257-47f0-ac96-23f4651d05ad namespace_id=0 namespace_name="influxdb3 oss" query_type="sql" query_text=-- High-cardinality predicate: per-host extremes across a 4-week window.
querier-1  | 2026-05-16T18:23:17.136068916Z -- Benchmarks the per-file pruning path. Compaction should improve this
querier-1  | 2026-05-16T18:23:17.136070083Z -- materially when many gen1 files cover overlapping host sets.
querier-1  | 2026-05-16T18:23:17.136070791Z SELECT host, MAX(pressure) AS max_p, MIN(pressure) AS min_p
querier-1  | 2026-05-16T18:23:17.136071416Z FROM sensors
querier-1  | 2026-05-16T18:23:17.136072000Z WHERE time > now() - INTERVAL '4 weeks'
querier-1  | 2026-05-16T18:23:17.136072916Z GROUP BY host
querier-1  | 2026-05-16T18:23:17.136073500Z ORDER BY max_p DESC
querier-1  | 2026-05-16T18:23:17.136074125Z LIMIT 50 query_params=Params { } issue_time=2026-05-16T18:23:17.132188625+00:00 partitions=1 parquet_files=1 deduplicated_partitions=0 deduplicated_parquet_files=0 plan_duration_secs=0.003800875 success=false running=true cancelled=false
querier-1  | 2026-05-16T18:23:17.136074916Z 2026-05-16T18:23:17.136011Z  INFO iox_query::query_log: query when="permit" id=d478099c-f257-47f0-ac96-23f4651d05ad namespace_id=0 namespace_name="influxdb3 oss" query_type="sql" query_text=-- High-cardinality predicate: per-host extremes across a 4-week window.
querier-1  | 2026-05-16T18:23:17.136075875Z -- Benchmarks the per-file pruning path. Compaction should improve this
querier-1  | 2026-05-16T18:23:17.136076500Z -- materially when many gen1 files cover overlapping host sets.
querier-1  | 2026-05-16T18:23:17.136077083Z SELECT host, MAX(pressure) AS max_p, MIN(pressure) AS min_p
querier-1  | 2026-05-16T18:23:17.136077708Z FROM sensors
querier-1  | 2026-05-16T18:23:17.136078250Z WHERE time > now() - INTERVAL '4 weeks'
querier-1  | 2026-05-16T18:23:17.136078875Z GROUP BY host
querier-1  | 2026-05-16T18:23:17.136079416Z ORDER BY max_p DESC
querier-1  | 2026-05-16T18:23:17.136080000Z LIMIT 50 query_params=Params { } issue_time=2026-05-16T18:23:17.132188625+00:00 partitions=1 parquet_files=1 deduplicated_partitions=0 deduplicated_parquet_files=0 plan_duration_secs=0.003800875 permit_duration_secs=2.1166e-5 success=false running=true cancelled=false
querier-1  | 2026-05-16T18:23:17.136364375Z 2026-05-16T18:23:17.136301Z  INFO iox_query::query_log: query when="success" id=d478099c-f257-47f0-ac96-23f4651d05ad namespace_id=0 namespace_name="influxdb3 oss" query_type="sql" query_text=-- High-cardinality predicate: per-host extremes across a 4-week window.
querier-1  | 2026-05-16T18:23:17.136374958Z -- Benchmarks the per-file pruning path. Compaction should improve this
querier-1  | 2026-05-16T18:23:17.136376000Z -- materially when many gen1 files cover overlapping host sets.
querier-1  | 2026-05-16T18:23:17.136382541Z SELECT host, MAX(pressure) AS max_p, MIN(pressure) AS min_p
querier-1  | 2026-05-16T18:23:17.136383333Z FROM sensors
querier-1  | 2026-05-16T18:23:17.136383916Z WHERE time > now() - INTERVAL '4 weeks'
querier-1  | 2026-05-16T18:23:17.136384833Z GROUP BY host
querier-1  | 2026-05-16T18:23:17.136385416Z ORDER BY max_p DESC
querier-1  | 2026-05-16T18:23:17.136386125Z LIMIT 50 query_params=Params { } issue_time=2026-05-16T18:23:17.132188625+00:00 partitions=1 parquet_files=1 deduplicated_partitions=0 deduplicated_parquet_files=0 plan_duration_secs=0.003800875 permit_duration_secs=2.1166e-5 execute_duration_secs=0.000268959 end2end_duration_secs=0.004111791 compute_duration_secs=0.000183811 max_memory=2697656 ingester_metrics.latency_to_plan_secs=0.0 ingester_metrics.latency_to_full_data_secs=0.0 ingester_metrics.response_rows=0 ingester_metrics.partition_count=0 ingester_metrics.response_size=0 success=true running=false cancelled=false
querier-1  | 2026-05-16T18:23:17.165043833Z 2026-05-16T18:23:17.164969Z  INFO influxdb3_server::http: handling query_sql database=bench query_str=-- High-cardinality predicate: per-host extremes across a 4-week window.
querier-1  | 2026-05-16T18:23:17.165063375Z -- Benchmarks the per-file pruning path. Compaction should improve this
querier-1  | 2026-05-16T18:23:17.165064625Z -- materially when many gen1 files cover overlapping host sets.
querier-1  | 2026-05-16T18:23:17.165065250Z SELECT host, MAX(pressure) AS max_p, MIN(pressure) AS min_p
querier-1  | 2026-05-16T18:23:17.165065875Z FROM sensors
querier-1  | 2026-05-16T18:23:17.165066375Z WHERE time > now() - INTERVAL '4 weeks'
querier-1  | 2026-05-16T18:23:17.165067000Z GROUP BY host
querier-1  | 2026-05-16T18:23:17.165067541Z ORDER BY max_p DESC
querier-1  | 2026-05-16T18:23:17.165068041Z LIMIT 50 format=Csv
querier-1  | 2026-05-16T18:23:17.165068541Z 2026-05-16T18:23:17.164988Z  INFO influxdb3_server::query_executor: executing sql query database=bench query=-- High-cardinality predicate: per-host extremes across a 4-week window.
querier-1  | 2026-05-16T18:23:17.165069208Z -- Benchmarks the per-file pruning path. Compaction should improve this
querier-1  | 2026-05-16T18:23:17.165069708Z -- materially when many gen1 files cover overlapping host sets.
querier-1  | 2026-05-16T18:23:17.165070250Z SELECT host, MAX(pressure) AS max_p, MIN(pressure) AS min_p
querier-1  | 2026-05-16T18:23:17.165070750Z FROM sensors
querier-1  | 2026-05-16T18:23:17.165071250Z WHERE time > now() - INTERVAL '4 weeks'
querier-1  | 2026-05-16T18:23:17.165071750Z GROUP BY host
querier-1  | 2026-05-16T18:23:17.165072208Z ORDER BY max_p DESC
querier-1  | 2026-05-16T18:23:17.165072708Z LIMIT 50 params=None
querier-1  | 2026-05-16T18:23:17.165073208Z 2026-05-16T18:23:17.165008Z  INFO iox_query::query_log: query when="received" id=ff830f84-20db-4f98-be23-3a519d2aab6e namespace_id=0 namespace_name="influxdb3 oss" query_type="sql" query_text=-- High-cardinality predicate: per-host extremes across a 4-week window.
querier-1  | 2026-05-16T18:23:17.165074208Z -- Benchmarks the per-file pruning path. Compaction should improve this
querier-1  | 2026-05-16T18:23:17.165074750Z -- materially when many gen1 files cover overlapping host sets.
querier-1  | 2026-05-16T18:23:17.165075291Z SELECT host, MAX(pressure) AS max_p, MIN(pressure) AS min_p
querier-1  | 2026-05-16T18:23:17.165081791Z FROM sensors
querier-1  | 2026-05-16T18:23:17.165083000Z WHERE time > now() - INTERVAL '4 weeks'
querier-1  | 2026-05-16T18:23:17.165083541Z GROUP BY host
querier-1  | 2026-05-16T18:23:17.165084083Z ORDER BY max_p DESC
querier-1  | 2026-05-16T18:23:17.165084625Z LIMIT 50 query_params=Params { } issue_time=2026-05-16T18:23:17.165007375+00:00 success=false running=true cancelled=false
querier-1  | 2026-05-16T18:23:17.168023916Z 2026-05-16T18:23:17.167954Z  INFO influxdb3_write::composite_write_buffer: composite get_table_chunks db_schema.id=DbId(1) table_def.table_id=TableId(0) local=1 remote=1 remote_reachable=true tail=0 total=2
querier-1  | 2026-05-16T18:23:17.169014375Z 2026-05-16T18:23:17.168948Z  INFO iox_query::query_log: query when="planned" id=ff830f84-20db-4f98-be23-3a519d2aab6e namespace_id=0 namespace_name="influxdb3 oss" query_type="sql" query_text=-- High-cardinality predicate: per-host extremes across a 4-week window.
querier-1  | 2026-05-16T18:23:17.169021625Z -- Benchmarks the per-file pruning path. Compaction should improve this
querier-1  | 2026-05-16T18:23:17.169022791Z -- materially when many gen1 files cover overlapping host sets.
querier-1  | 2026-05-16T18:23:17.169023666Z SELECT host, MAX(pressure) AS max_p, MIN(pressure) AS min_p
querier-1  | 2026-05-16T18:23:17.169024416Z FROM sensors
querier-1  | 2026-05-16T18:23:17.169025000Z WHERE time > now() - INTERVAL '4 weeks'
querier-1  | 2026-05-16T18:23:17.169025833Z GROUP BY host
querier-1  | 2026-05-16T18:23:17.169026375Z ORDER BY max_p DESC
querier-1  | 2026-05-16T18:23:17.169027041Z LIMIT 50 query_params=Params { } issue_time=2026-05-16T18:23:17.165007375+00:00 partitions=1 parquet_files=1 deduplicated_partitions=0 deduplicated_parquet_files=0 plan_duration_secs=0.003934125 success=false running=true cancelled=false
querier-1  | 2026-05-16T18:23:17.169027875Z 2026-05-16T18:23:17.168964Z  INFO iox_query::query_log: query when="permit" id=ff830f84-20db-4f98-be23-3a519d2aab6e namespace_id=0 namespace_name="influxdb3 oss" query_type="sql" query_text=-- High-cardinality predicate: per-host extremes across a 4-week window.
querier-1  | 2026-05-16T18:23:17.169028750Z -- Benchmarks the per-file pruning path. Compaction should improve this
querier-1  | 2026-05-16T18:23:17.169029416Z -- materially when many gen1 files cover overlapping host sets.
querier-1  | 2026-05-16T18:23:17.169029958Z SELECT host, MAX(pressure) AS max_p, MIN(pressure) AS min_p
querier-1  | 2026-05-16T18:23:17.169030500Z FROM sensors
querier-1  | 2026-05-16T18:23:17.169031083Z WHERE time > now() - INTERVAL '4 weeks'
querier-1  | 2026-05-16T18:23:17.169031666Z GROUP BY host
querier-1  | 2026-05-16T18:23:17.169032208Z ORDER BY max_p DESC
querier-1  | 2026-05-16T18:23:17.169032750Z LIMIT 50 query_params=Params { } issue_time=2026-05-16T18:23:17.165007375+00:00 partitions=1 parquet_files=1 deduplicated_partitions=0 deduplicated_parquet_files=0 plan_duration_secs=0.003934125 permit_duration_secs=2.1916e-5 success=false running=true cancelled=false
querier-1  | 2026-05-16T18:23:17.169300000Z 2026-05-16T18:23:17.169238Z  INFO iox_query::query_log: query when="success" id=ff830f84-20db-4f98-be23-3a519d2aab6e namespace_id=0 namespace_name="influxdb3 oss" query_type="sql" query_text=-- High-cardinality predicate: per-host extremes across a 4-week window.
querier-1  | 2026-05-16T18:23:17.169308416Z -- Benchmarks the per-file pruning path. Compaction should improve this
querier-1  | 2026-05-16T18:23:17.169309208Z -- materially when many gen1 files cover overlapping host sets.
querier-1  | 2026-05-16T18:23:17.169309833Z SELECT host, MAX(pressure) AS max_p, MIN(pressure) AS min_p
querier-1  | 2026-05-16T18:23:17.169310458Z FROM sensors
querier-1  | 2026-05-16T18:23:17.169311000Z WHERE time > now() - INTERVAL '4 weeks'
querier-1  | 2026-05-16T18:23:17.169311625Z GROUP BY host
querier-1  | 2026-05-16T18:23:17.169312166Z ORDER BY max_p DESC
querier-1  | 2026-05-16T18:23:17.169312750Z LIMIT 50 query_params=Params { } issue_time=2026-05-16T18:23:17.165007375+00:00 partitions=1 parquet_files=1 deduplicated_partitions=0 deduplicated_parquet_files=0 plan_duration_secs=0.003934125 permit_duration_secs=2.1916e-5 execute_duration_secs=0.0002395 end2end_duration_secs=0.004230041 compute_duration_secs=0.000223275 max_memory=2697656 ingester_metrics.latency_to_plan_secs=0.0 ingester_metrics.latency_to_full_data_secs=0.0 ingester_metrics.response_rows=0 ingester_metrics.partition_count=0 ingester_metrics.response_size=0 success=true running=false cancelled=false
querier-1  | 2026-05-16T18:23:17.197897125Z 2026-05-16T18:23:17.197828Z  INFO influxdb3_server::http: handling query_sql database=bench query_str=-- 6-hour downsampling over an 8-week window. Touches most parquet files
querier-1  | 2026-05-16T18:23:17.197907833Z -- since timestamps span the entire generated range; aggregation work is
querier-1  | 2026-05-16T18:23:17.197909166Z -- dominated by group-by and merge across many files. 6h bins keep result
querier-1  | 2026-05-16T18:23:17.197909875Z -- cardinality manageable while still exercising the full date range.
querier-1  | 2026-05-16T18:23:17.197910500Z SELECT
querier-1  | 2026-05-16T18:23:17.197911125Z     DATE_BIN(INTERVAL '6 hours', time) AS bucket,
querier-1  | 2026-05-16T18:23:17.197911791Z     region,
querier-1  | 2026-05-16T18:23:17.197912375Z     AVG(temp) AS avg_temp,
querier-1  | 2026-05-16T18:23:17.197912958Z     APPROX_PERCENTILE_CONT(humidity, 0.95) AS p95_humidity
querier-1  | 2026-05-16T18:23:17.197914500Z FROM sensors
querier-1  | 2026-05-16T18:23:17.197915083Z WHERE time > now() - INTERVAL '8 weeks'
querier-1  | 2026-05-16T18:23:17.197915875Z GROUP BY bucket, region
querier-1  | 2026-05-16T18:23:17.197916416Z ORDER BY bucket, region format=Csv
querier-1  | 2026-05-16T18:23:17.197917041Z 2026-05-16T18:23:17.197847Z  INFO influxdb3_server::query_executor: executing sql query database=bench query=-- 6-hour downsampling over an 8-week window. Touches most parquet files
querier-1  | 2026-05-16T18:23:17.197917833Z -- since timestamps span the entire generated range; aggregation work is
querier-1  | 2026-05-16T18:23:17.197918458Z -- dominated by group-by and merge across many files. 6h bins keep result
querier-1  | 2026-05-16T18:23:17.197919083Z -- cardinality manageable while still exercising the full date range.
querier-1  | 2026-05-16T18:23:17.197919708Z SELECT
querier-1  | 2026-05-16T18:23:17.197920208Z     DATE_BIN(INTERVAL '6 hours', time) AS bucket,
querier-1  | 2026-05-16T18:23:17.197920791Z     region,
querier-1  | 2026-05-16T18:23:17.197921333Z     AVG(temp) AS avg_temp,
querier-1  | 2026-05-16T18:23:17.197921875Z     APPROX_PERCENTILE_CONT(humidity, 0.95) AS p95_humidity
querier-1  | 2026-05-16T18:23:17.197929833Z FROM sensors
querier-1  | 2026-05-16T18:23:17.197930416Z WHERE time > now() - INTERVAL '8 weeks'
querier-1  | 2026-05-16T18:23:17.197930958Z GROUP BY bucket, region
querier-1  | 2026-05-16T18:23:17.197931500Z ORDER BY bucket, region params=None
querier-1  | 2026-05-16T18:23:17.197932125Z 2026-05-16T18:23:17.197868Z  INFO iox_query::query_log: query when="received" id=f49a700a-d91a-40c9-a5ec-8b764fee7342 namespace_id=0 namespace_name="influxdb3 oss" query_type="sql" query_text=-- 6-hour downsampling over an 8-week window. Touches most parquet files
querier-1  | 2026-05-16T18:23:17.197933166Z -- since timestamps span the entire generated range; aggregation work is
querier-1  | 2026-05-16T18:23:17.197933750Z -- dominated by group-by and merge across many files. 6h bins keep result
querier-1  | 2026-05-16T18:23:17.197934416Z -- cardinality manageable while still exercising the full date range.
querier-1  | 2026-05-16T18:23:17.197935000Z SELECT
querier-1  | 2026-05-16T18:23:17.197935541Z     DATE_BIN(INTERVAL '6 hours', time) AS bucket,
querier-1  | 2026-05-16T18:23:17.197936125Z     region,
querier-1  | 2026-05-16T18:23:17.197936666Z     AVG(temp) AS avg_temp,
querier-1  | 2026-05-16T18:23:17.197937208Z     APPROX_PERCENTILE_CONT(humidity, 0.95) AS p95_humidity
querier-1  | 2026-05-16T18:23:17.197937791Z FROM sensors
querier-1  | 2026-05-16T18:23:17.197938333Z WHERE time > now() - INTERVAL '8 weeks'
querier-1  | 2026-05-16T18:23:17.197938875Z GROUP BY bucket, region
querier-1  | 2026-05-16T18:23:17.197939708Z ORDER BY bucket, region query_params=Params { } issue_time=2026-05-16T18:23:17.197867458+00:00 success=false running=true cancelled=false
querier-1  | 2026-05-16T18:23:17.202351750Z 2026-05-16T18:23:17.202253Z  INFO influxdb3_write::composite_write_buffer: composite get_table_chunks db_schema.id=DbId(1) table_def.table_id=TableId(0) local=1 remote=1 remote_reachable=true tail=0 total=2
querier-1  | 2026-05-16T18:23:17.203697541Z 2026-05-16T18:23:17.203604Z  INFO iox_query::query_log: query when="planned" id=f49a700a-d91a-40c9-a5ec-8b764fee7342 namespace_id=0 namespace_name="influxdb3 oss" query_type="sql" query_text=-- 6-hour downsampling over an 8-week window. Touches most parquet files
querier-1  | 2026-05-16T18:23:17.203716291Z -- since timestamps span the entire generated range; aggregation work is
querier-1  | 2026-05-16T18:23:17.203717333Z -- dominated by group-by and merge across many files. 6h bins keep result
querier-1  | 2026-05-16T18:23:17.203717958Z -- cardinality manageable while still exercising the full date range.
querier-1  | 2026-05-16T18:23:17.203718625Z SELECT
querier-1  | 2026-05-16T18:23:17.203719166Z     DATE_BIN(INTERVAL '6 hours', time) AS bucket,
querier-1  | 2026-05-16T18:23:17.203719666Z     region,
querier-1  | 2026-05-16T18:23:17.203720166Z     AVG(temp) AS avg_temp,
querier-1  | 2026-05-16T18:23:17.203720666Z     APPROX_PERCENTILE_CONT(humidity, 0.95) AS p95_humidity
querier-1  | 2026-05-16T18:23:17.203721166Z FROM sensors
querier-1  | 2026-05-16T18:23:17.203721625Z WHERE time > now() - INTERVAL '8 weeks'
querier-1  | 2026-05-16T18:23:17.203722333Z GROUP BY bucket, region
querier-1  | 2026-05-16T18:23:17.203730958Z ORDER BY bucket, region query_params=Params { } issue_time=2026-05-16T18:23:17.197867458+00:00 partitions=1 parquet_files=1 deduplicated_partitions=0 deduplicated_parquet_files=0 plan_duration_secs=0.005727292 success=false running=true cancelled=false
querier-1  | 2026-05-16T18:23:17.203731791Z 2026-05-16T18:23:17.203625Z  INFO iox_query::query_log: query when="permit" id=f49a700a-d91a-40c9-a5ec-8b764fee7342 namespace_id=0 namespace_name="influxdb3 oss" query_type="sql" query_text=-- 6-hour downsampling over an 8-week window. Touches most parquet files
querier-1  | 2026-05-16T18:23:17.203732541Z -- since timestamps span the entire generated range; aggregation work is
querier-1  | 2026-05-16T18:23:17.203733083Z -- dominated by group-by and merge across many files. 6h bins keep result
querier-1  | 2026-05-16T18:23:17.203733583Z -- cardinality manageable while still exercising the full date range.
querier-1  | 2026-05-16T18:23:17.203734125Z SELECT
querier-1  | 2026-05-16T18:23:17.203734583Z     DATE_BIN(INTERVAL '6 hours', time) AS bucket,
querier-1  | 2026-05-16T18:23:17.203735083Z     region,
querier-1  | 2026-05-16T18:23:17.203735583Z     AVG(temp) AS avg_temp,
querier-1  | 2026-05-16T18:23:17.203736041Z     APPROX_PERCENTILE_CONT(humidity, 0.95) AS p95_humidity
querier-1  | 2026-05-16T18:23:17.203736541Z FROM sensors
querier-1  | 2026-05-16T18:23:17.203737000Z WHERE time > now() - INTERVAL '8 weeks'
querier-1  | 2026-05-16T18:23:17.203737541Z GROUP BY bucket, region
querier-1  | 2026-05-16T18:23:17.203738041Z ORDER BY bucket, region query_params=Params { } issue_time=2026-05-16T18:23:17.197867458+00:00 partitions=1 parquet_files=1 deduplicated_partitions=0 deduplicated_parquet_files=0 plan_duration_secs=0.005727292 permit_duration_secs=3.0625e-5 success=false running=true cancelled=false
querier-1  | 2026-05-16T18:23:17.203952500Z 2026-05-16T18:23:17.203879Z  INFO iox_query::query_log: query when="success" id=f49a700a-d91a-40c9-a5ec-8b764fee7342 namespace_id=0 namespace_name="influxdb3 oss" query_type="sql" query_text=-- 6-hour downsampling over an 8-week window. Touches most parquet files
querier-1  | 2026-05-16T18:23:17.203958375Z -- since timestamps span the entire generated range; aggregation work is
querier-1  | 2026-05-16T18:23:17.203959333Z -- dominated by group-by and merge across many files. 6h bins keep result
querier-1  | 2026-05-16T18:23:17.203960083Z -- cardinality manageable while still exercising the full date range.
querier-1  | 2026-05-16T18:23:17.203960708Z SELECT
querier-1  | 2026-05-16T18:23:17.203961291Z     DATE_BIN(INTERVAL '6 hours', time) AS bucket,
querier-1  | 2026-05-16T18:23:17.203961875Z     region,
querier-1  | 2026-05-16T18:23:17.203962500Z     AVG(temp) AS avg_temp,
querier-1  | 2026-05-16T18:23:17.203963083Z     APPROX_PERCENTILE_CONT(humidity, 0.95) AS p95_humidity
querier-1  | 2026-05-16T18:23:17.203963750Z FROM sensors
querier-1  | 2026-05-16T18:23:17.203964333Z WHERE time > now() - INTERVAL '8 weeks'
querier-1  | 2026-05-16T18:23:17.203965041Z GROUP BY bucket, region
querier-1  | 2026-05-16T18:23:17.203965666Z ORDER BY bucket, region query_params=Params { } issue_time=2026-05-16T18:23:17.197867458+00:00 partitions=1 parquet_files=1 deduplicated_partitions=0 deduplicated_parquet_files=0 plan_duration_secs=0.005727292 permit_duration_secs=3.0625e-5 execute_duration_secs=0.000219625 end2end_duration_secs=0.006010208 compute_duration_secs=0.000149861 max_memory=6399640 ingester_metrics.latency_to_plan_secs=0.0 ingester_metrics.latency_to_full_data_secs=0.0 ingester_metrics.response_rows=0 ingester_metrics.partition_count=0 ingester_metrics.response_size=0 success=true running=false cancelled=false
querier-1  | 2026-05-16T18:23:17.249017500Z 2026-05-16T18:23:17.248940Z  INFO influxdb3_server::http: handling query_sql database=bench query_str=-- 6-hour downsampling over an 8-week window. Touches most parquet files
querier-1  | 2026-05-16T18:23:17.249034458Z -- since timestamps span the entire generated range; aggregation work is
querier-1  | 2026-05-16T18:23:17.249035916Z -- dominated by group-by and merge across many files. 6h bins keep result
querier-1  | 2026-05-16T18:23:17.249036791Z -- cardinality manageable while still exercising the full date range.
querier-1  | 2026-05-16T18:23:17.249037500Z SELECT
querier-1  | 2026-05-16T18:23:17.249038208Z     DATE_BIN(INTERVAL '6 hours', time) AS bucket,
querier-1  | 2026-05-16T18:23:17.249038875Z     region,
querier-1  | 2026-05-16T18:23:17.249039458Z     AVG(temp) AS avg_temp,
querier-1  | 2026-05-16T18:23:17.249040000Z     APPROX_PERCENTILE_CONT(humidity, 0.95) AS p95_humidity
querier-1  | 2026-05-16T18:23:17.249040583Z FROM sensors
querier-1  | 2026-05-16T18:23:17.249041041Z WHERE time > now() - INTERVAL '8 weeks'
querier-1  | 2026-05-16T18:23:17.249041750Z GROUP BY bucket, region
querier-1  | 2026-05-16T18:23:17.249042250Z ORDER BY bucket, region format=Csv
querier-1  | 2026-05-16T18:23:17.249042791Z 2026-05-16T18:23:17.248960Z  INFO influxdb3_server::query_executor: executing sql query database=bench query=-- 6-hour downsampling over an 8-week window. Touches most parquet files
querier-1  | 2026-05-16T18:23:17.249043416Z -- since timestamps span the entire generated range; aggregation work is
querier-1  | 2026-05-16T18:23:17.249043958Z -- dominated by group-by and merge across many files. 6h bins keep result
querier-1  | 2026-05-16T18:23:17.249044458Z -- cardinality manageable while still exercising the full date range.
querier-1  | 2026-05-16T18:23:17.249045000Z SELECT
querier-1  | 2026-05-16T18:23:17.249045458Z     DATE_BIN(INTERVAL '6 hours', time) AS bucket,
querier-1  | 2026-05-16T18:23:17.249046000Z     region,
querier-1  | 2026-05-16T18:23:17.249046458Z     AVG(temp) AS avg_temp,
querier-1  | 2026-05-16T18:23:17.249046958Z     APPROX_PERCENTILE_CONT(humidity, 0.95) AS p95_humidity
querier-1  | 2026-05-16T18:23:17.249047458Z FROM sensors
querier-1  | 2026-05-16T18:23:17.249047916Z WHERE time > now() - INTERVAL '8 weeks'
querier-1  | 2026-05-16T18:23:17.249048416Z GROUP BY bucket, region
querier-1  | 2026-05-16T18:23:17.249048875Z ORDER BY bucket, region params=None
querier-1  | 2026-05-16T18:23:17.249049416Z 2026-05-16T18:23:17.248982Z  INFO iox_query::query_log: query when="received" id=f8dc3711-201b-4c24-96b2-f4d9dc5e436e namespace_id=0 namespace_name="influxdb3 oss" query_type="sql" query_text=-- 6-hour downsampling over an 8-week window. Touches most parquet files
querier-1  | 2026-05-16T18:23:17.249050333Z -- since timestamps span the entire generated range; aggregation work is
querier-1  | 2026-05-16T18:23:17.249050875Z -- dominated by group-by and merge across many files. 6h bins keep result
querier-1  | 2026-05-16T18:23:17.249057458Z -- cardinality manageable while still exercising the full date range.
querier-1  | 2026-05-16T18:23:17.249058000Z SELECT
querier-1  | 2026-05-16T18:23:17.249058500Z     DATE_BIN(INTERVAL '6 hours', time) AS bucket,
querier-1  | 2026-05-16T18:23:17.249059000Z     region,
querier-1  | 2026-05-16T18:23:17.249059458Z     AVG(temp) AS avg_temp,
querier-1  | 2026-05-16T18:23:17.249059958Z     APPROX_PERCENTILE_CONT(humidity, 0.95) AS p95_humidity
querier-1  | 2026-05-16T18:23:17.249060458Z FROM sensors
querier-1  | 2026-05-16T18:23:17.249060958Z WHERE time > now() - INTERVAL '8 weeks'
querier-1  | 2026-05-16T18:23:17.249061416Z GROUP BY bucket, region
querier-1  | 2026-05-16T18:23:17.249062291Z ORDER BY bucket, region query_params=Params { } issue_time=2026-05-16T18:23:17.248981708+00:00 success=false running=true cancelled=false
querier-1  | 2026-05-16T18:23:17.253414708Z 2026-05-16T18:23:17.253329Z  INFO influxdb3_write::composite_write_buffer: composite get_table_chunks db_schema.id=DbId(1) table_def.table_id=TableId(0) local=1 remote=1 remote_reachable=true tail=0 total=2
querier-1  | 2026-05-16T18:23:17.254521541Z 2026-05-16T18:23:17.254449Z  INFO iox_query::query_log: query when="planned" id=f8dc3711-201b-4c24-96b2-f4d9dc5e436e namespace_id=0 namespace_name="influxdb3 oss" query_type="sql" query_text=-- 6-hour downsampling over an 8-week window. Touches most parquet files
querier-1  | 2026-05-16T18:23:17.254533083Z -- since timestamps span the entire generated range; aggregation work is
querier-1  | 2026-05-16T18:23:17.254534125Z -- dominated by group-by and merge across many files. 6h bins keep result
querier-1  | 2026-05-16T18:23:17.254534916Z -- cardinality manageable while still exercising the full date range.
querier-1  | 2026-05-16T18:23:17.254535666Z SELECT
querier-1  | 2026-05-16T18:23:17.254536375Z     DATE_BIN(INTERVAL '6 hours', time) AS bucket,
querier-1  | 2026-05-16T18:23:17.254537000Z     region,
querier-1  | 2026-05-16T18:23:17.254537583Z     AVG(temp) AS avg_temp,
querier-1  | 2026-05-16T18:23:17.254538208Z     APPROX_PERCENTILE_CONT(humidity, 0.95) AS p95_humidity
querier-1  | 2026-05-16T18:23:17.254538791Z FROM sensors
querier-1  | 2026-05-16T18:23:17.254539375Z WHERE time > now() - INTERVAL '8 weeks'
querier-1  | 2026-05-16T18:23:17.254540125Z GROUP BY bucket, region
querier-1  | 2026-05-16T18:23:17.254540708Z ORDER BY bucket, region query_params=Params { } issue_time=2026-05-16T18:23:17.248981708+00:00 partitions=1 parquet_files=1 deduplicated_partitions=0 deduplicated_parquet_files=0 plan_duration_secs=0.005456708 success=false running=true cancelled=false
querier-1  | 2026-05-16T18:23:17.254541500Z 2026-05-16T18:23:17.254467Z  INFO iox_query::query_log: query when="permit" id=f8dc3711-201b-4c24-96b2-f4d9dc5e436e namespace_id=0 namespace_name="influxdb3 oss" query_type="sql" query_text=-- 6-hour downsampling over an 8-week window. Touches most parquet files
querier-1  | 2026-05-16T18:23:17.254542458Z -- since timestamps span the entire generated range; aggregation work is
querier-1  | 2026-05-16T18:23:17.254543083Z -- dominated by group-by and merge across many files. 6h bins keep result
querier-1  | 2026-05-16T18:23:17.254543708Z -- cardinality manageable while still exercising the full date range.
querier-1  | 2026-05-16T18:23:17.254551375Z SELECT
querier-1  | 2026-05-16T18:23:17.254552208Z     DATE_BIN(INTERVAL '6 hours', time) AS bucket,
querier-1  | 2026-05-16T18:23:17.254553000Z     region,
querier-1  | 2026-05-16T18:23:17.254553666Z     AVG(temp) AS avg_temp,
querier-1  | 2026-05-16T18:23:17.254554375Z     APPROX_PERCENTILE_CONT(humidity, 0.95) AS p95_humidity
querier-1  | 2026-05-16T18:23:17.254555083Z FROM sensors
querier-1  | 2026-05-16T18:23:17.254555750Z WHERE time > now() - INTERVAL '8 weeks'
querier-1  | 2026-05-16T18:23:17.254556458Z GROUP BY bucket, region
querier-1  | 2026-05-16T18:23:17.254557208Z ORDER BY bucket, region query_params=Params { } issue_time=2026-05-16T18:23:17.248981708+00:00 partitions=1 parquet_files=1 deduplicated_partitions=0 deduplicated_parquet_files=0 plan_duration_secs=0.005456708 permit_duration_secs=2.8375e-5 success=false running=true cancelled=false
querier-1  | 2026-05-16T18:23:17.254872833Z 2026-05-16T18:23:17.254769Z  INFO iox_query::query_log: query when="success" id=f8dc3711-201b-4c24-96b2-f4d9dc5e436e namespace_id=0 namespace_name="influxdb3 oss" query_type="sql" query_text=-- 6-hour downsampling over an 8-week window. Touches most parquet files
querier-1  | 2026-05-16T18:23:17.254882250Z -- since timestamps span the entire generated range; aggregation work is
querier-1  | 2026-05-16T18:23:17.254883375Z -- dominated by group-by and merge across many files. 6h bins keep result
querier-1  | 2026-05-16T18:23:17.254884125Z -- cardinality manageable while still exercising the full date range.
querier-1  | 2026-05-16T18:23:17.254884916Z SELECT
querier-1  | 2026-05-16T18:23:17.254885541Z     DATE_BIN(INTERVAL '6 hours', time) AS bucket,
querier-1  | 2026-05-16T18:23:17.254886291Z     region,
querier-1  | 2026-05-16T18:23:17.254886875Z     AVG(temp) AS avg_temp,
querier-1  | 2026-05-16T18:23:17.254887416Z     APPROX_PERCENTILE_CONT(humidity, 0.95) AS p95_humidity
querier-1  | 2026-05-16T18:23:17.254888041Z FROM sensors
querier-1  | 2026-05-16T18:23:17.254888583Z WHERE time > now() - INTERVAL '8 weeks'
querier-1  | 2026-05-16T18:23:17.254889250Z GROUP BY bucket, region
querier-1  | 2026-05-16T18:23:17.254889916Z ORDER BY bucket, region query_params=Params { } issue_time=2026-05-16T18:23:17.248981708+00:00 partitions=1 parquet_files=1 deduplicated_partitions=0 deduplicated_parquet_files=0 plan_duration_secs=0.005456708 permit_duration_secs=2.8375e-5 execute_duration_secs=0.000266709 end2end_duration_secs=0.005786333 compute_duration_secs=0.000224516 max_memory=6399640 ingester_metrics.latency_to_plan_secs=0.0 ingester_metrics.latency_to_full_data_secs=0.0 ingester_metrics.response_rows=0 ingester_metrics.partition_count=0 ingester_metrics.response_size=0 success=true running=false cancelled=false
querier-1  | 2026-05-16T18:23:17.298775916Z 2026-05-16T18:23:17.298708Z  INFO influxdb3_server::http: handling query_sql database=bench query_str=-- 6-hour downsampling over an 8-week window. Touches most parquet files
querier-1  | 2026-05-16T18:23:17.298784416Z -- since timestamps span the entire generated range; aggregation work is
querier-1  | 2026-05-16T18:23:17.298785708Z -- dominated by group-by and merge across many files. 6h bins keep result
querier-1  | 2026-05-16T18:23:17.298786500Z -- cardinality manageable while still exercising the full date range.
querier-1  | 2026-05-16T18:23:17.298787333Z SELECT
querier-1  | 2026-05-16T18:23:17.298794708Z     DATE_BIN(INTERVAL '6 hours', time) AS bucket,
querier-1  | 2026-05-16T18:23:17.298795416Z     region,
querier-1  | 2026-05-16T18:23:17.298795916Z     AVG(temp) AS avg_temp,
querier-1  | 2026-05-16T18:23:17.298796458Z     APPROX_PERCENTILE_CONT(humidity, 0.95) AS p95_humidity
querier-1  | 2026-05-16T18:23:17.298797000Z FROM sensors
querier-1  | 2026-05-16T18:23:17.298797500Z WHERE time > now() - INTERVAL '8 weeks'
querier-1  | 2026-05-16T18:23:17.298798166Z GROUP BY bucket, region
querier-1  | 2026-05-16T18:23:17.298798666Z ORDER BY bucket, region format=Csv
querier-1  | 2026-05-16T18:23:17.298799208Z 2026-05-16T18:23:17.298729Z  INFO influxdb3_server::query_executor: executing sql query database=bench query=-- 6-hour downsampling over an 8-week window. Touches most parquet files
querier-1  | 2026-05-16T18:23:17.298799833Z -- since timestamps span the entire generated range; aggregation work is
querier-1  | 2026-05-16T18:23:17.298800333Z -- dominated by group-by and merge across many files. 6h bins keep result
querier-1  | 2026-05-16T18:23:17.298800875Z -- cardinality manageable while still exercising the full date range.
querier-1  | 2026-05-16T18:23:17.298801416Z SELECT
querier-1  | 2026-05-16T18:23:17.298801875Z     DATE_BIN(INTERVAL '6 hours', time) AS bucket,
querier-1  | 2026-05-16T18:23:17.298802375Z     region,
querier-1  | 2026-05-16T18:23:17.298802833Z     AVG(temp) AS avg_temp,
querier-1  | 2026-05-16T18:23:17.298803291Z     APPROX_PERCENTILE_CONT(humidity, 0.95) AS p95_humidity
querier-1  | 2026-05-16T18:23:17.298803791Z FROM sensors
querier-1  | 2026-05-16T18:23:17.298804250Z WHERE time > now() - INTERVAL '8 weeks'
querier-1  | 2026-05-16T18:23:17.298804791Z GROUP BY bucket, region
querier-1  | 2026-05-16T18:23:17.298805250Z ORDER BY bucket, region params=None
querier-1  | 2026-05-16T18:23:17.298805750Z 2026-05-16T18:23:17.298750Z  INFO iox_query::query_log: query when="received" id=b0282fc7-470a-4c59-b311-daa0c763407e namespace_id=0 namespace_name="influxdb3 oss" query_type="sql" query_text=-- 6-hour downsampling over an 8-week window. Touches most parquet files
querier-1  | 2026-05-16T18:23:17.298806625Z -- since timestamps span the entire generated range; aggregation work is
querier-1  | 2026-05-16T18:23:17.298807125Z -- dominated by group-by and merge across many files. 6h bins keep result
querier-1  | 2026-05-16T18:23:17.298807625Z -- cardinality manageable while still exercising the full date range.
querier-1  | 2026-05-16T18:23:17.298808125Z SELECT
querier-1  | 2026-05-16T18:23:17.298808583Z     DATE_BIN(INTERVAL '6 hours', time) AS bucket,
querier-1  | 2026-05-16T18:23:17.298809083Z     region,
querier-1  | 2026-05-16T18:23:17.298809541Z     AVG(temp) AS avg_temp,
querier-1  | 2026-05-16T18:23:17.298810000Z     APPROX_PERCENTILE_CONT(humidity, 0.95) AS p95_humidity
querier-1  | 2026-05-16T18:23:17.298810541Z FROM sensors
querier-1  | 2026-05-16T18:23:17.298811000Z WHERE time > now() - INTERVAL '8 weeks'
querier-1  | 2026-05-16T18:23:17.298811500Z GROUP BY bucket, region
querier-1  | 2026-05-16T18:23:17.298812208Z ORDER BY bucket, region query_params=Params { } issue_time=2026-05-16T18:23:17.298749583+00:00 success=false running=true cancelled=false
querier-1  | 2026-05-16T18:23:17.303688333Z 2026-05-16T18:23:17.303606Z  INFO influxdb3_write::composite_write_buffer: composite get_table_chunks db_schema.id=DbId(1) table_def.table_id=TableId(0) local=1 remote=1 remote_reachable=true tail=0 total=2
querier-1  | 2026-05-16T18:23:17.304744791Z 2026-05-16T18:23:17.304659Z  INFO iox_query::query_log: query when="planned" id=b0282fc7-470a-4c59-b311-daa0c763407e namespace_id=0 namespace_name="influxdb3 oss" query_type="sql" query_text=-- 6-hour downsampling over an 8-week window. Touches most parquet files
querier-1  | 2026-05-16T18:23:17.304752000Z -- since timestamps span the entire generated range; aggregation work is
querier-1  | 2026-05-16T18:23:17.304753000Z -- dominated by group-by and merge across many files. 6h bins keep result
querier-1  | 2026-05-16T18:23:17.304753666Z -- cardinality manageable while still exercising the full date range.
querier-1  | 2026-05-16T18:23:17.304754291Z SELECT
querier-1  | 2026-05-16T18:23:17.304754916Z     DATE_BIN(INTERVAL '6 hours', time) AS bucket,
querier-1  | 2026-05-16T18:23:17.304755583Z     region,
querier-1  | 2026-05-16T18:23:17.304756125Z     AVG(temp) AS avg_temp,
querier-1  | 2026-05-16T18:23:17.304756708Z     APPROX_PERCENTILE_CONT(humidity, 0.95) AS p95_humidity
querier-1  | 2026-05-16T18:23:17.304757291Z FROM sensors
querier-1  | 2026-05-16T18:23:17.304757833Z WHERE time > now() - INTERVAL '8 weeks'
querier-1  | 2026-05-16T18:23:17.304758541Z GROUP BY bucket, region
querier-1  | 2026-05-16T18:23:17.304759125Z ORDER BY bucket, region query_params=Params { } issue_time=2026-05-16T18:23:17.298749583+00:00 partitions=1 parquet_files=1 deduplicated_partitions=0 deduplicated_parquet_files=0 plan_duration_secs=0.005895167 success=false running=true cancelled=false
querier-1  | 2026-05-16T18:23:17.304759958Z 2026-05-16T18:23:17.304685Z  INFO iox_query::query_log: query when="permit" id=b0282fc7-470a-4c59-b311-daa0c763407e namespace_id=0 namespace_name="influxdb3 oss" query_type="sql" query_text=-- 6-hour downsampling over an 8-week window. Touches most parquet files
querier-1  | 2026-05-16T18:23:17.304760833Z -- since timestamps span the entire generated range; aggregation work is
querier-1  | 2026-05-16T18:23:17.304761458Z -- dominated by group-by and merge across many files. 6h bins keep result
querier-1  | 2026-05-16T18:23:17.304762041Z -- cardinality manageable while still exercising the full date range.
querier-1  | 2026-05-16T18:23:17.304762625Z SELECT
querier-1  | 2026-05-16T18:23:17.304763166Z     DATE_BIN(INTERVAL '6 hours', time) AS bucket,
querier-1  | 2026-05-16T18:23:17.304763708Z     region,
querier-1  | 2026-05-16T18:23:17.304764250Z     AVG(temp) AS avg_temp,
querier-1  | 2026-05-16T18:23:17.304764791Z     APPROX_PERCENTILE_CONT(humidity, 0.95) AS p95_humidity
querier-1  | 2026-05-16T18:23:17.304765416Z FROM sensors
querier-1  | 2026-05-16T18:23:17.304765916Z WHERE time > now() - INTERVAL '8 weeks'
querier-1  | 2026-05-16T18:23:17.304766458Z GROUP BY bucket, region
querier-1  | 2026-05-16T18:23:17.304767041Z ORDER BY bucket, region query_params=Params { } issue_time=2026-05-16T18:23:17.298749583+00:00 partitions=1 parquet_files=1 deduplicated_partitions=0 deduplicated_parquet_files=0 plan_duration_secs=0.005895167 permit_duration_secs=4.0125e-5 success=false running=true cancelled=false
querier-1  | 2026-05-16T18:23:17.305048875Z 2026-05-16T18:23:17.304951Z  INFO iox_query::query_log: query when="success" id=b0282fc7-470a-4c59-b311-daa0c763407e namespace_id=0 namespace_name="influxdb3 oss" query_type="sql" query_text=-- 6-hour downsampling over an 8-week window. Touches most parquet files
querier-1  | 2026-05-16T18:23:17.305052875Z -- since timestamps span the entire generated range; aggregation work is
querier-1  | 2026-05-16T18:23:17.305053958Z -- dominated by group-by and merge across many files. 6h bins keep result
querier-1  | 2026-05-16T18:23:17.305054791Z -- cardinality manageable while still exercising the full date range.
querier-1  | 2026-05-16T18:23:17.305055416Z SELECT
querier-1  | 2026-05-16T18:23:17.305056000Z     DATE_BIN(INTERVAL '6 hours', time) AS bucket,
querier-1  | 2026-05-16T18:23:17.305056666Z     region,
querier-1  | 2026-05-16T18:23:17.305057208Z     AVG(temp) AS avg_temp,
querier-1  | 2026-05-16T18:23:17.305057791Z     APPROX_PERCENTILE_CONT(humidity, 0.95) AS p95_humidity
querier-1  | 2026-05-16T18:23:17.305058375Z FROM sensors
querier-1  | 2026-05-16T18:23:17.305058916Z WHERE time > now() - INTERVAL '8 weeks'
querier-1  | 2026-05-16T18:23:17.305059583Z GROUP BY bucket, region
querier-1  | 2026-05-16T18:23:17.305060250Z ORDER BY bucket, region query_params=Params { } issue_time=2026-05-16T18:23:17.298749583+00:00 partitions=1 parquet_files=1 deduplicated_partitions=0 deduplicated_parquet_files=0 plan_duration_secs=0.005895167 permit_duration_secs=4.0125e-5 execute_duration_secs=0.000235666 end2end_duration_secs=0.006200542 compute_duration_secs=0.000179185 max_memory=0 ingester_metrics.latency_to_plan_secs=0.0 ingester_metrics.latency_to_full_data_secs=0.0 ingester_metrics.response_rows=0 ingester_metrics.partition_count=0 ingester_metrics.response_size=0 success=true running=false cancelled=false
querier-1  | 2026-05-16T18:23:17.349255875Z 2026-05-16T18:23:17.349194Z  INFO influxdb3_server::http: handling query_sql database=bench query_str=-- 6-hour downsampling over an 8-week window. Touches most parquet files
querier-1  | 2026-05-16T18:23:17.349265750Z -- since timestamps span the entire generated range; aggregation work is
querier-1  | 2026-05-16T18:23:17.349266916Z -- dominated by group-by and merge across many files. 6h bins keep result
querier-1  | 2026-05-16T18:23:17.349267666Z -- cardinality manageable while still exercising the full date range.
querier-1  | 2026-05-16T18:23:17.349268291Z SELECT
querier-1  | 2026-05-16T18:23:17.349268958Z     DATE_BIN(INTERVAL '6 hours', time) AS bucket,
querier-1  | 2026-05-16T18:23:17.349269583Z     region,
querier-1  | 2026-05-16T18:23:17.349270125Z     AVG(temp) AS avg_temp,
querier-1  | 2026-05-16T18:23:17.349270666Z     APPROX_PERCENTILE_CONT(humidity, 0.95) AS p95_humidity
querier-1  | 2026-05-16T18:23:17.349271291Z FROM sensors
querier-1  | 2026-05-16T18:23:17.349271833Z WHERE time > now() - INTERVAL '8 weeks'
querier-1  | 2026-05-16T18:23:17.349272541Z GROUP BY bucket, region
querier-1  | 2026-05-16T18:23:17.349273083Z ORDER BY bucket, region format=Csv
querier-1  | 2026-05-16T18:23:17.349273708Z 2026-05-16T18:23:17.349211Z  INFO influxdb3_server::query_executor: executing sql query database=bench query=-- 6-hour downsampling over an 8-week window. Touches most parquet files
querier-1  | 2026-05-16T18:23:17.349280875Z -- since timestamps span the entire generated range; aggregation work is
querier-1  | 2026-05-16T18:23:17.349281791Z -- dominated by group-by and merge across many files. 6h bins keep result
querier-1  | 2026-05-16T18:23:17.349282583Z -- cardinality manageable while still exercising the full date range.
querier-1  | 2026-05-16T18:23:17.349283333Z SELECT
querier-1  | 2026-05-16T18:23:17.349284000Z     DATE_BIN(INTERVAL '6 hours', time) AS bucket,
querier-1  | 2026-05-16T18:23:17.349284750Z     region,
querier-1  | 2026-05-16T18:23:17.349285416Z     AVG(temp) AS avg_temp,
querier-1  | 2026-05-16T18:23:17.349286083Z     APPROX_PERCENTILE_CONT(humidity, 0.95) AS p95_humidity
querier-1  | 2026-05-16T18:23:17.349286708Z FROM sensors
querier-1  | 2026-05-16T18:23:17.349287291Z WHERE time > now() - INTERVAL '8 weeks'
querier-1  | 2026-05-16T18:23:17.349287916Z GROUP BY bucket, region
querier-1  | 2026-05-16T18:23:17.349288583Z ORDER BY bucket, region params=None
querier-1  | 2026-05-16T18:23:17.349414250Z 2026-05-16T18:23:17.349234Z  INFO iox_query::query_log: query when="received" id=a352d56b-2ad1-4289-879f-82cba461a3bf namespace_id=0 namespace_name="influxdb3 oss" query_type="sql" query_text=-- 6-hour downsampling over an 8-week window. Touches most parquet files
querier-1  | 2026-05-16T18:23:17.349416541Z -- since timestamps span the entire generated range; aggregation work is
querier-1  | 2026-05-16T18:23:17.349417291Z -- dominated by group-by and merge across many files. 6h bins keep result
querier-1  | 2026-05-16T18:23:17.349417958Z -- cardinality manageable while still exercising the full date range.
querier-1  | 2026-05-16T18:23:17.349418583Z SELECT
querier-1  | 2026-05-16T18:23:17.349419125Z     DATE_BIN(INTERVAL '6 hours', time) AS bucket,
querier-1  | 2026-05-16T18:23:17.349419708Z     region,
querier-1  | 2026-05-16T18:23:17.349420291Z     AVG(temp) AS avg_temp,
querier-1  | 2026-05-16T18:23:17.349420833Z     APPROX_PERCENTILE_CONT(humidity, 0.95) AS p95_humidity
querier-1  | 2026-05-16T18:23:17.349421416Z FROM sensors
querier-1  | 2026-05-16T18:23:17.349421958Z WHERE time > now() - INTERVAL '8 weeks'
querier-1  | 2026-05-16T18:23:17.349422541Z GROUP BY bucket, region
querier-1  | 2026-05-16T18:23:17.349423125Z ORDER BY bucket, region query_params=Params { } issue_time=2026-05-16T18:23:17.349233791+00:00 success=false running=true cancelled=false
querier-1  | 2026-05-16T18:23:17.353449250Z 2026-05-16T18:23:17.353355Z  INFO influxdb3_write::composite_write_buffer: composite get_table_chunks db_schema.id=DbId(1) table_def.table_id=TableId(0) local=1 remote=1 remote_reachable=true tail=0 total=2
querier-1  | 2026-05-16T18:23:17.354621625Z 2026-05-16T18:23:17.354538Z  INFO iox_query::query_log: query when="planned" id=a352d56b-2ad1-4289-879f-82cba461a3bf namespace_id=0 namespace_name="influxdb3 oss" query_type="sql" query_text=-- 6-hour downsampling over an 8-week window. Touches most parquet files
querier-1  | 2026-05-16T18:23:17.354636166Z -- since timestamps span the entire generated range; aggregation work is
querier-1  | 2026-05-16T18:23:17.354637583Z -- dominated by group-by and merge across many files. 6h bins keep result
querier-1  | 2026-05-16T18:23:17.354638375Z -- cardinality manageable while still exercising the full date range.
querier-1  | 2026-05-16T18:23:17.354646333Z SELECT
querier-1  | 2026-05-16T18:23:17.354647000Z     DATE_BIN(INTERVAL '6 hours', time) AS bucket,
querier-1  | 2026-05-16T18:23:17.354647625Z     region,
querier-1  | 2026-05-16T18:23:17.354648208Z     AVG(temp) AS avg_temp,
querier-1  | 2026-05-16T18:23:17.354648750Z     APPROX_PERCENTILE_CONT(humidity, 0.95) AS p95_humidity
querier-1  | 2026-05-16T18:23:17.354649375Z FROM sensors
querier-1  | 2026-05-16T18:23:17.354649958Z WHERE time > now() - INTERVAL '8 weeks'
querier-1  | 2026-05-16T18:23:17.354650750Z GROUP BY bucket, region
querier-1  | 2026-05-16T18:23:17.354651333Z ORDER BY bucket, region query_params=Params { } issue_time=2026-05-16T18:23:17.349233791+00:00 partitions=1 parquet_files=1 deduplicated_partitions=0 deduplicated_parquet_files=0 plan_duration_secs=0.005295167 success=false running=true cancelled=false
querier-1  | 2026-05-16T18:23:17.354652166Z 2026-05-16T18:23:17.354557Z  INFO iox_query::query_log: query when="permit" id=a352d56b-2ad1-4289-879f-82cba461a3bf namespace_id=0 namespace_name="influxdb3 oss" query_type="sql" query_text=-- 6-hour downsampling over an 8-week window. Touches most parquet files
querier-1  | 2026-05-16T18:23:17.354653041Z -- since timestamps span the entire generated range; aggregation work is
querier-1  | 2026-05-16T18:23:17.354653666Z -- dominated by group-by and merge across many files. 6h bins keep result
querier-1  | 2026-05-16T18:23:17.354654291Z -- cardinality manageable while still exercising the full date range.
querier-1  | 2026-05-16T18:23:17.354654875Z SELECT
querier-1  | 2026-05-16T18:23:17.354655375Z     DATE_BIN(INTERVAL '6 hours', time) AS bucket,
querier-1  | 2026-05-16T18:23:17.354656000Z     region,
querier-1  | 2026-05-16T18:23:17.354656541Z     AVG(temp) AS avg_temp,
querier-1  | 2026-05-16T18:23:17.354657083Z     APPROX_PERCENTILE_CONT(humidity, 0.95) AS p95_humidity
querier-1  | 2026-05-16T18:23:17.354657666Z FROM sensors
querier-1  | 2026-05-16T18:23:17.354658208Z WHERE time > now() - INTERVAL '8 weeks'
querier-1  | 2026-05-16T18:23:17.354658750Z GROUP BY bucket, region
querier-1  | 2026-05-16T18:23:17.354659333Z ORDER BY bucket, region query_params=Params { } issue_time=2026-05-16T18:23:17.349233791+00:00 partitions=1 parquet_files=1 deduplicated_partitions=0 deduplicated_parquet_files=0 plan_duration_secs=0.005295167 permit_duration_secs=2.7542e-5 success=false running=true cancelled=false
querier-1  | 2026-05-16T18:23:17.354886666Z 2026-05-16T18:23:17.354819Z  INFO iox_query::query_log: query when="success" id=a352d56b-2ad1-4289-879f-82cba461a3bf namespace_id=0 namespace_name="influxdb3 oss" query_type="sql" query_text=-- 6-hour downsampling over an 8-week window. Touches most parquet files
querier-1  | 2026-05-16T18:23:17.354891500Z -- since timestamps span the entire generated range; aggregation work is
querier-1  | 2026-05-16T18:23:17.354892458Z -- dominated by group-by and merge across many files. 6h bins keep result
querier-1  | 2026-05-16T18:23:17.354893125Z -- cardinality manageable while still exercising the full date range.
querier-1  | 2026-05-16T18:23:17.354893708Z SELECT
querier-1  | 2026-05-16T18:23:17.354894333Z     DATE_BIN(INTERVAL '6 hours', time) AS bucket,
querier-1  | 2026-05-16T18:23:17.354894916Z     region,
querier-1  | 2026-05-16T18:23:17.354899458Z     AVG(temp) AS avg_temp,
querier-1  | 2026-05-16T18:23:17.354900166Z     APPROX_PERCENTILE_CONT(humidity, 0.95) AS p95_humidity
querier-1  | 2026-05-16T18:23:17.354900791Z FROM sensors
querier-1  | 2026-05-16T18:23:17.354901333Z WHERE time > now() - INTERVAL '8 weeks'
querier-1  | 2026-05-16T18:23:17.354902000Z GROUP BY bucket, region
querier-1  | 2026-05-16T18:23:17.354904125Z ORDER BY bucket, region query_params=Params { } issue_time=2026-05-16T18:23:17.349233791+00:00 partitions=1 parquet_files=1 deduplicated_partitions=0 deduplicated_parquet_files=0 plan_duration_secs=0.005295167 permit_duration_secs=2.7542e-5 execute_duration_secs=0.000223208 end2end_duration_secs=0.005584084 compute_duration_secs=0.000174022 max_memory=0 ingester_metrics.latency_to_plan_secs=0.0 ingester_metrics.latency_to_full_data_secs=0.0 ingester_metrics.response_rows=0 ingester_metrics.partition_count=0 ingester_metrics.response_size=0 success=true running=false cancelled=false
querier-1  | 2026-05-16T18:23:17.398375166Z 2026-05-16T18:23:17.398286Z  INFO influxdb3_server::http: handling query_sql database=bench query_str=-- 6-hour downsampling over an 8-week window. Touches most parquet files
querier-1  | 2026-05-16T18:23:17.398387875Z -- since timestamps span the entire generated range; aggregation work is
querier-1  | 2026-05-16T18:23:17.398389375Z -- dominated by group-by and merge across many files. 6h bins keep result
querier-1  | 2026-05-16T18:23:17.398390125Z -- cardinality manageable while still exercising the full date range.
querier-1  | 2026-05-16T18:23:17.398390791Z SELECT
querier-1  | 2026-05-16T18:23:17.398392333Z     DATE_BIN(INTERVAL '6 hours', time) AS bucket,
querier-1  | 2026-05-16T18:23:17.398392958Z     region,
querier-1  | 2026-05-16T18:23:17.398393500Z     AVG(temp) AS avg_temp,
querier-1  | 2026-05-16T18:23:17.398394125Z     APPROX_PERCENTILE_CONT(humidity, 0.95) AS p95_humidity
querier-1  | 2026-05-16T18:23:17.398394791Z FROM sensors
querier-1  | 2026-05-16T18:23:17.398395333Z WHERE time > now() - INTERVAL '8 weeks'
querier-1  | 2026-05-16T18:23:17.398396083Z GROUP BY bucket, region
querier-1  | 2026-05-16T18:23:17.398396625Z ORDER BY bucket, region format=Csv
querier-1  | 2026-05-16T18:23:17.398397375Z 2026-05-16T18:23:17.398304Z  INFO influxdb3_server::query_executor: executing sql query database=bench query=-- 6-hour downsampling over an 8-week window. Touches most parquet files
querier-1  | 2026-05-16T18:23:17.398398083Z -- since timestamps span the entire generated range; aggregation work is
querier-1  | 2026-05-16T18:23:17.398398708Z -- dominated by group-by and merge across many files. 6h bins keep result
querier-1  | 2026-05-16T18:23:17.398399291Z -- cardinality manageable while still exercising the full date range.
querier-1  | 2026-05-16T18:23:17.398399916Z SELECT
querier-1  | 2026-05-16T18:23:17.398400416Z     DATE_BIN(INTERVAL '6 hours', time) AS bucket,
querier-1  | 2026-05-16T18:23:17.398401000Z     region,
querier-1  | 2026-05-16T18:23:17.398401541Z     AVG(temp) AS avg_temp,
querier-1  | 2026-05-16T18:23:17.398402083Z     APPROX_PERCENTILE_CONT(humidity, 0.95) AS p95_humidity
querier-1  | 2026-05-16T18:23:17.398402625Z FROM sensors
querier-1  | 2026-05-16T18:23:17.398403125Z WHERE time > now() - INTERVAL '8 weeks'
querier-1  | 2026-05-16T18:23:17.398410916Z GROUP BY bucket, region
querier-1  | 2026-05-16T18:23:17.398411583Z ORDER BY bucket, region params=None
querier-1  | 2026-05-16T18:23:17.398412208Z 2026-05-16T18:23:17.398335Z  INFO iox_query::query_log: query when="received" id=83f276d6-1414-40ab-a001-a6dbe7695c64 namespace_id=0 namespace_name="influxdb3 oss" query_type="sql" query_text=-- 6-hour downsampling over an 8-week window. Touches most parquet files
querier-1  | 2026-05-16T18:23:17.398413208Z -- since timestamps span the entire generated range; aggregation work is
querier-1  | 2026-05-16T18:23:17.398413833Z -- dominated by group-by and merge across many files. 6h bins keep result
querier-1  | 2026-05-16T18:23:17.398414416Z -- cardinality manageable while still exercising the full date range.
querier-1  | 2026-05-16T18:23:17.398415041Z SELECT
querier-1  | 2026-05-16T18:23:17.398415541Z     DATE_BIN(INTERVAL '6 hours', time) AS bucket,
querier-1  | 2026-05-16T18:23:17.398416125Z     region,
querier-1  | 2026-05-16T18:23:17.398416666Z     AVG(temp) AS avg_temp,
querier-1  | 2026-05-16T18:23:17.398417208Z     APPROX_PERCENTILE_CONT(humidity, 0.95) AS p95_humidity
querier-1  | 2026-05-16T18:23:17.398417791Z FROM sensors
querier-1  | 2026-05-16T18:23:17.398418291Z WHERE time > now() - INTERVAL '8 weeks'
querier-1  | 2026-05-16T18:23:17.398418875Z GROUP BY bucket, region
querier-1  | 2026-05-16T18:23:17.398419666Z ORDER BY bucket, region query_params=Params { } issue_time=2026-05-16T18:23:17.398334125+00:00 success=false running=true cancelled=false
querier-1  | 2026-05-16T18:23:17.402376166Z 2026-05-16T18:23:17.402299Z  INFO influxdb3_write::composite_write_buffer: composite get_table_chunks db_schema.id=DbId(1) table_def.table_id=TableId(0) local=1 remote=1 remote_reachable=true tail=0 total=2
querier-1  | 2026-05-16T18:23:17.403680083Z 2026-05-16T18:23:17.403594Z  INFO iox_query::query_log: query when="planned" id=83f276d6-1414-40ab-a001-a6dbe7695c64 namespace_id=0 namespace_name="influxdb3 oss" query_type="sql" query_text=-- 6-hour downsampling over an 8-week window. Touches most parquet files
querier-1  | 2026-05-16T18:23:17.403694416Z -- since timestamps span the entire generated range; aggregation work is
querier-1  | 2026-05-16T18:23:17.403695583Z -- dominated by group-by and merge across many files. 6h bins keep result
querier-1  | 2026-05-16T18:23:17.403696333Z -- cardinality manageable while still exercising the full date range.
querier-1  | 2026-05-16T18:23:17.403696916Z SELECT
querier-1  | 2026-05-16T18:23:17.403697500Z     DATE_BIN(INTERVAL '6 hours', time) AS bucket,
querier-1  | 2026-05-16T18:23:17.403698125Z     region,
querier-1  | 2026-05-16T18:23:17.403698708Z     AVG(temp) AS avg_temp,
querier-1  | 2026-05-16T18:23:17.403699250Z     APPROX_PERCENTILE_CONT(humidity, 0.95) AS p95_humidity
querier-1  | 2026-05-16T18:23:17.403699875Z FROM sensors
querier-1  | 2026-05-16T18:23:17.403700416Z WHERE time > now() - INTERVAL '8 weeks'
querier-1  | 2026-05-16T18:23:17.403701166Z GROUP BY bucket, region
querier-1  | 2026-05-16T18:23:17.403701750Z ORDER BY bucket, region query_params=Params { } issue_time=2026-05-16T18:23:17.398334125+00:00 partitions=1 parquet_files=1 deduplicated_partitions=0 deduplicated_parquet_files=0 plan_duration_secs=0.005250958 success=false running=true cancelled=false
querier-1  | 2026-05-16T18:23:17.403714041Z 2026-05-16T18:23:17.403616Z  INFO iox_query::query_log: query when="permit" id=83f276d6-1414-40ab-a001-a6dbe7695c64 namespace_id=0 namespace_name="influxdb3 oss" query_type="sql" query_text=-- 6-hour downsampling over an 8-week window. Touches most parquet files
querier-1  | 2026-05-16T18:23:17.403715000Z -- since timestamps span the entire generated range; aggregation work is
querier-1  | 2026-05-16T18:23:17.403715666Z -- dominated by group-by and merge across many files. 6h bins keep result
querier-1  | 2026-05-16T18:23:17.403716291Z -- cardinality manageable while still exercising the full date range.
querier-1  | 2026-05-16T18:23:17.403716875Z SELECT
querier-1  | 2026-05-16T18:23:17.403717458Z     DATE_BIN(INTERVAL '6 hours', time) AS bucket,
querier-1  | 2026-05-16T18:23:17.403718083Z     region,
querier-1  | 2026-05-16T18:23:17.403718666Z     AVG(temp) AS avg_temp,
querier-1  | 2026-05-16T18:23:17.403719208Z     APPROX_PERCENTILE_CONT(humidity, 0.95) AS p95_humidity
querier-1  | 2026-05-16T18:23:17.403719791Z FROM sensors
querier-1  | 2026-05-16T18:23:17.403720291Z WHERE time > now() - INTERVAL '8 weeks'
querier-1  | 2026-05-16T18:23:17.403720833Z GROUP BY bucket, region
querier-1  | 2026-05-16T18:23:17.403721416Z ORDER BY bucket, region query_params=Params { } issue_time=2026-05-16T18:23:17.398334125+00:00 partitions=1 parquet_files=1 deduplicated_partitions=0 deduplicated_parquet_files=0 plan_duration_secs=0.005250958 permit_duration_secs=3.1e-5 success=false running=true cancelled=false
querier-1  | 2026-05-16T18:23:17.404020666Z 2026-05-16T18:23:17.403931Z  INFO iox_query::query_log: query when="success" id=83f276d6-1414-40ab-a001-a6dbe7695c64 namespace_id=0 namespace_name="influxdb3 oss" query_type="sql" query_text=-- 6-hour downsampling over an 8-week window. Touches most parquet files
querier-1  | 2026-05-16T18:23:17.404024708Z -- since timestamps span the entire generated range; aggregation work is
querier-1  | 2026-05-16T18:23:17.404025708Z -- dominated by group-by and merge across many files. 6h bins keep result
querier-1  | 2026-05-16T18:23:17.404026416Z -- cardinality manageable while still exercising the full date range.
querier-1  | 2026-05-16T18:23:17.404027125Z SELECT
querier-1  | 2026-05-16T18:23:17.404027791Z     DATE_BIN(INTERVAL '6 hours', time) AS bucket,
querier-1  | 2026-05-16T18:23:17.404028416Z     region,
querier-1  | 2026-05-16T18:23:17.404029000Z     AVG(temp) AS avg_temp,
querier-1  | 2026-05-16T18:23:17.404029583Z     APPROX_PERCENTILE_CONT(humidity, 0.95) AS p95_humidity
querier-1  | 2026-05-16T18:23:17.404030208Z FROM sensors
querier-1  | 2026-05-16T18:23:17.404030791Z WHERE time > now() - INTERVAL '8 weeks'
querier-1  | 2026-05-16T18:23:17.404031458Z GROUP BY bucket, region
querier-1  | 2026-05-16T18:23:17.404032166Z ORDER BY bucket, region query_params=Params { } issue_time=2026-05-16T18:23:17.398334125+00:00 partitions=1 parquet_files=1 deduplicated_partitions=0 deduplicated_parquet_files=0 plan_duration_secs=0.005250958 permit_duration_secs=3.1e-5 execute_duration_secs=0.000283417 end2end_duration_secs=0.005596 compute_duration_secs=0.000178646 max_memory=0 ingester_metrics.latency_to_plan_secs=0.0 ingester_metrics.latency_to_full_data_secs=0.0 ingester_metrics.response_rows=0 ingester_metrics.partition_count=0 ingester_metrics.response_size=0 success=true running=false cancelled=false
querier-1  | 2026-05-16T18:23:17.448041416Z 2026-05-16T18:23:17.447978Z  INFO influxdb3_server::http: handling query_sql database=bench query_str=-- 6-hour downsampling over an 8-week window. Touches most parquet files
querier-1  | 2026-05-16T18:23:17.448049125Z -- since timestamps span the entire generated range; aggregation work is
querier-1  | 2026-05-16T18:23:17.448050000Z -- dominated by group-by and merge across many files. 6h bins keep result
querier-1  | 2026-05-16T18:23:17.448050708Z -- cardinality manageable while still exercising the full date range.
querier-1  | 2026-05-16T18:23:17.448051333Z SELECT
querier-1  | 2026-05-16T18:23:17.448051875Z     DATE_BIN(INTERVAL '6 hours', time) AS bucket,
querier-1  | 2026-05-16T18:23:17.448052500Z     region,
querier-1  | 2026-05-16T18:23:17.448053083Z     AVG(temp) AS avg_temp,
querier-1  | 2026-05-16T18:23:17.448053708Z     APPROX_PERCENTILE_CONT(humidity, 0.95) AS p95_humidity
querier-1  | 2026-05-16T18:23:17.448054291Z FROM sensors
querier-1  | 2026-05-16T18:23:17.448054833Z WHERE time > now() - INTERVAL '8 weeks'
querier-1  | 2026-05-16T18:23:17.448055500Z GROUP BY bucket, region
querier-1  | 2026-05-16T18:23:17.448056041Z ORDER BY bucket, region format=Csv
querier-1  | 2026-05-16T18:23:17.448056625Z 2026-05-16T18:23:17.447997Z  INFO influxdb3_server::query_executor: executing sql query database=bench query=-- 6-hour downsampling over an 8-week window. Touches most parquet files
querier-1  | 2026-05-16T18:23:17.448057416Z -- since timestamps span the entire generated range; aggregation work is
querier-1  | 2026-05-16T18:23:17.448058000Z -- dominated by group-by and merge across many files. 6h bins keep result
querier-1  | 2026-05-16T18:23:17.448058625Z -- cardinality manageable while still exercising the full date range.
querier-1  | 2026-05-16T18:23:17.448059208Z SELECT
querier-1  | 2026-05-16T18:23:17.448059708Z     DATE_BIN(INTERVAL '6 hours', time) AS bucket,
querier-1  | 2026-05-16T18:23:17.448060250Z     region,
querier-1  | 2026-05-16T18:23:17.448060708Z     AVG(temp) AS avg_temp,
querier-1  | 2026-05-16T18:23:17.448061208Z     APPROX_PERCENTILE_CONT(humidity, 0.95) AS p95_humidity
querier-1  | 2026-05-16T18:23:17.448061708Z FROM sensors
querier-1  | 2026-05-16T18:23:17.448062166Z WHERE time > now() - INTERVAL '8 weeks'
querier-1  | 2026-05-16T18:23:17.448062666Z GROUP BY bucket, region
querier-1  | 2026-05-16T18:23:17.448063125Z ORDER BY bucket, region params=None
querier-1  | 2026-05-16T18:23:17.448063666Z 2026-05-16T18:23:17.448017Z  INFO iox_query::query_log: query when="received" id=a6af5e0a-5efd-478b-ad5a-58beea5b72e8 namespace_id=0 namespace_name="influxdb3 oss" query_type="sql" query_text=-- 6-hour downsampling over an 8-week window. Touches most parquet files
querier-1  | 2026-05-16T18:23:17.448064583Z -- since timestamps span the entire generated range; aggregation work is
querier-1  | 2026-05-16T18:23:17.448065083Z -- dominated by group-by and merge across many files. 6h bins keep result
querier-1  | 2026-05-16T18:23:17.448065625Z -- cardinality manageable while still exercising the full date range.
querier-1  | 2026-05-16T18:23:17.448066125Z SELECT
querier-1  | 2026-05-16T18:23:17.448073833Z     DATE_BIN(INTERVAL '6 hours', time) AS bucket,
querier-1  | 2026-05-16T18:23:17.448074541Z     region,
querier-1  | 2026-05-16T18:23:17.448075000Z     AVG(temp) AS avg_temp,
querier-1  | 2026-05-16T18:23:17.448075500Z     APPROX_PERCENTILE_CONT(humidity, 0.95) AS p95_humidity
querier-1  | 2026-05-16T18:23:17.448076041Z FROM sensors
querier-1  | 2026-05-16T18:23:17.448076500Z WHERE time > now() - INTERVAL '8 weeks'
querier-1  | 2026-05-16T18:23:17.448077000Z GROUP BY bucket, region
querier-1  | 2026-05-16T18:23:17.448077750Z ORDER BY bucket, region query_params=Params { } issue_time=2026-05-16T18:23:17.448015750+00:00 success=false running=true cancelled=false
querier-1  | 2026-05-16T18:23:17.452175166Z 2026-05-16T18:23:17.452089Z  INFO influxdb3_write::composite_write_buffer: composite get_table_chunks db_schema.id=DbId(1) table_def.table_id=TableId(0) local=1 remote=1 remote_reachable=true tail=0 total=2
querier-1  | 2026-05-16T18:23:17.453189625Z 2026-05-16T18:23:17.453125Z  INFO iox_query::query_log: query when="planned" id=a6af5e0a-5efd-478b-ad5a-58beea5b72e8 namespace_id=0 namespace_name="influxdb3 oss" query_type="sql" query_text=-- 6-hour downsampling over an 8-week window. Touches most parquet files
querier-1  | 2026-05-16T18:23:17.453194625Z -- since timestamps span the entire generated range; aggregation work is
querier-1  | 2026-05-16T18:23:17.453195375Z -- dominated by group-by and merge across many files. 6h bins keep result
querier-1  | 2026-05-16T18:23:17.453196083Z -- cardinality manageable while still exercising the full date range.
querier-1  | 2026-05-16T18:23:17.453196750Z SELECT
querier-1  | 2026-05-16T18:23:17.453197291Z     DATE_BIN(INTERVAL '6 hours', time) AS bucket,
querier-1  | 2026-05-16T18:23:17.453197875Z     region,
querier-1  | 2026-05-16T18:23:17.453198416Z     AVG(temp) AS avg_temp,
querier-1  | 2026-05-16T18:23:17.453198958Z     APPROX_PERCENTILE_CONT(humidity, 0.95) AS p95_humidity
querier-1  | 2026-05-16T18:23:17.453199541Z FROM sensors
querier-1  | 2026-05-16T18:23:17.453200083Z WHERE time > now() - INTERVAL '8 weeks'
querier-1  | 2026-05-16T18:23:17.453200833Z GROUP BY bucket, region
querier-1  | 2026-05-16T18:23:17.453201416Z ORDER BY bucket, region query_params=Params { } issue_time=2026-05-16T18:23:17.448015750+00:00 partitions=1 parquet_files=1 deduplicated_partitions=0 deduplicated_parquet_files=0 plan_duration_secs=0.005103 success=false running=true cancelled=false
querier-1  | 2026-05-16T18:23:17.453202250Z 2026-05-16T18:23:17.453139Z  INFO iox_query::query_log: query when="permit" id=a6af5e0a-5efd-478b-ad5a-58beea5b72e8 namespace_id=0 namespace_name="influxdb3 oss" query_type="sql" query_text=-- 6-hour downsampling over an 8-week window. Touches most parquet files
querier-1  | 2026-05-16T18:23:17.453203083Z -- since timestamps span the entire generated range; aggregation work is
querier-1  | 2026-05-16T18:23:17.453203666Z -- dominated by group-by and merge across many files. 6h bins keep result
querier-1  | 2026-05-16T18:23:17.453204291Z -- cardinality manageable while still exercising the full date range.
querier-1  | 2026-05-16T18:23:17.453204875Z SELECT
querier-1  | 2026-05-16T18:23:17.453205375Z     DATE_BIN(INTERVAL '6 hours', time) AS bucket,
querier-1  | 2026-05-16T18:23:17.453205958Z     region,
querier-1  | 2026-05-16T18:23:17.453213083Z     AVG(temp) AS avg_temp,
querier-1  | 2026-05-16T18:23:17.453213708Z     APPROX_PERCENTILE_CONT(humidity, 0.95) AS p95_humidity
querier-1  | 2026-05-16T18:23:17.453214291Z FROM sensors
querier-1  | 2026-05-16T18:23:17.453215000Z WHERE time > now() - INTERVAL '8 weeks'
querier-1  | 2026-05-16T18:23:17.453215583Z GROUP BY bucket, region
querier-1  | 2026-05-16T18:23:17.453216208Z ORDER BY bucket, region query_params=Params { } issue_time=2026-05-16T18:23:17.448015750+00:00 partitions=1 parquet_files=1 deduplicated_partitions=0 deduplicated_parquet_files=0 plan_duration_secs=0.005103 permit_duration_secs=2.0166e-5 success=false running=true cancelled=false
querier-1  | 2026-05-16T18:23:17.453508166Z 2026-05-16T18:23:17.453403Z  INFO iox_query::query_log: query when="success" id=a6af5e0a-5efd-478b-ad5a-58beea5b72e8 namespace_id=0 namespace_name="influxdb3 oss" query_type="sql" query_text=-- 6-hour downsampling over an 8-week window. Touches most parquet files
querier-1  | 2026-05-16T18:23:17.453521333Z -- since timestamps span the entire generated range; aggregation work is
querier-1  | 2026-05-16T18:23:17.453522333Z -- dominated by group-by and merge across many files. 6h bins keep result
querier-1  | 2026-05-16T18:23:17.453523041Z -- cardinality manageable while still exercising the full date range.
querier-1  | 2026-05-16T18:23:17.453523666Z SELECT
querier-1  | 2026-05-16T18:23:17.453524416Z     DATE_BIN(INTERVAL '6 hours', time) AS bucket,
querier-1  | 2026-05-16T18:23:17.453525041Z     region,
querier-1  | 2026-05-16T18:23:17.453525625Z     AVG(temp) AS avg_temp,
querier-1  | 2026-05-16T18:23:17.453526166Z     APPROX_PERCENTILE_CONT(humidity, 0.95) AS p95_humidity
querier-1  | 2026-05-16T18:23:17.453526875Z FROM sensors
querier-1  | 2026-05-16T18:23:17.453527458Z WHERE time > now() - INTERVAL '8 weeks'
querier-1  | 2026-05-16T18:23:17.453528208Z GROUP BY bucket, region
querier-1  | 2026-05-16T18:23:17.453528875Z ORDER BY bucket, region query_params=Params { } issue_time=2026-05-16T18:23:17.448015750+00:00 partitions=1 parquet_files=1 deduplicated_partitions=0 deduplicated_parquet_files=0 plan_duration_secs=0.005103 permit_duration_secs=2.0166e-5 execute_duration_secs=0.000218417 end2end_duration_secs=0.00538625 compute_duration_secs=0.00019456 max_memory=6399640 ingester_metrics.latency_to_plan_secs=0.0 ingester_metrics.latency_to_full_data_secs=0.0 ingester_metrics.response_rows=0 ingester_metrics.partition_count=0 ingester_metrics.response_size=0 success=true running=false cancelled=false
querier-1  | 2026-05-16T18:23:17.497399916Z 2026-05-16T18:23:17.497311Z  INFO influxdb3_server::http: handling query_sql database=bench query_str=-- 1-week recent window — exercises the gen1-heavy tail. Most recent data
querier-1  | 2026-05-16T18:23:17.497411166Z -- still sits in many small gen1 files; compaction should already be
querier-1  | 2026-05-16T18:23:17.497412583Z -- promoting older portions of this window to gen2/3.
querier-1  | 2026-05-16T18:23:17.497413500Z SELECT region, AVG(temp), COUNT(*)
querier-1  | 2026-05-16T18:23:17.497414291Z FROM sensors
querier-1  | 2026-05-16T18:23:17.497415041Z WHERE time > now() - INTERVAL '1 week'
querier-1  | 2026-05-16T18:23:17.497415875Z GROUP BY region format=Csv
querier-1  | 2026-05-16T18:23:17.497416625Z 2026-05-16T18:23:17.497339Z  INFO influxdb3_server::query_executor: executing sql query database=bench query=-- 1-week recent window — exercises the gen1-heavy tail. Most recent data
querier-1  | 2026-05-16T18:23:17.497429375Z -- still sits in many small gen1 files; compaction should already be
querier-1  | 2026-05-16T18:23:17.497430291Z -- promoting older portions of this window to gen2/3.
querier-1  | 2026-05-16T18:23:17.497431041Z SELECT region, AVG(temp), COUNT(*)
querier-1  | 2026-05-16T18:23:17.497431750Z FROM sensors
querier-1  | 2026-05-16T18:23:17.497432458Z WHERE time > now() - INTERVAL '1 week'
querier-1  | 2026-05-16T18:23:17.497433166Z GROUP BY region params=None
querier-1  | 2026-05-16T18:23:17.497433875Z 2026-05-16T18:23:17.497360Z  INFO iox_query::query_log: query when="received" id=ec8262a2-2cca-4a2d-b7e1-50f6054baff6 namespace_id=0 namespace_name="influxdb3 oss" query_type="sql" query_text=-- 1-week recent window — exercises the gen1-heavy tail. Most recent data
querier-1  | 2026-05-16T18:23:17.497435375Z -- still sits in many small gen1 files; compaction should already be
querier-1  | 2026-05-16T18:23:17.497436208Z -- promoting older portions of this window to gen2/3.
querier-1  | 2026-05-16T18:23:17.497436958Z SELECT region, AVG(temp), COUNT(*)
querier-1  | 2026-05-16T18:23:17.497437666Z FROM sensors
querier-1  | 2026-05-16T18:23:17.497438375Z WHERE time > now() - INTERVAL '1 week'
querier-1  | 2026-05-16T18:23:17.497439125Z GROUP BY region query_params=Params { } issue_time=2026-05-16T18:23:17.497359500+00:00 success=false running=true cancelled=false
querier-1  | 2026-05-16T18:23:17.499086250Z 2026-05-16T18:23:17.499029Z  INFO influxdb3_write::composite_write_buffer: composite get_table_chunks db_schema.id=DbId(1) table_def.table_id=TableId(0) local=1 remote=1 remote_reachable=true tail=0 total=2
querier-1  | 2026-05-16T18:23:17.499827166Z 2026-05-16T18:23:17.499770Z  INFO iox_query::query_log: query when="planned" id=ec8262a2-2cca-4a2d-b7e1-50f6054baff6 namespace_id=0 namespace_name="influxdb3 oss" query_type="sql" query_text=-- 1-week recent window — exercises the gen1-heavy tail. Most recent data
querier-1  | 2026-05-16T18:23:17.499833208Z -- still sits in many small gen1 files; compaction should already be
querier-1  | 2026-05-16T18:23:17.499834208Z -- promoting older portions of this window to gen2/3.
querier-1  | 2026-05-16T18:23:17.499835083Z SELECT region, AVG(temp), COUNT(*)
querier-1  | 2026-05-16T18:23:17.499835875Z FROM sensors
querier-1  | 2026-05-16T18:23:17.499836583Z WHERE time > now() - INTERVAL '1 week'
querier-1  | 2026-05-16T18:23:17.499837500Z GROUP BY region query_params=Params { } issue_time=2026-05-16T18:23:17.497359500+00:00 partitions=1 parquet_files=1 deduplicated_partitions=0 deduplicated_parquet_files=0 plan_duration_secs=0.002405291 success=false running=true cancelled=false
querier-1  | 2026-05-16T18:23:17.499838541Z 2026-05-16T18:23:17.499784Z  INFO iox_query::query_log: query when="permit" id=ec8262a2-2cca-4a2d-b7e1-50f6054baff6 namespace_id=0 namespace_name="influxdb3 oss" query_type="sql" query_text=-- 1-week recent window — exercises the gen1-heavy tail. Most recent data
querier-1  | 2026-05-16T18:23:17.499839416Z -- still sits in many small gen1 files; compaction should already be
querier-1  | 2026-05-16T18:23:17.499840041Z -- promoting older portions of this window to gen2/3.
querier-1  | 2026-05-16T18:23:17.499840666Z SELECT region, AVG(temp), COUNT(*)
querier-1  | 2026-05-16T18:23:17.499844833Z FROM sensors
querier-1  | 2026-05-16T18:23:17.499845458Z WHERE time > now() - INTERVAL '1 week'
querier-1  | 2026-05-16T18:23:17.499846083Z GROUP BY region query_params=Params { } issue_time=2026-05-16T18:23:17.497359500+00:00 partitions=1 parquet_files=1 deduplicated_partitions=0 deduplicated_parquet_files=0 plan_duration_secs=0.002405291 permit_duration_secs=1.9125e-5 success=false running=true cancelled=false
querier-1  | 2026-05-16T18:23:17.499926750Z 2026-05-16T18:23:17.499863Z  INFO iox_query::query_log: query when="success" id=ec8262a2-2cca-4a2d-b7e1-50f6054baff6 namespace_id=0 namespace_name="influxdb3 oss" query_type="sql" query_text=-- 1-week recent window — exercises the gen1-heavy tail. Most recent data
querier-1  | 2026-05-16T18:23:17.499935000Z -- still sits in many small gen1 files; compaction should already be
querier-1  | 2026-05-16T18:23:17.499936041Z -- promoting older portions of this window to gen2/3.
querier-1  | 2026-05-16T18:23:17.499937000Z SELECT region, AVG(temp), COUNT(*)
querier-1  | 2026-05-16T18:23:17.499937791Z FROM sensors
querier-1  | 2026-05-16T18:23:17.499938541Z WHERE time > now() - INTERVAL '1 week'
querier-1  | 2026-05-16T18:23:17.499939500Z GROUP BY region query_params=Params { } issue_time=2026-05-16T18:23:17.497359500+00:00 partitions=1 parquet_files=1 deduplicated_partitions=0 deduplicated_parquet_files=0 plan_duration_secs=0.002405291 permit_duration_secs=1.9125e-5 execute_duration_secs=7.325e-5 end2end_duration_secs=0.002503791 compute_duration_secs=3.1919e-5 max_memory=0 ingester_metrics.latency_to_plan_secs=0.0 ingester_metrics.latency_to_full_data_secs=0.0 ingester_metrics.response_rows=0 ingester_metrics.partition_count=0 ingester_metrics.response_size=0 success=true running=false cancelled=false
querier-1  | 2026-05-16T18:23:17.524567125Z 2026-05-16T18:23:17.524491Z  INFO influxdb3_server::http: handling query_sql database=bench query_str=-- 1-week recent window — exercises the gen1-heavy tail. Most recent data
querier-1  | 2026-05-16T18:23:17.524590291Z -- still sits in many small gen1 files; compaction should already be
querier-1  | 2026-05-16T18:23:17.524592083Z -- promoting older portions of this window to gen2/3.
querier-1  | 2026-05-16T18:23:17.524593000Z SELECT region, AVG(temp), COUNT(*)
querier-1  | 2026-05-16T18:23:17.524593875Z FROM sensors
querier-1  | 2026-05-16T18:23:17.524594625Z WHERE time > now() - INTERVAL '1 week'
querier-1  | 2026-05-16T18:23:17.524595458Z GROUP BY region format=Csv
querier-1  | 2026-05-16T18:23:17.524596166Z 2026-05-16T18:23:17.524508Z  INFO influxdb3_server::query_executor: executing sql query database=bench query=-- 1-week recent window — exercises the gen1-heavy tail. Most recent data
querier-1  | 2026-05-16T18:23:17.524597125Z -- still sits in many small gen1 files; compaction should already be
querier-1  | 2026-05-16T18:23:17.524597916Z -- promoting older portions of this window to gen2/3.
querier-1  | 2026-05-16T18:23:17.524598625Z SELECT region, AVG(temp), COUNT(*)
querier-1  | 2026-05-16T18:23:17.524599333Z FROM sensors
querier-1  | 2026-05-16T18:23:17.524599958Z WHERE time > now() - INTERVAL '1 week'
querier-1  | 2026-05-16T18:23:17.524600708Z GROUP BY region params=None
querier-1  | 2026-05-16T18:23:17.524601416Z 2026-05-16T18:23:17.524526Z  INFO iox_query::query_log: query when="received" id=59fcd111-6e5b-40bb-926d-579804dcad1b namespace_id=0 namespace_name="influxdb3 oss" query_type="sql" query_text=-- 1-week recent window — exercises the gen1-heavy tail. Most recent data
querier-1  | 2026-05-16T18:23:17.524610208Z -- still sits in many small gen1 files; compaction should already be
querier-1  | 2026-05-16T18:23:17.524610875Z -- promoting older portions of this window to gen2/3.
querier-1  | 2026-05-16T18:23:17.524611500Z SELECT region, AVG(temp), COUNT(*)
querier-1  | 2026-05-16T18:23:17.524612166Z FROM sensors
querier-1  | 2026-05-16T18:23:17.524612708Z WHERE time > now() - INTERVAL '1 week'
querier-1  | 2026-05-16T18:23:17.524613333Z GROUP BY region query_params=Params { } issue_time=2026-05-16T18:23:17.524525791+00:00 success=false running=true cancelled=false
querier-1  | 2026-05-16T18:23:17.526260500Z 2026-05-16T18:23:17.526201Z  INFO influxdb3_write::composite_write_buffer: composite get_table_chunks db_schema.id=DbId(1) table_def.table_id=TableId(0) local=1 remote=1 remote_reachable=true tail=0 total=2
querier-1  | 2026-05-16T18:23:17.527031625Z 2026-05-16T18:23:17.526968Z  INFO iox_query::query_log: query when="planned" id=59fcd111-6e5b-40bb-926d-579804dcad1b namespace_id=0 namespace_name="influxdb3 oss" query_type="sql" query_text=-- 1-week recent window — exercises the gen1-heavy tail. Most recent data
querier-1  | 2026-05-16T18:23:17.527038291Z -- still sits in many small gen1 files; compaction should already be
querier-1  | 2026-05-16T18:23:17.527039291Z -- promoting older portions of this window to gen2/3.
querier-1  | 2026-05-16T18:23:17.527040125Z SELECT region, AVG(temp), COUNT(*)
querier-1  | 2026-05-16T18:23:17.527040916Z FROM sensors
querier-1  | 2026-05-16T18:23:17.527041666Z WHERE time > now() - INTERVAL '1 week'
querier-1  | 2026-05-16T18:23:17.527042583Z GROUP BY region query_params=Params { } issue_time=2026-05-16T18:23:17.524525791+00:00 partitions=1 parquet_files=1 deduplicated_partitions=0 deduplicated_parquet_files=0 plan_duration_secs=0.002435125 success=false running=true cancelled=false
querier-1  | 2026-05-16T18:23:17.527043666Z 2026-05-16T18:23:17.526983Z  INFO iox_query::query_log: query when="permit" id=59fcd111-6e5b-40bb-926d-579804dcad1b namespace_id=0 namespace_name="influxdb3 oss" query_type="sql" query_text=-- 1-week recent window — exercises the gen1-heavy tail. Most recent data
querier-1  | 2026-05-16T18:23:17.527044791Z -- still sits in many small gen1 files; compaction should already be
querier-1  | 2026-05-16T18:23:17.527045583Z -- promoting older portions of this window to gen2/3.
querier-1  | 2026-05-16T18:23:17.527046375Z SELECT region, AVG(temp), COUNT(*)
querier-1  | 2026-05-16T18:23:17.527047083Z FROM sensors
querier-1  | 2026-05-16T18:23:17.527047750Z WHERE time > now() - INTERVAL '1 week'
querier-1  | 2026-05-16T18:23:17.527048583Z GROUP BY region query_params=Params { } issue_time=2026-05-16T18:23:17.524525791+00:00 partitions=1 parquet_files=1 deduplicated_partitions=0 deduplicated_parquet_files=0 plan_duration_secs=0.002435125 permit_duration_secs=2.1917e-5 success=false running=true cancelled=false
querier-1  | 2026-05-16T18:23:17.527126541Z 2026-05-16T18:23:17.527071Z  INFO iox_query::query_log: query when="success" id=59fcd111-6e5b-40bb-926d-579804dcad1b namespace_id=0 namespace_name="influxdb3 oss" query_type="sql" query_text=-- 1-week recent window — exercises the gen1-heavy tail. Most recent data
querier-1  | 2026-05-16T18:23:17.527137666Z -- still sits in many small gen1 files; compaction should already be
querier-1  | 2026-05-16T18:23:17.527138666Z -- promoting older portions of this window to gen2/3.
querier-1  | 2026-05-16T18:23:17.527139375Z SELECT region, AVG(temp), COUNT(*)
querier-1  | 2026-05-16T18:23:17.527139958Z FROM sensors
querier-1  | 2026-05-16T18:23:17.527140666Z WHERE time > now() - INTERVAL '1 week'
querier-1  | 2026-05-16T18:23:17.527141416Z GROUP BY region query_params=Params { } issue_time=2026-05-16T18:23:17.524525791+00:00 partitions=1 parquet_files=1 deduplicated_partitions=0 deduplicated_parquet_files=0 plan_duration_secs=0.002435125 permit_duration_secs=2.1917e-5 execute_duration_secs=8.0792e-5 end2end_duration_secs=0.002544917 compute_duration_secs=3.742e-5 max_memory=0 ingester_metrics.latency_to_plan_secs=0.0 ingester_metrics.latency_to_full_data_secs=0.0 ingester_metrics.response_rows=0 ingester_metrics.partition_count=0 ingester_metrics.response_size=0 success=true running=false cancelled=false
querier-1  | 2026-05-16T18:23:17.551724833Z 2026-05-16T18:23:17.551654Z  INFO influxdb3_server::http: handling query_sql database=bench query_str=-- 1-week recent window — exercises the gen1-heavy tail. Most recent data
querier-1  | 2026-05-16T18:23:17.551734916Z -- still sits in many small gen1 files; compaction should already be
querier-1  | 2026-05-16T18:23:17.551735708Z -- promoting older portions of this window to gen2/3.
querier-1  | 2026-05-16T18:23:17.551736291Z SELECT region, AVG(temp), COUNT(*)
querier-1  | 2026-05-16T18:23:17.551736875Z FROM sensors
querier-1  | 2026-05-16T18:23:17.551737500Z WHERE time > now() - INTERVAL '1 week'
querier-1  | 2026-05-16T18:23:17.551738250Z GROUP BY region format=Csv
querier-1  | 2026-05-16T18:23:17.551738833Z 2026-05-16T18:23:17.551671Z  INFO influxdb3_server::query_executor: executing sql query database=bench query=-- 1-week recent window — exercises the gen1-heavy tail. Most recent data
querier-1  | 2026-05-16T18:23:17.551739541Z -- still sits in many small gen1 files; compaction should already be
querier-1  | 2026-05-16T18:23:17.551740125Z -- promoting older portions of this window to gen2/3.
querier-1  | 2026-05-16T18:23:17.551740666Z SELECT region, AVG(temp), COUNT(*)
querier-1  | 2026-05-16T18:23:17.551741208Z FROM sensors
querier-1  | 2026-05-16T18:23:17.551741708Z WHERE time > now() - INTERVAL '1 week'
querier-1  | 2026-05-16T18:23:17.551742291Z GROUP BY region params=None
querier-1  | 2026-05-16T18:23:17.551742875Z 2026-05-16T18:23:17.551693Z  INFO iox_query::query_log: query when="received" id=ad304e45-0fc4-4213-b22e-b0859eef1906 namespace_id=0 namespace_name="influxdb3 oss" query_type="sql" query_text=-- 1-week recent window — exercises the gen1-heavy tail. Most recent data
querier-1  | 2026-05-16T18:23:17.551743708Z -- still sits in many small gen1 files; compaction should already be
querier-1  | 2026-05-16T18:23:17.551744250Z -- promoting older portions of this window to gen2/3.
querier-1  | 2026-05-16T18:23:17.551744833Z SELECT region, AVG(temp), COUNT(*)
querier-1  | 2026-05-16T18:23:17.551745375Z FROM sensors
querier-1  | 2026-05-16T18:23:17.551745875Z WHERE time > now() - INTERVAL '1 week'
querier-1  | 2026-05-16T18:23:17.551746458Z GROUP BY region query_params=Params { } issue_time=2026-05-16T18:23:17.551692208+00:00 success=false running=true cancelled=false
querier-1  | 2026-05-16T18:23:17.553482458Z 2026-05-16T18:23:17.553413Z  INFO influxdb3_write::composite_write_buffer: composite get_table_chunks db_schema.id=DbId(1) table_def.table_id=TableId(0) local=1 remote=1 remote_reachable=true tail=0 total=2
querier-1  | 2026-05-16T18:23:17.554357625Z 2026-05-16T18:23:17.554270Z  INFO iox_query::query_log: query when="planned" id=ad304e45-0fc4-4213-b22e-b0859eef1906 namespace_id=0 namespace_name="influxdb3 oss" query_type="sql" query_text=-- 1-week recent window — exercises the gen1-heavy tail. Most recent data
querier-1  | 2026-05-16T18:23:17.554367000Z -- still sits in many small gen1 files; compaction should already be
querier-1  | 2026-05-16T18:23:17.554368000Z -- promoting older portions of this window to gen2/3.
querier-1  | 2026-05-16T18:23:17.554368708Z SELECT region, AVG(temp), COUNT(*)
querier-1  | 2026-05-16T18:23:17.554369375Z FROM sensors
querier-1  | 2026-05-16T18:23:17.554370041Z WHERE time > now() - INTERVAL '1 week'
querier-1  | 2026-05-16T18:23:17.554371125Z GROUP BY region query_params=Params { } issue_time=2026-05-16T18:23:17.551692208+00:00 partitions=1 parquet_files=1 deduplicated_partitions=0 deduplicated_parquet_files=0 plan_duration_secs=0.002547208 success=false running=true cancelled=false
querier-1  | 2026-05-16T18:23:17.554372000Z 2026-05-16T18:23:17.554294Z  INFO iox_query::query_log: query when="permit" id=ad304e45-0fc4-4213-b22e-b0859eef1906 namespace_id=0 namespace_name="influxdb3 oss" query_type="sql" query_text=-- 1-week recent window — exercises the gen1-heavy tail. Most recent data
querier-1  | 2026-05-16T18:23:17.554373000Z -- still sits in many small gen1 files; compaction should already be
querier-1  | 2026-05-16T18:23:17.554373625Z -- promoting older portions of this window to gen2/3.
querier-1  | 2026-05-16T18:23:17.554374250Z SELECT region, AVG(temp), COUNT(*)
querier-1  | 2026-05-16T18:23:17.554374875Z FROM sensors
querier-1  | 2026-05-16T18:23:17.554375416Z WHERE time > now() - INTERVAL '1 week'
querier-1  | 2026-05-16T18:23:17.554376041Z GROUP BY region query_params=Params { } issue_time=2026-05-16T18:23:17.551692208+00:00 partitions=1 parquet_files=1 deduplicated_partitions=0 deduplicated_parquet_files=0 plan_duration_secs=0.002547208 permit_duration_secs=5.4042e-5 success=false running=true cancelled=false
querier-1  | 2026-05-16T18:23:17.554524250Z 2026-05-16T18:23:17.554442Z  INFO iox_query::query_log: query when="success" id=ad304e45-0fc4-4213-b22e-b0859eef1906 namespace_id=0 namespace_name="influxdb3 oss" query_type="sql" query_text=-- 1-week recent window — exercises the gen1-heavy tail. Most recent data
querier-1  | 2026-05-16T18:23:17.554529916Z -- still sits in many small gen1 files; compaction should already be
querier-1  | 2026-05-16T18:23:17.554530875Z -- promoting older portions of this window to gen2/3.
querier-1  | 2026-05-16T18:23:17.554531625Z SELECT region, AVG(temp), COUNT(*)
querier-1  | 2026-05-16T18:23:17.554532250Z FROM sensors
querier-1  | 2026-05-16T18:23:17.554534416Z WHERE time > now() - INTERVAL '1 week'
querier-1  | 2026-05-16T18:23:17.554535291Z GROUP BY region query_params=Params { } issue_time=2026-05-16T18:23:17.551692208+00:00 partitions=1 parquet_files=1 deduplicated_partitions=0 deduplicated_parquet_files=0 plan_duration_secs=0.002547208 permit_duration_secs=5.4042e-5 execute_duration_secs=0.000135708 end2end_duration_secs=0.002749875 compute_duration_secs=6.9969e-5 max_memory=0 ingester_metrics.latency_to_plan_secs=0.0 ingester_metrics.latency_to_full_data_secs=0.0 ingester_metrics.response_rows=0 ingester_metrics.partition_count=0 ingester_metrics.response_size=0 success=true running=false cancelled=false
querier-1  | 2026-05-16T18:23:17.579627041Z 2026-05-16T18:23:17.579549Z  INFO influxdb3_server::http: handling query_sql database=bench query_str=-- 1-week recent window — exercises the gen1-heavy tail. Most recent data
querier-1  | 2026-05-16T18:23:17.579636958Z -- still sits in many small gen1 files; compaction should already be
querier-1  | 2026-05-16T18:23:17.579638125Z -- promoting older portions of this window to gen2/3.
querier-1  | 2026-05-16T18:23:17.579638916Z SELECT region, AVG(temp), COUNT(*)
querier-1  | 2026-05-16T18:23:17.579639625Z FROM sensors
querier-1  | 2026-05-16T18:23:17.579640458Z WHERE time > now() - INTERVAL '1 week'
querier-1  | 2026-05-16T18:23:17.579641458Z GROUP BY region format=Csv
querier-1  | 2026-05-16T18:23:17.579642250Z 2026-05-16T18:23:17.579569Z  INFO influxdb3_server::query_executor: executing sql query database=bench query=-- 1-week recent window — exercises the gen1-heavy tail. Most recent data
querier-1  | 2026-05-16T18:23:17.579643250Z -- still sits in many small gen1 files; compaction should already be
querier-1  | 2026-05-16T18:23:17.579644000Z -- promoting older portions of this window to gen2/3.
querier-1  | 2026-05-16T18:23:17.579644833Z SELECT region, AVG(temp), COUNT(*)
querier-1  | 2026-05-16T18:23:17.579645583Z FROM sensors
querier-1  | 2026-05-16T18:23:17.579646375Z WHERE time > now() - INTERVAL '1 week'
querier-1  | 2026-05-16T18:23:17.579647125Z GROUP BY region params=None
querier-1  | 2026-05-16T18:23:17.579647916Z 2026-05-16T18:23:17.579594Z  INFO iox_query::query_log: query when="received" id=1d829de9-cf06-4471-81e6-01014b819dd4 namespace_id=0 namespace_name="influxdb3 oss" query_type="sql" query_text=-- 1-week recent window — exercises the gen1-heavy tail. Most recent data
querier-1  | 2026-05-16T18:23:17.579649208Z -- still sits in many small gen1 files; compaction should already be
querier-1  | 2026-05-16T18:23:17.579649916Z -- promoting older portions of this window to gen2/3.
querier-1  | 2026-05-16T18:23:17.579650666Z SELECT region, AVG(temp), COUNT(*)
querier-1  | 2026-05-16T18:23:17.579651416Z FROM sensors
querier-1  | 2026-05-16T18:23:17.579652125Z WHERE time > now() - INTERVAL '1 week'
querier-1  | 2026-05-16T18:23:17.579653000Z GROUP BY region query_params=Params { } issue_time=2026-05-16T18:23:17.579593375+00:00 success=false running=true cancelled=false
querier-1  | 2026-05-16T18:23:17.581680208Z 2026-05-16T18:23:17.581622Z  INFO influxdb3_write::composite_write_buffer: composite get_table_chunks db_schema.id=DbId(1) table_def.table_id=TableId(0) local=1 remote=1 remote_reachable=true tail=0 total=2
querier-1  | 2026-05-16T18:23:17.582608916Z 2026-05-16T18:23:17.582484Z  INFO iox_query::query_log: query when="planned" id=1d829de9-cf06-4471-81e6-01014b819dd4 namespace_id=0 namespace_name="influxdb3 oss" query_type="sql" query_text=-- 1-week recent window — exercises the gen1-heavy tail. Most recent data
querier-1  | 2026-05-16T18:23:17.582612791Z -- still sits in many small gen1 files; compaction should already be
querier-1  | 2026-05-16T18:23:17.582613541Z -- promoting older portions of this window to gen2/3.
querier-1  | 2026-05-16T18:23:17.582614166Z SELECT region, AVG(temp), COUNT(*)
querier-1  | 2026-05-16T18:23:17.582621500Z FROM sensors
querier-1  | 2026-05-16T18:23:17.582622166Z WHERE time > now() - INTERVAL '1 week'
querier-1  | 2026-05-16T18:23:17.582623041Z GROUP BY region query_params=Params { } issue_time=2026-05-16T18:23:17.579593375+00:00 partitions=1 parquet_files=1 deduplicated_partitions=0 deduplicated_parquet_files=0 plan_duration_secs=0.0028855 success=false running=true cancelled=false
querier-1  | 2026-05-16T18:23:17.582624000Z 2026-05-16T18:23:17.582499Z  INFO iox_query::query_log: query when="permit" id=1d829de9-cf06-4471-81e6-01014b819dd4 namespace_id=0 namespace_name="influxdb3 oss" query_type="sql" query_text=-- 1-week recent window — exercises the gen1-heavy tail. Most recent data
querier-1  | 2026-05-16T18:23:17.582624875Z -- still sits in many small gen1 files; compaction should already be
querier-1  | 2026-05-16T18:23:17.582625500Z -- promoting older portions of this window to gen2/3.
querier-1  | 2026-05-16T18:23:17.582626166Z SELECT region, AVG(temp), COUNT(*)
querier-1  | 2026-05-16T18:23:17.582626750Z FROM sensors
querier-1  | 2026-05-16T18:23:17.582627291Z WHERE time > now() - INTERVAL '1 week'
querier-1  | 2026-05-16T18:23:17.582627916Z GROUP BY region query_params=Params { } issue_time=2026-05-16T18:23:17.579593375+00:00 partitions=1 parquet_files=1 deduplicated_partitions=0 deduplicated_parquet_files=0 plan_duration_secs=0.0028855 permit_duration_secs=1.9708e-5 success=false running=true cancelled=false
querier-1  | 2026-05-16T18:23:17.582712750Z 2026-05-16T18:23:17.582588Z  INFO iox_query::query_log: query when="success" id=1d829de9-cf06-4471-81e6-01014b819dd4 namespace_id=0 namespace_name="influxdb3 oss" query_type="sql" query_text=-- 1-week recent window — exercises the gen1-heavy tail. Most recent data
querier-1  | 2026-05-16T18:23:17.582723416Z -- still sits in many small gen1 files; compaction should already be
querier-1  | 2026-05-16T18:23:17.582724666Z -- promoting older portions of this window to gen2/3.
querier-1  | 2026-05-16T18:23:17.582725416Z SELECT region, AVG(temp), COUNT(*)
querier-1  | 2026-05-16T18:23:17.582726041Z FROM sensors
querier-1  | 2026-05-16T18:23:17.582726708Z WHERE time > now() - INTERVAL '1 week'
querier-1  | 2026-05-16T18:23:17.582727625Z GROUP BY region query_params=Params { } issue_time=2026-05-16T18:23:17.579593375+00:00 partitions=1 parquet_files=1 deduplicated_partitions=0 deduplicated_parquet_files=0 plan_duration_secs=0.0028855 permit_duration_secs=1.9708e-5 execute_duration_secs=8.3958e-5 end2end_duration_secs=0.002994875 compute_duration_secs=2e-9 max_memory=0 ingester_metrics.latency_to_plan_secs=0.0 ingester_metrics.latency_to_full_data_secs=0.0 ingester_metrics.response_rows=0 ingester_metrics.partition_count=0 ingester_metrics.response_size=0 success=true running=false cancelled=false
querier-1  | 2026-05-16T18:23:17.606814250Z 2026-05-16T18:23:17.606748Z  INFO influxdb3_server::http: handling query_sql database=bench query_str=-- 1-week recent window — exercises the gen1-heavy tail. Most recent data
querier-1  | 2026-05-16T18:23:17.606820708Z -- still sits in many small gen1 files; compaction should already be
querier-1  | 2026-05-16T18:23:17.606821375Z -- promoting older portions of this window to gen2/3.
querier-1  | 2026-05-16T18:23:17.606821916Z SELECT region, AVG(temp), COUNT(*)
querier-1  | 2026-05-16T18:23:17.606822458Z FROM sensors
querier-1  | 2026-05-16T18:23:17.606822958Z WHERE time > now() - INTERVAL '1 week'
querier-1  | 2026-05-16T18:23:17.606828541Z GROUP BY region format=Csv
querier-1  | 2026-05-16T18:23:17.606829083Z 2026-05-16T18:23:17.606765Z  INFO influxdb3_server::query_executor: executing sql query database=bench query=-- 1-week recent window — exercises the gen1-heavy tail. Most recent data
querier-1  | 2026-05-16T18:23:17.606829750Z -- still sits in many small gen1 files; compaction should already be
querier-1  | 2026-05-16T18:23:17.606830291Z -- promoting older portions of this window to gen2/3.
querier-1  | 2026-05-16T18:23:17.606830833Z SELECT region, AVG(temp), COUNT(*)
querier-1  | 2026-05-16T18:23:17.606831291Z FROM sensors
querier-1  | 2026-05-16T18:23:17.606831791Z WHERE time > now() - INTERVAL '1 week'
querier-1  | 2026-05-16T18:23:17.606832291Z GROUP BY region params=None
querier-1  | 2026-05-16T18:23:17.606832833Z 2026-05-16T18:23:17.606786Z  INFO iox_query::query_log: query when="received" id=62bbd74c-7339-4cfb-bdf9-9536fabaaac9 namespace_id=0 namespace_name="influxdb3 oss" query_type="sql" query_text=-- 1-week recent window — exercises the gen1-heavy tail. Most recent data
querier-1  | 2026-05-16T18:23:17.606833625Z -- still sits in many small gen1 files; compaction should already be
querier-1  | 2026-05-16T18:23:17.606834166Z -- promoting older portions of this window to gen2/3.
querier-1  | 2026-05-16T18:23:17.606834666Z SELECT region, AVG(temp), COUNT(*)
querier-1  | 2026-05-16T18:23:17.606835166Z FROM sensors
querier-1  | 2026-05-16T18:23:17.606835625Z WHERE time > now() - INTERVAL '1 week'
querier-1  | 2026-05-16T18:23:17.606836125Z GROUP BY region query_params=Params { } issue_time=2026-05-16T18:23:17.606785166+00:00 success=false running=true cancelled=false
querier-1  | 2026-05-16T18:23:17.608698666Z 2026-05-16T18:23:17.608623Z  INFO influxdb3_write::composite_write_buffer: composite get_table_chunks db_schema.id=DbId(1) table_def.table_id=TableId(0) local=1 remote=1 remote_reachable=true tail=0 total=2
querier-1  | 2026-05-16T18:23:17.609511958Z 2026-05-16T18:23:17.609444Z  INFO iox_query::query_log: query when="planned" id=62bbd74c-7339-4cfb-bdf9-9536fabaaac9 namespace_id=0 namespace_name="influxdb3 oss" query_type="sql" query_text=-- 1-week recent window — exercises the gen1-heavy tail. Most recent data
querier-1  | 2026-05-16T18:23:17.609519458Z -- still sits in many small gen1 files; compaction should already be
querier-1  | 2026-05-16T18:23:17.609520583Z -- promoting older portions of this window to gen2/3.
querier-1  | 2026-05-16T18:23:17.609521291Z SELECT region, AVG(temp), COUNT(*)
querier-1  | 2026-05-16T18:23:17.609522000Z FROM sensors
querier-1  | 2026-05-16T18:23:17.609522666Z WHERE time > now() - INTERVAL '1 week'
querier-1  | 2026-05-16T18:23:17.609523541Z GROUP BY region query_params=Params { } issue_time=2026-05-16T18:23:17.606785166+00:00 partitions=1 parquet_files=1 deduplicated_partitions=0 deduplicated_parquet_files=0 plan_duration_secs=0.002653792 success=false running=true cancelled=false
querier-1  | 2026-05-16T18:23:17.609524500Z 2026-05-16T18:23:17.609462Z  INFO iox_query::query_log: query when="permit" id=62bbd74c-7339-4cfb-bdf9-9536fabaaac9 namespace_id=0 namespace_name="influxdb3 oss" query_type="sql" query_text=-- 1-week recent window — exercises the gen1-heavy tail. Most recent data
querier-1  | 2026-05-16T18:23:17.609525500Z -- still sits in many small gen1 files; compaction should already be
querier-1  | 2026-05-16T18:23:17.609532000Z -- promoting older portions of this window to gen2/3.
querier-1  | 2026-05-16T18:23:17.609532708Z SELECT region, AVG(temp), COUNT(*)
querier-1  | 2026-05-16T18:23:17.609533291Z FROM sensors
querier-1  | 2026-05-16T18:23:17.609533875Z WHERE time > now() - INTERVAL '1 week'
querier-1  | 2026-05-16T18:23:17.609534625Z GROUP BY region query_params=Params { } issue_time=2026-05-16T18:23:17.606785166+00:00 partitions=1 parquet_files=1 deduplicated_partitions=0 deduplicated_parquet_files=0 plan_duration_secs=0.002653792 permit_duration_secs=2.2792e-5 success=false running=true cancelled=false
querier-1  | 2026-05-16T18:23:17.609769166Z 2026-05-16T18:23:17.609627Z  INFO iox_query::query_log: query when="success" id=62bbd74c-7339-4cfb-bdf9-9536fabaaac9 namespace_id=0 namespace_name="influxdb3 oss" query_type="sql" query_text=-- 1-week recent window — exercises the gen1-heavy tail. Most recent data
querier-1  | 2026-05-16T18:23:17.609774625Z -- still sits in many small gen1 files; compaction should already be
querier-1  | 2026-05-16T18:23:17.609775750Z -- promoting older portions of this window to gen2/3.
querier-1  | 2026-05-16T18:23:17.609776625Z SELECT region, AVG(temp), COUNT(*)
querier-1  | 2026-05-16T18:23:17.609777375Z FROM sensors
querier-1  | 2026-05-16T18:23:17.609778125Z WHERE time > now() - INTERVAL '1 week'
querier-1  | 2026-05-16T18:23:17.609780583Z GROUP BY region query_params=Params { } issue_time=2026-05-16T18:23:17.606785166+00:00 partitions=1 parquet_files=1 deduplicated_partitions=0 deduplicated_parquet_files=0 plan_duration_secs=0.002653792 permit_duration_secs=2.2792e-5 execute_duration_secs=0.000139416 end2end_duration_secs=0.002840584 compute_duration_secs=5.4761e-5 max_memory=0 ingester_metrics.latency_to_plan_secs=0.0 ingester_metrics.latency_to_full_data_secs=0.0 ingester_metrics.response_rows=0 ingester_metrics.partition_count=0 ingester_metrics.response_size=0 success=true running=false cancelled=false
querier-1  | 2026-05-16T18:23:17.635666083Z 2026-05-16T18:23:17.635596Z  INFO influxdb3_server::http: handling query_sql database=bench query_str=-- 1-week recent window — exercises the gen1-heavy tail. Most recent data
querier-1  | 2026-05-16T18:23:17.635674750Z -- still sits in many small gen1 files; compaction should already be
querier-1  | 2026-05-16T18:23:17.635675791Z -- promoting older portions of this window to gen2/3.
querier-1  | 2026-05-16T18:23:17.635676541Z SELECT region, AVG(temp), COUNT(*)
querier-1  | 2026-05-16T18:23:17.635677125Z FROM sensors
querier-1  | 2026-05-16T18:23:17.635677708Z WHERE time > now() - INTERVAL '1 week'
querier-1  | 2026-05-16T18:23:17.635678500Z GROUP BY region format=Csv
querier-1  | 2026-05-16T18:23:17.635679083Z 2026-05-16T18:23:17.635614Z  INFO influxdb3_server::query_executor: executing sql query database=bench query=-- 1-week recent window — exercises the gen1-heavy tail. Most recent data
querier-1  | 2026-05-16T18:23:17.635679916Z -- still sits in many small gen1 files; compaction should already be
querier-1  | 2026-05-16T18:23:17.635680500Z -- promoting older portions of this window to gen2/3.
querier-1  | 2026-05-16T18:23:17.635681083Z SELECT region, AVG(temp), COUNT(*)
querier-1  | 2026-05-16T18:23:17.635681625Z FROM sensors
querier-1  | 2026-05-16T18:23:17.635682125Z WHERE time > now() - INTERVAL '1 week'
querier-1  | 2026-05-16T18:23:17.635688583Z GROUP BY region params=None
querier-1  | 2026-05-16T18:23:17.635689291Z 2026-05-16T18:23:17.635633Z  INFO iox_query::query_log: query when="received" id=2a821fd1-ca0c-4e86-8234-6bfc5b308460 namespace_id=0 namespace_name="influxdb3 oss" query_type="sql" query_text=-- 1-week recent window — exercises the gen1-heavy tail. Most recent data
querier-1  | 2026-05-16T18:23:17.635690291Z -- still sits in many small gen1 files; compaction should already be
querier-1  | 2026-05-16T18:23:17.635690916Z -- promoting older portions of this window to gen2/3.
querier-1  | 2026-05-16T18:23:17.635691500Z SELECT region, AVG(temp), COUNT(*)
querier-1  | 2026-05-16T18:23:17.635692083Z FROM sensors
querier-1  | 2026-05-16T18:23:17.635692583Z WHERE time > now() - INTERVAL '1 week'
querier-1  | 2026-05-16T18:23:17.635693208Z GROUP BY region query_params=Params { } issue_time=2026-05-16T18:23:17.635632541+00:00 success=false running=true cancelled=false
querier-1  | 2026-05-16T18:23:17.637852000Z 2026-05-16T18:23:17.637763Z  INFO influxdb3_write::composite_write_buffer: composite get_table_chunks db_schema.id=DbId(1) table_def.table_id=TableId(0) local=1 remote=1 remote_reachable=true tail=0 total=2
querier-1  | 2026-05-16T18:23:17.638595291Z 2026-05-16T18:23:17.638530Z  INFO iox_query::query_log: query when="planned" id=2a821fd1-ca0c-4e86-8234-6bfc5b308460 namespace_id=0 namespace_name="influxdb3 oss" query_type="sql" query_text=-- 1-week recent window — exercises the gen1-heavy tail. Most recent data
querier-1  | 2026-05-16T18:23:17.638601250Z -- still sits in many small gen1 files; compaction should already be
querier-1  | 2026-05-16T18:23:17.638602208Z -- promoting older portions of this window to gen2/3.
querier-1  | 2026-05-16T18:23:17.638602958Z SELECT region, AVG(temp), COUNT(*)
querier-1  | 2026-05-16T18:23:17.638603708Z FROM sensors
querier-1  | 2026-05-16T18:23:17.638604375Z WHERE time > now() - INTERVAL '1 week'
querier-1  | 2026-05-16T18:23:17.638605291Z GROUP BY region query_params=Params { } issue_time=2026-05-16T18:23:17.635632541+00:00 partitions=1 parquet_files=1 deduplicated_partitions=0 deduplicated_parquet_files=0 plan_duration_secs=0.002884667 success=false running=true cancelled=false
querier-1  | 2026-05-16T18:23:17.638606333Z 2026-05-16T18:23:17.638548Z  INFO iox_query::query_log: query when="permit" id=2a821fd1-ca0c-4e86-8234-6bfc5b308460 namespace_id=0 namespace_name="influxdb3 oss" query_type="sql" query_text=-- 1-week recent window — exercises the gen1-heavy tail. Most recent data
querier-1  | 2026-05-16T18:23:17.638607500Z -- still sits in many small gen1 files; compaction should already be
querier-1  | 2026-05-16T18:23:17.638608291Z -- promoting older portions of this window to gen2/3.
querier-1  | 2026-05-16T18:23:17.638609000Z SELECT region, AVG(temp), COUNT(*)
querier-1  | 2026-05-16T18:23:17.638609708Z FROM sensors
querier-1  | 2026-05-16T18:23:17.638610375Z WHERE time > now() - INTERVAL '1 week'
querier-1  | 2026-05-16T18:23:17.638611125Z GROUP BY region query_params=Params { } issue_time=2026-05-16T18:23:17.635632541+00:00 partitions=1 parquet_files=1 deduplicated_partitions=0 deduplicated_parquet_files=0 plan_duration_secs=0.002884667 permit_duration_secs=3.1083e-5 success=false running=true cancelled=false
querier-1  | 2026-05-16T18:23:17.638693208Z 2026-05-16T18:23:17.638643Z  INFO iox_query::query_log: query when="success" id=2a821fd1-ca0c-4e86-8234-6bfc5b308460 namespace_id=0 namespace_name="influxdb3 oss" query_type="sql" query_text=-- 1-week recent window — exercises the gen1-heavy tail. Most recent data
querier-1  | 2026-05-16T18:23:17.638707166Z -- still sits in many small gen1 files; compaction should already be
querier-1  | 2026-05-16T18:23:17.638707916Z -- promoting older portions of this window to gen2/3.
querier-1  | 2026-05-16T18:23:17.638708541Z SELECT region, AVG(temp), COUNT(*)
querier-1  | 2026-05-16T18:23:17.638709125Z FROM sensors
querier-1  | 2026-05-16T18:23:17.638709666Z WHERE time > now() - INTERVAL '1 week'
querier-1  | 2026-05-16T18:23:17.638712083Z GROUP BY region query_params=Params { } issue_time=2026-05-16T18:23:17.635632541+00:00 partitions=1 parquet_files=1 deduplicated_partitions=0 deduplicated_parquet_files=0 plan_duration_secs=0.002884667 permit_duration_secs=3.1083e-5 execute_duration_secs=8.7209e-5 end2end_duration_secs=0.003009459 compute_duration_secs=4e-9 max_memory=0 ingester_metrics.latency_to_plan_secs=0.0 ingester_metrics.latency_to_full_data_secs=0.0 ingester_metrics.response_rows=0 ingester_metrics.partition_count=0 ingester_metrics.response_size=0 success=true running=false cancelled=false
