querier-1  | 2026-05-16T14:54:46.231447009Z 2026-05-16T14:54:46.231359Z  INFO influxdb3_lib::commands::serve: InfluxDB 3 Core server starting node_id=querier-1 git_hash=c68a5712951128aa65e146169fe814ea69f22f63 version=3.3.0-nightly uuid=0984357e-c313-4fe1-9d59-82a1fde13eba num_cpus=8
querier-1  | 2026-05-16T14:54:46.231509509Z 2026-05-16T14:54:46.231439Z  INFO influxdb3_clap_blocks::object_store: Object Store bucket=Some("influxdb3-bench") endpoint=Some(Endpoint("http://minio:9000")) object_store_type="S3"
querier-1  | 2026-05-16T14:54:46.231512134Z 2026-05-16T14:54:46.231472Z  INFO object_store::aws::builder: Using Static credential provider
querier-1  | 2026-05-16T14:54:46.234352592Z 2026-05-16T14:54:46.234293Z  INFO influxdb3_lib::commands::serve: Creating shared query executor num_threads=8
querier-1  | 2026-05-16T14:54:46.236417634Z 2026-05-16T14:54:46.236241Z  INFO influxdb3_lib::commands::serve: opening shared catalog at _catalog/
querier-1  | 2026-05-16T14:54:46.239815217Z 2026-05-16T14:54:46.239746Z  INFO influxdb3_catalog::catalog::update: create database name="_internal"
querier-1  | 2026-05-16T14:54:46.239827550Z 2026-05-16T14:54:46.239772Z  INFO influxdb3_lib::commands::serve: catalog initialized catalog_uuid=821b8c7a-d469-4f52-b46b-3a1f5f1dc62b
querier-1  | 2026-05-16T14:54:46.239828967Z 2026-05-16T14:54:46.239776Z  INFO influxdb3_catalog::catalog::update: register node node_id="querier-1" core_count=8 mode=[Core]
querier-1  | 2026-05-16T14:54:46.239830134Z 2026-05-16T14:54:46.239780Z  INFO influxdb3_catalog::catalog::update: registering new node to the catalog node_id="querier-1" instance_id="52a60c4a-930d-40c3-9832-8bf0fabfc05b"
querier-1  | 2026-05-16T14:54:46.240959759Z 2026-05-16T14:54:46.240909Z  INFO influxdb3_catalog::object_store: persisted next catalog sequence put_result=PutResult { e_tag: Some("\"c20059c7ed80e9562f3abaa18b50ca3c\""), version: None } object_path=CatalogFilePath(Path { raw: "_catalog/catalogs/00000000000000000004.catalog" })
querier-1  | 2026-05-16T14:54:46.241035717Z 2026-05-16T14:54:46.240985Z  INFO influxdb3_lib::commands::serve: catalog initialized instance_id="52a60c4a-930d-40c3-9832-8bf0fabfc05b"
querier-1  | 2026-05-16T14:54:46.241047884Z 2026-05-16T14:54:46.241007Z  INFO influxdb3_catalog::catalog::update: set gen1 duration duration_ns=600000000000
querier-1  | 2026-05-16T14:54:46.241049092Z 2026-05-16T14:54:46.241037Z  WARN influxdb3_lib::commands::serve: cannot change the existing gen1 duration after it has been set existing_secs=60 provided_secs=600
querier-1  | 2026-05-16T14:54:46.242988842Z 2026-05-16T14:54:46.242939Z  INFO influxdb3_wal::object_store: replaying WAL files
querier-1  | 2026-05-16T14:54:46.242992592Z 2026-05-16T14:54:46.242947Z  INFO influxdb3_wal::object_store: completed replaying wal files time_taken=9.042µs
querier-1  | 2026-05-16T14:54:46.242993967Z 2026-05-16T14:54:46.242970Z  INFO influxdb3_lib::commands::serve: setting up background mem check for query buffer
querier-1  | 2026-05-16T14:54:46.242994800Z 2026-05-16T14:54:46.242977Z  INFO influxdb3_lib::commands::serve: compaction service disabled (mode=Querier does not run compaction)
querier-1  | 2026-05-16T14:54:46.242995634Z 2026-05-16T14:54:46.242978Z  INFO influxdb3_lib::commands::serve: setting up telemetry store
querier-1  | 2026-05-16T14:54:46.243009384Z 2026-05-16T14:54:46.242981Z  WARN influxdb3_lib::commands::serve: server started without auth (`--without-auth` switch), all token creation and regeneration of admin token endpoints are disabled
querier-1  | 2026-05-16T14:54:46.243011675Z 2026-05-16T14:54:46.242981Z  INFO influxdb3_write::deleter: Started catalog hard deleter task. delete_grace_period=86400s
querier-1  | 2026-05-16T14:54:46.243470967Z 2026-05-16T14:54:46.243413Z  INFO influxdb3_lib::commands::serve: setting up server with authz disabled for paths paths_without_authz=[]
querier-1  | 2026-05-16T14:54:46.243476384Z 2026-05-16T14:54:46.243437Z  INFO influxdb3_server: startup time: 12ms address=0.0.0.0:8181
querier-1  | 2026-05-16T14:57:40.896012214Z 2026-05-16T14:57:40.895901Z  INFO influxdb3_shutdown: Received SIGTERM
querier-1  | 2026-05-16T14:57:40.896026423Z 2026-05-16T14:57:40.895930Z  INFO influxdb3_lib::commands::serve: shutdown requested
querier-1  | 2026-05-16T14:57:40.896029173Z 2026-05-16T14:57:40.895970Z  INFO influxdb3_catalog::catalog: updating node state to stopped in shared catalog node_id="querier-1"
querier-1  | 2026-05-16T14:57:40.896030923Z 2026-05-16T14:57:40.895991Z  INFO influxdb3_catalog::catalog::update: updating node state to Stopped in catalog node_id="querier-1" process_uuid=0984357e-c313-4fe1-9d59-82a1fde13eba
querier-1  | 2026-05-16T14:57:40.896077464Z 2026-05-16T14:57:40.896012Z  INFO influxdb3_write::deleter: Shutdown signal received, exiting object deleter loop.
querier-1  | 2026-05-16T14:57:40.897400714Z 2026-05-16T14:57:40.897332Z  INFO object_store::client::retry: Encountered transport error backing off for 0.1 seconds, retry 1 of 10: error sending request
querier-1  | 2026-05-16T14:57:41.004041506Z 2026-05-16T14:57:41.003920Z  INFO influxdb3_catalog::object_store: persisted next catalog sequence put_result=PutResult { e_tag: Some("\"688090bca8260a5f42c6b72bd276a825\""), version: None } object_path=CatalogFilePath(Path { raw: "_catalog/catalogs/00000000000000000006.catalog" })
querier-1  | 2026-05-16T14:57:41.004191464Z 2026-05-16T14:57:41.004067Z  INFO influxdb3_lib::commands::serve: frontend shutdown completed
querier-1  | 2026-05-16T14:57:41.004211173Z 2026-05-16T14:57:41.004075Z  INFO influxdb3_lib::commands::serve: backend shutdown completed
querier-1  | 2026-05-16T14:57:41.220292339Z 2026-05-16T14:57:41.220161Z  INFO influxdb3_lib::commands::serve: InfluxDB 3 Core server starting node_id=querier-1 git_hash=c68a5712951128aa65e146169fe814ea69f22f63 version=3.3.0-nightly uuid=a75b2e51-bf74-4522-bc0f-655f3c75387d num_cpus=8
querier-1  | 2026-05-16T14:57:41.220309756Z 2026-05-16T14:57:41.220236Z  INFO influxdb3_clap_blocks::object_store: Object Store bucket=Some("influxdb3-bench") endpoint=Some(Endpoint("http://minio:9000")) object_store_type="S3"
querier-1  | 2026-05-16T14:57:41.220311589Z 2026-05-16T14:57:41.220268Z  INFO object_store::aws::builder: Using Static credential provider
querier-1  | 2026-05-16T14:57:41.223054298Z 2026-05-16T14:57:41.222977Z  INFO influxdb3_lib::commands::serve: Creating shared query executor num_threads=8
querier-1  | 2026-05-16T14:57:41.224765089Z 2026-05-16T14:57:41.224599Z  INFO influxdb3_lib::commands::serve: opening shared catalog at _catalog/
querier-1  | 2026-05-16T14:57:41.228326589Z 2026-05-16T14:57:41.228255Z  INFO influxdb3_catalog::catalog::update: create database name="_internal"
querier-1  | 2026-05-16T14:57:41.228341964Z 2026-05-16T14:57:41.228279Z  INFO influxdb3_lib::commands::serve: catalog initialized catalog_uuid=821b8c7a-d469-4f52-b46b-3a1f5f1dc62b
querier-1  | 2026-05-16T14:57:41.228343298Z 2026-05-16T14:57:41.228282Z  INFO influxdb3_catalog::catalog::update: register node node_id="querier-1" core_count=8 mode=[Core]
querier-1  | 2026-05-16T14:57:41.229278464Z 2026-05-16T14:57:41.229223Z  INFO influxdb3_catalog::object_store: persisted next catalog sequence put_result=PutResult { e_tag: Some("\"97a719be510cd39c4ad6ad92496e575c\""), version: None } object_path=CatalogFilePath(Path { raw: "_catalog/catalogs/00000000000000000007.catalog" })
querier-1  | 2026-05-16T14:57:41.229311298Z 2026-05-16T14:57:41.229274Z  INFO influxdb3_lib::commands::serve: catalog initialized instance_id="52a60c4a-930d-40c3-9832-8bf0fabfc05b"
querier-1  | 2026-05-16T14:57:41.229313839Z 2026-05-16T14:57:41.229295Z  INFO influxdb3_catalog::catalog::update: set gen1 duration duration_ns=600000000000
querier-1  | 2026-05-16T14:57:41.229314714Z 2026-05-16T14:57:41.229299Z  WARN influxdb3_lib::commands::serve: cannot change the existing gen1 duration after it has been set existing_secs=60 provided_secs=600
querier-1  | 2026-05-16T14:57:41.239910298Z 2026-05-16T14:57:41.239820Z  INFO influxdb3_wal::object_store: replaying WAL files
querier-1  | 2026-05-16T14:57:41.239927131Z 2026-05-16T14:57:41.239834Z  INFO influxdb3_wal::object_store: completed replaying wal files time_taken=16.708µs
querier-1  | 2026-05-16T14:57:41.239928881Z 2026-05-16T14:57:41.239866Z  INFO influxdb3_lib::commands::serve: setting up background mem check for query buffer
querier-1  | 2026-05-16T14:57:41.239929673Z 2026-05-16T14:57:41.239870Z  INFO influxdb3_lib::commands::serve: compaction service disabled (mode=Querier does not run compaction)
querier-1  | 2026-05-16T14:57:41.239930506Z 2026-05-16T14:57:41.239871Z  INFO influxdb3_lib::commands::serve: setting up telemetry store
querier-1  | 2026-05-16T14:57:41.239953339Z 2026-05-16T14:57:41.239875Z  WARN influxdb3_lib::commands::serve: server started without auth (`--without-auth` switch), all token creation and regeneration of admin token endpoints are disabled
querier-1  | 2026-05-16T14:57:41.239961714Z 2026-05-16T14:57:41.239875Z  INFO influxdb3_write::deleter: Started catalog hard deleter task. delete_grace_period=86400s
querier-1  | 2026-05-16T14:57:41.240283589Z 2026-05-16T14:57:41.240252Z  INFO influxdb3_lib::commands::serve: setting up server with authz disabled for paths paths_without_authz=[]
querier-1  | 2026-05-16T14:57:41.240287839Z 2026-05-16T14:57:41.240273Z  INFO influxdb3_server: startup time: 20ms address=0.0.0.0:8181
querier-1  | 2026-05-16T14:57:45.962448258Z 2026-05-16T14:57:45.962364Z  INFO influxdb3_server::http: handling query_sql database=bench query_str=-- Full-range aggregation across every host and every point. Forces a scan of
querier-1  | 2026-05-16T14:57:45.962460758Z -- every parquet file the querier knows about. Most-uncompacted-friendly:
querier-1  | 2026-05-16T14:57:45.962462050Z -- many small gen1 files = many small reads.
querier-1  | 2026-05-16T14:57:45.962462925Z SELECT region, AVG(temp) AS avg_temp, MAX(humidity) AS max_humid, COUNT(*) AS n
querier-1  | 2026-05-16T14:57:45.962463758Z FROM sensors
querier-1  | 2026-05-16T14:57:45.962464467Z GROUP BY region format=Csv
querier-1  | 2026-05-16T14:57:45.962465133Z 2026-05-16T14:57:45.962401Z  INFO influxdb3_server::query_executor: executing sql query database=bench query=-- Full-range aggregation across every host and every point. Forces a scan of
querier-1  | 2026-05-16T14:57:45.962467633Z -- every parquet file the querier knows about. Most-uncompacted-friendly:
querier-1  | 2026-05-16T14:57:45.962468467Z -- many small gen1 files = many small reads.
querier-1  | 2026-05-16T14:57:45.962469175Z SELECT region, AVG(temp) AS avg_temp, MAX(humidity) AS max_humid, COUNT(*) AS n
querier-1  | 2026-05-16T14:57:45.962473217Z FROM sensors
querier-1  | 2026-05-16T14:57:45.962473842Z GROUP BY region params=None
querier-1  | 2026-05-16T14:57:45.962497758Z 2026-05-16T14:57:45.962451Z  INFO iox_query::query_log: query when="received" id=b2546b49-951a-4a60-b8f5-a8e60ebae9d8 namespace_id=0 namespace_name="influxdb3 oss" query_type="sql" query_text=-- Full-range aggregation across every host and every point. Forces a scan of
querier-1  | 2026-05-16T14:57:45.962500425Z -- every parquet file the querier knows about. Most-uncompacted-friendly:
querier-1  | 2026-05-16T14:57:45.962501092Z -- many small gen1 files = many small reads.
querier-1  | 2026-05-16T14:57:45.962501675Z SELECT region, AVG(temp) AS avg_temp, MAX(humidity) AS max_humid, COUNT(*) AS n
querier-1  | 2026-05-16T14:57:45.962502342Z FROM sensors
querier-1  | 2026-05-16T14:57:45.962502925Z GROUP BY region query_params=Params { } issue_time=2026-05-16T14:57:45.962449592+00:00 success=false running=true cancelled=false
querier-1  | 2026-05-16T14:57:45.990680842Z 2026-05-16T14:57:45.990576Z  WARN iox_query::physical_optimizer::dedup::split: cannot split dedup operation, fanout too wide n_split=500 max_dedup_split=100
querier-1  | 2026-05-16T14:57:46.024344342Z 2026-05-16T14:57:46.024219Z  INFO iox_query::query_log: query when="planned" id=b2546b49-951a-4a60-b8f5-a8e60ebae9d8 namespace_id=0 namespace_name="influxdb3 oss" query_type="sql" query_text=-- Full-range aggregation across every host and every point. Forces a scan of
querier-1  | 2026-05-16T14:57:46.024366092Z -- every parquet file the querier knows about. Most-uncompacted-friendly:
querier-1  | 2026-05-16T14:57:46.024367467Z -- many small gen1 files = many small reads.
querier-1  | 2026-05-16T14:57:46.024368467Z SELECT region, AVG(temp) AS avg_temp, MAX(humidity) AS max_humid, COUNT(*) AS n
querier-1  | 2026-05-16T14:57:46.024369258Z FROM sensors
querier-1  | 2026-05-16T14:57:46.024369883Z GROUP BY region query_params=Params { } issue_time=2026-05-16T14:57:45.962449592+00:00 partitions=500 parquet_files=8000 deduplicated_partitions=500 deduplicated_parquet_files=8000 plan_duration_secs=0.060402583 success=false running=true cancelled=false
querier-1  | 2026-05-16T14:57:46.024370925Z 2026-05-16T14:57:46.024248Z  INFO iox_query::query_log: query when="permit" id=b2546b49-951a-4a60-b8f5-a8e60ebae9d8 namespace_id=0 namespace_name="influxdb3 oss" query_type="sql" query_text=-- Full-range aggregation across every host and every point. Forces a scan of
querier-1  | 2026-05-16T14:57:46.024372008Z -- every parquet file the querier knows about. Most-uncompacted-friendly:
querier-1  | 2026-05-16T14:57:46.024372633Z -- many small gen1 files = many small reads.
querier-1  | 2026-05-16T14:57:46.024373258Z SELECT region, AVG(temp) AS avg_temp, MAX(humidity) AS max_humid, COUNT(*) AS n
querier-1  | 2026-05-16T14:57:46.024373883Z FROM sensors
querier-1  | 2026-05-16T14:57:46.024374467Z GROUP BY region query_params=Params { } issue_time=2026-05-16T14:57:45.962449592+00:00 partitions=500 parquet_files=8000 deduplicated_partitions=500 deduplicated_parquet_files=8000 plan_duration_secs=0.060402583 permit_duration_secs=0.001396208 success=false running=true cancelled=false
querier-1  | 2026-05-16T14:57:46.024502967Z 2026-05-16T14:57:46.024358Z  INFO iox_query::query_log: query when="success" id=b2546b49-951a-4a60-b8f5-a8e60ebae9d8 namespace_id=0 namespace_name="influxdb3 oss" query_type="sql" query_text=-- Full-range aggregation across every host and every point. Forces a scan of
querier-1  | 2026-05-16T14:57:46.024513175Z -- every parquet file the querier knows about. Most-uncompacted-friendly:
querier-1  | 2026-05-16T14:57:46.024514050Z -- many small gen1 files = many small reads.
querier-1  | 2026-05-16T14:57:46.024514717Z SELECT region, AVG(temp) AS avg_temp, MAX(humidity) AS max_humid, COUNT(*) AS n
querier-1  | 2026-05-16T14:57:46.024515342Z FROM sensors
querier-1  | 2026-05-16T14:57:46.024516633Z GROUP BY region query_params=Params { } issue_time=2026-05-16T14:57:45.962449592+00:00 partitions=500 parquet_files=8000 deduplicated_partitions=500 deduplicated_parquet_files=8000 plan_duration_secs=0.060402583 permit_duration_secs=0.001396208 execute_duration_secs=0.000104584 end2end_duration_secs=0.06190825 compute_duration_secs=4e-9 max_memory=0 ingester_metrics.latency_to_plan_secs=0.0 ingester_metrics.latency_to_full_data_secs=0.0 ingester_metrics.response_rows=0 ingester_metrics.partition_count=0 ingester_metrics.response_size=0 success=true running=false cancelled=false
querier-1  | 2026-05-16T14:57:47.966321884Z 2026-05-16T14:57:47.966242Z  INFO influxdb3_server::http: handling query_sql database=bench query_str=-- Full-range aggregation across every host and every point. Forces a scan of
querier-1  | 2026-05-16T14:57:47.966343551Z -- every parquet file the querier knows about. Most-uncompacted-friendly:
querier-1  | 2026-05-16T14:57:47.966345093Z -- many small gen1 files = many small reads.
querier-1  | 2026-05-16T14:57:47.966346009Z SELECT region, AVG(temp) AS avg_temp, MAX(humidity) AS max_humid, COUNT(*) AS n
querier-1  | 2026-05-16T14:57:47.966346843Z FROM sensors
querier-1  | 2026-05-16T14:57:47.966347551Z GROUP BY region format=Csv
querier-1  | 2026-05-16T14:57:47.966348259Z 2026-05-16T14:57:47.966275Z  INFO influxdb3_server::query_executor: executing sql query database=bench query=-- Full-range aggregation across every host and every point. Forces a scan of
querier-1  | 2026-05-16T14:57:47.966349593Z -- every parquet file the querier knows about. Most-uncompacted-friendly:
querier-1  | 2026-05-16T14:57:47.966350384Z -- many small gen1 files = many small reads.
querier-1  | 2026-05-16T14:57:47.966351093Z SELECT region, AVG(temp) AS avg_temp, MAX(humidity) AS max_humid, COUNT(*) AS n
querier-1  | 2026-05-16T14:57:47.966351843Z FROM sensors
querier-1  | 2026-05-16T14:57:47.966352551Z GROUP BY region params=None
querier-1  | 2026-05-16T14:57:47.966356343Z 2026-05-16T14:57:47.966302Z  INFO iox_query::query_log: query when="received" id=3d36c441-e777-41dc-9997-5a0fac37ac16 namespace_id=0 namespace_name="influxdb3 oss" query_type="sql" query_text=-- Full-range aggregation across every host and every point. Forces a scan of
querier-1  | 2026-05-16T14:57:47.966357801Z -- every parquet file the querier knows about. Most-uncompacted-friendly:
querier-1  | 2026-05-16T14:57:47.966358551Z -- many small gen1 files = many small reads.
querier-1  | 2026-05-16T14:57:47.966359218Z SELECT region, AVG(temp) AS avg_temp, MAX(humidity) AS max_humid, COUNT(*) AS n
querier-1  | 2026-05-16T14:57:47.966359968Z FROM sensors
querier-1  | 2026-05-16T14:57:47.966360634Z GROUP BY region query_params=Params { } issue_time=2026-05-16T14:57:47.966301093+00:00 success=false running=true cancelled=false
querier-1  | 2026-05-16T14:57:47.991170968Z 2026-05-16T14:57:47.991063Z  WARN iox_query::physical_optimizer::dedup::split: cannot split dedup operation, fanout too wide n_split=500 max_dedup_split=100
querier-1  | 2026-05-16T14:57:48.026217926Z 2026-05-16T14:57:48.026125Z  INFO iox_query::query_log: query when="planned" id=3d36c441-e777-41dc-9997-5a0fac37ac16 namespace_id=0 namespace_name="influxdb3 oss" query_type="sql" query_text=-- Full-range aggregation across every host and every point. Forces a scan of
querier-1  | 2026-05-16T14:57:48.026236926Z -- every parquet file the querier knows about. Most-uncompacted-friendly:
querier-1  | 2026-05-16T14:57:48.026238343Z -- many small gen1 files = many small reads.
querier-1  | 2026-05-16T14:57:48.026239301Z SELECT region, AVG(temp) AS avg_temp, MAX(humidity) AS max_humid, COUNT(*) AS n
querier-1  | 2026-05-16T14:57:48.026240176Z FROM sensors
querier-1  | 2026-05-16T14:57:48.026240884Z GROUP BY region query_params=Params { } issue_time=2026-05-16T14:57:47.966301093+00:00 partitions=500 parquet_files=8000 deduplicated_partitions=500 deduplicated_parquet_files=8000 plan_duration_secs=0.057802625 success=false running=true cancelled=false
querier-1  | 2026-05-16T14:57:48.026242009Z 2026-05-16T14:57:48.026159Z  INFO iox_query::query_log: query when="permit" id=3d36c441-e777-41dc-9997-5a0fac37ac16 namespace_id=0 namespace_name="influxdb3 oss" query_type="sql" query_text=-- Full-range aggregation across every host and every point. Forces a scan of
querier-1  | 2026-05-16T14:57:48.026243176Z -- every parquet file the querier knows about. Most-uncompacted-friendly:
querier-1  | 2026-05-16T14:57:48.026243926Z -- many small gen1 files = many small reads.
querier-1  | 2026-05-16T14:57:48.026244593Z SELECT region, AVG(temp) AS avg_temp, MAX(humidity) AS max_humid, COUNT(*) AS n
querier-1  | 2026-05-16T14:57:48.026245343Z FROM sensors
querier-1  | 2026-05-16T14:57:48.026246009Z GROUP BY region query_params=Params { } issue_time=2026-05-16T14:57:47.966301093+00:00 partitions=500 parquet_files=8000 deduplicated_partitions=500 deduplicated_parquet_files=8000 plan_duration_secs=0.057802625 permit_duration_secs=0.002055208 success=false running=true cancelled=false
querier-1  | 2026-05-16T14:57:48.026353009Z 2026-05-16T14:57:48.026303Z  INFO iox_query::query_log: query when="success" id=3d36c441-e777-41dc-9997-5a0fac37ac16 namespace_id=0 namespace_name="influxdb3 oss" query_type="sql" query_text=-- Full-range aggregation across every host and every point. Forces a scan of
querier-1  | 2026-05-16T14:57:48.026355968Z -- every parquet file the querier knows about. Most-uncompacted-friendly:
querier-1  | 2026-05-16T14:57:48.026356634Z -- many small gen1 files = many small reads.
querier-1  | 2026-05-16T14:57:48.026357218Z SELECT region, AVG(temp) AS avg_temp, MAX(humidity) AS max_humid, COUNT(*) AS n
querier-1  | 2026-05-16T14:57:48.026357926Z FROM sensors
querier-1  | 2026-05-16T14:57:48.026358884Z GROUP BY region query_params=Params { } issue_time=2026-05-16T14:57:47.966301093+00:00 partitions=500 parquet_files=8000 deduplicated_partitions=500 deduplicated_parquet_files=8000 plan_duration_secs=0.057802625 permit_duration_secs=0.002055208 execute_duration_secs=0.000133458 end2end_duration_secs=0.060001125 compute_duration_secs=8e-9 max_memory=0 ingester_metrics.latency_to_plan_secs=0.0 ingester_metrics.latency_to_full_data_secs=0.0 ingester_metrics.response_rows=0 ingester_metrics.partition_count=0 ingester_metrics.response_size=0 success=true running=false cancelled=false
querier-1  | 2026-05-16T14:57:50.001231760Z 2026-05-16T14:57:50.001160Z  INFO influxdb3_server::http: handling query_sql database=bench query_str=-- Full-range aggregation across every host and every point. Forces a scan of
querier-1  | 2026-05-16T14:57:50.001247927Z -- every parquet file the querier knows about. Most-uncompacted-friendly:
querier-1  | 2026-05-16T14:57:50.001249344Z -- many small gen1 files = many small reads.
querier-1  | 2026-05-16T14:57:50.001250219Z SELECT region, AVG(temp) AS avg_temp, MAX(humidity) AS max_humid, COUNT(*) AS n
querier-1  | 2026-05-16T14:57:50.001251094Z FROM sensors
querier-1  | 2026-05-16T14:57:50.001251802Z GROUP BY region format=Csv
querier-1  | 2026-05-16T14:57:50.001252552Z 2026-05-16T14:57:50.001209Z  INFO influxdb3_server::query_executor: executing sql query database=bench query=-- Full-range aggregation across every host and every point. Forces a scan of
querier-1  | 2026-05-16T14:57:50.001253677Z -- every parquet file the querier knows about. Most-uncompacted-friendly:
querier-1  | 2026-05-16T14:57:50.001254385Z -- many small gen1 files = many small reads.
querier-1  | 2026-05-16T14:57:50.001255010Z SELECT region, AVG(temp) AS avg_temp, MAX(humidity) AS max_humid, COUNT(*) AS n
querier-1  | 2026-05-16T14:57:50.001255760Z FROM sensors
querier-1  | 2026-05-16T14:57:50.001256427Z GROUP BY region params=None
querier-1  | 2026-05-16T14:57:50.001286677Z 2026-05-16T14:57:50.001239Z  INFO iox_query::query_log: query when="received" id=16f5924c-96ce-4a6a-94b9-fa7e5958bd9a namespace_id=0 namespace_name="influxdb3 oss" query_type="sql" query_text=-- Full-range aggregation across every host and every point. Forces a scan of
querier-1  | 2026-05-16T14:57:50.001290510Z -- every parquet file the querier knows about. Most-uncompacted-friendly:
querier-1  | 2026-05-16T14:57:50.001291510Z -- many small gen1 files = many small reads.
querier-1  | 2026-05-16T14:57:50.001292302Z SELECT region, AVG(temp) AS avg_temp, MAX(humidity) AS max_humid, COUNT(*) AS n
querier-1  | 2026-05-16T14:57:50.001293094Z FROM sensors
querier-1  | 2026-05-16T14:57:50.001293844Z GROUP BY region query_params=Params { } issue_time=2026-05-16T14:57:50.001238552+00:00 success=false running=true cancelled=false
querier-1  | 2026-05-16T14:57:50.026707677Z 2026-05-16T14:57:50.026590Z  WARN iox_query::physical_optimizer::dedup::split: cannot split dedup operation, fanout too wide n_split=500 max_dedup_split=100
querier-1  | 2026-05-16T14:57:50.060760385Z 2026-05-16T14:57:50.060640Z  INFO iox_query::query_log: query when="planned" id=16f5924c-96ce-4a6a-94b9-fa7e5958bd9a namespace_id=0 namespace_name="influxdb3 oss" query_type="sql" query_text=-- Full-range aggregation across every host and every point. Forces a scan of
querier-1  | 2026-05-16T14:57:50.060780927Z -- every parquet file the querier knows about. Most-uncompacted-friendly:
querier-1  | 2026-05-16T14:57:50.060782010Z -- many small gen1 files = many small reads.
querier-1  | 2026-05-16T14:57:50.060782844Z SELECT region, AVG(temp) AS avg_temp, MAX(humidity) AS max_humid, COUNT(*) AS n
querier-1  | 2026-05-16T14:57:50.060783635Z FROM sensors
querier-1  | 2026-05-16T14:57:50.060784469Z GROUP BY region query_params=Params { } issue_time=2026-05-16T14:57:50.001238552+00:00 partitions=500 parquet_files=8000 deduplicated_partitions=500 deduplicated_parquet_files=8000 plan_duration_secs=0.057934042 success=false running=true cancelled=false
querier-1  | 2026-05-16T14:57:50.060785302Z 2026-05-16T14:57:50.060670Z  INFO iox_query::query_log: query when="permit" id=16f5924c-96ce-4a6a-94b9-fa7e5958bd9a namespace_id=0 namespace_name="influxdb3 oss" query_type="sql" query_text=-- Full-range aggregation across every host and every point. Forces a scan of
querier-1  | 2026-05-16T14:57:50.060791927Z -- every parquet file the querier knows about. Most-uncompacted-friendly:
querier-1  | 2026-05-16T14:57:50.060793510Z -- many small gen1 files = many small reads.
querier-1  | 2026-05-16T14:57:50.060794094Z SELECT region, AVG(temp) AS avg_temp, MAX(humidity) AS max_humid, COUNT(*) AS n
querier-1  | 2026-05-16T14:57:50.060794677Z FROM sensors
querier-1  | 2026-05-16T14:57:50.060795260Z GROUP BY region query_params=Params { } issue_time=2026-05-16T14:57:50.001238552+00:00 partitions=500 parquet_files=8000 deduplicated_partitions=500 deduplicated_parquet_files=8000 plan_duration_secs=0.057934042 permit_duration_secs=0.001497 success=false running=true cancelled=false
querier-1  | 2026-05-16T14:57:50.060873635Z 2026-05-16T14:57:50.060800Z  INFO iox_query::query_log: query when="success" id=16f5924c-96ce-4a6a-94b9-fa7e5958bd9a namespace_id=0 namespace_name="influxdb3 oss" query_type="sql" query_text=-- Full-range aggregation across every host and every point. Forces a scan of
querier-1  | 2026-05-16T14:57:50.060879385Z -- every parquet file the querier knows about. Most-uncompacted-friendly:
querier-1  | 2026-05-16T14:57:50.060880260Z -- many small gen1 files = many small reads.
querier-1  | 2026-05-16T14:57:50.060881052Z SELECT region, AVG(temp) AS avg_temp, MAX(humidity) AS max_humid, COUNT(*) AS n
querier-1  | 2026-05-16T14:57:50.060881760Z FROM sensors
querier-1  | 2026-05-16T14:57:50.060884094Z GROUP BY region query_params=Params { } issue_time=2026-05-16T14:57:50.001238552+00:00 partitions=500 parquet_files=8000 deduplicated_partitions=500 deduplicated_parquet_files=8000 plan_duration_secs=0.057934042 permit_duration_secs=0.001497 execute_duration_secs=0.000124166 end2end_duration_secs=0.059560458 compute_duration_secs=4e-9 max_memory=0 ingester_metrics.latency_to_plan_secs=0.0 ingester_metrics.latency_to_full_data_secs=0.0 ingester_metrics.response_rows=0 ingester_metrics.partition_count=0 ingester_metrics.response_size=0 success=true running=false cancelled=false
querier-1  | 2026-05-16T14:57:51.997823553Z 2026-05-16T14:57:51.997757Z  INFO influxdb3_server::http: handling query_sql database=bench query_str=-- Full-range aggregation across every host and every point. Forces a scan of
querier-1  | 2026-05-16T14:57:51.997830803Z -- every parquet file the querier knows about. Most-uncompacted-friendly:
querier-1  | 2026-05-16T14:57:51.997831678Z -- many small gen1 files = many small reads.
querier-1  | 2026-05-16T14:57:51.997832345Z SELECT region, AVG(temp) AS avg_temp, MAX(humidity) AS max_humid, COUNT(*) AS n
querier-1  | 2026-05-16T14:57:51.997832970Z FROM sensors
querier-1  | 2026-05-16T14:57:51.997833553Z GROUP BY region format=Csv
querier-1  | 2026-05-16T14:57:51.997834136Z 2026-05-16T14:57:51.997779Z  INFO influxdb3_server::query_executor: executing sql query database=bench query=-- Full-range aggregation across every host and every point. Forces a scan of
querier-1  | 2026-05-16T14:57:51.997834970Z -- every parquet file the querier knows about. Most-uncompacted-friendly:
querier-1  | 2026-05-16T14:57:51.997835636Z -- many small gen1 files = many small reads.
querier-1  | 2026-05-16T14:57:51.997836220Z SELECT region, AVG(temp) AS avg_temp, MAX(humidity) AS max_humid, COUNT(*) AS n
querier-1  | 2026-05-16T14:57:51.997836803Z FROM sensors
querier-1  | 2026-05-16T14:57:51.997844345Z GROUP BY region params=None
querier-1  | 2026-05-16T14:57:51.997847220Z 2026-05-16T14:57:51.997804Z  INFO iox_query::query_log: query when="received" id=3567a19e-4aff-4069-a41a-3588da18eebe namespace_id=0 namespace_name="influxdb3 oss" query_type="sql" query_text=-- Full-range aggregation across every host and every point. Forces a scan of
querier-1  | 2026-05-16T14:57:51.997848595Z -- every parquet file the querier knows about. Most-uncompacted-friendly:
querier-1  | 2026-05-16T14:57:51.997849345Z -- many small gen1 files = many small reads.
querier-1  | 2026-05-16T14:57:51.997850053Z SELECT region, AVG(temp) AS avg_temp, MAX(humidity) AS max_humid, COUNT(*) AS n
querier-1  | 2026-05-16T14:57:51.997850761Z FROM sensors
querier-1  | 2026-05-16T14:57:51.997851428Z GROUP BY region query_params=Params { } issue_time=2026-05-16T14:57:51.997803803+00:00 success=false running=true cancelled=false
querier-1  | 2026-05-16T14:57:52.023342053Z 2026-05-16T14:57:52.023219Z  WARN iox_query::physical_optimizer::dedup::split: cannot split dedup operation, fanout too wide n_split=500 max_dedup_split=100
querier-1  | 2026-05-16T14:57:52.059362095Z 2026-05-16T14:57:52.059241Z  INFO iox_query::query_log: query when="planned" id=3567a19e-4aff-4069-a41a-3588da18eebe namespace_id=0 namespace_name="influxdb3 oss" query_type="sql" query_text=-- Full-range aggregation across every host and every point. Forces a scan of
querier-1  | 2026-05-16T14:57:52.059385178Z -- every parquet file the querier knows about. Most-uncompacted-friendly:
querier-1  | 2026-05-16T14:57:52.059386386Z -- many small gen1 files = many small reads.
querier-1  | 2026-05-16T14:57:52.059387095Z SELECT region, AVG(temp) AS avg_temp, MAX(humidity) AS max_humid, COUNT(*) AS n
querier-1  | 2026-05-16T14:57:52.059387761Z FROM sensors
querier-1  | 2026-05-16T14:57:52.059388386Z GROUP BY region query_params=Params { } issue_time=2026-05-16T14:57:51.997803803+00:00 partitions=500 parquet_files=8000 deduplicated_partitions=500 deduplicated_parquet_files=8000 plan_duration_secs=0.059919 success=false running=true cancelled=false
querier-1  | 2026-05-16T14:57:52.059389261Z 2026-05-16T14:57:52.059271Z  INFO iox_query::query_log: query when="permit" id=3567a19e-4aff-4069-a41a-3588da18eebe namespace_id=0 namespace_name="influxdb3 oss" query_type="sql" query_text=-- Full-range aggregation across every host and every point. Forces a scan of
querier-1  | 2026-05-16T14:57:52.059390136Z -- every parquet file the querier knows about. Most-uncompacted-friendly:
querier-1  | 2026-05-16T14:57:52.059390720Z -- many small gen1 files = many small reads.
querier-1  | 2026-05-16T14:57:52.059391345Z SELECT region, AVG(temp) AS avg_temp, MAX(humidity) AS max_humid, COUNT(*) AS n
querier-1  | 2026-05-16T14:57:52.059391928Z FROM sensors
querier-1  | 2026-05-16T14:57:52.059392511Z GROUP BY region query_params=Params { } issue_time=2026-05-16T14:57:51.997803803+00:00 partitions=500 parquet_files=8000 deduplicated_partitions=500 deduplicated_parquet_files=8000 plan_duration_secs=0.059919 permit_duration_secs=0.001548542 success=false running=true cancelled=false
querier-1  | 2026-05-16T14:57:52.059422345Z 2026-05-16T14:57:52.059364Z  INFO iox_query::query_log: query when="success" id=3567a19e-4aff-4069-a41a-3588da18eebe namespace_id=0 namespace_name="influxdb3 oss" query_type="sql" query_text=-- Full-range aggregation across every host and every point. Forces a scan of
querier-1  | 2026-05-16T14:57:52.059425428Z -- every parquet file the querier knows about. Most-uncompacted-friendly:
querier-1  | 2026-05-16T14:57:52.059434386Z -- many small gen1 files = many small reads.
querier-1  | 2026-05-16T14:57:52.059435053Z SELECT region, AVG(temp) AS avg_temp, MAX(humidity) AS max_humid, COUNT(*) AS n
querier-1  | 2026-05-16T14:57:52.059435678Z FROM sensors
querier-1  | 2026-05-16T14:57:52.059436928Z GROUP BY region query_params=Params { } issue_time=2026-05-16T14:57:51.997803803+00:00 partitions=500 parquet_files=8000 deduplicated_partitions=500 deduplicated_parquet_files=8000 plan_duration_secs=0.059919 permit_duration_secs=0.001548542 execute_duration_secs=8.6208e-5 end2end_duration_secs=0.061559333 compute_duration_secs=4e-9 max_memory=0 ingester_metrics.latency_to_plan_secs=0.0 ingester_metrics.latency_to_full_data_secs=0.0 ingester_metrics.response_rows=0 ingester_metrics.partition_count=0 ingester_metrics.response_size=0 success=true running=false cancelled=false
querier-1  | 2026-05-16T14:57:53.995824929Z 2026-05-16T14:57:53.995756Z  INFO influxdb3_server::http: handling query_sql database=bench query_str=-- Full-range aggregation across every host and every point. Forces a scan of
querier-1  | 2026-05-16T14:57:53.995834929Z -- every parquet file the querier knows about. Most-uncompacted-friendly:
querier-1  | 2026-05-16T14:57:53.995836512Z -- many small gen1 files = many small reads.
querier-1  | 2026-05-16T14:57:53.995837429Z SELECT region, AVG(temp) AS avg_temp, MAX(humidity) AS max_humid, COUNT(*) AS n
querier-1  | 2026-05-16T14:57:53.995838304Z FROM sensors
querier-1  | 2026-05-16T14:57:53.995839012Z GROUP BY region format=Csv
querier-1  | 2026-05-16T14:57:53.995839721Z 2026-05-16T14:57:53.995788Z  INFO influxdb3_server::query_executor: executing sql query database=bench query=-- Full-range aggregation across every host and every point. Forces a scan of
querier-1  | 2026-05-16T14:57:53.995841054Z -- every parquet file the querier knows about. Most-uncompacted-friendly:
querier-1  | 2026-05-16T14:57:53.995841846Z -- many small gen1 files = many small reads.
querier-1  | 2026-05-16T14:57:53.995842596Z SELECT region, AVG(temp) AS avg_temp, MAX(humidity) AS max_humid, COUNT(*) AS n
querier-1  | 2026-05-16T14:57:53.995843262Z FROM sensors
querier-1  | 2026-05-16T14:57:53.995843846Z GROUP BY region params=None
querier-1  | 2026-05-16T14:57:53.995847262Z 2026-05-16T14:57:53.995813Z  INFO iox_query::query_log: query when="received" id=0335158d-e9f2-44af-9749-87c80a310ca3 namespace_id=0 namespace_name="influxdb3 oss" query_type="sql" query_text=-- Full-range aggregation across every host and every point. Forces a scan of
querier-1  | 2026-05-16T14:57:53.995850179Z -- every parquet file the querier knows about. Most-uncompacted-friendly:
querier-1  | 2026-05-16T14:57:53.995851137Z -- many small gen1 files = many small reads.
querier-1  | 2026-05-16T14:57:53.995851804Z SELECT region, AVG(temp) AS avg_temp, MAX(humidity) AS max_humid, COUNT(*) AS n
querier-1  | 2026-05-16T14:57:53.995852554Z FROM sensors
querier-1  | 2026-05-16T14:57:53.995853262Z GROUP BY region query_params=Params { } issue_time=2026-05-16T14:57:53.995812304+00:00 success=false running=true cancelled=false
querier-1  | 2026-05-16T14:57:54.020936429Z 2026-05-16T14:57:54.020820Z  WARN iox_query::physical_optimizer::dedup::split: cannot split dedup operation, fanout too wide n_split=500 max_dedup_split=100
querier-1  | 2026-05-16T14:57:54.053758846Z 2026-05-16T14:57:54.053641Z  INFO iox_query::query_log: query when="planned" id=0335158d-e9f2-44af-9749-87c80a310ca3 namespace_id=0 namespace_name="influxdb3 oss" query_type="sql" query_text=-- Full-range aggregation across every host and every point. Forces a scan of
querier-1  | 2026-05-16T14:57:54.053790096Z -- every parquet file the querier knows about. Most-uncompacted-friendly:
querier-1  | 2026-05-16T14:57:54.053791304Z -- many small gen1 files = many small reads.
querier-1  | 2026-05-16T14:57:54.053792054Z SELECT region, AVG(temp) AS avg_temp, MAX(humidity) AS max_humid, COUNT(*) AS n
querier-1  | 2026-05-16T14:57:54.053792762Z FROM sensors
querier-1  | 2026-05-16T14:57:54.053793471Z GROUP BY region query_params=Params { } issue_time=2026-05-16T14:57:53.995812304+00:00 partitions=500 parquet_files=8000 deduplicated_partitions=500 deduplicated_parquet_files=8000 plan_duration_secs=0.056362583 success=false running=true cancelled=false
querier-1  | 2026-05-16T14:57:54.053794304Z 2026-05-16T14:57:54.053673Z  INFO iox_query::query_log: query when="permit" id=0335158d-e9f2-44af-9749-87c80a310ca3 namespace_id=0 namespace_name="influxdb3 oss" query_type="sql" query_text=-- Full-range aggregation across every host and every point. Forces a scan of
querier-1  | 2026-05-16T14:57:54.053795221Z -- every parquet file the querier knows about. Most-uncompacted-friendly:
querier-1  | 2026-05-16T14:57:54.053795804Z -- many small gen1 files = many small reads.
querier-1  | 2026-05-16T14:57:54.053796387Z SELECT region, AVG(temp) AS avg_temp, MAX(humidity) AS max_humid, COUNT(*) AS n
querier-1  | 2026-05-16T14:57:54.053797012Z FROM sensors
querier-1  | 2026-05-16T14:57:54.053797554Z GROUP BY region query_params=Params { } issue_time=2026-05-16T14:57:53.995812304+00:00 partitions=500 parquet_files=8000 deduplicated_partitions=500 deduplicated_parquet_files=8000 plan_duration_secs=0.056362583 permit_duration_secs=0.001498334 success=false running=true cancelled=false
querier-1  | 2026-05-16T14:57:54.053916971Z 2026-05-16T14:57:54.053771Z  INFO iox_query::query_log: query when="success" id=0335158d-e9f2-44af-9749-87c80a310ca3 namespace_id=0 namespace_name="influxdb3 oss" query_type="sql" query_text=-- Full-range aggregation across every host and every point. Forces a scan of
querier-1  | 2026-05-16T14:57:54.053921721Z -- every parquet file the querier knows about. Most-uncompacted-friendly:
querier-1  | 2026-05-16T14:57:54.053922471Z -- many small gen1 files = many small reads.
querier-1  | 2026-05-16T14:57:54.053923054Z SELECT region, AVG(temp) AS avg_temp, MAX(humidity) AS max_humid, COUNT(*) AS n
querier-1  | 2026-05-16T14:57:54.053923637Z FROM sensors
querier-1  | 2026-05-16T14:57:54.053924887Z GROUP BY region query_params=Params { } issue_time=2026-05-16T14:57:53.995812304+00:00 partitions=500 parquet_files=8000 deduplicated_partitions=500 deduplicated_parquet_files=8000 plan_duration_secs=0.056362583 permit_duration_secs=0.001498334 execute_duration_secs=9.1458e-5 end2end_duration_secs=0.057957583 compute_duration_secs=4e-9 max_memory=0 ingester_metrics.latency_to_plan_secs=0.0 ingester_metrics.latency_to_full_data_secs=0.0 ingester_metrics.response_rows=0 ingester_metrics.partition_count=0 ingester_metrics.response_size=0 success=true running=false cancelled=false
querier-1  | 2026-05-16T14:57:55.972043846Z 2026-05-16T14:57:55.971964Z  INFO influxdb3_server::http: handling query_sql database=bench query_str=-- Full-range aggregation across every host and every point. Forces a scan of
querier-1  | 2026-05-16T14:57:55.972053846Z -- every parquet file the querier knows about. Most-uncompacted-friendly:
querier-1  | 2026-05-16T14:57:55.972060971Z -- many small gen1 files = many small reads.
querier-1  | 2026-05-16T14:57:55.972061763Z SELECT region, AVG(temp) AS avg_temp, MAX(humidity) AS max_humid, COUNT(*) AS n
querier-1  | 2026-05-16T14:57:55.972062430Z FROM sensors
querier-1  | 2026-05-16T14:57:55.972063013Z GROUP BY region format=Csv
querier-1  | 2026-05-16T14:57:55.972063555Z 2026-05-16T14:57:55.971988Z  INFO influxdb3_server::query_executor: executing sql query database=bench query=-- Full-range aggregation across every host and every point. Forces a scan of
querier-1  | 2026-05-16T14:57:55.972064763Z -- every parquet file the querier knows about. Most-uncompacted-friendly:
querier-1  | 2026-05-16T14:57:55.972065388Z -- many small gen1 files = many small reads.
querier-1  | 2026-05-16T14:57:55.972065971Z SELECT region, AVG(temp) AS avg_temp, MAX(humidity) AS max_humid, COUNT(*) AS n
querier-1  | 2026-05-16T14:57:55.972066555Z FROM sensors
querier-1  | 2026-05-16T14:57:55.972067096Z GROUP BY region params=None
querier-1  | 2026-05-16T14:57:55.972067763Z 2026-05-16T14:57:55.972012Z  INFO iox_query::query_log: query when="received" id=45b87be4-0d48-489e-a20d-44cc65272827 namespace_id=0 namespace_name="influxdb3 oss" query_type="sql" query_text=-- Full-range aggregation across every host and every point. Forces a scan of
querier-1  | 2026-05-16T14:57:55.972068721Z -- every parquet file the querier knows about. Most-uncompacted-friendly:
querier-1  | 2026-05-16T14:57:55.972069305Z -- many small gen1 files = many small reads.
querier-1  | 2026-05-16T14:57:55.972069888Z SELECT region, AVG(temp) AS avg_temp, MAX(humidity) AS max_humid, COUNT(*) AS n
querier-1  | 2026-05-16T14:57:55.972070430Z FROM sensors
querier-1  | 2026-05-16T14:57:55.972070971Z GROUP BY region query_params=Params { } issue_time=2026-05-16T14:57:55.972011180+00:00 success=false running=true cancelled=false
querier-1  | 2026-05-16T14:57:55.997569930Z 2026-05-16T14:57:55.997465Z  WARN iox_query::physical_optimizer::dedup::split: cannot split dedup operation, fanout too wide n_split=500 max_dedup_split=100
querier-1  | 2026-05-16T14:57:56.031747055Z 2026-05-16T14:57:56.031622Z  INFO iox_query::query_log: query when="planned" id=45b87be4-0d48-489e-a20d-44cc65272827 namespace_id=0 namespace_name="influxdb3 oss" query_type="sql" query_text=-- Full-range aggregation across every host and every point. Forces a scan of
querier-1  | 2026-05-16T14:57:56.031767846Z -- every parquet file the querier knows about. Most-uncompacted-friendly:
querier-1  | 2026-05-16T14:57:56.031769221Z -- many small gen1 files = many small reads.
querier-1  | 2026-05-16T14:57:56.031769971Z SELECT region, AVG(temp) AS avg_temp, MAX(humidity) AS max_humid, COUNT(*) AS n
querier-1  | 2026-05-16T14:57:56.031770638Z FROM sensors
querier-1  | 2026-05-16T14:57:56.031771263Z GROUP BY region query_params=Params { } issue_time=2026-05-16T14:57:55.972011180+00:00 partitions=500 parquet_files=8000 deduplicated_partitions=500 deduplicated_parquet_files=8000 plan_duration_secs=0.0580495 success=false running=true cancelled=false
querier-1  | 2026-05-16T14:57:56.031772346Z 2026-05-16T14:57:56.031650Z  INFO iox_query::query_log: query when="permit" id=45b87be4-0d48-489e-a20d-44cc65272827 namespace_id=0 namespace_name="influxdb3 oss" query_type="sql" query_text=-- Full-range aggregation across every host and every point. Forces a scan of
querier-1  | 2026-05-16T14:57:56.031781430Z -- every parquet file the querier knows about. Most-uncompacted-friendly:
querier-1  | 2026-05-16T14:57:56.031782138Z -- many small gen1 files = many small reads.
querier-1  | 2026-05-16T14:57:56.031782721Z SELECT region, AVG(temp) AS avg_temp, MAX(humidity) AS max_humid, COUNT(*) AS n
querier-1  | 2026-05-16T14:57:56.031783388Z FROM sensors
querier-1  | 2026-05-16T14:57:56.031784013Z GROUP BY region query_params=Params { } issue_time=2026-05-16T14:57:55.972011180+00:00 partitions=500 parquet_files=8000 deduplicated_partitions=500 deduplicated_parquet_files=8000 plan_duration_secs=0.0580495 permit_duration_secs=0.0015895 success=false running=true cancelled=false
querier-1  | 2026-05-16T14:57:56.032901555Z 2026-05-16T14:57:56.031745Z  INFO iox_query::query_log: query when="success" id=45b87be4-0d48-489e-a20d-44cc65272827 namespace_id=0 namespace_name="influxdb3 oss" query_type="sql" query_text=-- Full-range aggregation across every host and every point. Forces a scan of
querier-1  | 2026-05-16T14:57:56.032908013Z -- every parquet file the querier knows about. Most-uncompacted-friendly:
querier-1  | 2026-05-16T14:57:56.032908930Z -- many small gen1 files = many small reads.
querier-1  | 2026-05-16T14:57:56.032909680Z SELECT region, AVG(temp) AS avg_temp, MAX(humidity) AS max_humid, COUNT(*) AS n
querier-1  | 2026-05-16T14:57:56.032910430Z FROM sensors
querier-1  | 2026-05-16T14:57:56.032913055Z GROUP BY region query_params=Params { } issue_time=2026-05-16T14:57:55.972011180+00:00 partitions=500 parquet_files=8000 deduplicated_partitions=500 deduplicated_parquet_files=8000 plan_duration_secs=0.0580495 permit_duration_secs=0.0015895 execute_duration_secs=8.875e-5 end2end_duration_secs=0.059733041 compute_duration_secs=4e-9 max_memory=0 ingester_metrics.latency_to_plan_secs=0.0 ingester_metrics.latency_to_full_data_secs=0.0 ingester_metrics.response_rows=0 ingester_metrics.partition_count=0 ingester_metrics.response_size=0 success=true running=false cancelled=false
querier-1  | 2026-05-16T14:57:57.964770125Z 2026-05-16T14:57:57.964691Z  INFO influxdb3_server::http: handling query_sql database=bench query_str=-- Full-range aggregation across every host and every point. Forces a scan of
querier-1  | 2026-05-16T14:57:57.964780625Z -- every parquet file the querier knows about. Most-uncompacted-friendly:
querier-1  | 2026-05-16T14:57:57.964781875Z -- many small gen1 files = many small reads.
querier-1  | 2026-05-16T14:57:57.964782583Z SELECT region, AVG(temp) AS avg_temp, MAX(humidity) AS max_humid, COUNT(*) AS n
querier-1  | 2026-05-16T14:57:57.964783250Z FROM sensors
querier-1  | 2026-05-16T14:57:57.964783875Z GROUP BY region format=Csv
querier-1  | 2026-05-16T14:57:57.964784500Z 2026-05-16T14:57:57.964717Z  INFO influxdb3_server::query_executor: executing sql query database=bench query=-- Full-range aggregation across every host and every point. Forces a scan of
querier-1  | 2026-05-16T14:57:57.964785291Z -- every parquet file the querier knows about. Most-uncompacted-friendly:
querier-1  | 2026-05-16T14:57:57.964785916Z -- many small gen1 files = many small reads.
querier-1  | 2026-05-16T14:57:57.964786500Z SELECT region, AVG(temp) AS avg_temp, MAX(humidity) AS max_humid, COUNT(*) AS n
querier-1  | 2026-05-16T14:57:57.964787125Z FROM sensors
querier-1  | 2026-05-16T14:57:57.964787666Z GROUP BY region params=None
querier-1  | 2026-05-16T14:57:57.964794666Z 2026-05-16T14:57:57.964743Z  INFO iox_query::query_log: query when="received" id=acf16369-eb7f-4f97-9ed0-05f3cef5c6d5 namespace_id=0 namespace_name="influxdb3 oss" query_type="sql" query_text=-- Full-range aggregation across every host and every point. Forces a scan of
querier-1  | 2026-05-16T14:57:57.964795750Z -- every parquet file the querier knows about. Most-uncompacted-friendly:
querier-1  | 2026-05-16T14:57:57.964796375Z -- many small gen1 files = many small reads.
querier-1  | 2026-05-16T14:57:57.964796958Z SELECT region, AVG(temp) AS avg_temp, MAX(humidity) AS max_humid, COUNT(*) AS n
querier-1  | 2026-05-16T14:57:57.964797541Z FROM sensors
querier-1  | 2026-05-16T14:57:57.964798083Z GROUP BY region query_params=Params { } issue_time=2026-05-16T14:57:57.964742166+00:00 success=false running=true cancelled=false
querier-1  | 2026-05-16T14:57:57.992202208Z 2026-05-16T14:57:57.992074Z  WARN iox_query::physical_optimizer::dedup::split: cannot split dedup operation, fanout too wide n_split=500 max_dedup_split=100
querier-1  | 2026-05-16T14:57:58.028950125Z 2026-05-16T14:57:58.028783Z  INFO iox_query::query_log: query when="planned" id=acf16369-eb7f-4f97-9ed0-05f3cef5c6d5 namespace_id=0 namespace_name="influxdb3 oss" query_type="sql" query_text=-- Full-range aggregation across every host and every point. Forces a scan of
querier-1  | 2026-05-16T14:57:58.028971916Z -- every parquet file the querier knows about. Most-uncompacted-friendly:
querier-1  | 2026-05-16T14:57:58.028973291Z -- many small gen1 files = many small reads.
querier-1  | 2026-05-16T14:57:58.028974125Z SELECT region, AVG(temp) AS avg_temp, MAX(humidity) AS max_humid, COUNT(*) AS n
querier-1  | 2026-05-16T14:57:58.028974875Z FROM sensors
querier-1  | 2026-05-16T14:57:58.028975583Z GROUP BY region query_params=Params { } issue_time=2026-05-16T14:57:57.964742166+00:00 partitions=500 parquet_files=8000 deduplicated_partitions=500 deduplicated_parquet_files=8000 plan_duration_secs=0.062297875 success=false running=true cancelled=false
querier-1  | 2026-05-16T14:57:58.028976458Z 2026-05-16T14:57:58.028813Z  INFO iox_query::query_log: query when="permit" id=acf16369-eb7f-4f97-9ed0-05f3cef5c6d5 namespace_id=0 namespace_name="influxdb3 oss" query_type="sql" query_text=-- Full-range aggregation across every host and every point. Forces a scan of
querier-1  | 2026-05-16T14:57:58.028977458Z -- every parquet file the querier knows about. Most-uncompacted-friendly:
querier-1  | 2026-05-16T14:57:58.028978041Z -- many small gen1 files = many small reads.
querier-1  | 2026-05-16T14:57:58.028978625Z SELECT region, AVG(temp) AS avg_temp, MAX(humidity) AS max_humid, COUNT(*) AS n
querier-1  | 2026-05-16T14:57:58.028979250Z FROM sensors
querier-1  | 2026-05-16T14:57:58.028979875Z GROUP BY region query_params=Params { } issue_time=2026-05-16T14:57:57.964742166+00:00 partitions=500 parquet_files=8000 deduplicated_partitions=500 deduplicated_parquet_files=8000 plan_duration_secs=0.062297875 permit_duration_secs=0.001772417 success=false running=true cancelled=false
querier-1  | 2026-05-16T14:57:58.028983791Z 2026-05-16T14:57:58.028922Z  INFO iox_query::query_log: query when="success" id=acf16369-eb7f-4f97-9ed0-05f3cef5c6d5 namespace_id=0 namespace_name="influxdb3 oss" query_type="sql" query_text=-- Full-range aggregation across every host and every point. Forces a scan of
querier-1  | 2026-05-16T14:57:58.028985208Z -- every parquet file the querier knows about. Most-uncompacted-friendly:
querier-1  | 2026-05-16T14:57:58.028992750Z -- many small gen1 files = many small reads.
querier-1  | 2026-05-16T14:57:58.028993375Z SELECT region, AVG(temp) AS avg_temp, MAX(humidity) AS max_humid, COUNT(*) AS n
querier-1  | 2026-05-16T14:57:58.028994083Z FROM sensors
querier-1  | 2026-05-16T14:57:58.028997166Z GROUP BY region query_params=Params { } issue_time=2026-05-16T14:57:57.964742166+00:00 partitions=500 parquet_files=8000 deduplicated_partitions=500 deduplicated_parquet_files=8000 plan_duration_secs=0.062297875 permit_duration_secs=0.001772417 execute_duration_secs=0.000102042 end2end_duration_secs=0.064179209 compute_duration_secs=4e-9 max_memory=0 ingester_metrics.latency_to_plan_secs=0.0 ingester_metrics.latency_to_full_data_secs=0.0 ingester_metrics.response_rows=0 ingester_metrics.partition_count=0 ingester_metrics.response_size=0 success=true running=false cancelled=false
querier-1  | 2026-05-16T14:58:00.005032126Z 2026-05-16T14:58:00.004957Z  INFO influxdb3_server::http: handling query_sql database=bench query_str=-- Full-range aggregation across every host and every point. Forces a scan of
querier-1  | 2026-05-16T14:58:00.005041501Z -- every parquet file the querier knows about. Most-uncompacted-friendly:
querier-1  | 2026-05-16T14:58:00.005042542Z -- many small gen1 files = many small reads.
querier-1  | 2026-05-16T14:58:00.005043167Z SELECT region, AVG(temp) AS avg_temp, MAX(humidity) AS max_humid, COUNT(*) AS n
querier-1  | 2026-05-16T14:58:00.005043792Z FROM sensors
querier-1  | 2026-05-16T14:58:00.005044459Z GROUP BY region format=Csv
querier-1  | 2026-05-16T14:58:00.005045167Z 2026-05-16T14:58:00.004996Z  INFO influxdb3_server::query_executor: executing sql query database=bench query=-- Full-range aggregation across every host and every point. Forces a scan of
querier-1  | 2026-05-16T14:58:00.005046126Z -- every parquet file the querier knows about. Most-uncompacted-friendly:
querier-1  | 2026-05-16T14:58:00.005046709Z -- many small gen1 files = many small reads.
querier-1  | 2026-05-16T14:58:00.005047251Z SELECT region, AVG(temp) AS avg_temp, MAX(humidity) AS max_humid, COUNT(*) AS n
querier-1  | 2026-05-16T14:58:00.005047876Z FROM sensors
querier-1  | 2026-05-16T14:58:00.005048376Z GROUP BY region params=None
querier-1  | 2026-05-16T14:58:00.005051251Z 2026-05-16T14:58:00.005024Z  INFO iox_query::query_log: query when="received" id=cc2c418e-d016-4deb-911c-967adfca1b85 namespace_id=0 namespace_name="influxdb3 oss" query_type="sql" query_text=-- Full-range aggregation across every host and every point. Forces a scan of
querier-1  | 2026-05-16T14:58:00.005052251Z -- every parquet file the querier knows about. Most-uncompacted-friendly:
querier-1  | 2026-05-16T14:58:00.005052834Z -- many small gen1 files = many small reads.
querier-1  | 2026-05-16T14:58:00.005053376Z SELECT region, AVG(temp) AS avg_temp, MAX(humidity) AS max_humid, COUNT(*) AS n
querier-1  | 2026-05-16T14:58:00.005053917Z FROM sensors
querier-1  | 2026-05-16T14:58:00.005054459Z GROUP BY region query_params=Params { } issue_time=2026-05-16T14:58:00.005023126+00:00 success=false running=true cancelled=false
querier-1  | 2026-05-16T14:58:00.032432167Z 2026-05-16T14:58:00.032297Z  WARN iox_query::physical_optimizer::dedup::split: cannot split dedup operation, fanout too wide n_split=500 max_dedup_split=100
querier-1  | 2026-05-16T14:58:00.067834042Z 2026-05-16T14:58:00.067724Z  INFO iox_query::query_log: query when="planned" id=cc2c418e-d016-4deb-911c-967adfca1b85 namespace_id=0 namespace_name="influxdb3 oss" query_type="sql" query_text=-- Full-range aggregation across every host and every point. Forces a scan of
querier-1  | 2026-05-16T14:58:00.067867334Z -- every parquet file the querier knows about. Most-uncompacted-friendly:
querier-1  | 2026-05-16T14:58:00.067869584Z -- many small gen1 files = many small reads.
querier-1  | 2026-05-16T14:58:00.067870584Z SELECT region, AVG(temp) AS avg_temp, MAX(humidity) AS max_humid, COUNT(*) AS n
querier-1  | 2026-05-16T14:58:00.067871459Z FROM sensors
querier-1  | 2026-05-16T14:58:00.067872209Z GROUP BY region query_params=Params { } issue_time=2026-05-16T14:58:00.005023126+00:00 partitions=500 parquet_files=8000 deduplicated_partitions=500 deduplicated_parquet_files=8000 plan_duration_secs=0.061162291 success=false running=true cancelled=false
querier-1  | 2026-05-16T14:58:00.067873167Z 2026-05-16T14:58:00.067746Z  INFO iox_query::query_log: query when="permit" id=cc2c418e-d016-4deb-911c-967adfca1b85 namespace_id=0 namespace_name="influxdb3 oss" query_type="sql" query_text=-- Full-range aggregation across every host and every point. Forces a scan of
querier-1  | 2026-05-16T14:58:00.067874251Z -- every parquet file the querier knows about. Most-uncompacted-friendly:
querier-1  | 2026-05-16T14:58:00.067874834Z -- many small gen1 files = many small reads.
querier-1  | 2026-05-16T14:58:00.067875417Z SELECT region, AVG(temp) AS avg_temp, MAX(humidity) AS max_humid, COUNT(*) AS n
querier-1  | 2026-05-16T14:58:00.067876042Z FROM sensors
querier-1  | 2026-05-16T14:58:00.067876626Z GROUP BY region query_params=Params { } issue_time=2026-05-16T14:58:00.005023126+00:00 partitions=500 parquet_files=8000 deduplicated_partitions=500 deduplicated_parquet_files=8000 plan_duration_secs=0.061162291 permit_duration_secs=0.001560709 success=false running=true cancelled=false
querier-1  | 2026-05-16T14:58:00.067910167Z 2026-05-16T14:58:00.067838Z  INFO iox_query::query_log: query when="success" id=cc2c418e-d016-4deb-911c-967adfca1b85 namespace_id=0 namespace_name="influxdb3 oss" query_type="sql" query_text=-- Full-range aggregation across every host and every point. Forces a scan of
querier-1  | 2026-05-16T14:58:00.067920167Z -- every parquet file the querier knows about. Most-uncompacted-friendly:
querier-1  | 2026-05-16T14:58:00.067921417Z -- many small gen1 files = many small reads.
querier-1  | 2026-05-16T14:58:00.067922209Z SELECT region, AVG(temp) AS avg_temp, MAX(humidity) AS max_humid, COUNT(*) AS n
querier-1  | 2026-05-16T14:58:00.067922876Z FROM sensors
querier-1  | 2026-05-16T14:58:00.067926084Z GROUP BY region query_params=Params { } issue_time=2026-05-16T14:58:00.005023126+00:00 partitions=500 parquet_files=8000 deduplicated_partitions=500 deduplicated_parquet_files=8000 plan_duration_secs=0.061162291 permit_duration_secs=0.001560709 execute_duration_secs=8.5583e-5 end2end_duration_secs=0.062814333 compute_duration_secs=4e-9 max_memory=0 ingester_metrics.latency_to_plan_secs=0.0 ingester_metrics.latency_to_full_data_secs=0.0 ingester_metrics.response_rows=0 ingester_metrics.partition_count=0 ingester_metrics.response_size=0 success=true running=false cancelled=false
querier-1  | 2026-05-16T14:58:02.077261002Z 2026-05-16T14:58:02.077181Z  INFO influxdb3_server::http: handling query_sql database=bench query_str=-- Full-range aggregation across every host and every point. Forces a scan of
querier-1  | 2026-05-16T14:58:02.077271293Z -- every parquet file the querier knows about. Most-uncompacted-friendly:
querier-1  | 2026-05-16T14:58:02.077289627Z -- many small gen1 files = many small reads.
querier-1  | 2026-05-16T14:58:02.077290377Z SELECT region, AVG(temp) AS avg_temp, MAX(humidity) AS max_humid, COUNT(*) AS n
querier-1  | 2026-05-16T14:58:02.077321752Z FROM sensors
querier-1  | 2026-05-16T14:58:02.077324877Z GROUP BY region format=Csv
querier-1  | 2026-05-16T14:58:02.077325877Z 2026-05-16T14:58:02.077209Z  INFO influxdb3_server::query_executor: executing sql query database=bench query=-- Full-range aggregation across every host and every point. Forces a scan of
querier-1  | 2026-05-16T14:58:02.077326793Z -- every parquet file the querier knows about. Most-uncompacted-friendly:
querier-1  | 2026-05-16T14:58:02.077327543Z -- many small gen1 files = many small reads.
querier-1  | 2026-05-16T14:58:02.077328127Z SELECT region, AVG(temp) AS avg_temp, MAX(humidity) AS max_humid, COUNT(*) AS n
querier-1  | 2026-05-16T14:58:02.077328752Z FROM sensors
querier-1  | 2026-05-16T14:58:02.077329335Z GROUP BY region params=None
querier-1  | 2026-05-16T14:58:02.077329960Z 2026-05-16T14:58:02.077232Z  INFO iox_query::query_log: query when="received" id=1714d8aa-ed06-429a-b0d0-16c7686cf01e namespace_id=0 namespace_name="influxdb3 oss" query_type="sql" query_text=-- Full-range aggregation across every host and every point. Forces a scan of
querier-1  | 2026-05-16T14:58:02.077331085Z -- every parquet file the querier knows about. Most-uncompacted-friendly:
querier-1  | 2026-05-16T14:58:02.077331752Z -- many small gen1 files = many small reads.
querier-1  | 2026-05-16T14:58:02.077332418Z SELECT region, AVG(temp) AS avg_temp, MAX(humidity) AS max_humid, COUNT(*) AS n
querier-1  | 2026-05-16T14:58:02.077333168Z FROM sensors
querier-1  | 2026-05-16T14:58:02.077333918Z GROUP BY region query_params=Params { } issue_time=2026-05-16T14:58:02.077231252+00:00 success=false running=true cancelled=false
querier-1  | 2026-05-16T14:58:02.105452460Z 2026-05-16T14:58:02.105326Z  WARN iox_query::physical_optimizer::dedup::split: cannot split dedup operation, fanout too wide n_split=500 max_dedup_split=100
querier-1  | 2026-05-16T14:58:02.141028168Z 2026-05-16T14:58:02.140910Z  INFO iox_query::query_log: query when="planned" id=1714d8aa-ed06-429a-b0d0-16c7686cf01e namespace_id=0 namespace_name="influxdb3 oss" query_type="sql" query_text=-- Full-range aggregation across every host and every point. Forces a scan of
querier-1  | 2026-05-16T14:58:02.141054293Z -- every parquet file the querier knows about. Most-uncompacted-friendly:
querier-1  | 2026-05-16T14:58:02.141055877Z -- many small gen1 files = many small reads.
querier-1  | 2026-05-16T14:58:02.141056793Z SELECT region, AVG(temp) AS avg_temp, MAX(humidity) AS max_humid, COUNT(*) AS n
querier-1  | 2026-05-16T14:58:02.141057668Z FROM sensors
querier-1  | 2026-05-16T14:58:02.141058627Z GROUP BY region query_params=Params { } issue_time=2026-05-16T14:58:02.077231252+00:00 partitions=500 parquet_files=8000 deduplicated_partitions=500 deduplicated_parquet_files=8000 plan_duration_secs=0.062105708 success=false running=true cancelled=false
querier-1  | 2026-05-16T14:58:02.141059918Z 2026-05-16T14:58:02.140940Z  INFO iox_query::query_log: query when="permit" id=1714d8aa-ed06-429a-b0d0-16c7686cf01e namespace_id=0 namespace_name="influxdb3 oss" query_type="sql" query_text=-- Full-range aggregation across every host and every point. Forces a scan of
querier-1  | 2026-05-16T14:58:02.141061168Z -- every parquet file the querier knows about. Most-uncompacted-friendly:
querier-1  | 2026-05-16T14:58:02.141069877Z -- many small gen1 files = many small reads.
querier-1  | 2026-05-16T14:58:02.141070960Z SELECT region, AVG(temp) AS avg_temp, MAX(humidity) AS max_humid, COUNT(*) AS n
querier-1  | 2026-05-16T14:58:02.141071752Z FROM sensors
querier-1  | 2026-05-16T14:58:02.141072502Z GROUP BY region query_params=Params { } issue_time=2026-05-16T14:58:02.077231252+00:00 partitions=500 parquet_files=8000 deduplicated_partitions=500 deduplicated_parquet_files=8000 plan_duration_secs=0.062105708 permit_duration_secs=0.001603125 success=false running=true cancelled=false
querier-1  | 2026-05-16T14:58:02.141094377Z 2026-05-16T14:58:02.141034Z  INFO iox_query::query_log: query when="success" id=1714d8aa-ed06-429a-b0d0-16c7686cf01e namespace_id=0 namespace_name="influxdb3 oss" query_type="sql" query_text=-- Full-range aggregation across every host and every point. Forces a scan of
querier-1  | 2026-05-16T14:58:02.141104585Z -- every parquet file the querier knows about. Most-uncompacted-friendly:
querier-1  | 2026-05-16T14:58:02.141105877Z -- many small gen1 files = many small reads.
querier-1  | 2026-05-16T14:58:02.141106710Z SELECT region, AVG(temp) AS avg_temp, MAX(humidity) AS max_humid, COUNT(*) AS n
querier-1  | 2026-05-16T14:58:02.141107543Z FROM sensors
querier-1  | 2026-05-16T14:58:02.141110252Z GROUP BY region query_params=Params { } issue_time=2026-05-16T14:58:02.077231252+00:00 partitions=500 parquet_files=8000 deduplicated_partitions=500 deduplicated_parquet_files=8000 plan_duration_secs=0.062105708 permit_duration_secs=0.001603125 execute_duration_secs=8.85e-5 end2end_duration_secs=0.0638025 compute_duration_secs=4e-9 max_memory=0 ingester_metrics.latency_to_plan_secs=0.0 ingester_metrics.latency_to_full_data_secs=0.0 ingester_metrics.response_rows=0 ingester_metrics.partition_count=0 ingester_metrics.response_size=0 success=true running=false cancelled=false
querier-1  | 2026-05-16T14:58:04.129701336Z 2026-05-16T14:58:04.129628Z  INFO influxdb3_server::http: handling query_sql database=bench query_str=-- Full-range aggregation across every host and every point. Forces a scan of
querier-1  | 2026-05-16T14:58:04.129711003Z -- every parquet file the querier knows about. Most-uncompacted-friendly:
querier-1  | 2026-05-16T14:58:04.129712628Z -- many small gen1 files = many small reads.
querier-1  | 2026-05-16T14:58:04.129713544Z SELECT region, AVG(temp) AS avg_temp, MAX(humidity) AS max_humid, COUNT(*) AS n
querier-1  | 2026-05-16T14:58:04.129714378Z FROM sensors
querier-1  | 2026-05-16T14:58:04.129715211Z GROUP BY region format=Csv
querier-1  | 2026-05-16T14:58:04.129716003Z 2026-05-16T14:58:04.129654Z  INFO influxdb3_server::query_executor: executing sql query database=bench query=-- Full-range aggregation across every host and every point. Forces a scan of
querier-1  | 2026-05-16T14:58:04.129717419Z -- every parquet file the querier knows about. Most-uncompacted-friendly:
querier-1  | 2026-05-16T14:58:04.129718253Z -- many small gen1 files = many small reads.
querier-1  | 2026-05-16T14:58:04.129718961Z SELECT region, AVG(temp) AS avg_temp, MAX(humidity) AS max_humid, COUNT(*) AS n
querier-1  | 2026-05-16T14:58:04.129719753Z FROM sensors
querier-1  | 2026-05-16T14:58:04.129720461Z GROUP BY region params=None
querier-1  | 2026-05-16T14:58:04.129726753Z 2026-05-16T14:58:04.129681Z  INFO iox_query::query_log: query when="received" id=21caa175-2b0d-4522-aabe-4337f43232df namespace_id=0 namespace_name="influxdb3 oss" query_type="sql" query_text=-- Full-range aggregation across every host and every point. Forces a scan of
querier-1  | 2026-05-16T14:58:04.129738419Z -- every parquet file the querier knows about. Most-uncompacted-friendly:
querier-1  | 2026-05-16T14:58:04.129739628Z -- many small gen1 files = many small reads.
querier-1  | 2026-05-16T14:58:04.129740294Z SELECT region, AVG(temp) AS avg_temp, MAX(humidity) AS max_humid, COUNT(*) AS n
querier-1  | 2026-05-16T14:58:04.129741003Z FROM sensors
querier-1  | 2026-05-16T14:58:04.129741669Z GROUP BY region query_params=Params { } issue_time=2026-05-16T14:58:04.129680169+00:00 success=false running=true cancelled=false
querier-1  | 2026-05-16T14:58:04.156079753Z 2026-05-16T14:58:04.155966Z  WARN iox_query::physical_optimizer::dedup::split: cannot split dedup operation, fanout too wide n_split=500 max_dedup_split=100
querier-1  | 2026-05-16T14:58:04.189373544Z 2026-05-16T14:58:04.189249Z  INFO iox_query::query_log: query when="planned" id=21caa175-2b0d-4522-aabe-4337f43232df namespace_id=0 namespace_name="influxdb3 oss" query_type="sql" query_text=-- Full-range aggregation across every host and every point. Forces a scan of
querier-1  | 2026-05-16T14:58:04.189391378Z -- every parquet file the querier knows about. Most-uncompacted-friendly:
querier-1  | 2026-05-16T14:58:04.189392336Z -- many small gen1 files = many small reads.
querier-1  | 2026-05-16T14:58:04.189392961Z SELECT region, AVG(temp) AS avg_temp, MAX(humidity) AS max_humid, COUNT(*) AS n
querier-1  | 2026-05-16T14:58:04.189394044Z FROM sensors
querier-1  | 2026-05-16T14:58:04.189394628Z GROUP BY region query_params=Params { } issue_time=2026-05-16T14:58:04.129680169+00:00 partitions=500 parquet_files=8000 deduplicated_partitions=500 deduplicated_parquet_files=8000 plan_duration_secs=0.058078459 success=false running=true cancelled=false
querier-1  | 2026-05-16T14:58:04.189395503Z 2026-05-16T14:58:04.189270Z  INFO iox_query::query_log: query when="permit" id=21caa175-2b0d-4522-aabe-4337f43232df namespace_id=0 namespace_name="influxdb3 oss" query_type="sql" query_text=-- Full-range aggregation across every host and every point. Forces a scan of
querier-1  | 2026-05-16T14:58:04.189396378Z -- every parquet file the querier knows about. Most-uncompacted-friendly:
querier-1  | 2026-05-16T14:58:04.189397086Z -- many small gen1 files = many small reads.
querier-1  | 2026-05-16T14:58:04.189397669Z SELECT region, AVG(temp) AS avg_temp, MAX(humidity) AS max_humid, COUNT(*) AS n
querier-1  | 2026-05-16T14:58:04.189398253Z FROM sensors
querier-1  | 2026-05-16T14:58:04.189399294Z GROUP BY region query_params=Params { } issue_time=2026-05-16T14:58:04.129680169+00:00 partitions=500 parquet_files=8000 deduplicated_partitions=500 deduplicated_parquet_files=8000 plan_duration_secs=0.058078459 permit_duration_secs=0.001511458 success=false running=true cancelled=false
querier-1  | 2026-05-16T14:58:04.189504128Z 2026-05-16T14:58:04.189366Z  INFO iox_query::query_log: query when="success" id=21caa175-2b0d-4522-aabe-4337f43232df namespace_id=0 namespace_name="influxdb3 oss" query_type="sql" query_text=-- Full-range aggregation across every host and every point. Forces a scan of
querier-1  | 2026-05-16T14:58:04.189509211Z -- every parquet file the querier knows about. Most-uncompacted-friendly:
querier-1  | 2026-05-16T14:58:04.189510461Z -- many small gen1 files = many small reads.
querier-1  | 2026-05-16T14:58:04.189517961Z SELECT region, AVG(temp) AS avg_temp, MAX(humidity) AS max_humid, COUNT(*) AS n
querier-1  | 2026-05-16T14:58:04.189518836Z FROM sensors
querier-1  | 2026-05-16T14:58:04.189519503Z GROUP BY region query_params=Params { } issue_time=2026-05-16T14:58:04.129680169+00:00 partitions=500 parquet_files=8000 deduplicated_partitions=500 deduplicated_parquet_files=8000 plan_duration_secs=0.058078459 permit_duration_secs=0.001511458 execute_duration_secs=8.975e-5 end2end_duration_secs=0.059685084 compute_duration_secs=4e-9 max_memory=0 ingester_metrics.latency_to_plan_secs=0.0 ingester_metrics.latency_to_full_data_secs=0.0 ingester_metrics.response_rows=0 ingester_metrics.partition_count=0 ingester_metrics.response_size=0 success=true running=false cancelled=false
querier-1  | 2026-05-16T14:58:06.121205962Z 2026-05-16T14:58:06.121139Z  INFO influxdb3_server::http: handling query_sql database=bench query_str=-- Full-range aggregation across every host and every point. Forces a scan of
querier-1  | 2026-05-16T14:58:06.121215337Z -- every parquet file the querier knows about. Most-uncompacted-friendly:
querier-1  | 2026-05-16T14:58:06.121216420Z -- many small gen1 files = many small reads.
querier-1  | 2026-05-16T14:58:06.121217129Z SELECT region, AVG(temp) AS avg_temp, MAX(humidity) AS max_humid, COUNT(*) AS n
querier-1  | 2026-05-16T14:58:06.121217837Z FROM sensors
querier-1  | 2026-05-16T14:58:06.121218420Z GROUP BY region format=Csv
querier-1  | 2026-05-16T14:58:06.121219045Z 2026-05-16T14:58:06.121162Z  INFO influxdb3_server::query_executor: executing sql query database=bench query=-- Full-range aggregation across every host and every point. Forces a scan of
querier-1  | 2026-05-16T14:58:06.121220129Z -- every parquet file the querier knows about. Most-uncompacted-friendly:
querier-1  | 2026-05-16T14:58:06.121220795Z -- many small gen1 files = many small reads.
querier-1  | 2026-05-16T14:58:06.121221629Z SELECT region, AVG(temp) AS avg_temp, MAX(humidity) AS max_humid, COUNT(*) AS n
querier-1  | 2026-05-16T14:58:06.121222254Z FROM sensors
querier-1  | 2026-05-16T14:58:06.121222795Z GROUP BY region params=None
querier-1  | 2026-05-16T14:58:06.121226837Z 2026-05-16T14:58:06.121189Z  INFO iox_query::query_log: query when="received" id=9740d623-5a5a-45b5-901b-ceca7a41438a namespace_id=0 namespace_name="influxdb3 oss" query_type="sql" query_text=-- Full-range aggregation across every host and every point. Forces a scan of
querier-1  | 2026-05-16T14:58:06.121228129Z -- every parquet file the querier knows about. Most-uncompacted-friendly:
querier-1  | 2026-05-16T14:58:06.121228754Z -- many small gen1 files = many small reads.
querier-1  | 2026-05-16T14:58:06.121229337Z SELECT region, AVG(temp) AS avg_temp, MAX(humidity) AS max_humid, COUNT(*) AS n
querier-1  | 2026-05-16T14:58:06.121229962Z FROM sensors
querier-1  | 2026-05-16T14:58:06.121230545Z GROUP BY region query_params=Params { } issue_time=2026-05-16T14:58:06.121187795+00:00 success=false running=true cancelled=false
querier-1  | 2026-05-16T14:58:06.146382712Z 2026-05-16T14:58:06.146267Z  WARN iox_query::physical_optimizer::dedup::split: cannot split dedup operation, fanout too wide n_split=500 max_dedup_split=100
querier-1  | 2026-05-16T14:58:06.179739920Z 2026-05-16T14:58:06.179625Z  INFO iox_query::query_log: query when="planned" id=9740d623-5a5a-45b5-901b-ceca7a41438a namespace_id=0 namespace_name="influxdb3 oss" query_type="sql" query_text=-- Full-range aggregation across every host and every point. Forces a scan of
querier-1  | 2026-05-16T14:58:06.179767587Z -- every parquet file the querier knows about. Most-uncompacted-friendly:
querier-1  | 2026-05-16T14:58:06.179768920Z -- many small gen1 files = many small reads.
querier-1  | 2026-05-16T14:58:06.179769754Z SELECT region, AVG(temp) AS avg_temp, MAX(humidity) AS max_humid, COUNT(*) AS n
querier-1  | 2026-05-16T14:58:06.179770462Z FROM sensors
querier-1  | 2026-05-16T14:58:06.179771087Z GROUP BY region query_params=Params { } issue_time=2026-05-16T14:58:06.121187795+00:00 partitions=500 parquet_files=8000 deduplicated_partitions=500 deduplicated_parquet_files=8000 plan_duration_secs=0.056861584 success=false running=true cancelled=false
querier-1  | 2026-05-16T14:58:06.179772004Z 2026-05-16T14:58:06.179651Z  INFO iox_query::query_log: query when="permit" id=9740d623-5a5a-45b5-901b-ceca7a41438a namespace_id=0 namespace_name="influxdb3 oss" query_type="sql" query_text=-- Full-range aggregation across every host and every point. Forces a scan of
querier-1  | 2026-05-16T14:58:06.179773129Z -- every parquet file the querier knows about. Most-uncompacted-friendly:
querier-1  | 2026-05-16T14:58:06.179773754Z -- many small gen1 files = many small reads.
querier-1  | 2026-05-16T14:58:06.179774337Z SELECT region, AVG(temp) AS avg_temp, MAX(humidity) AS max_humid, COUNT(*) AS n
querier-1  | 2026-05-16T14:58:06.179775004Z FROM sensors
querier-1  | 2026-05-16T14:58:06.179775587Z GROUP BY region query_params=Params { } issue_time=2026-05-16T14:58:06.121187795+00:00 partitions=500 parquet_files=8000 deduplicated_partitions=500 deduplicated_parquet_files=8000 plan_duration_secs=0.056861584 permit_duration_secs=0.001601541 success=false running=true cancelled=false
querier-1  | 2026-05-16T14:58:06.179865087Z 2026-05-16T14:58:06.179742Z  INFO iox_query::query_log: query when="success" id=9740d623-5a5a-45b5-901b-ceca7a41438a namespace_id=0 namespace_name="influxdb3 oss" query_type="sql" query_text=-- Full-range aggregation across every host and every point. Forces a scan of
querier-1  | 2026-05-16T14:58:06.179868545Z -- every parquet file the querier knows about. Most-uncompacted-friendly:
querier-1  | 2026-05-16T14:58:06.179869254Z -- many small gen1 files = many small reads.
querier-1  | 2026-05-16T14:58:06.179869879Z SELECT region, AVG(temp) AS avg_temp, MAX(humidity) AS max_humid, COUNT(*) AS n
querier-1  | 2026-05-16T14:58:06.179870504Z FROM sensors
querier-1  | 2026-05-16T14:58:06.179873254Z GROUP BY region query_params=Params { } issue_time=2026-05-16T14:58:06.121187795+00:00 partitions=500 parquet_files=8000 deduplicated_partitions=500 deduplicated_parquet_files=8000 plan_duration_secs=0.056861584 permit_duration_secs=0.001601541 execute_duration_secs=8.4959e-5 end2end_duration_secs=0.058553792 compute_duration_secs=6e-9 max_memory=0 ingester_metrics.latency_to_plan_secs=0.0 ingester_metrics.latency_to_full_data_secs=0.0 ingester_metrics.response_rows=0 ingester_metrics.partition_count=0 ingester_metrics.response_size=0 success=true running=false cancelled=false
querier-1  | 2026-05-16T14:58:08.157150130Z 2026-05-16T14:58:08.157075Z  INFO influxdb3_server::http: handling query_sql database=bench query_str=-- Full-range aggregation across every host and every point. Forces a scan of
querier-1  | 2026-05-16T14:58:08.157160796Z -- every parquet file the querier knows about. Most-uncompacted-friendly:
querier-1  | 2026-05-16T14:58:08.157162130Z -- many small gen1 files = many small reads.
querier-1  | 2026-05-16T14:58:08.157170255Z SELECT region, AVG(temp) AS avg_temp, MAX(humidity) AS max_humid, COUNT(*) AS n
querier-1  | 2026-05-16T14:58:08.157171671Z FROM sensors
querier-1  | 2026-05-16T14:58:08.157172338Z GROUP BY region format=Csv
querier-1  | 2026-05-16T14:58:08.157173005Z 2026-05-16T14:58:08.157102Z  INFO influxdb3_server::query_executor: executing sql query database=bench query=-- Full-range aggregation across every host and every point. Forces a scan of
querier-1  | 2026-05-16T14:58:08.157173880Z -- every parquet file the querier knows about. Most-uncompacted-friendly:
querier-1  | 2026-05-16T14:58:08.157174546Z -- many small gen1 files = many small reads.
querier-1  | 2026-05-16T14:58:08.157175171Z SELECT region, AVG(temp) AS avg_temp, MAX(humidity) AS max_humid, COUNT(*) AS n
querier-1  | 2026-05-16T14:58:08.157175796Z FROM sensors
querier-1  | 2026-05-16T14:58:08.157176380Z GROUP BY region params=None
querier-1  | 2026-05-16T14:58:08.157179671Z 2026-05-16T14:58:08.157131Z  INFO iox_query::query_log: query when="received" id=d72df61f-80eb-48b6-a244-e84ada6d2533 namespace_id=0 namespace_name="influxdb3 oss" query_type="sql" query_text=-- Full-range aggregation across every host and every point. Forces a scan of
querier-1  | 2026-05-16T14:58:08.157181380Z -- every parquet file the querier knows about. Most-uncompacted-friendly:
querier-1  | 2026-05-16T14:58:08.157182213Z -- many small gen1 files = many small reads.
querier-1  | 2026-05-16T14:58:08.157182963Z SELECT region, AVG(temp) AS avg_temp, MAX(humidity) AS max_humid, COUNT(*) AS n
querier-1  | 2026-05-16T14:58:08.157183796Z FROM sensors
querier-1  | 2026-05-16T14:58:08.157184546Z GROUP BY region query_params=Params { } issue_time=2026-05-16T14:58:08.157130796+00:00 success=false running=true cancelled=false
querier-1  | 2026-05-16T14:58:08.183532630Z 2026-05-16T14:58:08.183404Z  WARN iox_query::physical_optimizer::dedup::split: cannot split dedup operation, fanout too wide n_split=500 max_dedup_split=100
querier-1  | 2026-05-16T14:58:08.217236880Z 2026-05-16T14:58:08.217121Z  INFO iox_query::query_log: query when="planned" id=d72df61f-80eb-48b6-a244-e84ada6d2533 namespace_id=0 namespace_name="influxdb3 oss" query_type="sql" query_text=-- Full-range aggregation across every host and every point. Forces a scan of
querier-1  | 2026-05-16T14:58:08.217254255Z -- every parquet file the querier knows about. Most-uncompacted-friendly:
querier-1  | 2026-05-16T14:58:08.217255380Z -- many small gen1 files = many small reads.
querier-1  | 2026-05-16T14:58:08.217256171Z SELECT region, AVG(temp) AS avg_temp, MAX(humidity) AS max_humid, COUNT(*) AS n
querier-1  | 2026-05-16T14:58:08.217256921Z FROM sensors
querier-1  | 2026-05-16T14:58:08.217257505Z GROUP BY region query_params=Params { } issue_time=2026-05-16T14:58:08.157130796+00:00 partitions=500 parquet_files=8000 deduplicated_partitions=500 deduplicated_parquet_files=8000 plan_duration_secs=0.05808375 success=false running=true cancelled=false
querier-1  | 2026-05-16T14:58:08.217258380Z 2026-05-16T14:58:08.217149Z  INFO iox_query::query_log: query when="permit" id=d72df61f-80eb-48b6-a244-e84ada6d2533 namespace_id=0 namespace_name="influxdb3 oss" query_type="sql" query_text=-- Full-range aggregation across every host and every point. Forces a scan of
querier-1  | 2026-05-16T14:58:08.217259213Z -- every parquet file the querier knows about. Most-uncompacted-friendly:
querier-1  | 2026-05-16T14:58:08.217267130Z -- many small gen1 files = many small reads.
querier-1  | 2026-05-16T14:58:08.217267796Z SELECT region, AVG(temp) AS avg_temp, MAX(humidity) AS max_humid, COUNT(*) AS n
querier-1  | 2026-05-16T14:58:08.217268421Z FROM sensors
querier-1  | 2026-05-16T14:58:08.217268963Z GROUP BY region query_params=Params { } issue_time=2026-05-16T14:58:08.157130796+00:00 partitions=500 parquet_files=8000 deduplicated_partitions=500 deduplicated_parquet_files=8000 plan_duration_secs=0.05808375 permit_duration_secs=0.001934125 success=false running=true cancelled=false
querier-1  | 2026-05-16T14:58:08.217424630Z 2026-05-16T14:58:08.217335Z  INFO iox_query::query_log: query when="success" id=d72df61f-80eb-48b6-a244-e84ada6d2533 namespace_id=0 namespace_name="influxdb3 oss" query_type="sql" query_text=-- Full-range aggregation across every host and every point. Forces a scan of
querier-1  | 2026-05-16T14:58:08.217432338Z -- every parquet file the querier knows about. Most-uncompacted-friendly:
querier-1  | 2026-05-16T14:58:08.217433588Z -- many small gen1 files = many small reads.
querier-1  | 2026-05-16T14:58:08.217434505Z SELECT region, AVG(temp) AS avg_temp, MAX(humidity) AS max_humid, COUNT(*) AS n
querier-1  | 2026-05-16T14:58:08.217435338Z FROM sensors
querier-1  | 2026-05-16T14:58:08.217436171Z GROUP BY region query_params=Params { } issue_time=2026-05-16T14:58:08.157130796+00:00 partitions=500 parquet_files=8000 deduplicated_partitions=500 deduplicated_parquet_files=8000 plan_duration_secs=0.05808375 permit_duration_secs=0.001934125 execute_duration_secs=0.000139459 end2end_duration_secs=0.060202875 compute_duration_secs=9.5976e-5 max_memory=0 ingester_metrics.latency_to_plan_secs=0.0 ingester_metrics.latency_to_full_data_secs=0.0 ingester_metrics.response_rows=0 ingester_metrics.partition_count=0 ingester_metrics.response_size=0 success=true running=false cancelled=false
querier-1  | 2026-05-16T14:58:10.238259672Z 2026-05-16T14:58:10.238187Z  INFO influxdb3_server::http: handling query_sql database=bench query_str=-- Full-range aggregation across every host and every point. Forces a scan of
querier-1  | 2026-05-16T14:58:10.238271881Z -- every parquet file the querier knows about. Most-uncompacted-friendly:
querier-1  | 2026-05-16T14:58:10.238273381Z -- many small gen1 files = many small reads.
querier-1  | 2026-05-16T14:58:10.238274256Z SELECT region, AVG(temp) AS avg_temp, MAX(humidity) AS max_humid, COUNT(*) AS n
querier-1  | 2026-05-16T14:58:10.238275172Z FROM sensors
querier-1  | 2026-05-16T14:58:10.238275964Z GROUP BY region format=Csv
querier-1  | 2026-05-16T14:58:10.238276714Z 2026-05-16T14:58:10.238209Z  INFO influxdb3_server::query_executor: executing sql query database=bench query=-- Full-range aggregation across every host and every point. Forces a scan of
querier-1  | 2026-05-16T14:58:10.238277714Z -- every parquet file the querier knows about. Most-uncompacted-friendly:
querier-1  | 2026-05-16T14:58:10.238278547Z -- many small gen1 files = many small reads.
querier-1  | 2026-05-16T14:58:10.238279297Z SELECT region, AVG(temp) AS avg_temp, MAX(humidity) AS max_humid, COUNT(*) AS n
querier-1  | 2026-05-16T14:58:10.238280089Z FROM sensors
querier-1  | 2026-05-16T14:58:10.238280756Z GROUP BY region params=None
querier-1  | 2026-05-16T14:58:10.238285047Z 2026-05-16T14:58:10.238236Z  INFO iox_query::query_log: query when="received" id=47ab48d6-89b1-4d29-bdb2-a71b433d2b41 namespace_id=0 namespace_name="influxdb3 oss" query_type="sql" query_text=-- Full-range aggregation across every host and every point. Forces a scan of
querier-1  | 2026-05-16T14:58:10.238309089Z -- every parquet file the querier knows about. Most-uncompacted-friendly:
querier-1  | 2026-05-16T14:58:10.238311506Z -- many small gen1 files = many small reads.
querier-1  | 2026-05-16T14:58:10.238312297Z SELECT region, AVG(temp) AS avg_temp, MAX(humidity) AS max_humid, COUNT(*) AS n
querier-1  | 2026-05-16T14:58:10.238313089Z FROM sensors
querier-1  | 2026-05-16T14:58:10.238313839Z GROUP BY region query_params=Params { } issue_time=2026-05-16T14:58:10.238234839+00:00 success=false running=true cancelled=false
querier-1  | 2026-05-16T14:58:10.266159839Z 2026-05-16T14:58:10.266027Z  WARN iox_query::physical_optimizer::dedup::split: cannot split dedup operation, fanout too wide n_split=500 max_dedup_split=100
querier-1  | 2026-05-16T14:58:10.303972964Z 2026-05-16T14:58:10.303789Z  INFO iox_query::query_log: query when="planned" id=47ab48d6-89b1-4d29-bdb2-a71b433d2b41 namespace_id=0 namespace_name="influxdb3 oss" query_type="sql" query_text=-- Full-range aggregation across every host and every point. Forces a scan of
querier-1  | 2026-05-16T14:58:10.304041381Z -- every parquet file the querier knows about. Most-uncompacted-friendly:
querier-1  | 2026-05-16T14:58:10.304067131Z -- many small gen1 files = many small reads.
querier-1  | 2026-05-16T14:58:10.304068964Z SELECT region, AVG(temp) AS avg_temp, MAX(humidity) AS max_humid, COUNT(*) AS n
querier-1  | 2026-05-16T14:58:10.304069797Z FROM sensors
querier-1  | 2026-05-16T14:58:10.304070547Z GROUP BY region query_params=Params { } issue_time=2026-05-16T14:58:10.238234839+00:00 partitions=500 parquet_files=8000 deduplicated_partitions=500 deduplicated_parquet_files=8000 plan_duration_secs=0.064054458 success=false running=true cancelled=false
querier-1  | 2026-05-16T14:58:10.304071464Z 2026-05-16T14:58:10.303819Z  INFO iox_query::query_log: query when="permit" id=47ab48d6-89b1-4d29-bdb2-a71b433d2b41 namespace_id=0 namespace_name="influxdb3 oss" query_type="sql" query_text=-- Full-range aggregation across every host and every point. Forces a scan of
querier-1  | 2026-05-16T14:58:10.304072756Z -- every parquet file the querier knows about. Most-uncompacted-friendly:
querier-1  | 2026-05-16T14:58:10.304073381Z -- many small gen1 files = many small reads.
querier-1  | 2026-05-16T14:58:10.304074006Z SELECT region, AVG(temp) AS avg_temp, MAX(humidity) AS max_humid, COUNT(*) AS n
querier-1  | 2026-05-16T14:58:10.304074631Z FROM sensors
querier-1  | 2026-05-16T14:58:10.304075256Z GROUP BY region query_params=Params { } issue_time=2026-05-16T14:58:10.238234839+00:00 partitions=500 parquet_files=8000 deduplicated_partitions=500 deduplicated_parquet_files=8000 plan_duration_secs=0.064054458 permit_duration_secs=0.001529959 success=false running=true cancelled=false
querier-1  | 2026-05-16T14:58:10.304083464Z 2026-05-16T14:58:10.303940Z  INFO iox_query::query_log: query when="success" id=47ab48d6-89b1-4d29-bdb2-a71b433d2b41 namespace_id=0 namespace_name="influxdb3 oss" query_type="sql" query_text=-- Full-range aggregation across every host and every point. Forces a scan of
querier-1  | 2026-05-16T14:58:10.304084506Z -- every parquet file the querier knows about. Most-uncompacted-friendly:
querier-1  | 2026-05-16T14:58:10.304085214Z -- many small gen1 files = many small reads.
querier-1  | 2026-05-16T14:58:10.304085797Z SELECT region, AVG(temp) AS avg_temp, MAX(humidity) AS max_humid, COUNT(*) AS n
querier-1  | 2026-05-16T14:58:10.304093464Z FROM sensors
querier-1  | 2026-05-16T14:58:10.304094131Z GROUP BY region query_params=Params { } issue_time=2026-05-16T14:58:10.238234839+00:00 partitions=500 parquet_files=8000 deduplicated_partitions=500 deduplicated_parquet_files=8000 plan_duration_secs=0.064054458 permit_duration_secs=0.001529959 execute_duration_secs=0.000112166 end2end_duration_secs=0.065704792 compute_duration_secs=8.7176e-5 max_memory=0 ingester_metrics.latency_to_plan_secs=0.0 ingester_metrics.latency_to_full_data_secs=0.0 ingester_metrics.response_rows=0 ingester_metrics.partition_count=0 ingester_metrics.response_size=0 success=true running=false cancelled=false
querier-1  | 2026-05-16T14:58:12.310499923Z 2026-05-16T14:58:12.310424Z  INFO influxdb3_server::http: handling query_sql database=bench query_str=-- Full-range aggregation across every host and every point. Forces a scan of
querier-1  | 2026-05-16T14:58:12.310507007Z -- every parquet file the querier knows about. Most-uncompacted-friendly:
querier-1  | 2026-05-16T14:58:12.310507965Z -- many small gen1 files = many small reads.
querier-1  | 2026-05-16T14:58:12.310508632Z SELECT region, AVG(temp) AS avg_temp, MAX(humidity) AS max_humid, COUNT(*) AS n
querier-1  | 2026-05-16T14:58:12.310509257Z FROM sensors
querier-1  | 2026-05-16T14:58:12.310509840Z GROUP BY region format=Csv
querier-1  | 2026-05-16T14:58:12.310510465Z 2026-05-16T14:58:12.310447Z  INFO influxdb3_server::query_executor: executing sql query database=bench query=-- Full-range aggregation across every host and every point. Forces a scan of
querier-1  | 2026-05-16T14:58:12.310511215Z -- every parquet file the querier knows about. Most-uncompacted-friendly:
querier-1  | 2026-05-16T14:58:12.310511798Z -- many small gen1 files = many small reads.
querier-1  | 2026-05-16T14:58:12.310512382Z SELECT region, AVG(temp) AS avg_temp, MAX(humidity) AS max_humid, COUNT(*) AS n
querier-1  | 2026-05-16T14:58:12.310513007Z FROM sensors
querier-1  | 2026-05-16T14:58:12.310513548Z GROUP BY region params=None
querier-1  | 2026-05-16T14:58:12.310514465Z 2026-05-16T14:58:12.310472Z  INFO iox_query::query_log: query when="received" id=0f6a57a8-6d99-4873-a242-0ce31270804e namespace_id=0 namespace_name="influxdb3 oss" query_type="sql" query_text=-- Full-range aggregation across every host and every point. Forces a scan of
querier-1  | 2026-05-16T14:58:12.310515423Z -- every parquet file the querier knows about. Most-uncompacted-friendly:
querier-1  | 2026-05-16T14:58:12.310516007Z -- many small gen1 files = many small reads.
querier-1  | 2026-05-16T14:58:12.310516590Z SELECT region, AVG(temp) AS avg_temp, MAX(humidity) AS max_humid, COUNT(*) AS n
querier-1  | 2026-05-16T14:58:12.310517257Z FROM sensors
querier-1  | 2026-05-16T14:58:12.310517798Z GROUP BY region query_params=Params { } issue_time=2026-05-16T14:58:12.310471423+00:00 success=false running=true cancelled=false
querier-1  | 2026-05-16T14:58:12.336179798Z 2026-05-16T14:58:12.336060Z  WARN iox_query::physical_optimizer::dedup::split: cannot split dedup operation, fanout too wide n_split=500 max_dedup_split=100
querier-1  | 2026-05-16T14:58:12.371710507Z 2026-05-16T14:58:12.371606Z  INFO iox_query::query_log: query when="planned" id=0f6a57a8-6d99-4873-a242-0ce31270804e namespace_id=0 namespace_name="influxdb3 oss" query_type="sql" query_text=-- Full-range aggregation across every host and every point. Forces a scan of
querier-1  | 2026-05-16T14:58:12.371732673Z -- every parquet file the querier knows about. Most-uncompacted-friendly:
querier-1  | 2026-05-16T14:58:12.371733673Z -- many small gen1 files = many small reads.
querier-1  | 2026-05-16T14:58:12.371734340Z SELECT region, AVG(temp) AS avg_temp, MAX(humidity) AS max_humid, COUNT(*) AS n
querier-1  | 2026-05-16T14:58:12.371735007Z FROM sensors
querier-1  | 2026-05-16T14:58:12.371735632Z GROUP BY region query_params=Params { } issue_time=2026-05-16T14:58:12.310471423+00:00 partitions=500 parquet_files=8000 deduplicated_partitions=500 deduplicated_parquet_files=8000 plan_duration_secs=0.059578459 success=false running=true cancelled=false
querier-1  | 2026-05-16T14:58:12.371736673Z 2026-05-16T14:58:12.371630Z  INFO iox_query::query_log: query when="permit" id=0f6a57a8-6d99-4873-a242-0ce31270804e namespace_id=0 namespace_name="influxdb3 oss" query_type="sql" query_text=-- Full-range aggregation across every host and every point. Forces a scan of
querier-1  | 2026-05-16T14:58:12.371737548Z -- every parquet file the querier knows about. Most-uncompacted-friendly:
querier-1  | 2026-05-16T14:58:12.371738173Z -- many small gen1 files = many small reads.
querier-1  | 2026-05-16T14:58:12.371738757Z SELECT region, AVG(temp) AS avg_temp, MAX(humidity) AS max_humid, COUNT(*) AS n
querier-1  | 2026-05-16T14:58:12.371739382Z FROM sensors
querier-1  | 2026-05-16T14:58:12.371739923Z GROUP BY region query_params=Params { } issue_time=2026-05-16T14:58:12.310471423+00:00 partitions=500 parquet_files=8000 deduplicated_partitions=500 deduplicated_parquet_files=8000 plan_duration_secs=0.059578459 permit_duration_secs=0.001579791 success=false running=true cancelled=false
querier-1  | 2026-05-16T14:58:12.371803215Z 2026-05-16T14:58:12.371728Z  INFO iox_query::query_log: query when="success" id=0f6a57a8-6d99-4873-a242-0ce31270804e namespace_id=0 namespace_name="influxdb3 oss" query_type="sql" query_text=-- Full-range aggregation across every host and every point. Forces a scan of
querier-1  | 2026-05-16T14:58:12.371806548Z -- every parquet file the querier knows about. Most-uncompacted-friendly:
querier-1  | 2026-05-16T14:58:12.371807340Z -- many small gen1 files = many small reads.
querier-1  | 2026-05-16T14:58:12.371807965Z SELECT region, AVG(temp) AS avg_temp, MAX(humidity) AS max_humid, COUNT(*) AS n
querier-1  | 2026-05-16T14:58:12.371808673Z FROM sensors
querier-1  | 2026-05-16T14:58:12.371811632Z GROUP BY region query_params=Params { } issue_time=2026-05-16T14:58:12.310471423+00:00 partitions=500 parquet_files=8000 deduplicated_partitions=500 deduplicated_parquet_files=8000 plan_duration_secs=0.059578459 permit_duration_secs=0.001579791 execute_duration_secs=9.2167e-5 end2end_duration_secs=0.061256084 compute_duration_secs=4e-9 max_memory=0 ingester_metrics.latency_to_plan_secs=0.0 ingester_metrics.latency_to_full_data_secs=0.0 ingester_metrics.response_rows=0 ingester_metrics.partition_count=0 ingester_metrics.response_size=0 success=true running=false cancelled=false
querier-1  | 2026-05-16T14:58:14.345184466Z 2026-05-16T14:58:14.345118Z  INFO influxdb3_server::http: handling query_sql database=bench query_str=-- Full-range aggregation across every host and every point. Forces a scan of
querier-1  | 2026-05-16T14:58:14.345196966Z -- every parquet file the querier knows about. Most-uncompacted-friendly:
querier-1  | 2026-05-16T14:58:14.345198591Z -- many small gen1 files = many small reads.
querier-1  | 2026-05-16T14:58:14.345199549Z SELECT region, AVG(temp) AS avg_temp, MAX(humidity) AS max_humid, COUNT(*) AS n
querier-1  | 2026-05-16T14:58:14.345207633Z FROM sensors
querier-1  | 2026-05-16T14:58:14.345208299Z GROUP BY region format=Csv
querier-1  | 2026-05-16T14:58:14.345208924Z 2026-05-16T14:58:14.345140Z  INFO influxdb3_server::query_executor: executing sql query database=bench query=-- Full-range aggregation across every host and every point. Forces a scan of
querier-1  | 2026-05-16T14:58:14.345209674Z -- every parquet file the querier knows about. Most-uncompacted-friendly:
querier-1  | 2026-05-16T14:58:14.345210299Z -- many small gen1 files = many small reads.
querier-1  | 2026-05-16T14:58:14.345210883Z SELECT region, AVG(temp) AS avg_temp, MAX(humidity) AS max_humid, COUNT(*) AS n
querier-1  | 2026-05-16T14:58:14.345211508Z FROM sensors
querier-1  | 2026-05-16T14:58:14.345212049Z GROUP BY region params=None
querier-1  | 2026-05-16T14:58:14.345214716Z 2026-05-16T14:58:14.345165Z  INFO iox_query::query_log: query when="received" id=2fe59d1e-23e8-491a-b131-1251902304b7 namespace_id=0 namespace_name="influxdb3 oss" query_type="sql" query_text=-- Full-range aggregation across every host and every point. Forces a scan of
querier-1  | 2026-05-16T14:58:14.345215841Z -- every parquet file the querier knows about. Most-uncompacted-friendly:
querier-1  | 2026-05-16T14:58:14.345216466Z -- many small gen1 files = many small reads.
querier-1  | 2026-05-16T14:58:14.345217008Z SELECT region, AVG(temp) AS avg_temp, MAX(humidity) AS max_humid, COUNT(*) AS n
querier-1  | 2026-05-16T14:58:14.345217591Z FROM sensors
querier-1  | 2026-05-16T14:58:14.345218174Z GROUP BY region query_params=Params { } issue_time=2026-05-16T14:58:14.345163966+00:00 success=false running=true cancelled=false
querier-1  | 2026-05-16T14:58:14.370582299Z 2026-05-16T14:58:14.370467Z  WARN iox_query::physical_optimizer::dedup::split: cannot split dedup operation, fanout too wide n_split=500 max_dedup_split=100
querier-1  | 2026-05-16T14:58:14.408593549Z 2026-05-16T14:58:14.408471Z  INFO iox_query::query_log: query when="planned" id=2fe59d1e-23e8-491a-b131-1251902304b7 namespace_id=0 namespace_name="influxdb3 oss" query_type="sql" query_text=-- Full-range aggregation across every host and every point. Forces a scan of
querier-1  | 2026-05-16T14:58:14.408612799Z -- every parquet file the querier knows about. Most-uncompacted-friendly:
querier-1  | 2026-05-16T14:58:14.408613674Z -- many small gen1 files = many small reads.
querier-1  | 2026-05-16T14:58:14.408614466Z SELECT region, AVG(temp) AS avg_temp, MAX(humidity) AS max_humid, COUNT(*) AS n
querier-1  | 2026-05-16T14:58:14.408615258Z FROM sensors
querier-1  | 2026-05-16T14:58:14.408616008Z GROUP BY region query_params=Params { } issue_time=2026-05-16T14:58:14.345163966+00:00 partitions=500 parquet_files=8000 deduplicated_partitions=500 deduplicated_parquet_files=8000 plan_duration_secs=0.061740625 success=false running=true cancelled=false
querier-1  | 2026-05-16T14:58:14.408616841Z 2026-05-16T14:58:14.408498Z  INFO iox_query::query_log: query when="permit" id=2fe59d1e-23e8-491a-b131-1251902304b7 namespace_id=0 namespace_name="influxdb3 oss" query_type="sql" query_text=-- Full-range aggregation across every host and every point. Forces a scan of
querier-1  | 2026-05-16T14:58:14.408617716Z -- every parquet file the querier knows about. Most-uncompacted-friendly:
querier-1  | 2026-05-16T14:58:14.408618299Z -- many small gen1 files = many small reads.
querier-1  | 2026-05-16T14:58:14.408626799Z SELECT region, AVG(temp) AS avg_temp, MAX(humidity) AS max_humid, COUNT(*) AS n
querier-1  | 2026-05-16T14:58:14.408627508Z FROM sensors
querier-1  | 2026-05-16T14:58:14.408628091Z GROUP BY region query_params=Params { } issue_time=2026-05-16T14:58:14.345163966+00:00 partitions=500 parquet_files=8000 deduplicated_partitions=500 deduplicated_parquet_files=8000 plan_duration_secs=0.061740625 permit_duration_secs=0.001593625 success=false running=true cancelled=false
querier-1  | 2026-05-16T14:58:14.408698299Z 2026-05-16T14:58:14.408597Z  INFO iox_query::query_log: query when="success" id=2fe59d1e-23e8-491a-b131-1251902304b7 namespace_id=0 namespace_name="influxdb3 oss" query_type="sql" query_text=-- Full-range aggregation across every host and every point. Forces a scan of
querier-1  | 2026-05-16T14:58:14.408702091Z -- every parquet file the querier knows about. Most-uncompacted-friendly:
querier-1  | 2026-05-16T14:58:14.408702966Z -- many small gen1 files = many small reads.
querier-1  | 2026-05-16T14:58:14.408703799Z SELECT region, AVG(temp) AS avg_temp, MAX(humidity) AS max_humid, COUNT(*) AS n
querier-1  | 2026-05-16T14:58:14.408704591Z FROM sensors
querier-1  | 2026-05-16T14:58:14.408709508Z GROUP BY region query_params=Params { } issue_time=2026-05-16T14:58:14.345163966+00:00 partitions=500 parquet_files=8000 deduplicated_partitions=500 deduplicated_parquet_files=8000 plan_duration_secs=0.061740625 permit_duration_secs=0.001593625 execute_duration_secs=9.2625e-5 end2end_duration_secs=0.06343275 compute_duration_secs=6e-9 max_memory=0 ingester_metrics.latency_to_plan_secs=0.0 ingester_metrics.latency_to_full_data_secs=0.0 ingester_metrics.response_rows=0 ingester_metrics.partition_count=0 ingester_metrics.response_size=0 success=true running=false cancelled=false
querier-1  | 2026-05-16T14:58:16.382457759Z 2026-05-16T14:58:16.382386Z  INFO influxdb3_server::http: handling query_sql database=bench query_str=-- Full-range aggregation across every host and every point. Forces a scan of
querier-1  | 2026-05-16T14:58:16.382470467Z -- every parquet file the querier knows about. Most-uncompacted-friendly:
querier-1  | 2026-05-16T14:58:16.382471967Z -- many small gen1 files = many small reads.
querier-1  | 2026-05-16T14:58:16.382472800Z SELECT region, AVG(temp) AS avg_temp, MAX(humidity) AS max_humid, COUNT(*) AS n
querier-1  | 2026-05-16T14:58:16.382473717Z FROM sensors
querier-1  | 2026-05-16T14:58:16.382474425Z GROUP BY region format=Csv
querier-1  | 2026-05-16T14:58:16.382475175Z 2026-05-16T14:58:16.382407Z  INFO influxdb3_server::query_executor: executing sql query database=bench query=-- Full-range aggregation across every host and every point. Forces a scan of
querier-1  | 2026-05-16T14:58:16.382476675Z -- every parquet file the querier knows about. Most-uncompacted-friendly:
querier-1  | 2026-05-16T14:58:16.382477509Z -- many small gen1 files = many small reads.
querier-1  | 2026-05-16T14:58:16.382478259Z SELECT region, AVG(temp) AS avg_temp, MAX(humidity) AS max_humid, COUNT(*) AS n
querier-1  | 2026-05-16T14:58:16.382479050Z FROM sensors
querier-1  | 2026-05-16T14:58:16.382479759Z GROUP BY region params=None
querier-1  | 2026-05-16T14:58:16.382482134Z 2026-05-16T14:58:16.382432Z  INFO iox_query::query_log: query when="received" id=d9639b67-83b9-4e11-8ecd-ceb9a6fa4465 namespace_id=0 namespace_name="influxdb3 oss" query_type="sql" query_text=-- Full-range aggregation across every host and every point. Forces a scan of
querier-1  | 2026-05-16T14:58:16.382490092Z -- every parquet file the querier knows about. Most-uncompacted-friendly:
querier-1  | 2026-05-16T14:58:16.382491509Z -- many small gen1 files = many small reads.
querier-1  | 2026-05-16T14:58:16.382492259Z SELECT region, AVG(temp) AS avg_temp, MAX(humidity) AS max_humid, COUNT(*) AS n
querier-1  | 2026-05-16T14:58:16.382493050Z FROM sensors
querier-1  | 2026-05-16T14:58:16.382493759Z GROUP BY region query_params=Params { } issue_time=2026-05-16T14:58:16.382431175+00:00 success=false running=true cancelled=false
querier-1  | 2026-05-16T14:58:16.409059884Z 2026-05-16T14:58:16.408931Z  WARN iox_query::physical_optimizer::dedup::split: cannot split dedup operation, fanout too wide n_split=500 max_dedup_split=100
querier-1  | 2026-05-16T14:58:16.444637259Z 2026-05-16T14:58:16.444515Z  INFO iox_query::query_log: query when="planned" id=d9639b67-83b9-4e11-8ecd-ceb9a6fa4465 namespace_id=0 namespace_name="influxdb3 oss" query_type="sql" query_text=-- Full-range aggregation across every host and every point. Forces a scan of
querier-1  | 2026-05-16T14:58:16.444656342Z -- every parquet file the querier knows about. Most-uncompacted-friendly:
querier-1  | 2026-05-16T14:58:16.444657467Z -- many small gen1 files = many small reads.
querier-1  | 2026-05-16T14:58:16.444658300Z SELECT region, AVG(temp) AS avg_temp, MAX(humidity) AS max_humid, COUNT(*) AS n
querier-1  | 2026-05-16T14:58:16.444659050Z FROM sensors
querier-1  | 2026-05-16T14:58:16.444660009Z GROUP BY region query_params=Params { } issue_time=2026-05-16T14:58:16.382431175+00:00 partitions=500 parquet_files=8000 deduplicated_partitions=500 deduplicated_parquet_files=8000 plan_duration_secs=0.060559792 success=false running=true cancelled=false
querier-1  | 2026-05-16T14:58:16.444661009Z 2026-05-16T14:58:16.444541Z  INFO iox_query::query_log: query when="permit" id=d9639b67-83b9-4e11-8ecd-ceb9a6fa4465 namespace_id=0 namespace_name="influxdb3 oss" query_type="sql" query_text=-- Full-range aggregation across every host and every point. Forces a scan of
querier-1  | 2026-05-16T14:58:16.444661967Z -- every parquet file the querier knows about. Most-uncompacted-friendly:
querier-1  | 2026-05-16T14:58:16.444662550Z -- many small gen1 files = many small reads.
querier-1  | 2026-05-16T14:58:16.444663175Z SELECT region, AVG(temp) AS avg_temp, MAX(humidity) AS max_humid, COUNT(*) AS n
querier-1  | 2026-05-16T14:58:16.444663800Z FROM sensors
querier-1  | 2026-05-16T14:58:16.444664384Z GROUP BY region query_params=Params { } issue_time=2026-05-16T14:58:16.382431175+00:00 partitions=500 parquet_files=8000 deduplicated_partitions=500 deduplicated_parquet_files=8000 plan_duration_secs=0.060559792 permit_duration_secs=0.001549625 success=false running=true cancelled=false
querier-1  | 2026-05-16T14:58:16.444676759Z 2026-05-16T14:58:16.444641Z  INFO iox_query::query_log: query when="success" id=d9639b67-83b9-4e11-8ecd-ceb9a6fa4465 namespace_id=0 namespace_name="influxdb3 oss" query_type="sql" query_text=-- Full-range aggregation across every host and every point. Forces a scan of
querier-1  | 2026-05-16T14:58:16.444678425Z -- every parquet file the querier knows about. Most-uncompacted-friendly:
querier-1  | 2026-05-16T14:58:16.444679092Z -- many small gen1 files = many small reads.
querier-1  | 2026-05-16T14:58:16.444679675Z SELECT region, AVG(temp) AS avg_temp, MAX(humidity) AS max_humid, COUNT(*) AS n
querier-1  | 2026-05-16T14:58:16.444693384Z FROM sensors
querier-1  | 2026-05-16T14:58:16.444697259Z GROUP BY region query_params=Params { } issue_time=2026-05-16T14:58:16.382431175+00:00 partitions=500 parquet_files=8000 deduplicated_partitions=500 deduplicated_parquet_files=8000 plan_duration_secs=0.060559792 permit_duration_secs=0.001549625 execute_duration_secs=9.4083e-5 end2end_duration_secs=0.062209709 compute_duration_secs=4e-9 max_memory=0 ingester_metrics.latency_to_plan_secs=0.0 ingester_metrics.latency_to_full_data_secs=0.0 ingester_metrics.response_rows=0 ingester_metrics.partition_count=0 ingester_metrics.response_size=0 success=true running=false cancelled=false
querier-1  | 2026-05-16T14:58:18.429198343Z 2026-05-16T14:58:18.429126Z  INFO influxdb3_server::http: handling query_sql database=bench query_str=-- High-cardinality predicate: per-host extremes across a 4-week window.
querier-1  | 2026-05-16T14:58:18.429208343Z -- Benchmarks the per-file pruning path. Compaction should improve this
querier-1  | 2026-05-16T14:58:18.429210051Z -- materially when many gen1 files cover overlapping host sets.
querier-1  | 2026-05-16T14:58:18.429211093Z SELECT host, MAX(pressure) AS max_p, MIN(pressure) AS min_p
querier-1  | 2026-05-16T14:58:18.429212010Z FROM sensors
querier-1  | 2026-05-16T14:58:18.429212801Z WHERE time > now() - INTERVAL '4 weeks'
querier-1  | 2026-05-16T14:58:18.429213926Z GROUP BY host
querier-1  | 2026-05-16T14:58:18.429214885Z ORDER BY max_p DESC
querier-1  | 2026-05-16T14:58:18.429215760Z LIMIT 50 format=Csv
querier-1  | 2026-05-16T14:58:18.429216635Z 2026-05-16T14:58:18.429157Z  INFO influxdb3_server::query_executor: executing sql query database=bench query=-- High-cardinality predicate: per-host extremes across a 4-week window.
querier-1  | 2026-05-16T14:58:18.429217801Z -- Benchmarks the per-file pruning path. Compaction should improve this
querier-1  | 2026-05-16T14:58:18.429218760Z -- materially when many gen1 files cover overlapping host sets.
querier-1  | 2026-05-16T14:58:18.429219676Z SELECT host, MAX(pressure) AS max_p, MIN(pressure) AS min_p
querier-1  | 2026-05-16T14:58:18.429220593Z FROM sensors
querier-1  | 2026-05-16T14:58:18.429221468Z WHERE time > now() - INTERVAL '4 weeks'
querier-1  | 2026-05-16T14:58:18.429222385Z GROUP BY host
querier-1  | 2026-05-16T14:58:18.429223218Z ORDER BY max_p DESC
querier-1  | 2026-05-16T14:58:18.429224093Z LIMIT 50 params=None
querier-1  | 2026-05-16T14:58:18.429227635Z 2026-05-16T14:58:18.429183Z  INFO iox_query::query_log: query when="received" id=90a3bf83-9251-4b2d-93af-c9374a855703 namespace_id=0 namespace_name="influxdb3 oss" query_type="sql" query_text=-- High-cardinality predicate: per-host extremes across a 4-week window.
querier-1  | 2026-05-16T14:58:18.429229426Z -- Benchmarks the per-file pruning path. Compaction should improve this
querier-1  | 2026-05-16T14:58:18.429230385Z -- materially when many gen1 files cover overlapping host sets.
querier-1  | 2026-05-16T14:58:18.429231301Z SELECT host, MAX(pressure) AS max_p, MIN(pressure) AS min_p
querier-1  | 2026-05-16T14:58:18.429232176Z FROM sensors
querier-1  | 2026-05-16T14:58:18.429233051Z WHERE time > now() - INTERVAL '4 weeks'
querier-1  | 2026-05-16T14:58:18.429233926Z GROUP BY host
querier-1  | 2026-05-16T14:58:18.429234801Z ORDER BY max_p DESC
querier-1  | 2026-05-16T14:58:18.429241885Z LIMIT 50 query_params=Params { } issue_time=2026-05-16T14:58:18.429182510+00:00 success=false running=true cancelled=false
querier-1  | 2026-05-16T14:58:18.437780051Z 2026-05-16T14:58:18.437701Z  WARN iox_query::physical_optimizer::dedup::split: cannot split dedup operation, fanout too wide n_split=140 max_dedup_split=100
querier-1  | 2026-05-16T14:58:18.447076676Z 2026-05-16T14:58:18.446991Z  INFO iox_query::query_log: query when="planned" id=90a3bf83-9251-4b2d-93af-c9374a855703 namespace_id=0 namespace_name="influxdb3 oss" query_type="sql" query_text=-- High-cardinality predicate: per-host extremes across a 4-week window.
querier-1  | 2026-05-16T14:58:18.447088635Z -- Benchmarks the per-file pruning path. Compaction should improve this
querier-1  | 2026-05-16T14:58:18.447089551Z -- materially when many gen1 files cover overlapping host sets.
querier-1  | 2026-05-16T14:58:18.447090260Z SELECT host, MAX(pressure) AS max_p, MIN(pressure) AS min_p
querier-1  | 2026-05-16T14:58:18.447090843Z FROM sensors
querier-1  | 2026-05-16T14:58:18.447091426Z WHERE time > now() - INTERVAL '4 weeks'
querier-1  | 2026-05-16T14:58:18.447092218Z GROUP BY host
querier-1  | 2026-05-16T14:58:18.447092801Z ORDER BY max_p DESC
querier-1  | 2026-05-16T14:58:18.447093385Z LIMIT 50 query_params=Params { } issue_time=2026-05-16T14:58:18.429182510+00:00 partitions=140 parquet_files=2240 deduplicated_partitions=140 deduplicated_parquet_files=2240 plan_duration_secs=0.017421583 success=false running=true cancelled=false
querier-1  | 2026-05-16T14:58:18.447094218Z 2026-05-16T14:58:18.447012Z  INFO iox_query::query_log: query when="permit" id=90a3bf83-9251-4b2d-93af-c9374a855703 namespace_id=0 namespace_name="influxdb3 oss" query_type="sql" query_text=-- High-cardinality predicate: per-host extremes across a 4-week window.
querier-1  | 2026-05-16T14:58:18.447095051Z -- Benchmarks the per-file pruning path. Compaction should improve this
querier-1  | 2026-05-16T14:58:18.447095635Z -- materially when many gen1 files cover overlapping host sets.
querier-1  | 2026-05-16T14:58:18.447096218Z SELECT host, MAX(pressure) AS max_p, MIN(pressure) AS min_p
querier-1  | 2026-05-16T14:58:18.447096801Z FROM sensors
querier-1  | 2026-05-16T14:58:18.447097343Z WHERE time > now() - INTERVAL '4 weeks'
querier-1  | 2026-05-16T14:58:18.447097926Z GROUP BY host
querier-1  | 2026-05-16T14:58:18.447098468Z ORDER BY max_p DESC
querier-1  | 2026-05-16T14:58:18.447099051Z LIMIT 50 query_params=Params { } issue_time=2026-05-16T14:58:18.429182510+00:00 partitions=140 parquet_files=2240 deduplicated_partitions=140 deduplicated_parquet_files=2240 plan_duration_secs=0.017421583 permit_duration_secs=0.000408083 success=false running=true cancelled=false
querier-1  | 2026-05-16T14:58:18.447501968Z 2026-05-16T14:58:18.447384Z  INFO iox_query::query_log: query when="success" id=90a3bf83-9251-4b2d-93af-c9374a855703 namespace_id=0 namespace_name="influxdb3 oss" query_type="sql" query_text=-- High-cardinality predicate: per-host extremes across a 4-week window.
querier-1  | 2026-05-16T14:58:18.447506218Z -- Benchmarks the per-file pruning path. Compaction should improve this
querier-1  | 2026-05-16T14:58:18.447506926Z -- materially when many gen1 files cover overlapping host sets.
querier-1  | 2026-05-16T14:58:18.447507551Z SELECT host, MAX(pressure) AS max_p, MIN(pressure) AS min_p
querier-1  | 2026-05-16T14:58:18.447508260Z FROM sensors
querier-1  | 2026-05-16T14:58:18.447515593Z WHERE time > now() - INTERVAL '4 weeks'
querier-1  | 2026-05-16T14:58:18.447516301Z GROUP BY host
querier-1  | 2026-05-16T14:58:18.447516843Z ORDER BY max_p DESC
querier-1  | 2026-05-16T14:58:18.447519218Z LIMIT 50 query_params=Params { } issue_time=2026-05-16T14:58:18.429182510+00:00 partitions=140 parquet_files=2240 deduplicated_partitions=140 deduplicated_parquet_files=2240 plan_duration_secs=0.017421583 permit_duration_secs=0.000408083 execute_duration_secs=0.000317959 end2end_duration_secs=0.018197125 compute_duration_secs=0.000122929 max_memory=0 ingester_metrics.latency_to_plan_secs=0.0 ingester_metrics.latency_to_full_data_secs=0.0 ingester_metrics.response_rows=0 ingester_metrics.partition_count=0 ingester_metrics.response_size=0 success=true running=false cancelled=false
querier-1  | 2026-05-16T14:58:18.890392593Z 2026-05-16T14:58:18.890316Z  INFO influxdb3_server::http: handling query_sql database=bench query_str=-- High-cardinality predicate: per-host extremes across a 4-week window.
querier-1  | 2026-05-16T14:58:18.890413343Z -- Benchmarks the per-file pruning path. Compaction should improve this
querier-1  | 2026-05-16T14:58:18.890414760Z -- materially when many gen1 files cover overlapping host sets.
querier-1  | 2026-05-16T14:58:18.890415676Z SELECT host, MAX(pressure) AS max_p, MIN(pressure) AS min_p
querier-1  | 2026-05-16T14:58:18.890416510Z FROM sensors
querier-1  | 2026-05-16T14:58:18.890417218Z WHERE time > now() - INTERVAL '4 weeks'
querier-1  | 2026-05-16T14:58:18.890418135Z GROUP BY host
querier-1  | 2026-05-16T14:58:18.890418843Z ORDER BY max_p DESC
querier-1  | 2026-05-16T14:58:18.890419510Z LIMIT 50 format=Csv
querier-1  | 2026-05-16T14:58:18.890420260Z 2026-05-16T14:58:18.890370Z  INFO influxdb3_server::query_executor: executing sql query database=bench query=-- High-cardinality predicate: per-host extremes across a 4-week window.
querier-1  | 2026-05-16T14:58:18.890421176Z -- Benchmarks the per-file pruning path. Compaction should improve this
querier-1  | 2026-05-16T14:58:18.890421968Z -- materially when many gen1 files cover overlapping host sets.
querier-1  | 2026-05-16T14:58:18.890422676Z SELECT host, MAX(pressure) AS max_p, MIN(pressure) AS min_p
querier-1  | 2026-05-16T14:58:18.890423385Z FROM sensors
querier-1  | 2026-05-16T14:58:18.890424051Z WHERE time > now() - INTERVAL '4 weeks'
querier-1  | 2026-05-16T14:58:18.890424760Z GROUP BY host
querier-1  | 2026-05-16T14:58:18.890425468Z ORDER BY max_p DESC
querier-1  | 2026-05-16T14:58:18.890426135Z LIMIT 50 params=None
querier-1  | 2026-05-16T14:58:18.890440343Z 2026-05-16T14:58:18.890403Z  INFO iox_query::query_log: query when="received" id=fd58bcfd-ad75-4109-994e-3a790f6f6543 namespace_id=0 namespace_name="influxdb3 oss" query_type="sql" query_text=-- High-cardinality predicate: per-host extremes across a 4-week window.
querier-1  | 2026-05-16T14:58:18.890446176Z -- Benchmarks the per-file pruning path. Compaction should improve this
querier-1  | 2026-05-16T14:58:18.890447593Z -- materially when many gen1 files cover overlapping host sets.
querier-1  | 2026-05-16T14:58:18.890448468Z SELECT host, MAX(pressure) AS max_p, MIN(pressure) AS min_p
querier-1  | 2026-05-16T14:58:18.890449260Z FROM sensors
querier-1  | 2026-05-16T14:58:18.890450010Z WHERE time > now() - INTERVAL '4 weeks'
querier-1  | 2026-05-16T14:58:18.890458801Z GROUP BY host
querier-1  | 2026-05-16T14:58:18.890459551Z ORDER BY max_p DESC
querier-1  | 2026-05-16T14:58:18.890460260Z LIMIT 50 query_params=Params { } issue_time=2026-05-16T14:58:18.890401926+00:00 success=false running=true cancelled=false
querier-1  | 2026-05-16T14:58:18.898682135Z 2026-05-16T14:58:18.898623Z  WARN iox_query::physical_optimizer::dedup::split: cannot split dedup operation, fanout too wide n_split=140 max_dedup_split=100
querier-1  | 2026-05-16T14:58:18.907964551Z 2026-05-16T14:58:18.907882Z  INFO iox_query::query_log: query when="planned" id=fd58bcfd-ad75-4109-994e-3a790f6f6543 namespace_id=0 namespace_name="influxdb3 oss" query_type="sql" query_text=-- High-cardinality predicate: per-host extremes across a 4-week window.
querier-1  | 2026-05-16T14:58:18.907979426Z -- Benchmarks the per-file pruning path. Compaction should improve this
querier-1  | 2026-05-16T14:58:18.907980593Z -- materially when many gen1 files cover overlapping host sets.
querier-1  | 2026-05-16T14:58:18.907981510Z SELECT host, MAX(pressure) AS max_p, MIN(pressure) AS min_p
querier-1  | 2026-05-16T14:58:18.907982218Z FROM sensors
querier-1  | 2026-05-16T14:58:18.907982843Z WHERE time > now() - INTERVAL '4 weeks'
querier-1  | 2026-05-16T14:58:18.907983676Z GROUP BY host
querier-1  | 2026-05-16T14:58:18.907984260Z ORDER BY max_p DESC
querier-1  | 2026-05-16T14:58:18.907984926Z LIMIT 50 query_params=Params { } issue_time=2026-05-16T14:58:18.890401926+00:00 partitions=140 parquet_files=2240 deduplicated_partitions=140 deduplicated_parquet_files=2240 plan_duration_secs=0.017053084 success=false running=true cancelled=false
querier-1  | 2026-05-16T14:58:18.907985801Z 2026-05-16T14:58:18.907900Z  INFO iox_query::query_log: query when="permit" id=fd58bcfd-ad75-4109-994e-3a790f6f6543 namespace_id=0 namespace_name="influxdb3 oss" query_type="sql" query_text=-- High-cardinality predicate: per-host extremes across a 4-week window.
querier-1  | 2026-05-16T14:58:18.907986760Z -- Benchmarks the per-file pruning path. Compaction should improve this
querier-1  | 2026-05-16T14:58:18.907987385Z -- materially when many gen1 files cover overlapping host sets.
querier-1  | 2026-05-16T14:58:18.907988010Z SELECT host, MAX(pressure) AS max_p, MIN(pressure) AS min_p
querier-1  | 2026-05-16T14:58:18.907988635Z FROM sensors
querier-1  | 2026-05-16T14:58:18.907989176Z WHERE time > now() - INTERVAL '4 weeks'
querier-1  | 2026-05-16T14:58:18.907989801Z GROUP BY host
querier-1  | 2026-05-16T14:58:18.907990385Z ORDER BY max_p DESC
querier-1  | 2026-05-16T14:58:18.907990968Z LIMIT 50 query_params=Params { } issue_time=2026-05-16T14:58:18.890401926+00:00 partitions=140 parquet_files=2240 deduplicated_partitions=140 deduplicated_parquet_files=2240 plan_duration_secs=0.017053084 permit_duration_secs=0.000444958 success=false running=true cancelled=false
querier-1  | 2026-05-16T14:58:18.909330343Z 2026-05-16T14:58:18.908123Z  INFO iox_query::query_log: query when="success" id=fd58bcfd-ad75-4109-994e-3a790f6f6543 namespace_id=0 namespace_name="influxdb3 oss" query_type="sql" query_text=-- High-cardinality predicate: per-host extremes across a 4-week window.
querier-1  | 2026-05-16T14:58:18.909337301Z -- Benchmarks the per-file pruning path. Compaction should improve this
querier-1  | 2026-05-16T14:58:18.909338093Z -- materially when many gen1 files cover overlapping host sets.
querier-1  | 2026-05-16T14:58:18.909345676Z SELECT host, MAX(pressure) AS max_p, MIN(pressure) AS min_p
querier-1  | 2026-05-16T14:58:18.909346385Z FROM sensors
querier-1  | 2026-05-16T14:58:18.909346968Z WHERE time > now() - INTERVAL '4 weeks'
querier-1  | 2026-05-16T14:58:18.909347718Z GROUP BY host
querier-1  | 2026-05-16T14:58:18.909348301Z ORDER BY max_p DESC
querier-1  | 2026-05-16T14:58:18.909349010Z LIMIT 50 query_params=Params { } issue_time=2026-05-16T14:58:18.890401926+00:00 partitions=140 parquet_files=2240 deduplicated_partitions=140 deduplicated_parquet_files=2240 plan_duration_secs=0.017053084 permit_duration_secs=0.000444958 execute_duration_secs=0.000185667 end2end_duration_secs=0.017719584 compute_duration_secs=0.000123672 max_memory=0 ingester_metrics.latency_to_plan_secs=0.0 ingester_metrics.latency_to_full_data_secs=0.0 ingester_metrics.response_rows=0 ingester_metrics.partition_count=0 ingester_metrics.response_size=0 success=true running=false cancelled=false
querier-1  | 2026-05-16T14:58:19.283197343Z 2026-05-16T14:58:19.283124Z  INFO influxdb3_server::http: handling query_sql database=bench query_str=-- High-cardinality predicate: per-host extremes across a 4-week window.
querier-1  | 2026-05-16T14:58:19.283211635Z -- Benchmarks the per-file pruning path. Compaction should improve this
querier-1  | 2026-05-16T14:58:19.283212968Z -- materially when many gen1 files cover overlapping host sets.
querier-1  | 2026-05-16T14:58:19.283213802Z SELECT host, MAX(pressure) AS max_p, MIN(pressure) AS min_p
querier-1  | 2026-05-16T14:58:19.283214468Z FROM sensors
querier-1  | 2026-05-16T14:58:19.283215052Z WHERE time > now() - INTERVAL '4 weeks'
querier-1  | 2026-05-16T14:58:19.283215885Z GROUP BY host
querier-1  | 2026-05-16T14:58:19.283216510Z ORDER BY max_p DESC
querier-1  | 2026-05-16T14:58:19.283217093Z LIMIT 50 format=Csv
querier-1  | 2026-05-16T14:58:19.283217718Z 2026-05-16T14:58:19.283149Z  INFO influxdb3_server::query_executor: executing sql query database=bench query=-- High-cardinality predicate: per-host extremes across a 4-week window.
querier-1  | 2026-05-16T14:58:19.283218510Z -- Benchmarks the per-file pruning path. Compaction should improve this
querier-1  | 2026-05-16T14:58:19.283219177Z -- materially when many gen1 files cover overlapping host sets.
querier-1  | 2026-05-16T14:58:19.283219760Z SELECT host, MAX(pressure) AS max_p, MIN(pressure) AS min_p
querier-1  | 2026-05-16T14:58:19.283220385Z FROM sensors
querier-1  | 2026-05-16T14:58:19.283220927Z WHERE time > now() - INTERVAL '4 weeks'
querier-1  | 2026-05-16T14:58:19.283221510Z GROUP BY host
querier-1  | 2026-05-16T14:58:19.283222093Z ORDER BY max_p DESC
querier-1  | 2026-05-16T14:58:19.283222635Z LIMIT 50 params=None
querier-1  | 2026-05-16T14:58:19.283234468Z 2026-05-16T14:58:19.283179Z  INFO iox_query::query_log: query when="received" id=a74d2034-6234-49f2-ab70-68751fa2be5e namespace_id=0 namespace_name="influxdb3 oss" query_type="sql" query_text=-- High-cardinality predicate: per-host extremes across a 4-week window.
querier-1  | 2026-05-16T14:58:19.283236177Z -- Benchmarks the per-file pruning path. Compaction should improve this
querier-1  | 2026-05-16T14:58:19.283236843Z -- materially when many gen1 files cover overlapping host sets.
querier-1  | 2026-05-16T14:58:19.283237427Z SELECT host, MAX(pressure) AS max_p, MIN(pressure) AS min_p
querier-1  | 2026-05-16T14:58:19.283244468Z FROM sensors
querier-1  | 2026-05-16T14:58:19.283245260Z WHERE time > now() - INTERVAL '4 weeks'
querier-1  | 2026-05-16T14:58:19.283245968Z GROUP BY host
querier-1  | 2026-05-16T14:58:19.283246677Z ORDER BY max_p DESC
querier-1  | 2026-05-16T14:58:19.283247385Z LIMIT 50 query_params=Params { } issue_time=2026-05-16T14:58:19.283178552+00:00 success=false running=true cancelled=false
querier-1  | 2026-05-16T14:58:19.291974552Z 2026-05-16T14:58:19.291877Z  WARN iox_query::physical_optimizer::dedup::split: cannot split dedup operation, fanout too wide n_split=140 max_dedup_split=100
querier-1  | 2026-05-16T14:58:19.301548468Z 2026-05-16T14:58:19.301427Z  INFO iox_query::query_log: query when="planned" id=a74d2034-6234-49f2-ab70-68751fa2be5e namespace_id=0 namespace_name="influxdb3 oss" query_type="sql" query_text=-- High-cardinality predicate: per-host extremes across a 4-week window.
querier-1  | 2026-05-16T14:58:19.301570468Z -- Benchmarks the per-file pruning path. Compaction should improve this
querier-1  | 2026-05-16T14:58:19.301571802Z -- materially when many gen1 files cover overlapping host sets.
querier-1  | 2026-05-16T14:58:19.301572677Z SELECT host, MAX(pressure) AS max_p, MIN(pressure) AS min_p
querier-1  | 2026-05-16T14:58:19.301573593Z FROM sensors
querier-1  | 2026-05-16T14:58:19.301574385Z WHERE time > now() - INTERVAL '4 weeks'
querier-1  | 2026-05-16T14:58:19.301575385Z GROUP BY host
querier-1  | 2026-05-16T14:58:19.301575968Z ORDER BY max_p DESC
querier-1  | 2026-05-16T14:58:19.301576635Z LIMIT 50 query_params=Params { } issue_time=2026-05-16T14:58:19.283178552+00:00 partitions=140 parquet_files=2240 deduplicated_partitions=140 deduplicated_parquet_files=2240 plan_duration_secs=0.017764083 success=false running=true cancelled=false
querier-1  | 2026-05-16T14:58:19.301577677Z 2026-05-16T14:58:19.301455Z  INFO iox_query::query_log: query when="permit" id=a74d2034-6234-49f2-ab70-68751fa2be5e namespace_id=0 namespace_name="influxdb3 oss" query_type="sql" query_text=-- High-cardinality predicate: per-host extremes across a 4-week window.
querier-1  | 2026-05-16T14:58:19.301578843Z -- Benchmarks the per-file pruning path. Compaction should improve this
querier-1  | 2026-05-16T14:58:19.301579593Z -- materially when many gen1 files cover overlapping host sets.
querier-1  | 2026-05-16T14:58:19.301580385Z SELECT host, MAX(pressure) AS max_p, MIN(pressure) AS min_p
querier-1  | 2026-05-16T14:58:19.301581093Z FROM sensors
querier-1  | 2026-05-16T14:58:19.301581802Z WHERE time > now() - INTERVAL '4 weeks'
querier-1  | 2026-05-16T14:58:19.301582552Z GROUP BY host
querier-1  | 2026-05-16T14:58:19.301583260Z ORDER BY max_p DESC
querier-1  | 2026-05-16T14:58:19.301584010Z LIMIT 50 query_params=Params { } issue_time=2026-05-16T14:58:19.283178552+00:00 partitions=140 parquet_files=2240 deduplicated_partitions=140 deduplicated_parquet_files=2240 plan_duration_secs=0.017764083 permit_duration_secs=0.000512167 success=false running=true cancelled=false
querier-1  | 2026-05-16T14:58:19.301796885Z 2026-05-16T14:58:19.301724Z  INFO iox_query::query_log: query when="success" id=a74d2034-6234-49f2-ab70-68751fa2be5e namespace_id=0 namespace_name="influxdb3 oss" query_type="sql" query_text=-- High-cardinality predicate: per-host extremes across a 4-week window.
querier-1  | 2026-05-16T14:58:19.301805968Z -- Benchmarks the per-file pruning path. Compaction should improve this
querier-1  | 2026-05-16T14:58:19.301807010Z -- materially when many gen1 files cover overlapping host sets.
querier-1  | 2026-05-16T14:58:19.301807718Z SELECT host, MAX(pressure) AS max_p, MIN(pressure) AS min_p
querier-1  | 2026-05-16T14:58:19.301808385Z FROM sensors
querier-1  | 2026-05-16T14:58:19.301809093Z WHERE time > now() - INTERVAL '4 weeks'
querier-1  | 2026-05-16T14:58:19.301810010Z GROUP BY host
querier-1  | 2026-05-16T14:58:19.301810593Z ORDER BY max_p DESC
querier-1  | 2026-05-16T14:58:19.301811302Z LIMIT 50 query_params=Params { } issue_time=2026-05-16T14:58:19.283178552+00:00 partitions=140 parquet_files=2240 deduplicated_partitions=140 deduplicated_parquet_files=2240 plan_duration_secs=0.017764083 permit_duration_secs=0.000512167 execute_duration_secs=0.000206 end2end_duration_secs=0.01854475 compute_duration_secs=0.000139925 max_memory=0 ingester_metrics.latency_to_plan_secs=0.0 ingester_metrics.latency_to_full_data_secs=0.0 ingester_metrics.response_rows=0 ingester_metrics.partition_count=0 ingester_metrics.response_size=0 success=true running=false cancelled=false
querier-1  | 2026-05-16T14:58:19.707514343Z 2026-05-16T14:58:19.707441Z  INFO influxdb3_server::http: handling query_sql database=bench query_str=-- High-cardinality predicate: per-host extremes across a 4-week window.
querier-1  | 2026-05-16T14:58:19.707522927Z -- Benchmarks the per-file pruning path. Compaction should improve this
querier-1  | 2026-05-16T14:58:19.707523968Z -- materially when many gen1 files cover overlapping host sets.
querier-1  | 2026-05-16T14:58:19.707524635Z SELECT host, MAX(pressure) AS max_p, MIN(pressure) AS min_p
querier-1  | 2026-05-16T14:58:19.707525260Z FROM sensors
querier-1  | 2026-05-16T14:58:19.707525885Z WHERE time > now() - INTERVAL '4 weeks'
querier-1  | 2026-05-16T14:58:19.707526718Z GROUP BY host
querier-1  | 2026-05-16T14:58:19.707527302Z ORDER BY max_p DESC
querier-1  | 2026-05-16T14:58:19.707527885Z LIMIT 50 format=Csv
querier-1  | 2026-05-16T14:58:19.707528468Z 2026-05-16T14:58:19.707461Z  INFO influxdb3_server::query_executor: executing sql query database=bench query=-- High-cardinality predicate: per-host extremes across a 4-week window.
querier-1  | 2026-05-16T14:58:19.707529177Z -- Benchmarks the per-file pruning path. Compaction should improve this
querier-1  | 2026-05-16T14:58:19.707529802Z -- materially when many gen1 files cover overlapping host sets.
querier-1  | 2026-05-16T14:58:19.707530385Z SELECT host, MAX(pressure) AS max_p, MIN(pressure) AS min_p
querier-1  | 2026-05-16T14:58:19.707530927Z FROM sensors
querier-1  | 2026-05-16T14:58:19.707531468Z WHERE time > now() - INTERVAL '4 weeks'
querier-1  | 2026-05-16T14:58:19.707532052Z GROUP BY host
querier-1  | 2026-05-16T14:58:19.707532552Z ORDER BY max_p DESC
querier-1  | 2026-05-16T14:58:19.707533093Z LIMIT 50 params=None
querier-1  | 2026-05-16T14:58:19.707533677Z 2026-05-16T14:58:19.707484Z  INFO iox_query::query_log: query when="received" id=4d0248ab-4119-43cd-af7d-162d6eb67908 namespace_id=0 namespace_name="influxdb3 oss" query_type="sql" query_text=-- High-cardinality predicate: per-host extremes across a 4-week window.
querier-1  | 2026-05-16T14:58:19.707534635Z -- Benchmarks the per-file pruning path. Compaction should improve this
querier-1  | 2026-05-16T14:58:19.707541552Z -- materially when many gen1 files cover overlapping host sets.
querier-1  | 2026-05-16T14:58:19.707542218Z SELECT host, MAX(pressure) AS max_p, MIN(pressure) AS min_p
querier-1  | 2026-05-16T14:58:19.707542802Z FROM sensors
querier-1  | 2026-05-16T14:58:19.707543343Z WHERE time > now() - INTERVAL '4 weeks'
querier-1  | 2026-05-16T14:58:19.707543927Z GROUP BY host
querier-1  | 2026-05-16T14:58:19.707544427Z ORDER BY max_p DESC
querier-1  | 2026-05-16T14:58:19.707544968Z LIMIT 50 query_params=Params { } issue_time=2026-05-16T14:58:19.707483635+00:00 success=false running=true cancelled=false
querier-1  | 2026-05-16T14:58:19.716137968Z 2026-05-16T14:58:19.716069Z  WARN iox_query::physical_optimizer::dedup::split: cannot split dedup operation, fanout too wide n_split=140 max_dedup_split=100
querier-1  | 2026-05-16T14:58:19.725690427Z 2026-05-16T14:58:19.725589Z  INFO iox_query::query_log: query when="planned" id=4d0248ab-4119-43cd-af7d-162d6eb67908 namespace_id=0 namespace_name="influxdb3 oss" query_type="sql" query_text=-- High-cardinality predicate: per-host extremes across a 4-week window.
querier-1  | 2026-05-16T14:58:19.725710510Z -- Benchmarks the per-file pruning path. Compaction should improve this
querier-1  | 2026-05-16T14:58:19.725712052Z -- materially when many gen1 files cover overlapping host sets.
querier-1  | 2026-05-16T14:58:19.725712885Z SELECT host, MAX(pressure) AS max_p, MIN(pressure) AS min_p
querier-1  | 2026-05-16T14:58:19.725713718Z FROM sensors
querier-1  | 2026-05-16T14:58:19.725714468Z WHERE time > now() - INTERVAL '4 weeks'
querier-1  | 2026-05-16T14:58:19.725715510Z GROUP BY host
querier-1  | 2026-05-16T14:58:19.725716177Z ORDER BY max_p DESC
querier-1  | 2026-05-16T14:58:19.725716927Z LIMIT 50 query_params=Params { } issue_time=2026-05-16T14:58:19.707483635+00:00 partitions=140 parquet_files=2240 deduplicated_partitions=140 deduplicated_parquet_files=2240 plan_duration_secs=0.01764025 success=false running=true cancelled=false
querier-1  | 2026-05-16T14:58:19.725718010Z 2026-05-16T14:58:19.725613Z  INFO iox_query::query_log: query when="permit" id=4d0248ab-4119-43cd-af7d-162d6eb67908 namespace_id=0 namespace_name="influxdb3 oss" query_type="sql" query_text=-- High-cardinality predicate: per-host extremes across a 4-week window.
querier-1  | 2026-05-16T14:58:19.725719177Z -- Benchmarks the per-file pruning path. Compaction should improve this
querier-1  | 2026-05-16T14:58:19.725719927Z -- materially when many gen1 files cover overlapping host sets.
querier-1  | 2026-05-16T14:58:19.725720677Z SELECT host, MAX(pressure) AS max_p, MIN(pressure) AS min_p
querier-1  | 2026-05-16T14:58:19.725721427Z FROM sensors
querier-1  | 2026-05-16T14:58:19.725722093Z WHERE time > now() - INTERVAL '4 weeks'
querier-1  | 2026-05-16T14:58:19.725722843Z GROUP BY host
querier-1  | 2026-05-16T14:58:19.725723510Z ORDER BY max_p DESC
querier-1  | 2026-05-16T14:58:19.725724218Z LIMIT 50 query_params=Params { } issue_time=2026-05-16T14:58:19.707483635+00:00 partitions=140 parquet_files=2240 deduplicated_partitions=140 deduplicated_parquet_files=2240 plan_duration_secs=0.01764025 permit_duration_secs=0.000489542 success=false running=true cancelled=false
querier-1  | 2026-05-16T14:58:19.727328302Z 2026-05-16T14:58:19.725815Z  INFO iox_query::query_log: query when="success" id=4d0248ab-4119-43cd-af7d-162d6eb67908 namespace_id=0 namespace_name="influxdb3 oss" query_type="sql" query_text=-- High-cardinality predicate: per-host extremes across a 4-week window.
querier-1  | 2026-05-16T14:58:19.727341760Z -- Benchmarks the per-file pruning path. Compaction should improve this
querier-1  | 2026-05-16T14:58:19.727342885Z -- materially when many gen1 files cover overlapping host sets.
querier-1  | 2026-05-16T14:58:19.727343552Z SELECT host, MAX(pressure) AS max_p, MIN(pressure) AS min_p
querier-1  | 2026-05-16T14:58:19.727344218Z FROM sensors
querier-1  | 2026-05-16T14:58:19.727344843Z WHERE time > now() - INTERVAL '4 weeks'
querier-1  | 2026-05-16T14:58:19.727345552Z GROUP BY host
querier-1  | 2026-05-16T14:58:19.727346135Z ORDER BY max_p DESC
querier-1  | 2026-05-16T14:58:19.727346802Z LIMIT 50 query_params=Params { } issue_time=2026-05-16T14:58:19.707483635+00:00 partitions=140 parquet_files=2240 deduplicated_partitions=140 deduplicated_parquet_files=2240 plan_duration_secs=0.01764025 permit_duration_secs=0.000489542 execute_duration_secs=0.000184375 end2end_duration_secs=0.018330375 compute_duration_secs=8.7748e-5 max_memory=0 ingester_metrics.latency_to_plan_secs=0.0 ingester_metrics.latency_to_full_data_secs=0.0 ingester_metrics.response_rows=0 ingester_metrics.partition_count=0 ingester_metrics.response_size=0 success=true running=false cancelled=false
querier-1  | 2026-05-16T14:58:20.108346344Z 2026-05-16T14:58:20.108255Z  INFO influxdb3_server::http: handling query_sql database=bench query_str=-- High-cardinality predicate: per-host extremes across a 4-week window.
querier-1  | 2026-05-16T14:58:20.108355260Z -- Benchmarks the per-file pruning path. Compaction should improve this
querier-1  | 2026-05-16T14:58:20.108356260Z -- materially when many gen1 files cover overlapping host sets.
querier-1  | 2026-05-16T14:58:20.108356969Z SELECT host, MAX(pressure) AS max_p, MIN(pressure) AS min_p
querier-1  | 2026-05-16T14:58:20.108357594Z FROM sensors
querier-1  | 2026-05-16T14:58:20.108358177Z WHERE time > now() - INTERVAL '4 weeks'
querier-1  | 2026-05-16T14:58:20.108358927Z GROUP BY host
querier-1  | 2026-05-16T14:58:20.108359510Z ORDER BY max_p DESC
querier-1  | 2026-05-16T14:58:20.108360094Z LIMIT 50 format=Csv
querier-1  | 2026-05-16T14:58:20.108360677Z 2026-05-16T14:58:20.108277Z  INFO influxdb3_server::query_executor: executing sql query database=bench query=-- High-cardinality predicate: per-host extremes across a 4-week window.
querier-1  | 2026-05-16T14:58:20.108361427Z -- Benchmarks the per-file pruning path. Compaction should improve this
querier-1  | 2026-05-16T14:58:20.108362052Z -- materially when many gen1 files cover overlapping host sets.
querier-1  | 2026-05-16T14:58:20.108362635Z SELECT host, MAX(pressure) AS max_p, MIN(pressure) AS min_p
querier-1  | 2026-05-16T14:58:20.108363219Z FROM sensors
querier-1  | 2026-05-16T14:58:20.108363760Z WHERE time > now() - INTERVAL '4 weeks'
querier-1  | 2026-05-16T14:58:20.108364344Z GROUP BY host
querier-1  | 2026-05-16T14:58:20.108364885Z ORDER BY max_p DESC
querier-1  | 2026-05-16T14:58:20.108365427Z LIMIT 50 params=None
querier-1  | 2026-05-16T14:58:20.108366010Z 2026-05-16T14:58:20.108313Z  INFO iox_query::query_log: query when="received" id=d6fccf93-1ddf-4b35-9c87-c05e67bd68f7 namespace_id=0 namespace_name="influxdb3 oss" query_type="sql" query_text=-- High-cardinality predicate: per-host extremes across a 4-week window.
querier-1  | 2026-05-16T14:58:20.108373469Z -- Benchmarks the per-file pruning path. Compaction should improve this
querier-1  | 2026-05-16T14:58:20.108374135Z -- materially when many gen1 files cover overlapping host sets.
querier-1  | 2026-05-16T14:58:20.108374719Z SELECT host, MAX(pressure) AS max_p, MIN(pressure) AS min_p
querier-1  | 2026-05-16T14:58:20.108375344Z FROM sensors
querier-1  | 2026-05-16T14:58:20.108375844Z WHERE time > now() - INTERVAL '4 weeks'
querier-1  | 2026-05-16T14:58:20.108376427Z GROUP BY host
querier-1  | 2026-05-16T14:58:20.108376969Z ORDER BY max_p DESC
querier-1  | 2026-05-16T14:58:20.108377552Z LIMIT 50 query_params=Params { } issue_time=2026-05-16T14:58:20.108312635+00:00 success=false running=true cancelled=false
querier-1  | 2026-05-16T14:58:20.116986260Z 2026-05-16T14:58:20.116920Z  WARN iox_query::physical_optimizer::dedup::split: cannot split dedup operation, fanout too wide n_split=140 max_dedup_split=100
querier-1  | 2026-05-16T14:58:20.126574802Z 2026-05-16T14:58:20.126476Z  INFO iox_query::query_log: query when="planned" id=d6fccf93-1ddf-4b35-9c87-c05e67bd68f7 namespace_id=0 namespace_name="influxdb3 oss" query_type="sql" query_text=-- High-cardinality predicate: per-host extremes across a 4-week window.
querier-1  | 2026-05-16T14:58:20.126589760Z -- Benchmarks the per-file pruning path. Compaction should improve this
querier-1  | 2026-05-16T14:58:20.126591052Z -- materially when many gen1 files cover overlapping host sets.
querier-1  | 2026-05-16T14:58:20.126591844Z SELECT host, MAX(pressure) AS max_p, MIN(pressure) AS min_p
querier-1  | 2026-05-16T14:58:20.126592510Z FROM sensors
querier-1  | 2026-05-16T14:58:20.126593177Z WHERE time > now() - INTERVAL '4 weeks'
querier-1  | 2026-05-16T14:58:20.126594094Z GROUP BY host
querier-1  | 2026-05-16T14:58:20.126594677Z ORDER BY max_p DESC
querier-1  | 2026-05-16T14:58:20.126595302Z LIMIT 50 query_params=Params { } issue_time=2026-05-16T14:58:20.108312635+00:00 partitions=140 parquet_files=2240 deduplicated_partitions=140 deduplicated_parquet_files=2240 plan_duration_secs=0.017718167 success=false running=true cancelled=false
querier-1  | 2026-05-16T14:58:20.126596260Z 2026-05-16T14:58:20.126501Z  INFO iox_query::query_log: query when="permit" id=d6fccf93-1ddf-4b35-9c87-c05e67bd68f7 namespace_id=0 namespace_name="influxdb3 oss" query_type="sql" query_text=-- High-cardinality predicate: per-host extremes across a 4-week window.
querier-1  | 2026-05-16T14:58:20.126597219Z -- Benchmarks the per-file pruning path. Compaction should improve this
querier-1  | 2026-05-16T14:58:20.126597844Z -- materially when many gen1 files cover overlapping host sets.
querier-1  | 2026-05-16T14:58:20.126598427Z SELECT host, MAX(pressure) AS max_p, MIN(pressure) AS min_p
querier-1  | 2026-05-16T14:58:20.126599010Z FROM sensors
querier-1  | 2026-05-16T14:58:20.126599552Z WHERE time > now() - INTERVAL '4 weeks'
querier-1  | 2026-05-16T14:58:20.126600135Z GROUP BY host
querier-1  | 2026-05-16T14:58:20.126600719Z ORDER BY max_p DESC
querier-1  | 2026-05-16T14:58:20.126601260Z LIMIT 50 query_params=Params { } issue_time=2026-05-16T14:58:20.108312635+00:00 partitions=140 parquet_files=2240 deduplicated_partitions=140 deduplicated_parquet_files=2240 plan_duration_secs=0.017718167 permit_duration_secs=0.000470125 success=false running=true cancelled=false
querier-1  | 2026-05-16T14:58:20.126753260Z 2026-05-16T14:58:20.126685Z  INFO iox_query::query_log: query when="success" id=d6fccf93-1ddf-4b35-9c87-c05e67bd68f7 namespace_id=0 namespace_name="influxdb3 oss" query_type="sql" query_text=-- High-cardinality predicate: per-host extremes across a 4-week window.
querier-1  | 2026-05-16T14:58:20.126757135Z -- Benchmarks the per-file pruning path. Compaction should improve this
querier-1  | 2026-05-16T14:58:20.126757969Z -- materially when many gen1 files cover overlapping host sets.
querier-1  | 2026-05-16T14:58:20.126758677Z SELECT host, MAX(pressure) AS max_p, MIN(pressure) AS min_p
querier-1  | 2026-05-16T14:58:20.126759385Z FROM sensors
querier-1  | 2026-05-16T14:58:20.126759969Z WHERE time > now() - INTERVAL '4 weeks'
querier-1  | 2026-05-16T14:58:20.126760635Z GROUP BY host
querier-1  | 2026-05-16T14:58:20.126761302Z ORDER BY max_p DESC
querier-1  | 2026-05-16T14:58:20.126762094Z LIMIT 50 query_params=Params { } issue_time=2026-05-16T14:58:20.108312635+00:00 partitions=140 parquet_files=2240 deduplicated_partitions=140 deduplicated_parquet_files=2240 plan_duration_secs=0.017718167 permit_duration_secs=0.000470125 execute_duration_secs=0.000170083 end2end_duration_secs=0.018372667 compute_duration_secs=8.116e-5 max_memory=0 ingester_metrics.latency_to_plan_secs=0.0 ingester_metrics.latency_to_full_data_secs=0.0 ingester_metrics.response_rows=0 ingester_metrics.partition_count=0 ingester_metrics.response_size=0 success=true running=false cancelled=false
querier-1  | 2026-05-16T14:58:20.530430386Z 2026-05-16T14:58:20.530375Z  INFO influxdb3_server::http: handling query_sql database=bench query_str=-- High-cardinality predicate: per-host extremes across a 4-week window.
querier-1  | 2026-05-16T14:58:20.530438427Z -- Benchmarks the per-file pruning path. Compaction should improve this
querier-1  | 2026-05-16T14:58:20.530439386Z -- materially when many gen1 files cover overlapping host sets.
querier-1  | 2026-05-16T14:58:20.530440011Z SELECT host, MAX(pressure) AS max_p, MIN(pressure) AS min_p
querier-1  | 2026-05-16T14:58:20.530440594Z FROM sensors
querier-1  | 2026-05-16T14:58:20.530441136Z WHERE time > now() - INTERVAL '4 weeks'
querier-1  | 2026-05-16T14:58:20.530441719Z GROUP BY host
querier-1  | 2026-05-16T14:58:20.530442219Z ORDER BY max_p DESC
querier-1  | 2026-05-16T14:58:20.530442719Z LIMIT 50 format=Csv
querier-1  | 2026-05-16T14:58:20.530443219Z 2026-05-16T14:58:20.530395Z  INFO influxdb3_server::query_executor: executing sql query database=bench query=-- High-cardinality predicate: per-host extremes across a 4-week window.
querier-1  | 2026-05-16T14:58:20.530443886Z -- Benchmarks the per-file pruning path. Compaction should improve this
querier-1  | 2026-05-16T14:58:20.530444427Z -- materially when many gen1 files cover overlapping host sets.
querier-1  | 2026-05-16T14:58:20.530444969Z SELECT host, MAX(pressure) AS max_p, MIN(pressure) AS min_p
querier-1  | 2026-05-16T14:58:20.530445511Z FROM sensors
querier-1  | 2026-05-16T14:58:20.530445969Z WHERE time > now() - INTERVAL '4 weeks'
querier-1  | 2026-05-16T14:58:20.530446511Z GROUP BY host
querier-1  | 2026-05-16T14:58:20.530447011Z ORDER BY max_p DESC
querier-1  | 2026-05-16T14:58:20.530453302Z LIMIT 50 params=None
querier-1  | 2026-05-16T14:58:20.530497011Z 2026-05-16T14:58:20.530462Z  INFO iox_query::query_log: query when="received" id=925ac1bb-c32b-4868-8252-8122b9362baf namespace_id=0 namespace_name="influxdb3 oss" query_type="sql" query_text=-- High-cardinality predicate: per-host extremes across a 4-week window.
querier-1  | 2026-05-16T14:58:20.530499844Z -- Benchmarks the per-file pruning path. Compaction should improve this
querier-1  | 2026-05-16T14:58:20.530500594Z -- materially when many gen1 files cover overlapping host sets.
querier-1  | 2026-05-16T14:58:20.530501177Z SELECT host, MAX(pressure) AS max_p, MIN(pressure) AS min_p
querier-1  | 2026-05-16T14:58:20.530501719Z FROM sensors
querier-1  | 2026-05-16T14:58:20.530502261Z WHERE time > now() - INTERVAL '4 weeks'
querier-1  | 2026-05-16T14:58:20.530502844Z GROUP BY host
querier-1  | 2026-05-16T14:58:20.530503344Z ORDER BY max_p DESC
querier-1  | 2026-05-16T14:58:20.530503844Z LIMIT 50 query_params=Params { } issue_time=2026-05-16T14:58:20.530460886+00:00 success=false running=true cancelled=false
querier-1  | 2026-05-16T14:58:20.538878177Z 2026-05-16T14:58:20.538818Z  WARN iox_query::physical_optimizer::dedup::split: cannot split dedup operation, fanout too wide n_split=140 max_dedup_split=100
querier-1  | 2026-05-16T14:58:20.548167969Z 2026-05-16T14:58:20.548086Z  INFO iox_query::query_log: query when="planned" id=925ac1bb-c32b-4868-8252-8122b9362baf namespace_id=0 namespace_name="influxdb3 oss" query_type="sql" query_text=-- High-cardinality predicate: per-host extremes across a 4-week window.
querier-1  | 2026-05-16T14:58:20.548180802Z -- Benchmarks the per-file pruning path. Compaction should improve this
querier-1  | 2026-05-16T14:58:20.548181761Z -- materially when many gen1 files cover overlapping host sets.
querier-1  | 2026-05-16T14:58:20.548182511Z SELECT host, MAX(pressure) AS max_p, MIN(pressure) AS min_p
querier-1  | 2026-05-16T14:58:20.548183136Z FROM sensors
querier-1  | 2026-05-16T14:58:20.548183844Z WHERE time > now() - INTERVAL '4 weeks'
querier-1  | 2026-05-16T14:58:20.548184927Z GROUP BY host
querier-1  | 2026-05-16T14:58:20.548185469Z ORDER BY max_p DESC
querier-1  | 2026-05-16T14:58:20.548186094Z LIMIT 50 query_params=Params { } issue_time=2026-05-16T14:58:20.530460886+00:00 partitions=140 parquet_files=2240 deduplicated_partitions=140 deduplicated_parquet_files=2240 plan_duration_secs=0.017205791 success=false running=true cancelled=false
querier-1  | 2026-05-16T14:58:20.548186927Z 2026-05-16T14:58:20.548109Z  INFO iox_query::query_log: query when="permit" id=925ac1bb-c32b-4868-8252-8122b9362baf namespace_id=0 namespace_name="influxdb3 oss" query_type="sql" query_text=-- High-cardinality predicate: per-host extremes across a 4-week window.
querier-1  | 2026-05-16T14:58:20.548187802Z -- Benchmarks the per-file pruning path. Compaction should improve this
querier-1  | 2026-05-16T14:58:20.548188386Z -- materially when many gen1 files cover overlapping host sets.
querier-1  | 2026-05-16T14:58:20.548189011Z SELECT host, MAX(pressure) AS max_p, MIN(pressure) AS min_p
querier-1  | 2026-05-16T14:58:20.548189594Z FROM sensors
querier-1  | 2026-05-16T14:58:20.548190136Z WHERE time > now() - INTERVAL '4 weeks'
querier-1  | 2026-05-16T14:58:20.548190719Z GROUP BY host
querier-1  | 2026-05-16T14:58:20.548197886Z ORDER BY max_p DESC
querier-1  | 2026-05-16T14:58:20.548198594Z LIMIT 50 query_params=Params { } issue_time=2026-05-16T14:58:20.530460886+00:00 partitions=140 parquet_files=2240 deduplicated_partitions=140 deduplicated_parquet_files=2240 plan_duration_secs=0.017205791 permit_duration_secs=0.0004425 success=false running=true cancelled=false
querier-1  | 2026-05-16T14:58:20.548365052Z 2026-05-16T14:58:20.548305Z  INFO iox_query::query_log: query when="success" id=925ac1bb-c32b-4868-8252-8122b9362baf namespace_id=0 namespace_name="influxdb3 oss" query_type="sql" query_text=-- High-cardinality predicate: per-host extremes across a 4-week window.
querier-1  | 2026-05-16T14:58:20.548379052Z -- Benchmarks the per-file pruning path. Compaction should improve this
querier-1  | 2026-05-16T14:58:20.548380219Z -- materially when many gen1 files cover overlapping host sets.
querier-1  | 2026-05-16T14:58:20.548380969Z SELECT host, MAX(pressure) AS max_p, MIN(pressure) AS min_p
querier-1  | 2026-05-16T14:58:20.548381594Z FROM sensors
querier-1  | 2026-05-16T14:58:20.548382136Z WHERE time > now() - INTERVAL '4 weeks'
querier-1  | 2026-05-16T14:58:20.548382802Z GROUP BY host
querier-1  | 2026-05-16T14:58:20.548383302Z ORDER BY max_p DESC
querier-1  | 2026-05-16T14:58:20.548383886Z LIMIT 50 query_params=Params { } issue_time=2026-05-16T14:58:20.530460886+00:00 partitions=140 parquet_files=2240 deduplicated_partitions=140 deduplicated_parquet_files=2240 plan_duration_secs=0.017205791 permit_duration_secs=0.0004425 execute_duration_secs=0.000166875 end2end_duration_secs=0.017843791 compute_duration_secs=6.9869e-5 max_memory=0 ingester_metrics.latency_to_plan_secs=0.0 ingester_metrics.latency_to_full_data_secs=0.0 ingester_metrics.response_rows=0 ingester_metrics.partition_count=0 ingester_metrics.response_size=0 success=true running=false cancelled=false
querier-1  | 2026-05-16T14:58:20.978988011Z 2026-05-16T14:58:20.978923Z  INFO influxdb3_server::http: handling query_sql database=bench query_str=-- High-cardinality predicate: per-host extremes across a 4-week window.
querier-1  | 2026-05-16T14:58:20.978994302Z -- Benchmarks the per-file pruning path. Compaction should improve this
querier-1  | 2026-05-16T14:58:20.978995219Z -- materially when many gen1 files cover overlapping host sets.
querier-1  | 2026-05-16T14:58:20.978995844Z SELECT host, MAX(pressure) AS max_p, MIN(pressure) AS min_p
querier-1  | 2026-05-16T14:58:20.978996594Z FROM sensors
querier-1  | 2026-05-16T14:58:20.978997219Z WHERE time > now() - INTERVAL '4 weeks'
querier-1  | 2026-05-16T14:58:20.978998886Z GROUP BY host
querier-1  | 2026-05-16T14:58:20.978999677Z ORDER BY max_p DESC
querier-1  | 2026-05-16T14:58:20.979000386Z LIMIT 50 format=Csv
querier-1  | 2026-05-16T14:58:20.979000969Z 2026-05-16T14:58:20.978944Z  INFO influxdb3_server::query_executor: executing sql query database=bench query=-- High-cardinality predicate: per-host extremes across a 4-week window.
querier-1  | 2026-05-16T14:58:20.979001719Z -- Benchmarks the per-file pruning path. Compaction should improve this
querier-1  | 2026-05-16T14:58:20.979002302Z -- materially when many gen1 files cover overlapping host sets.
querier-1  | 2026-05-16T14:58:20.979002886Z SELECT host, MAX(pressure) AS max_p, MIN(pressure) AS min_p
querier-1  | 2026-05-16T14:58:20.979003469Z FROM sensors
querier-1  | 2026-05-16T14:58:20.979004011Z WHERE time > now() - INTERVAL '4 weeks'
querier-1  | 2026-05-16T14:58:20.979010594Z GROUP BY host
querier-1  | 2026-05-16T14:58:20.979011219Z ORDER BY max_p DESC
querier-1  | 2026-05-16T14:58:20.979011802Z LIMIT 50 params=None
querier-1  | 2026-05-16T14:58:20.979012427Z 2026-05-16T14:58:20.978966Z  INFO iox_query::query_log: query when="received" id=1fbf5622-ce96-440d-a6ca-e9fd144223e2 namespace_id=0 namespace_name="influxdb3 oss" query_type="sql" query_text=-- High-cardinality predicate: per-host extremes across a 4-week window.
querier-1  | 2026-05-16T14:58:20.979013427Z -- Benchmarks the per-file pruning path. Compaction should improve this
querier-1  | 2026-05-16T14:58:20.979014011Z -- materially when many gen1 files cover overlapping host sets.
querier-1  | 2026-05-16T14:58:20.979014594Z SELECT host, MAX(pressure) AS max_p, MIN(pressure) AS min_p
querier-1  | 2026-05-16T14:58:20.979015177Z FROM sensors
querier-1  | 2026-05-16T14:58:20.979015719Z WHERE time > now() - INTERVAL '4 weeks'
querier-1  | 2026-05-16T14:58:20.979016302Z GROUP BY host
querier-1  | 2026-05-16T14:58:20.979016844Z ORDER BY max_p DESC
querier-1  | 2026-05-16T14:58:20.979017386Z LIMIT 50 query_params=Params { } issue_time=2026-05-16T14:58:20.978965427+00:00 success=false running=true cancelled=false
querier-1  | 2026-05-16T14:58:20.987458302Z 2026-05-16T14:58:20.987401Z  WARN iox_query::physical_optimizer::dedup::split: cannot split dedup operation, fanout too wide n_split=140 max_dedup_split=100
querier-1  | 2026-05-16T14:58:20.997360969Z 2026-05-16T14:58:20.997256Z  INFO iox_query::query_log: query when="planned" id=1fbf5622-ce96-440d-a6ca-e9fd144223e2 namespace_id=0 namespace_name="influxdb3 oss" query_type="sql" query_text=-- High-cardinality predicate: per-host extremes across a 4-week window.
querier-1  | 2026-05-16T14:58:20.997380802Z -- Benchmarks the per-file pruning path. Compaction should improve this
querier-1  | 2026-05-16T14:58:20.997382136Z -- materially when many gen1 files cover overlapping host sets.
querier-1  | 2026-05-16T14:58:20.997383261Z SELECT host, MAX(pressure) AS max_p, MIN(pressure) AS min_p
querier-1  | 2026-05-16T14:58:20.997384177Z FROM sensors
querier-1  | 2026-05-16T14:58:20.997384886Z WHERE time > now() - INTERVAL '4 weeks'
querier-1  | 2026-05-16T14:58:20.997385969Z GROUP BY host
querier-1  | 2026-05-16T14:58:20.997386719Z ORDER BY max_p DESC
querier-1  | 2026-05-16T14:58:20.997387469Z LIMIT 50 query_params=Params { } issue_time=2026-05-16T14:58:20.978965427+00:00 partitions=140 parquet_files=2240 deduplicated_partitions=140 deduplicated_parquet_files=2240 plan_duration_secs=0.017846417 success=false running=true cancelled=false
querier-1  | 2026-05-16T14:58:20.997388511Z 2026-05-16T14:58:20.997276Z  INFO iox_query::query_log: query when="permit" id=1fbf5622-ce96-440d-a6ca-e9fd144223e2 namespace_id=0 namespace_name="influxdb3 oss" query_type="sql" query_text=-- High-cardinality predicate: per-host extremes across a 4-week window.
querier-1  | 2026-05-16T14:58:20.997389677Z -- Benchmarks the per-file pruning path. Compaction should improve this
querier-1  | 2026-05-16T14:58:20.997390427Z -- materially when many gen1 files cover overlapping host sets.
querier-1  | 2026-05-16T14:58:20.997391177Z SELECT host, MAX(pressure) AS max_p, MIN(pressure) AS min_p
querier-1  | 2026-05-16T14:58:20.997391927Z FROM sensors
querier-1  | 2026-05-16T14:58:20.997399844Z WHERE time > now() - INTERVAL '4 weeks'
querier-1  | 2026-05-16T14:58:20.997400719Z GROUP BY host
querier-1  | 2026-05-16T14:58:20.997401386Z ORDER BY max_p DESC
querier-1  | 2026-05-16T14:58:20.997402094Z LIMIT 50 query_params=Params { } issue_time=2026-05-16T14:58:20.978965427+00:00 partitions=140 parquet_files=2240 deduplicated_partitions=140 deduplicated_parquet_files=2240 plan_duration_secs=0.017846417 permit_duration_secs=0.000464 success=false running=true cancelled=false
querier-1  | 2026-05-16T14:58:20.998317844Z 2026-05-16T14:58:20.997522Z  INFO iox_query::query_log: query when="success" id=1fbf5622-ce96-440d-a6ca-e9fd144223e2 namespace_id=0 namespace_name="influxdb3 oss" query_type="sql" query_text=-- High-cardinality predicate: per-host extremes across a 4-week window.
querier-1  | 2026-05-16T14:58:20.998324219Z -- Benchmarks the per-file pruning path. Compaction should improve this
querier-1  | 2026-05-16T14:58:20.998324927Z -- materially when many gen1 files cover overlapping host sets.
querier-1  | 2026-05-16T14:58:20.998325594Z SELECT host, MAX(pressure) AS max_p, MIN(pressure) AS min_p
querier-1  | 2026-05-16T14:58:20.998326427Z FROM sensors
querier-1  | 2026-05-16T14:58:20.998327094Z WHERE time > now() - INTERVAL '4 weeks'
querier-1  | 2026-05-16T14:58:20.998327761Z GROUP BY host
querier-1  | 2026-05-16T14:58:20.998328344Z ORDER BY max_p DESC
querier-1  | 2026-05-16T14:58:20.998329011Z LIMIT 50 query_params=Params { } issue_time=2026-05-16T14:58:20.978965427+00:00 partitions=140 parquet_files=2240 deduplicated_partitions=140 deduplicated_parquet_files=2240 plan_duration_secs=0.017846417 permit_duration_secs=0.000464 execute_duration_secs=0.00021175 end2end_duration_secs=0.018554542 compute_duration_secs=0.000145383 max_memory=0 ingester_metrics.latency_to_plan_secs=0.0 ingester_metrics.latency_to_full_data_secs=0.0 ingester_metrics.response_rows=0 ingester_metrics.partition_count=0 ingester_metrics.response_size=0 success=true running=false cancelled=false
querier-1  | 2026-05-16T14:58:21.379039511Z 2026-05-16T14:58:21.378957Z  INFO influxdb3_server::http: handling query_sql database=bench query_str=-- High-cardinality predicate: per-host extremes across a 4-week window.
querier-1  | 2026-05-16T14:58:21.379057428Z -- Benchmarks the per-file pruning path. Compaction should improve this
querier-1  | 2026-05-16T14:58:21.379058594Z -- materially when many gen1 files cover overlapping host sets.
querier-1  | 2026-05-16T14:58:21.379059344Z SELECT host, MAX(pressure) AS max_p, MIN(pressure) AS min_p
querier-1  | 2026-05-16T14:58:21.379060011Z FROM sensors
querier-1  | 2026-05-16T14:58:21.379060636Z WHERE time > now() - INTERVAL '4 weeks'
querier-1  | 2026-05-16T14:58:21.379061511Z GROUP BY host
querier-1  | 2026-05-16T14:58:21.379062136Z ORDER BY max_p DESC
querier-1  | 2026-05-16T14:58:21.379062678Z LIMIT 50 format=Csv
querier-1  | 2026-05-16T14:58:21.379063219Z 2026-05-16T14:58:21.378983Z  INFO influxdb3_server::query_executor: executing sql query database=bench query=-- High-cardinality predicate: per-host extremes across a 4-week window.
querier-1  | 2026-05-16T14:58:21.379063928Z -- Benchmarks the per-file pruning path. Compaction should improve this
querier-1  | 2026-05-16T14:58:21.379064511Z -- materially when many gen1 files cover overlapping host sets.
querier-1  | 2026-05-16T14:58:21.379071469Z SELECT host, MAX(pressure) AS max_p, MIN(pressure) AS min_p
querier-1  | 2026-05-16T14:58:21.379072928Z FROM sensors
querier-1  | 2026-05-16T14:58:21.379073469Z WHERE time > now() - INTERVAL '4 weeks'
querier-1  | 2026-05-16T14:58:21.379074011Z GROUP BY host
querier-1  | 2026-05-16T14:58:21.379074511Z ORDER BY max_p DESC
querier-1  | 2026-05-16T14:58:21.379075011Z LIMIT 50 params=None
querier-1  | 2026-05-16T14:58:21.379075636Z 2026-05-16T14:58:21.379008Z  INFO iox_query::query_log: query when="received" id=da0253fd-f391-4220-8341-fb2d474269e4 namespace_id=0 namespace_name="influxdb3 oss" query_type="sql" query_text=-- High-cardinality predicate: per-host extremes across a 4-week window.
querier-1  | 2026-05-16T14:58:21.379076969Z -- Benchmarks the per-file pruning path. Compaction should improve this
querier-1  | 2026-05-16T14:58:21.379077553Z -- materially when many gen1 files cover overlapping host sets.
querier-1  | 2026-05-16T14:58:21.379078053Z SELECT host, MAX(pressure) AS max_p, MIN(pressure) AS min_p
querier-1  | 2026-05-16T14:58:21.379078594Z FROM sensors
querier-1  | 2026-05-16T14:58:21.379079094Z WHERE time > now() - INTERVAL '4 weeks'
querier-1  | 2026-05-16T14:58:21.379079636Z GROUP BY host
querier-1  | 2026-05-16T14:58:21.379080136Z ORDER BY max_p DESC
querier-1  | 2026-05-16T14:58:21.379080594Z LIMIT 50 query_params=Params { } issue_time=2026-05-16T14:58:21.379006969+00:00 success=false running=true cancelled=false
querier-1  | 2026-05-16T14:58:21.387884094Z 2026-05-16T14:58:21.387795Z  WARN iox_query::physical_optimizer::dedup::split: cannot split dedup operation, fanout too wide n_split=140 max_dedup_split=100
querier-1  | 2026-05-16T14:58:21.398243011Z 2026-05-16T14:58:21.398127Z  INFO iox_query::query_log: query when="planned" id=da0253fd-f391-4220-8341-fb2d474269e4 namespace_id=0 namespace_name="influxdb3 oss" query_type="sql" query_text=-- High-cardinality predicate: per-host extremes across a 4-week window.
querier-1  | 2026-05-16T14:58:21.398263761Z -- Benchmarks the per-file pruning path. Compaction should improve this
querier-1  | 2026-05-16T14:58:21.398264803Z -- materially when many gen1 files cover overlapping host sets.
querier-1  | 2026-05-16T14:58:21.398265553Z SELECT host, MAX(pressure) AS max_p, MIN(pressure) AS min_p
querier-1  | 2026-05-16T14:58:21.398266261Z FROM sensors
querier-1  | 2026-05-16T14:58:21.398266969Z WHERE time > now() - INTERVAL '4 weeks'
querier-1  | 2026-05-16T14:58:21.398268053Z GROUP BY host
querier-1  | 2026-05-16T14:58:21.398268761Z ORDER BY max_p DESC
querier-1  | 2026-05-16T14:58:21.398269594Z LIMIT 50 query_params=Params { } issue_time=2026-05-16T14:58:21.379006969+00:00 partitions=140 parquet_files=2240 deduplicated_partitions=140 deduplicated_parquet_files=2240 plan_duration_secs=0.018716042 success=false running=true cancelled=false
querier-1  | 2026-05-16T14:58:21.398270636Z 2026-05-16T14:58:21.398153Z  INFO iox_query::query_log: query when="permit" id=da0253fd-f391-4220-8341-fb2d474269e4 namespace_id=0 namespace_name="influxdb3 oss" query_type="sql" query_text=-- High-cardinality predicate: per-host extremes across a 4-week window.
querier-1  | 2026-05-16T14:58:21.398271719Z -- Benchmarks the per-file pruning path. Compaction should improve this
querier-1  | 2026-05-16T14:58:21.398272469Z -- materially when many gen1 files cover overlapping host sets.
querier-1  | 2026-05-16T14:58:21.398282928Z SELECT host, MAX(pressure) AS max_p, MIN(pressure) AS min_p
querier-1  | 2026-05-16T14:58:21.398283761Z FROM sensors
querier-1  | 2026-05-16T14:58:21.398284469Z WHERE time > now() - INTERVAL '4 weeks'
querier-1  | 2026-05-16T14:58:21.398285178Z GROUP BY host
querier-1  | 2026-05-16T14:58:21.398285886Z ORDER BY max_p DESC
querier-1  | 2026-05-16T14:58:21.398286553Z LIMIT 50 query_params=Params { } issue_time=2026-05-16T14:58:21.379006969+00:00 partitions=140 parquet_files=2240 deduplicated_partitions=140 deduplicated_parquet_files=2240 plan_duration_secs=0.018716042 permit_duration_secs=0.000430208 success=false running=true cancelled=false
querier-1  | 2026-05-16T14:58:21.398485719Z 2026-05-16T14:58:21.398404Z  INFO iox_query::query_log: query when="success" id=da0253fd-f391-4220-8341-fb2d474269e4 namespace_id=0 namespace_name="influxdb3 oss" query_type="sql" query_text=-- High-cardinality predicate: per-host extremes across a 4-week window.
querier-1  | 2026-05-16T14:58:21.398501053Z -- Benchmarks the per-file pruning path. Compaction should improve this
querier-1  | 2026-05-16T14:58:21.398502303Z -- materially when many gen1 files cover overlapping host sets.
querier-1  | 2026-05-16T14:58:21.398503344Z SELECT host, MAX(pressure) AS max_p, MIN(pressure) AS min_p
querier-1  | 2026-05-16T14:58:21.398504136Z FROM sensors
querier-1  | 2026-05-16T14:58:21.398505011Z WHERE time > now() - INTERVAL '4 weeks'
querier-1  | 2026-05-16T14:58:21.398506011Z GROUP BY host
querier-1  | 2026-05-16T14:58:21.398509303Z ORDER BY max_p DESC
querier-1  | 2026-05-16T14:58:21.398510844Z LIMIT 50 query_params=Params { } issue_time=2026-05-16T14:58:21.379006969+00:00 partitions=140 parquet_files=2240 deduplicated_partitions=140 deduplicated_parquet_files=2240 plan_duration_secs=0.018716042 permit_duration_secs=0.000430208 execute_duration_secs=0.000218709 end2end_duration_secs=0.01939575 compute_duration_secs=0.000135593 max_memory=0 ingester_metrics.latency_to_plan_secs=0.0 ingester_metrics.latency_to_full_data_secs=0.0 ingester_metrics.response_rows=0 ingester_metrics.partition_count=0 ingester_metrics.response_size=0 success=true running=false cancelled=false
querier-1  | 2026-05-16T14:58:21.785922844Z 2026-05-16T14:58:21.785855Z  INFO influxdb3_server::http: handling query_sql database=bench query_str=-- High-cardinality predicate: per-host extremes across a 4-week window.
querier-1  | 2026-05-16T14:58:21.785929553Z -- Benchmarks the per-file pruning path. Compaction should improve this
querier-1  | 2026-05-16T14:58:21.785930428Z -- materially when many gen1 files cover overlapping host sets.
querier-1  | 2026-05-16T14:58:21.785931136Z SELECT host, MAX(pressure) AS max_p, MIN(pressure) AS min_p
querier-1  | 2026-05-16T14:58:21.785931719Z FROM sensors
querier-1  | 2026-05-16T14:58:21.785932344Z WHERE time > now() - INTERVAL '4 weeks'
querier-1  | 2026-05-16T14:58:21.785933094Z GROUP BY host
querier-1  | 2026-05-16T14:58:21.785933678Z ORDER BY max_p DESC
querier-1  | 2026-05-16T14:58:21.785934428Z LIMIT 50 format=Csv
querier-1  | 2026-05-16T14:58:21.785935011Z 2026-05-16T14:58:21.785882Z  INFO influxdb3_server::query_executor: executing sql query database=bench query=-- High-cardinality predicate: per-host extremes across a 4-week window.
querier-1  | 2026-05-16T14:58:21.785941094Z -- Benchmarks the per-file pruning path. Compaction should improve this
querier-1  | 2026-05-16T14:58:21.785941761Z -- materially when many gen1 files cover overlapping host sets.
querier-1  | 2026-05-16T14:58:21.785942386Z SELECT host, MAX(pressure) AS max_p, MIN(pressure) AS min_p
querier-1  | 2026-05-16T14:58:21.785942969Z FROM sensors
querier-1  | 2026-05-16T14:58:21.785943511Z WHERE time > now() - INTERVAL '4 weeks'
querier-1  | 2026-05-16T14:58:21.785944136Z GROUP BY host
querier-1  | 2026-05-16T14:58:21.785944678Z ORDER BY max_p DESC
querier-1  | 2026-05-16T14:58:21.785945219Z LIMIT 50 params=None
querier-1  | 2026-05-16T14:58:21.785947594Z 2026-05-16T14:58:21.785905Z  INFO iox_query::query_log: query when="received" id=a07176d1-3780-49d3-bcde-6c8a6f369dc7 namespace_id=0 namespace_name="influxdb3 oss" query_type="sql" query_text=-- High-cardinality predicate: per-host extremes across a 4-week window.
querier-1  | 2026-05-16T14:58:21.785948678Z -- Benchmarks the per-file pruning path. Compaction should improve this
querier-1  | 2026-05-16T14:58:21.785949261Z -- materially when many gen1 files cover overlapping host sets.
querier-1  | 2026-05-16T14:58:21.785949844Z SELECT host, MAX(pressure) AS max_p, MIN(pressure) AS min_p
querier-1  | 2026-05-16T14:58:21.785950428Z FROM sensors
querier-1  | 2026-05-16T14:58:21.785950969Z WHERE time > now() - INTERVAL '4 weeks'
querier-1  | 2026-05-16T14:58:21.785951511Z GROUP BY host
querier-1  | 2026-05-16T14:58:21.785952053Z ORDER BY max_p DESC
querier-1  | 2026-05-16T14:58:21.785952636Z LIMIT 50 query_params=Params { } issue_time=2026-05-16T14:58:21.785904303+00:00 success=false running=true cancelled=false
querier-1  | 2026-05-16T14:58:21.794430386Z 2026-05-16T14:58:21.794370Z  WARN iox_query::physical_optimizer::dedup::split: cannot split dedup operation, fanout too wide n_split=140 max_dedup_split=100
querier-1  | 2026-05-16T14:58:21.803917844Z 2026-05-16T14:58:21.803825Z  INFO iox_query::query_log: query when="planned" id=a07176d1-3780-49d3-bcde-6c8a6f369dc7 namespace_id=0 namespace_name="influxdb3 oss" query_type="sql" query_text=-- High-cardinality predicate: per-host extremes across a 4-week window.
querier-1  | 2026-05-16T14:58:21.803934136Z -- Benchmarks the per-file pruning path. Compaction should improve this
querier-1  | 2026-05-16T14:58:21.803935761Z -- materially when many gen1 files cover overlapping host sets.
querier-1  | 2026-05-16T14:58:21.803936678Z SELECT host, MAX(pressure) AS max_p, MIN(pressure) AS min_p
querier-1  | 2026-05-16T14:58:21.803937719Z FROM sensors
querier-1  | 2026-05-16T14:58:21.803938469Z WHERE time > now() - INTERVAL '4 weeks'
querier-1  | 2026-05-16T14:58:21.803939553Z GROUP BY host
querier-1  | 2026-05-16T14:58:21.803940261Z ORDER BY max_p DESC
querier-1  | 2026-05-16T14:58:21.803941053Z LIMIT 50 query_params=Params { } issue_time=2026-05-16T14:58:21.785904303+00:00 partitions=140 parquet_files=2240 deduplicated_partitions=140 deduplicated_parquet_files=2240 plan_duration_secs=0.01750225 success=false running=true cancelled=false
querier-1  | 2026-05-16T14:58:21.803942094Z 2026-05-16T14:58:21.803850Z  INFO iox_query::query_log: query when="permit" id=a07176d1-3780-49d3-bcde-6c8a6f369dc7 namespace_id=0 namespace_name="influxdb3 oss" query_type="sql" query_text=-- High-cardinality predicate: per-host extremes across a 4-week window.
querier-1  | 2026-05-16T14:58:21.803951719Z -- Benchmarks the per-file pruning path. Compaction should improve this
querier-1  | 2026-05-16T14:58:21.803952594Z -- materially when many gen1 files cover overlapping host sets.
querier-1  | 2026-05-16T14:58:21.803953386Z SELECT host, MAX(pressure) AS max_p, MIN(pressure) AS min_p
querier-1  | 2026-05-16T14:58:21.803954136Z FROM sensors
querier-1  | 2026-05-16T14:58:21.803954803Z WHERE time > now() - INTERVAL '4 weeks'
querier-1  | 2026-05-16T14:58:21.803955594Z GROUP BY host
querier-1  | 2026-05-16T14:58:21.803956261Z ORDER BY max_p DESC
querier-1  | 2026-05-16T14:58:21.803957011Z LIMIT 50 query_params=Params { } issue_time=2026-05-16T14:58:21.785904303+00:00 partitions=140 parquet_files=2240 deduplicated_partitions=140 deduplicated_parquet_files=2240 plan_duration_secs=0.01750225 permit_duration_secs=0.000443291 success=false running=true cancelled=false
querier-1  | 2026-05-16T14:58:21.804197511Z 2026-05-16T14:58:21.804071Z  INFO iox_query::query_log: query when="success" id=a07176d1-3780-49d3-bcde-6c8a6f369dc7 namespace_id=0 namespace_name="influxdb3 oss" query_type="sql" query_text=-- High-cardinality predicate: per-host extremes across a 4-week window.
querier-1  | 2026-05-16T14:58:21.804204761Z -- Benchmarks the per-file pruning path. Compaction should improve this
querier-1  | 2026-05-16T14:58:21.804205553Z -- materially when many gen1 files cover overlapping host sets.
querier-1  | 2026-05-16T14:58:21.804206136Z SELECT host, MAX(pressure) AS max_p, MIN(pressure) AS min_p
querier-1  | 2026-05-16T14:58:21.804206719Z FROM sensors
querier-1  | 2026-05-16T14:58:21.804207219Z WHERE time > now() - INTERVAL '4 weeks'
querier-1  | 2026-05-16T14:58:21.804207928Z GROUP BY host
querier-1  | 2026-05-16T14:58:21.804208469Z ORDER BY max_p DESC
querier-1  | 2026-05-16T14:58:21.804209011Z LIMIT 50 query_params=Params { } issue_time=2026-05-16T14:58:21.785904303+00:00 partitions=140 parquet_files=2240 deduplicated_partitions=140 deduplicated_parquet_files=2240 plan_duration_secs=0.01750225 permit_duration_secs=0.000443291 execute_duration_secs=0.000193667 end2end_duration_secs=0.018165291 compute_duration_secs=0.000107959 max_memory=0 ingester_metrics.latency_to_plan_secs=0.0 ingester_metrics.latency_to_full_data_secs=0.0 ingester_metrics.response_rows=0 ingester_metrics.partition_count=0 ingester_metrics.response_size=0 success=true running=false cancelled=false
querier-1  | 2026-05-16T14:58:22.213499220Z 2026-05-16T14:58:22.213448Z  INFO influxdb3_server::http: handling query_sql database=bench query_str=-- High-cardinality predicate: per-host extremes across a 4-week window.
querier-1  | 2026-05-16T14:58:22.213505428Z -- Benchmarks the per-file pruning path. Compaction should improve this
querier-1  | 2026-05-16T14:58:22.213506136Z -- materially when many gen1 files cover overlapping host sets.
querier-1  | 2026-05-16T14:58:22.213506678Z SELECT host, MAX(pressure) AS max_p, MIN(pressure) AS min_p
querier-1  | 2026-05-16T14:58:22.213507261Z FROM sensors
querier-1  | 2026-05-16T14:58:22.213507761Z WHERE time > now() - INTERVAL '4 weeks'
querier-1  | 2026-05-16T14:58:22.213508428Z GROUP BY host
querier-1  | 2026-05-16T14:58:22.213508970Z ORDER BY max_p DESC
querier-1  | 2026-05-16T14:58:22.213509470Z LIMIT 50 format=Csv
querier-1  | 2026-05-16T14:58:22.213526303Z 2026-05-16T14:58:22.213493Z  INFO influxdb3_server::query_executor: executing sql query database=bench query=-- High-cardinality predicate: per-host extremes across a 4-week window.
querier-1  | 2026-05-16T14:58:22.213527220Z -- Benchmarks the per-file pruning path. Compaction should improve this
querier-1  | 2026-05-16T14:58:22.213527761Z -- materially when many gen1 files cover overlapping host sets.
querier-1  | 2026-05-16T14:58:22.213528303Z SELECT host, MAX(pressure) AS max_p, MIN(pressure) AS min_p
querier-1  | 2026-05-16T14:58:22.213528845Z FROM sensors
querier-1  | 2026-05-16T14:58:22.213529303Z WHERE time > now() - INTERVAL '4 weeks'
querier-1  | 2026-05-16T14:58:22.213529845Z GROUP BY host
querier-1  | 2026-05-16T14:58:22.213530595Z ORDER BY max_p DESC
querier-1  | 2026-05-16T14:58:22.213531178Z LIMIT 50 params=None
querier-1  | 2026-05-16T14:58:22.213532845Z 2026-05-16T14:58:22.213520Z  INFO iox_query::query_log: query when="received" id=4b01077b-f189-4401-b416-a6c33f5af15a namespace_id=0 namespace_name="influxdb3 oss" query_type="sql" query_text=-- High-cardinality predicate: per-host extremes across a 4-week window.
querier-1  | 2026-05-16T14:58:22.213533803Z -- Benchmarks the per-file pruning path. Compaction should improve this
querier-1  | 2026-05-16T14:58:22.213534386Z -- materially when many gen1 files cover overlapping host sets.
querier-1  | 2026-05-16T14:58:22.213534928Z SELECT host, MAX(pressure) AS max_p, MIN(pressure) AS min_p
querier-1  | 2026-05-16T14:58:22.213535428Z FROM sensors
querier-1  | 2026-05-16T14:58:22.213535886Z WHERE time > now() - INTERVAL '4 weeks'
querier-1  | 2026-05-16T14:58:22.213536386Z GROUP BY host
querier-1  | 2026-05-16T14:58:22.213536886Z ORDER BY max_p DESC
querier-1  | 2026-05-16T14:58:22.213537345Z LIMIT 50 query_params=Params { } issue_time=2026-05-16T14:58:22.213519136+00:00 success=false running=true cancelled=false
querier-1  | 2026-05-16T14:58:22.221971220Z 2026-05-16T14:58:22.221909Z  WARN iox_query::physical_optimizer::dedup::split: cannot split dedup operation, fanout too wide n_split=140 max_dedup_split=100
querier-1  | 2026-05-16T14:58:22.231639136Z 2026-05-16T14:58:22.231551Z  INFO iox_query::query_log: query when="planned" id=4b01077b-f189-4401-b416-a6c33f5af15a namespace_id=0 namespace_name="influxdb3 oss" query_type="sql" query_text=-- High-cardinality predicate: per-host extremes across a 4-week window.
querier-1  | 2026-05-16T14:58:22.231658928Z -- Benchmarks the per-file pruning path. Compaction should improve this
querier-1  | 2026-05-16T14:58:22.231660136Z -- materially when many gen1 files cover overlapping host sets.
querier-1  | 2026-05-16T14:58:22.231660845Z SELECT host, MAX(pressure) AS max_p, MIN(pressure) AS min_p
querier-1  | 2026-05-16T14:58:22.231661511Z FROM sensors
querier-1  | 2026-05-16T14:58:22.231662095Z WHERE time > now() - INTERVAL '4 weeks'
querier-1  | 2026-05-16T14:58:22.231662970Z GROUP BY host
querier-1  | 2026-05-16T14:58:22.231663636Z ORDER BY max_p DESC
querier-1  | 2026-05-16T14:58:22.231664261Z LIMIT 50 query_params=Params { } issue_time=2026-05-16T14:58:22.213519136+00:00 partitions=140 parquet_files=2240 deduplicated_partitions=140 deduplicated_parquet_files=2240 plan_duration_secs=0.017598292 success=false running=true cancelled=false
querier-1  | 2026-05-16T14:58:22.231672303Z 2026-05-16T14:58:22.231574Z  INFO iox_query::query_log: query when="permit" id=4b01077b-f189-4401-b416-a6c33f5af15a namespace_id=0 namespace_name="influxdb3 oss" query_type="sql" query_text=-- High-cardinality predicate: per-host extremes across a 4-week window.
querier-1  | 2026-05-16T14:58:22.231673345Z -- Benchmarks the per-file pruning path. Compaction should improve this
querier-1  | 2026-05-16T14:58:22.231673970Z -- materially when many gen1 files cover overlapping host sets.
querier-1  | 2026-05-16T14:58:22.231674595Z SELECT host, MAX(pressure) AS max_p, MIN(pressure) AS min_p
querier-1  | 2026-05-16T14:58:22.231675178Z FROM sensors
querier-1  | 2026-05-16T14:58:22.231675720Z WHERE time > now() - INTERVAL '4 weeks'
querier-1  | 2026-05-16T14:58:22.231676386Z GROUP BY host
querier-1  | 2026-05-16T14:58:22.231676970Z ORDER BY max_p DESC
querier-1  | 2026-05-16T14:58:22.231677636Z LIMIT 50 query_params=Params { } issue_time=2026-05-16T14:58:22.213519136+00:00 partitions=140 parquet_files=2240 deduplicated_partitions=140 deduplicated_parquet_files=2240 plan_duration_secs=0.017598292 permit_duration_secs=0.000456958 success=false running=true cancelled=false
querier-1  | 2026-05-16T14:58:22.231816470Z 2026-05-16T14:58:22.231786Z  INFO iox_query::query_log: query when="success" id=4b01077b-f189-4401-b416-a6c33f5af15a namespace_id=0 namespace_name="influxdb3 oss" query_type="sql" query_text=-- High-cardinality predicate: per-host extremes across a 4-week window.
querier-1  | 2026-05-16T14:58:22.231819720Z -- Benchmarks the per-file pruning path. Compaction should improve this
querier-1  | 2026-05-16T14:58:22.231820553Z -- materially when many gen1 files cover overlapping host sets.
querier-1  | 2026-05-16T14:58:22.231821220Z SELECT host, MAX(pressure) AS max_p, MIN(pressure) AS min_p
querier-1  | 2026-05-16T14:58:22.231821886Z FROM sensors
querier-1  | 2026-05-16T14:58:22.231822470Z WHERE time > now() - INTERVAL '4 weeks'
querier-1  | 2026-05-16T14:58:22.231823136Z GROUP BY host
querier-1  | 2026-05-16T14:58:22.231823720Z ORDER BY max_p DESC
querier-1  | 2026-05-16T14:58:22.231824470Z LIMIT 50 query_params=Params { } issue_time=2026-05-16T14:58:22.213519136+00:00 partitions=140 parquet_files=2240 deduplicated_partitions=140 deduplicated_parquet_files=2240 plan_duration_secs=0.017598292 permit_duration_secs=0.000456958 execute_duration_secs=0.000192667 end2end_duration_secs=0.018266625 compute_duration_secs=0.000119169 max_memory=0 ingester_metrics.latency_to_plan_secs=0.0 ingester_metrics.latency_to_full_data_secs=0.0 ingester_metrics.response_rows=0 ingester_metrics.partition_count=0 ingester_metrics.response_size=0 success=true running=false cancelled=false
querier-1  | 2026-05-16T14:58:22.592797053Z 2026-05-16T14:58:22.592732Z  INFO influxdb3_server::http: handling query_sql database=bench query_str=-- High-cardinality predicate: per-host extremes across a 4-week window.
querier-1  | 2026-05-16T14:58:22.592805387Z -- Benchmarks the per-file pruning path. Compaction should improve this
querier-1  | 2026-05-16T14:58:22.592806512Z -- materially when many gen1 files cover overlapping host sets.
querier-1  | 2026-05-16T14:58:22.592807220Z SELECT host, MAX(pressure) AS max_p, MIN(pressure) AS min_p
querier-1  | 2026-05-16T14:58:22.592807887Z FROM sensors
querier-1  | 2026-05-16T14:58:22.592808470Z WHERE time > now() - INTERVAL '4 weeks'
querier-1  | 2026-05-16T14:58:22.592809262Z GROUP BY host
querier-1  | 2026-05-16T14:58:22.592816345Z ORDER BY max_p DESC
querier-1  | 2026-05-16T14:58:22.592817803Z LIMIT 50 format=Csv
querier-1  | 2026-05-16T14:58:22.592818428Z 2026-05-16T14:58:22.592754Z  INFO influxdb3_server::query_executor: executing sql query database=bench query=-- High-cardinality predicate: per-host extremes across a 4-week window.
querier-1  | 2026-05-16T14:58:22.592819178Z -- Benchmarks the per-file pruning path. Compaction should improve this
querier-1  | 2026-05-16T14:58:22.592819803Z -- materially when many gen1 files cover overlapping host sets.
querier-1  | 2026-05-16T14:58:22.592820387Z SELECT host, MAX(pressure) AS max_p, MIN(pressure) AS min_p
querier-1  | 2026-05-16T14:58:22.592821012Z FROM sensors
querier-1  | 2026-05-16T14:58:22.592821553Z WHERE time > now() - INTERVAL '4 weeks'
querier-1  | 2026-05-16T14:58:22.592822178Z GROUP BY host
querier-1  | 2026-05-16T14:58:22.592822720Z ORDER BY max_p DESC
querier-1  | 2026-05-16T14:58:22.592823262Z LIMIT 50 params=None
querier-1  | 2026-05-16T14:58:22.592825845Z 2026-05-16T14:58:22.592777Z  INFO iox_query::query_log: query when="received" id=8ac98a04-9217-4495-bb05-614727aecf61 namespace_id=0 namespace_name="influxdb3 oss" query_type="sql" query_text=-- High-cardinality predicate: per-host extremes across a 4-week window.
querier-1  | 2026-05-16T14:58:22.592826887Z -- Benchmarks the per-file pruning path. Compaction should improve this
querier-1  | 2026-05-16T14:58:22.592827512Z -- materially when many gen1 files cover overlapping host sets.
querier-1  | 2026-05-16T14:58:22.592828095Z SELECT host, MAX(pressure) AS max_p, MIN(pressure) AS min_p
querier-1  | 2026-05-16T14:58:22.592828678Z FROM sensors
querier-1  | 2026-05-16T14:58:22.592829178Z WHERE time > now() - INTERVAL '4 weeks'
querier-1  | 2026-05-16T14:58:22.592829720Z GROUP BY host
querier-1  | 2026-05-16T14:58:22.592830220Z ORDER BY max_p DESC
querier-1  | 2026-05-16T14:58:22.592830720Z LIMIT 50 query_params=Params { } issue_time=2026-05-16T14:58:22.592776220+00:00 success=false running=true cancelled=false
querier-1  | 2026-05-16T14:58:22.601444512Z 2026-05-16T14:58:22.601379Z  WARN iox_query::physical_optimizer::dedup::split: cannot split dedup operation, fanout too wide n_split=140 max_dedup_split=100
querier-1  | 2026-05-16T14:58:22.611269387Z 2026-05-16T14:58:22.611158Z  INFO iox_query::query_log: query when="planned" id=8ac98a04-9217-4495-bb05-614727aecf61 namespace_id=0 namespace_name="influxdb3 oss" query_type="sql" query_text=-- High-cardinality predicate: per-host extremes across a 4-week window.
querier-1  | 2026-05-16T14:58:22.611282970Z -- Benchmarks the per-file pruning path. Compaction should improve this
querier-1  | 2026-05-16T14:58:22.611283928Z -- materially when many gen1 files cover overlapping host sets.
querier-1  | 2026-05-16T14:58:22.611284720Z SELECT host, MAX(pressure) AS max_p, MIN(pressure) AS min_p
querier-1  | 2026-05-16T14:58:22.611285512Z FROM sensors
querier-1  | 2026-05-16T14:58:22.611286220Z WHERE time > now() - INTERVAL '4 weeks'
querier-1  | 2026-05-16T14:58:22.611287262Z GROUP BY host
querier-1  | 2026-05-16T14:58:22.611287928Z ORDER BY max_p DESC
querier-1  | 2026-05-16T14:58:22.611288678Z LIMIT 50 query_params=Params { } issue_time=2026-05-16T14:58:22.592776220+00:00 partitions=140 parquet_files=2240 deduplicated_partitions=140 deduplicated_parquet_files=2240 plan_duration_secs=0.017945333 success=false running=true cancelled=false
querier-1  | 2026-05-16T14:58:22.611308470Z 2026-05-16T14:58:22.611187Z  INFO iox_query::query_log: query when="permit" id=8ac98a04-9217-4495-bb05-614727aecf61 namespace_id=0 namespace_name="influxdb3 oss" query_type="sql" query_text=-- High-cardinality predicate: per-host extremes across a 4-week window.
querier-1  | 2026-05-16T14:58:22.611310637Z -- Benchmarks the per-file pruning path. Compaction should improve this
querier-1  | 2026-05-16T14:58:22.611311470Z -- materially when many gen1 files cover overlapping host sets.
querier-1  | 2026-05-16T14:58:22.611312262Z SELECT host, MAX(pressure) AS max_p, MIN(pressure) AS min_p
querier-1  | 2026-05-16T14:58:22.611313012Z FROM sensors
querier-1  | 2026-05-16T14:58:22.611313637Z WHERE time > now() - INTERVAL '4 weeks'
querier-1  | 2026-05-16T14:58:22.611314262Z GROUP BY host
querier-1  | 2026-05-16T14:58:22.611314845Z ORDER BY max_p DESC
querier-1  | 2026-05-16T14:58:22.611315428Z LIMIT 50 query_params=Params { } issue_time=2026-05-16T14:58:22.592776220+00:00 partitions=140 parquet_files=2240 deduplicated_partitions=140 deduplicated_parquet_files=2240 plan_duration_secs=0.017945333 permit_duration_secs=0.00046525 success=false running=true cancelled=false
querier-1  | 2026-05-16T14:58:22.611458803Z 2026-05-16T14:58:22.611406Z  INFO iox_query::query_log: query when="success" id=8ac98a04-9217-4495-bb05-614727aecf61 namespace_id=0 namespace_name="influxdb3 oss" query_type="sql" query_text=-- High-cardinality predicate: per-host extremes across a 4-week window.
querier-1  | 2026-05-16T14:58:22.611465428Z -- Benchmarks the per-file pruning path. Compaction should improve this
querier-1  | 2026-05-16T14:58:22.611466387Z -- materially when many gen1 files cover overlapping host sets.
querier-1  | 2026-05-16T14:58:22.611467053Z SELECT host, MAX(pressure) AS max_p, MIN(pressure) AS min_p
querier-1  | 2026-05-16T14:58:22.611467678Z FROM sensors
querier-1  | 2026-05-16T14:58:22.611468262Z WHERE time > now() - INTERVAL '4 weeks'
querier-1  | 2026-05-16T14:58:22.611469012Z GROUP BY host
querier-1  | 2026-05-16T14:58:22.611469595Z ORDER BY max_p DESC
querier-1  | 2026-05-16T14:58:22.611471553Z LIMIT 50 query_params=Params { } issue_time=2026-05-16T14:58:22.592776220+00:00 partitions=140 parquet_files=2240 deduplicated_partitions=140 deduplicated_parquet_files=2240 plan_duration_secs=0.017945333 permit_duration_secs=0.00046525 execute_duration_secs=0.000194167 end2end_duration_secs=0.018628958 compute_duration_secs=0.000114548 max_memory=0 ingester_metrics.latency_to_plan_secs=0.0 ingester_metrics.latency_to_full_data_secs=0.0 ingester_metrics.response_rows=0 ingester_metrics.partition_count=0 ingester_metrics.response_size=0 success=true running=false cancelled=false
querier-1  | 2026-05-16T14:58:23.013230637Z 2026-05-16T14:58:23.013179Z  INFO influxdb3_server::http: handling query_sql database=bench query_str=-- High-cardinality predicate: per-host extremes across a 4-week window.
querier-1  | 2026-05-16T14:58:23.013238220Z -- Benchmarks the per-file pruning path. Compaction should improve this
querier-1  | 2026-05-16T14:58:23.013239470Z -- materially when many gen1 files cover overlapping host sets.
querier-1  | 2026-05-16T14:58:23.013240303Z SELECT host, MAX(pressure) AS max_p, MIN(pressure) AS min_p
querier-1  | 2026-05-16T14:58:23.013248970Z FROM sensors
querier-1  | 2026-05-16T14:58:23.013249803Z WHERE time > now() - INTERVAL '4 weeks'
querier-1  | 2026-05-16T14:58:23.013250720Z GROUP BY host
querier-1  | 2026-05-16T14:58:23.013251470Z ORDER BY max_p DESC
querier-1  | 2026-05-16T14:58:23.013252137Z LIMIT 50 format=Csv
querier-1  | 2026-05-16T14:58:23.013252845Z 2026-05-16T14:58:23.013199Z  INFO influxdb3_server::query_executor: executing sql query database=bench query=-- High-cardinality predicate: per-host extremes across a 4-week window.
querier-1  | 2026-05-16T14:58:23.013255345Z -- Benchmarks the per-file pruning path. Compaction should improve this
querier-1  | 2026-05-16T14:58:23.013256095Z -- materially when many gen1 files cover overlapping host sets.
querier-1  | 2026-05-16T14:58:23.013256845Z SELECT host, MAX(pressure) AS max_p, MIN(pressure) AS min_p
querier-1  | 2026-05-16T14:58:23.013257553Z FROM sensors
querier-1  | 2026-05-16T14:58:23.013258220Z WHERE time > now() - INTERVAL '4 weeks'
querier-1  | 2026-05-16T14:58:23.013258970Z GROUP BY host
querier-1  | 2026-05-16T14:58:23.013259637Z ORDER BY max_p DESC
querier-1  | 2026-05-16T14:58:23.013260303Z LIMIT 50 params=None
querier-1  | 2026-05-16T14:58:23.013267928Z 2026-05-16T14:58:23.013222Z  INFO iox_query::query_log: query when="received" id=279417a0-29d2-4f57-9009-adaf235859bf namespace_id=0 namespace_name="influxdb3 oss" query_type="sql" query_text=-- High-cardinality predicate: per-host extremes across a 4-week window.
querier-1  | 2026-05-16T14:58:23.013269137Z -- Benchmarks the per-file pruning path. Compaction should improve this
querier-1  | 2026-05-16T14:58:23.013269678Z -- materially when many gen1 files cover overlapping host sets.
querier-1  | 2026-05-16T14:58:23.013270178Z SELECT host, MAX(pressure) AS max_p, MIN(pressure) AS min_p
querier-1  | 2026-05-16T14:58:23.013270678Z FROM sensors
querier-1  | 2026-05-16T14:58:23.013271178Z WHERE time > now() - INTERVAL '4 weeks'
querier-1  | 2026-05-16T14:58:23.013271637Z GROUP BY host
querier-1  | 2026-05-16T14:58:23.013272137Z ORDER BY max_p DESC
querier-1  | 2026-05-16T14:58:23.013272595Z LIMIT 50 query_params=Params { } issue_time=2026-05-16T14:58:23.013221595+00:00 success=false running=true cancelled=false
querier-1  | 2026-05-16T14:58:23.021540095Z 2026-05-16T14:58:23.021488Z  WARN iox_query::physical_optimizer::dedup::split: cannot split dedup operation, fanout too wide n_split=140 max_dedup_split=100
querier-1  | 2026-05-16T14:58:23.031241678Z 2026-05-16T14:58:23.031137Z  INFO iox_query::query_log: query when="planned" id=279417a0-29d2-4f57-9009-adaf235859bf namespace_id=0 namespace_name="influxdb3 oss" query_type="sql" query_text=-- High-cardinality predicate: per-host extremes across a 4-week window.
querier-1  | 2026-05-16T14:58:23.031271970Z -- Benchmarks the per-file pruning path. Compaction should improve this
querier-1  | 2026-05-16T14:58:23.031273470Z -- materially when many gen1 files cover overlapping host sets.
querier-1  | 2026-05-16T14:58:23.031274387Z SELECT host, MAX(pressure) AS max_p, MIN(pressure) AS min_p
querier-1  | 2026-05-16T14:58:23.031275178Z FROM sensors
querier-1  | 2026-05-16T14:58:23.031275887Z WHERE time > now() - INTERVAL '4 weeks'
querier-1  | 2026-05-16T14:58:23.031286012Z GROUP BY host
querier-1  | 2026-05-16T14:58:23.031287095Z ORDER BY max_p DESC
querier-1  | 2026-05-16T14:58:23.031287887Z LIMIT 50 query_params=Params { } issue_time=2026-05-16T14:58:23.013221595+00:00 partitions=140 parquet_files=2240 deduplicated_partitions=140 deduplicated_parquet_files=2240 plan_duration_secs=0.017489667 success=false running=true cancelled=false
querier-1  | 2026-05-16T14:58:23.031288928Z 2026-05-16T14:58:23.031164Z  INFO iox_query::query_log: query when="permit" id=279417a0-29d2-4f57-9009-adaf235859bf namespace_id=0 namespace_name="influxdb3 oss" query_type="sql" query_text=-- High-cardinality predicate: per-host extremes across a 4-week window.
querier-1  | 2026-05-16T14:58:23.031290095Z -- Benchmarks the per-file pruning path. Compaction should improve this
querier-1  | 2026-05-16T14:58:23.031301762Z -- materially when many gen1 files cover overlapping host sets.
querier-1  | 2026-05-16T14:58:23.031303637Z SELECT host, MAX(pressure) AS max_p, MIN(pressure) AS min_p
querier-1  | 2026-05-16T14:58:23.031304428Z FROM sensors
querier-1  | 2026-05-16T14:58:23.031305095Z WHERE time > now() - INTERVAL '4 weeks'
querier-1  | 2026-05-16T14:58:23.031305845Z GROUP BY host
querier-1  | 2026-05-16T14:58:23.031306512Z ORDER BY max_p DESC
querier-1  | 2026-05-16T14:58:23.031307220Z LIMIT 50 query_params=Params { } issue_time=2026-05-16T14:58:23.013221595+00:00 partitions=140 parquet_files=2240 deduplicated_partitions=140 deduplicated_parquet_files=2240 plan_duration_secs=0.017489667 permit_duration_secs=0.000452458 success=false running=true cancelled=false
querier-1  | 2026-05-16T14:58:23.031467095Z 2026-05-16T14:58:23.031388Z  INFO iox_query::query_log: query when="success" id=279417a0-29d2-4f57-9009-adaf235859bf namespace_id=0 namespace_name="influxdb3 oss" query_type="sql" query_text=-- High-cardinality predicate: per-host extremes across a 4-week window.
querier-1  | 2026-05-16T14:58:23.031476470Z -- Benchmarks the per-file pruning path. Compaction should improve this
querier-1  | 2026-05-16T14:58:23.031477762Z -- materially when many gen1 files cover overlapping host sets.
querier-1  | 2026-05-16T14:58:23.031478512Z SELECT host, MAX(pressure) AS max_p, MIN(pressure) AS min_p
querier-1  | 2026-05-16T14:58:23.031479178Z FROM sensors
querier-1  | 2026-05-16T14:58:23.031479762Z WHERE time > now() - INTERVAL '4 weeks'
querier-1  | 2026-05-16T14:58:23.031480553Z GROUP BY host
querier-1  | 2026-05-16T14:58:23.031481137Z ORDER BY max_p DESC
querier-1  | 2026-05-16T14:58:23.031482678Z LIMIT 50 query_params=Params { } issue_time=2026-05-16T14:58:23.013221595+00:00 partitions=140 parquet_files=2240 deduplicated_partitions=140 deduplicated_parquet_files=2240 plan_duration_secs=0.017489667 permit_duration_secs=0.000452458 execute_duration_secs=0.000206083 end2end_duration_secs=0.018165917 compute_duration_secs=9.8829e-5 max_memory=0 ingester_metrics.latency_to_plan_secs=0.0 ingester_metrics.latency_to_full_data_secs=0.0 ingester_metrics.response_rows=0 ingester_metrics.partition_count=0 ingester_metrics.response_size=0 success=true running=false cancelled=false
querier-1  | 2026-05-16T14:58:23.413261762Z 2026-05-16T14:58:23.413195Z  INFO influxdb3_server::http: handling query_sql database=bench query_str=-- High-cardinality predicate: per-host extremes across a 4-week window.
querier-1  | 2026-05-16T14:58:23.413271637Z -- Benchmarks the per-file pruning path. Compaction should improve this
querier-1  | 2026-05-16T14:58:23.413278887Z -- materially when many gen1 files cover overlapping host sets.
querier-1  | 2026-05-16T14:58:23.413280429Z SELECT host, MAX(pressure) AS max_p, MIN(pressure) AS min_p
querier-1  | 2026-05-16T14:58:23.413281095Z FROM sensors
querier-1  | 2026-05-16T14:58:23.413281720Z WHERE time > now() - INTERVAL '4 weeks'
querier-1  | 2026-05-16T14:58:23.413282470Z GROUP BY host
querier-1  | 2026-05-16T14:58:23.413283095Z ORDER BY max_p DESC
querier-1  | 2026-05-16T14:58:23.413283679Z LIMIT 50 format=Csv
querier-1  | 2026-05-16T14:58:23.413284262Z 2026-05-16T14:58:23.413214Z  INFO influxdb3_server::query_executor: executing sql query database=bench query=-- High-cardinality predicate: per-host extremes across a 4-week window.
querier-1  | 2026-05-16T14:58:23.413285054Z -- Benchmarks the per-file pruning path. Compaction should improve this
querier-1  | 2026-05-16T14:58:23.413285720Z -- materially when many gen1 files cover overlapping host sets.
querier-1  | 2026-05-16T14:58:23.413286345Z SELECT host, MAX(pressure) AS max_p, MIN(pressure) AS min_p
querier-1  | 2026-05-16T14:58:23.413286929Z FROM sensors
querier-1  | 2026-05-16T14:58:23.413287470Z WHERE time > now() - INTERVAL '4 weeks'
querier-1  | 2026-05-16T14:58:23.413288054Z GROUP BY host
querier-1  | 2026-05-16T14:58:23.413288637Z ORDER BY max_p DESC
querier-1  | 2026-05-16T14:58:23.413289179Z LIMIT 50 params=None
querier-1  | 2026-05-16T14:58:23.413289804Z 2026-05-16T14:58:23.413238Z  INFO iox_query::query_log: query when="received" id=6e5207d7-12a8-4603-9329-d5c13e4ab0d0 namespace_id=0 namespace_name="influxdb3 oss" query_type="sql" query_text=-- High-cardinality predicate: per-host extremes across a 4-week window.
querier-1  | 2026-05-16T14:58:23.413305512Z -- Benchmarks the per-file pruning path. Compaction should improve this
querier-1  | 2026-05-16T14:58:23.413308012Z -- materially when many gen1 files cover overlapping host sets.
querier-1  | 2026-05-16T14:58:23.413308845Z SELECT host, MAX(pressure) AS max_p, MIN(pressure) AS min_p
querier-1  | 2026-05-16T14:58:23.413309595Z FROM sensors
querier-1  | 2026-05-16T14:58:23.413310304Z WHERE time > now() - INTERVAL '4 weeks'
querier-1  | 2026-05-16T14:58:23.413311054Z GROUP BY host
querier-1  | 2026-05-16T14:58:23.413311762Z ORDER BY max_p DESC
querier-1  | 2026-05-16T14:58:23.413312470Z LIMIT 50 query_params=Params { } issue_time=2026-05-16T14:58:23.413237762+00:00 success=false running=true cancelled=false
querier-1  | 2026-05-16T14:58:23.422069887Z 2026-05-16T14:58:23.421982Z  WARN iox_query::physical_optimizer::dedup::split: cannot split dedup operation, fanout too wide n_split=140 max_dedup_split=100
querier-1  | 2026-05-16T14:58:23.431551220Z 2026-05-16T14:58:23.431447Z  INFO iox_query::query_log: query when="planned" id=6e5207d7-12a8-4603-9329-d5c13e4ab0d0 namespace_id=0 namespace_name="influxdb3 oss" query_type="sql" query_text=-- High-cardinality predicate: per-host extremes across a 4-week window.
querier-1  | 2026-05-16T14:58:23.431563304Z -- Benchmarks the per-file pruning path. Compaction should improve this
querier-1  | 2026-05-16T14:58:23.431564012Z -- materially when many gen1 files cover overlapping host sets.
querier-1  | 2026-05-16T14:58:23.431564637Z SELECT host, MAX(pressure) AS max_p, MIN(pressure) AS min_p
querier-1  | 2026-05-16T14:58:23.431571970Z FROM sensors
querier-1  | 2026-05-16T14:58:23.431572762Z WHERE time > now() - INTERVAL '4 weeks'
querier-1  | 2026-05-16T14:58:23.431573720Z GROUP BY host
querier-1  | 2026-05-16T14:58:23.431574429Z ORDER BY max_p DESC
querier-1  | 2026-05-16T14:58:23.431575137Z LIMIT 50 query_params=Params { } issue_time=2026-05-16T14:58:23.413237762+00:00 partitions=140 parquet_files=2240 deduplicated_partitions=140 deduplicated_parquet_files=2240 plan_duration_secs=0.017779708 success=false running=true cancelled=false
querier-1  | 2026-05-16T14:58:23.431576179Z 2026-05-16T14:58:23.431481Z  INFO iox_query::query_log: query when="permit" id=6e5207d7-12a8-4603-9329-d5c13e4ab0d0 namespace_id=0 namespace_name="influxdb3 oss" query_type="sql" query_text=-- High-cardinality predicate: per-host extremes across a 4-week window.
querier-1  | 2026-05-16T14:58:23.431577262Z -- Benchmarks the per-file pruning path. Compaction should improve this
querier-1  | 2026-05-16T14:58:23.431578012Z -- materially when many gen1 files cover overlapping host sets.
querier-1  | 2026-05-16T14:58:23.431578762Z SELECT host, MAX(pressure) AS max_p, MIN(pressure) AS min_p
querier-1  | 2026-05-16T14:58:23.431579470Z FROM sensors
querier-1  | 2026-05-16T14:58:23.431580179Z WHERE time > now() - INTERVAL '4 weeks'
querier-1  | 2026-05-16T14:58:23.431580887Z GROUP BY host
querier-1  | 2026-05-16T14:58:23.431581554Z ORDER BY max_p DESC
querier-1  | 2026-05-16T14:58:23.431582262Z LIMIT 50 query_params=Params { } issue_time=2026-05-16T14:58:23.413237762+00:00 partitions=140 parquet_files=2240 deduplicated_partitions=140 deduplicated_parquet_files=2240 plan_duration_secs=0.017779708 permit_duration_secs=0.000463667 success=false running=true cancelled=false
querier-1  | 2026-05-16T14:58:23.431731345Z 2026-05-16T14:58:23.431677Z  INFO iox_query::query_log: query when="success" id=6e5207d7-12a8-4603-9329-d5c13e4ab0d0 namespace_id=0 namespace_name="influxdb3 oss" query_type="sql" query_text=-- High-cardinality predicate: per-host extremes across a 4-week window.
querier-1  | 2026-05-16T14:58:23.431740720Z -- Benchmarks the per-file pruning path. Compaction should improve this
querier-1  | 2026-05-16T14:58:23.431741887Z -- materially when many gen1 files cover overlapping host sets.
querier-1  | 2026-05-16T14:58:23.431742637Z SELECT host, MAX(pressure) AS max_p, MIN(pressure) AS min_p
querier-1  | 2026-05-16T14:58:23.431743304Z FROM sensors
querier-1  | 2026-05-16T14:58:23.431743929Z WHERE time > now() - INTERVAL '4 weeks'
querier-1  | 2026-05-16T14:58:23.431744720Z GROUP BY host
querier-1  | 2026-05-16T14:58:23.431745345Z ORDER BY max_p DESC
querier-1  | 2026-05-16T14:58:23.431745970Z LIMIT 50 query_params=Params { } issue_time=2026-05-16T14:58:23.413237762+00:00 partitions=140 parquet_files=2240 deduplicated_partitions=140 deduplicated_parquet_files=2240 plan_duration_secs=0.017779708 permit_duration_secs=0.000463667 execute_duration_secs=0.000177292 end2end_duration_secs=0.01843825 compute_duration_secs=0.00010975 max_memory=0 ingester_metrics.latency_to_plan_secs=0.0 ingester_metrics.latency_to_full_data_secs=0.0 ingester_metrics.response_rows=0 ingester_metrics.partition_count=0 ingester_metrics.response_size=0 success=true running=false cancelled=false
querier-1  | 2026-05-16T14:58:23.830975345Z 2026-05-16T14:58:23.830908Z  INFO influxdb3_server::http: handling query_sql database=bench query_str=-- High-cardinality predicate: per-host extremes across a 4-week window.
querier-1  | 2026-05-16T14:58:23.830989179Z -- Benchmarks the per-file pruning path. Compaction should improve this
querier-1  | 2026-05-16T14:58:23.830990179Z -- materially when many gen1 files cover overlapping host sets.
querier-1  | 2026-05-16T14:58:23.830990887Z SELECT host, MAX(pressure) AS max_p, MIN(pressure) AS min_p
querier-1  | 2026-05-16T14:58:23.830991512Z FROM sensors
querier-1  | 2026-05-16T14:58:23.830992095Z WHERE time > now() - INTERVAL '4 weeks'
querier-1  | 2026-05-16T14:58:23.830992845Z GROUP BY host
querier-1  | 2026-05-16T14:58:23.830993512Z ORDER BY max_p DESC
querier-1  | 2026-05-16T14:58:23.830994095Z LIMIT 50 format=Csv
querier-1  | 2026-05-16T14:58:23.830994679Z 2026-05-16T14:58:23.830928Z  INFO influxdb3_server::query_executor: executing sql query database=bench query=-- High-cardinality predicate: per-host extremes across a 4-week window.
querier-1  | 2026-05-16T14:58:23.830995387Z -- Benchmarks the per-file pruning path. Compaction should improve this
querier-1  | 2026-05-16T14:58:23.830996054Z -- materially when many gen1 files cover overlapping host sets.
querier-1  | 2026-05-16T14:58:23.830996637Z SELECT host, MAX(pressure) AS max_p, MIN(pressure) AS min_p
querier-1  | 2026-05-16T14:58:23.830997220Z FROM sensors
querier-1  | 2026-05-16T14:58:23.830997804Z WHERE time > now() - INTERVAL '4 weeks'
querier-1  | 2026-05-16T14:58:23.830998387Z GROUP BY host
querier-1  | 2026-05-16T14:58:23.830998929Z ORDER BY max_p DESC
querier-1  | 2026-05-16T14:58:23.830999512Z LIMIT 50 params=None
querier-1  | 2026-05-16T14:58:23.831000054Z 2026-05-16T14:58:23.830952Z  INFO iox_query::query_log: query when="received" id=80ad0b34-9bbf-4ec0-94c5-b95af8d6226c namespace_id=0 namespace_name="influxdb3 oss" query_type="sql" query_text=-- High-cardinality predicate: per-host extremes across a 4-week window.
querier-1  | 2026-05-16T14:58:23.831001095Z -- Benchmarks the per-file pruning path. Compaction should improve this
querier-1  | 2026-05-16T14:58:23.831001720Z -- materially when many gen1 files cover overlapping host sets.
querier-1  | 2026-05-16T14:58:23.831002304Z SELECT host, MAX(pressure) AS max_p, MIN(pressure) AS min_p
querier-1  | 2026-05-16T14:58:23.831002887Z FROM sensors
querier-1  | 2026-05-16T14:58:23.831003429Z WHERE time > now() - INTERVAL '4 weeks'
querier-1  | 2026-05-16T14:58:23.831004012Z GROUP BY host
querier-1  | 2026-05-16T14:58:23.831004554Z ORDER BY max_p DESC
querier-1  | 2026-05-16T14:58:23.831005095Z LIMIT 50 query_params=Params { } issue_time=2026-05-16T14:58:23.830950970+00:00 success=false running=true cancelled=false
querier-1  | 2026-05-16T14:58:23.839362262Z 2026-05-16T14:58:23.839315Z  WARN iox_query::physical_optimizer::dedup::split: cannot split dedup operation, fanout too wide n_split=140 max_dedup_split=100
querier-1  | 2026-05-16T14:58:23.848836220Z 2026-05-16T14:58:23.848739Z  INFO iox_query::query_log: query when="planned" id=80ad0b34-9bbf-4ec0-94c5-b95af8d6226c namespace_id=0 namespace_name="influxdb3 oss" query_type="sql" query_text=-- High-cardinality predicate: per-host extremes across a 4-week window.
querier-1  | 2026-05-16T14:58:23.848851595Z -- Benchmarks the per-file pruning path. Compaction should improve this
querier-1  | 2026-05-16T14:58:23.848860887Z -- materially when many gen1 files cover overlapping host sets.
querier-1  | 2026-05-16T14:58:23.848861595Z SELECT host, MAX(pressure) AS max_p, MIN(pressure) AS min_p
querier-1  | 2026-05-16T14:58:23.848862262Z FROM sensors
querier-1  | 2026-05-16T14:58:23.848862845Z WHERE time > now() - INTERVAL '4 weeks'
querier-1  | 2026-05-16T14:58:23.848863804Z GROUP BY host
querier-1  | 2026-05-16T14:58:23.848864387Z ORDER BY max_p DESC
querier-1  | 2026-05-16T14:58:23.848865012Z LIMIT 50 query_params=Params { } issue_time=2026-05-16T14:58:23.830950970+00:00 partitions=140 parquet_files=2240 deduplicated_partitions=140 deduplicated_parquet_files=2240 plan_duration_secs=0.017379709 success=false running=true cancelled=false
querier-1  | 2026-05-16T14:58:23.848865845Z 2026-05-16T14:58:23.848762Z  INFO iox_query::query_log: query when="permit" id=80ad0b34-9bbf-4ec0-94c5-b95af8d6226c namespace_id=0 namespace_name="influxdb3 oss" query_type="sql" query_text=-- High-cardinality predicate: per-host extremes across a 4-week window.
querier-1  | 2026-05-16T14:58:23.848866720Z -- Benchmarks the per-file pruning path. Compaction should improve this
querier-1  | 2026-05-16T14:58:23.848867387Z -- materially when many gen1 files cover overlapping host sets.
querier-1  | 2026-05-16T14:58:23.848867970Z SELECT host, MAX(pressure) AS max_p, MIN(pressure) AS min_p
querier-1  | 2026-05-16T14:58:23.848868554Z FROM sensors
querier-1  | 2026-05-16T14:58:23.848869137Z WHERE time > now() - INTERVAL '4 weeks'
querier-1  | 2026-05-16T14:58:23.848869720Z GROUP BY host
querier-1  | 2026-05-16T14:58:23.848870304Z ORDER BY max_p DESC
querier-1  | 2026-05-16T14:58:23.848870845Z LIMIT 50 query_params=Params { } issue_time=2026-05-16T14:58:23.830950970+00:00 partitions=140 parquet_files=2240 deduplicated_partitions=140 deduplicated_parquet_files=2240 plan_duration_secs=0.017379709 permit_duration_secs=0.000431375 success=false running=true cancelled=false
querier-1  | 2026-05-16T14:58:23.849012470Z 2026-05-16T14:58:23.848955Z  INFO iox_query::query_log: query when="success" id=80ad0b34-9bbf-4ec0-94c5-b95af8d6226c namespace_id=0 namespace_name="influxdb3 oss" query_type="sql" query_text=-- High-cardinality predicate: per-host extremes across a 4-week window.
querier-1  | 2026-05-16T14:58:23.849020137Z -- Benchmarks the per-file pruning path. Compaction should improve this
querier-1  | 2026-05-16T14:58:23.849021012Z -- materially when many gen1 files cover overlapping host sets.
querier-1  | 2026-05-16T14:58:23.849021554Z SELECT host, MAX(pressure) AS max_p, MIN(pressure) AS min_p
querier-1  | 2026-05-16T14:58:23.849022095Z FROM sensors
querier-1  | 2026-05-16T14:58:23.849022637Z WHERE time > now() - INTERVAL '4 weeks'
querier-1  | 2026-05-16T14:58:23.849023387Z GROUP BY host
querier-1  | 2026-05-16T14:58:23.849023887Z ORDER BY max_p DESC
querier-1  | 2026-05-16T14:58:23.849024429Z LIMIT 50 query_params=Params { } issue_time=2026-05-16T14:58:23.830950970+00:00 partitions=140 parquet_files=2240 deduplicated_partitions=140 deduplicated_parquet_files=2240 plan_duration_secs=0.017379709 permit_duration_secs=0.000431375 execute_duration_secs=0.0001765 end2end_duration_secs=0.018003875 compute_duration_secs=8.1332e-5 max_memory=0 ingester_metrics.latency_to_plan_secs=0.0 ingester_metrics.latency_to_full_data_secs=0.0 ingester_metrics.response_rows=0 ingester_metrics.partition_count=0 ingester_metrics.response_size=0 success=true running=false cancelled=false
querier-1  | 2026-05-16T14:58:24.261757887Z 2026-05-16T14:58:24.261695Z  INFO influxdb3_server::http: handling query_sql database=bench query_str=-- High-cardinality predicate: per-host extremes across a 4-week window.
querier-1  | 2026-05-16T14:58:24.261766512Z -- Benchmarks the per-file pruning path. Compaction should improve this
querier-1  | 2026-05-16T14:58:24.261767596Z -- materially when many gen1 files cover overlapping host sets.
querier-1  | 2026-05-16T14:58:24.261768304Z SELECT host, MAX(pressure) AS max_p, MIN(pressure) AS min_p
querier-1  | 2026-05-16T14:58:24.261768971Z FROM sensors
querier-1  | 2026-05-16T14:58:24.261769554Z WHERE time > now() - INTERVAL '4 weeks'
querier-1  | 2026-05-16T14:58:24.261770346Z GROUP BY host
querier-1  | 2026-05-16T14:58:24.261770887Z ORDER BY max_p DESC
querier-1  | 2026-05-16T14:58:24.261771471Z LIMIT 50 format=Csv
querier-1  | 2026-05-16T14:58:24.261772012Z 2026-05-16T14:58:24.261715Z  INFO influxdb3_server::query_executor: executing sql query database=bench query=-- High-cardinality predicate: per-host extremes across a 4-week window.
querier-1  | 2026-05-16T14:58:24.261772721Z -- Benchmarks the per-file pruning path. Compaction should improve this
querier-1  | 2026-05-16T14:58:24.261773346Z -- materially when many gen1 files cover overlapping host sets.
querier-1  | 2026-05-16T14:58:24.261773929Z SELECT host, MAX(pressure) AS max_p, MIN(pressure) AS min_p
querier-1  | 2026-05-16T14:58:24.261774512Z FROM sensors
querier-1  | 2026-05-16T14:58:24.261775054Z WHERE time > now() - INTERVAL '4 weeks'
querier-1  | 2026-05-16T14:58:24.261775721Z GROUP BY host
querier-1  | 2026-05-16T14:58:24.261776262Z ORDER BY max_p DESC
querier-1  | 2026-05-16T14:58:24.261776804Z LIMIT 50 params=None
querier-1  | 2026-05-16T14:58:24.261779429Z 2026-05-16T14:58:24.261739Z  INFO iox_query::query_log: query when="received" id=ef0a20de-1107-4f88-a6b6-61c0d325a9ad namespace_id=0 namespace_name="influxdb3 oss" query_type="sql" query_text=-- High-cardinality predicate: per-host extremes across a 4-week window.
querier-1  | 2026-05-16T14:58:24.261780554Z -- Benchmarks the per-file pruning path. Compaction should improve this
querier-1  | 2026-05-16T14:58:24.261781137Z -- materially when many gen1 files cover overlapping host sets.
querier-1  | 2026-05-16T14:58:24.261781721Z SELECT host, MAX(pressure) AS max_p, MIN(pressure) AS min_p
querier-1  | 2026-05-16T14:58:24.261782304Z FROM sensors
querier-1  | 2026-05-16T14:58:24.261782846Z WHERE time > now() - INTERVAL '4 weeks'
querier-1  | 2026-05-16T14:58:24.261783429Z GROUP BY host
querier-1  | 2026-05-16T14:58:24.261783971Z ORDER BY max_p DESC
querier-1  | 2026-05-16T14:58:24.261784512Z LIMIT 50 query_params=Params { } issue_time=2026-05-16T14:58:24.261738804+00:00 success=false running=true cancelled=false
querier-1  | 2026-05-16T14:58:24.270570387Z 2026-05-16T14:58:24.270500Z  WARN iox_query::physical_optimizer::dedup::split: cannot split dedup operation, fanout too wide n_split=140 max_dedup_split=100
querier-1  | 2026-05-16T14:58:24.280459804Z 2026-05-16T14:58:24.280358Z  INFO iox_query::query_log: query when="planned" id=ef0a20de-1107-4f88-a6b6-61c0d325a9ad namespace_id=0 namespace_name="influxdb3 oss" query_type="sql" query_text=-- High-cardinality predicate: per-host extremes across a 4-week window.
querier-1  | 2026-05-16T14:58:24.280481346Z -- Benchmarks the per-file pruning path. Compaction should improve this
querier-1  | 2026-05-16T14:58:24.280482179Z -- materially when many gen1 files cover overlapping host sets.
querier-1  | 2026-05-16T14:58:24.280482846Z SELECT host, MAX(pressure) AS max_p, MIN(pressure) AS min_p
querier-1  | 2026-05-16T14:58:24.280483387Z FROM sensors
querier-1  | 2026-05-16T14:58:24.280484179Z WHERE time > now() - INTERVAL '4 weeks'
querier-1  | 2026-05-16T14:58:24.280484971Z GROUP BY host
querier-1  | 2026-05-16T14:58:24.280485554Z ORDER BY max_p DESC
querier-1  | 2026-05-16T14:58:24.280486096Z LIMIT 50 query_params=Params { } issue_time=2026-05-16T14:58:24.261738804+00:00 partitions=140 parquet_files=2240 deduplicated_partitions=140 deduplicated_parquet_files=2240 plan_duration_secs=0.018201167 success=false running=true cancelled=false
querier-1  | 2026-05-16T14:58:24.280486887Z 2026-05-16T14:58:24.280382Z  INFO iox_query::query_log: query when="permit" id=ef0a20de-1107-4f88-a6b6-61c0d325a9ad namespace_id=0 namespace_name="influxdb3 oss" query_type="sql" query_text=-- High-cardinality predicate: per-host extremes across a 4-week window.
querier-1  | 2026-05-16T14:58:24.280487679Z -- Benchmarks the per-file pruning path. Compaction should improve this
querier-1  | 2026-05-16T14:58:24.280488262Z -- materially when many gen1 files cover overlapping host sets.
querier-1  | 2026-05-16T14:58:24.280488846Z SELECT host, MAX(pressure) AS max_p, MIN(pressure) AS min_p
querier-1  | 2026-05-16T14:58:24.280489429Z FROM sensors
querier-1  | 2026-05-16T14:58:24.280489971Z WHERE time > now() - INTERVAL '4 weeks'
querier-1  | 2026-05-16T14:58:24.280490512Z GROUP BY host
querier-1  | 2026-05-16T14:58:24.280491054Z ORDER BY max_p DESC
querier-1  | 2026-05-16T14:58:24.280491637Z LIMIT 50 query_params=Params { } issue_time=2026-05-16T14:58:24.261738804+00:00 partitions=140 parquet_files=2240 deduplicated_partitions=140 deduplicated_parquet_files=2240 plan_duration_secs=0.018201167 permit_duration_secs=0.000441916 success=false running=true cancelled=false
querier-1  | 2026-05-16T14:58:24.282339637Z 2026-05-16T14:58:24.280630Z  INFO iox_query::query_log: query when="success" id=ef0a20de-1107-4f88-a6b6-61c0d325a9ad namespace_id=0 namespace_name="influxdb3 oss" query_type="sql" query_text=-- High-cardinality predicate: per-host extremes across a 4-week window.
querier-1  | 2026-05-16T14:58:24.282347054Z -- Benchmarks the per-file pruning path. Compaction should improve this
querier-1  | 2026-05-16T14:58:24.282347971Z -- materially when many gen1 files cover overlapping host sets.
querier-1  | 2026-05-16T14:58:24.282348554Z SELECT host, MAX(pressure) AS max_p, MIN(pressure) AS min_p
querier-1  | 2026-05-16T14:58:24.282349137Z FROM sensors
querier-1  | 2026-05-16T14:58:24.282349846Z WHERE time > now() - INTERVAL '4 weeks'
querier-1  | 2026-05-16T14:58:24.282350596Z GROUP BY host
querier-1  | 2026-05-16T14:58:24.282351137Z ORDER BY max_p DESC
querier-1  | 2026-05-16T14:58:24.282351762Z LIMIT 50 query_params=Params { } issue_time=2026-05-16T14:58:24.261738804+00:00 partitions=140 parquet_files=2240 deduplicated_partitions=140 deduplicated_parquet_files=2240 plan_duration_secs=0.018201167 permit_duration_secs=0.000441916 execute_duration_secs=0.000217417 end2end_duration_secs=0.018889417 compute_duration_secs=0.000120045 max_memory=0 ingester_metrics.latency_to_plan_secs=0.0 ingester_metrics.latency_to_full_data_secs=0.0 ingester_metrics.response_rows=0 ingester_metrics.partition_count=0 ingester_metrics.response_size=0 success=true running=false cancelled=false
querier-1  | 2026-05-16T14:58:24.682644513Z 2026-05-16T14:58:24.682578Z  INFO influxdb3_server::http: handling query_sql database=bench query_str=-- High-cardinality predicate: per-host extremes across a 4-week window.
querier-1  | 2026-05-16T14:58:24.682652346Z -- Benchmarks the per-file pruning path. Compaction should improve this
querier-1  | 2026-05-16T14:58:24.682653429Z -- materially when many gen1 files cover overlapping host sets.
querier-1  | 2026-05-16T14:58:24.682654096Z SELECT host, MAX(pressure) AS max_p, MIN(pressure) AS min_p
querier-1  | 2026-05-16T14:58:24.682654721Z FROM sensors
querier-1  | 2026-05-16T14:58:24.682655304Z WHERE time > now() - INTERVAL '4 weeks'
querier-1  | 2026-05-16T14:58:24.682656054Z GROUP BY host
querier-1  | 2026-05-16T14:58:24.682656638Z ORDER BY max_p DESC
querier-1  | 2026-05-16T14:58:24.682657221Z LIMIT 50 format=Csv
querier-1  | 2026-05-16T14:58:24.682657763Z 2026-05-16T14:58:24.682598Z  INFO influxdb3_server::query_executor: executing sql query database=bench query=-- High-cardinality predicate: per-host extremes across a 4-week window.
querier-1  | 2026-05-16T14:58:24.682658513Z -- Benchmarks the per-file pruning path. Compaction should improve this
querier-1  | 2026-05-16T14:58:24.682659096Z -- materially when many gen1 files cover overlapping host sets.
querier-1  | 2026-05-16T14:58:24.682659638Z SELECT host, MAX(pressure) AS max_p, MIN(pressure) AS min_p
querier-1  | 2026-05-16T14:58:24.682660221Z FROM sensors
querier-1  | 2026-05-16T14:58:24.682660763Z WHERE time > now() - INTERVAL '4 weeks'
querier-1  | 2026-05-16T14:58:24.682661346Z GROUP BY host
querier-1  | 2026-05-16T14:58:24.682661888Z ORDER BY max_p DESC
querier-1  | 2026-05-16T14:58:24.682662388Z LIMIT 50 params=None
querier-1  | 2026-05-16T14:58:24.682665138Z 2026-05-16T14:58:24.682624Z  INFO iox_query::query_log: query when="received" id=81bb80cb-5a8b-479b-9c94-42f1322f29a3 namespace_id=0 namespace_name="influxdb3 oss" query_type="sql" query_text=-- High-cardinality predicate: per-host extremes across a 4-week window.
querier-1  | 2026-05-16T14:58:24.682666263Z -- Benchmarks the per-file pruning path. Compaction should improve this
querier-1  | 2026-05-16T14:58:24.682666846Z -- materially when many gen1 files cover overlapping host sets.
querier-1  | 2026-05-16T14:58:24.682667429Z SELECT host, MAX(pressure) AS max_p, MIN(pressure) AS min_p
querier-1  | 2026-05-16T14:58:24.682667971Z FROM sensors
querier-1  | 2026-05-16T14:58:24.682668513Z WHERE time > now() - INTERVAL '4 weeks'
querier-1  | 2026-05-16T14:58:24.682669054Z GROUP BY host
querier-1  | 2026-05-16T14:58:24.682669596Z ORDER BY max_p DESC
querier-1  | 2026-05-16T14:58:24.682670138Z LIMIT 50 query_params=Params { } issue_time=2026-05-16T14:58:24.682623638+00:00 success=false running=true cancelled=false
querier-1  | 2026-05-16T14:58:24.691352638Z 2026-05-16T14:58:24.691226Z  WARN iox_query::physical_optimizer::dedup::split: cannot split dedup operation, fanout too wide n_split=140 max_dedup_split=100
querier-1  | 2026-05-16T14:58:24.701842638Z 2026-05-16T14:58:24.701746Z  INFO iox_query::query_log: query when="planned" id=81bb80cb-5a8b-479b-9c94-42f1322f29a3 namespace_id=0 namespace_name="influxdb3 oss" query_type="sql" query_text=-- High-cardinality predicate: per-host extremes across a 4-week window.
querier-1  | 2026-05-16T14:58:24.701858554Z -- Benchmarks the per-file pruning path. Compaction should improve this
querier-1  | 2026-05-16T14:58:24.701859679Z -- materially when many gen1 files cover overlapping host sets.
querier-1  | 2026-05-16T14:58:24.701860429Z SELECT host, MAX(pressure) AS max_p, MIN(pressure) AS min_p
querier-1  | 2026-05-16T14:58:24.701861054Z FROM sensors
querier-1  | 2026-05-16T14:58:24.701861679Z WHERE time > now() - INTERVAL '4 weeks'
querier-1  | 2026-05-16T14:58:24.701862596Z GROUP BY host
querier-1  | 2026-05-16T14:58:24.701863179Z ORDER BY max_p DESC
querier-1  | 2026-05-16T14:58:24.701863804Z LIMIT 50 query_params=Params { } issue_time=2026-05-16T14:58:24.682623638+00:00 partitions=140 parquet_files=2240 deduplicated_partitions=140 deduplicated_parquet_files=2240 plan_duration_secs=0.018696375 success=false running=true cancelled=false
querier-1  | 2026-05-16T14:58:24.701864638Z 2026-05-16T14:58:24.701778Z  INFO iox_query::query_log: query when="permit" id=81bb80cb-5a8b-479b-9c94-42f1322f29a3 namespace_id=0 namespace_name="influxdb3 oss" query_type="sql" query_text=-- High-cardinality predicate: per-host extremes across a 4-week window.
querier-1  | 2026-05-16T14:58:24.701865554Z -- Benchmarks the per-file pruning path. Compaction should improve this
querier-1  | 2026-05-16T14:58:24.701866138Z -- materially when many gen1 files cover overlapping host sets.
querier-1  | 2026-05-16T14:58:24.701866721Z SELECT host, MAX(pressure) AS max_p, MIN(pressure) AS min_p
querier-1  | 2026-05-16T14:58:24.701867304Z FROM sensors
querier-1  | 2026-05-16T14:58:24.701867846Z WHERE time > now() - INTERVAL '4 weeks'
querier-1  | 2026-05-16T14:58:24.701868429Z GROUP BY host
querier-1  | 2026-05-16T14:58:24.701868971Z ORDER BY max_p DESC
querier-1  | 2026-05-16T14:58:24.701869554Z LIMIT 50 query_params=Params { } issue_time=2026-05-16T14:58:24.682623638+00:00 partitions=140 parquet_files=2240 deduplicated_partitions=140 deduplicated_parquet_files=2240 plan_duration_secs=0.018696375 permit_duration_secs=0.000458041 success=false running=true cancelled=false
querier-1  | 2026-05-16T14:58:24.702048346Z 2026-05-16T14:58:24.702000Z  INFO iox_query::query_log: query when="success" id=81bb80cb-5a8b-479b-9c94-42f1322f29a3 namespace_id=0 namespace_name="influxdb3 oss" query_type="sql" query_text=-- High-cardinality predicate: per-host extremes across a 4-week window.
querier-1  | 2026-05-16T14:58:24.702053929Z -- Benchmarks the per-file pruning path. Compaction should improve this
querier-1  | 2026-05-16T14:58:24.702055138Z -- materially when many gen1 files cover overlapping host sets.
querier-1  | 2026-05-16T14:58:24.702055971Z SELECT host, MAX(pressure) AS max_p, MIN(pressure) AS min_p
querier-1  | 2026-05-16T14:58:24.702056763Z FROM sensors
querier-1  | 2026-05-16T14:58:24.702057471Z WHERE time > now() - INTERVAL '4 weeks'
querier-1  | 2026-05-16T14:58:24.702058429Z GROUP BY host
querier-1  | 2026-05-16T14:58:24.702059138Z ORDER BY max_p DESC
querier-1  | 2026-05-16T14:58:24.702059888Z LIMIT 50 query_params=Params { } issue_time=2026-05-16T14:58:24.682623638+00:00 partitions=140 parquet_files=2240 deduplicated_partitions=140 deduplicated_parquet_files=2240 plan_duration_secs=0.018696375 permit_duration_secs=0.000458041 execute_duration_secs=0.000188375 end2end_duration_secs=0.019375125 compute_duration_secs=0.00010922 max_memory=0 ingester_metrics.latency_to_plan_secs=0.0 ingester_metrics.latency_to_full_data_secs=0.0 ingester_metrics.response_rows=0 ingester_metrics.partition_count=0 ingester_metrics.response_size=0 success=true running=false cancelled=false
querier-1  | 2026-05-16T14:58:25.134870263Z 2026-05-16T14:58:25.134798Z  INFO influxdb3_server::http: handling query_sql database=bench query_str=-- 6-hour downsampling over an 8-week window. Touches most parquet files
querier-1  | 2026-05-16T14:58:25.134878971Z -- since timestamps span the entire generated range; aggregation work is
querier-1  | 2026-05-16T14:58:25.134880013Z -- dominated by group-by and merge across many files. 6h bins keep result
querier-1  | 2026-05-16T14:58:25.134880721Z -- cardinality manageable while still exercising the full date range.
querier-1  | 2026-05-16T14:58:25.134881388Z SELECT
querier-1  | 2026-05-16T14:58:25.134881971Z     DATE_BIN(INTERVAL '6 hours', time) AS bucket,
querier-1  | 2026-05-16T14:58:25.134882554Z     region,
querier-1  | 2026-05-16T14:58:25.134883138Z     AVG(temp) AS avg_temp,
querier-1  | 2026-05-16T14:58:25.134883721Z     APPROX_PERCENTILE_CONT(humidity, 0.95) AS p95_humidity
querier-1  | 2026-05-16T14:58:25.134884471Z FROM sensors
querier-1  | 2026-05-16T14:58:25.134885054Z WHERE time > now() - INTERVAL '8 weeks'
querier-1  | 2026-05-16T14:58:25.134885804Z GROUP BY bucket, region
querier-1  | 2026-05-16T14:58:25.134886388Z ORDER BY bucket, region format=Csv
querier-1  | 2026-05-16T14:58:25.134887013Z 2026-05-16T14:58:25.134822Z  INFO influxdb3_server::query_executor: executing sql query database=bench query=-- 6-hour downsampling over an 8-week window. Touches most parquet files
querier-1  | 2026-05-16T14:58:25.134887721Z -- since timestamps span the entire generated range; aggregation work is
querier-1  | 2026-05-16T14:58:25.134888346Z -- dominated by group-by and merge across many files. 6h bins keep result
querier-1  | 2026-05-16T14:58:25.134888971Z -- cardinality manageable while still exercising the full date range.
querier-1  | 2026-05-16T14:58:25.134889554Z SELECT
querier-1  | 2026-05-16T14:58:25.134890096Z     DATE_BIN(INTERVAL '6 hours', time) AS bucket,
querier-1  | 2026-05-16T14:58:25.134890679Z     region,
querier-1  | 2026-05-16T14:58:25.134891263Z     AVG(temp) AS avg_temp,
querier-1  | 2026-05-16T14:58:25.134891846Z     APPROX_PERCENTILE_CONT(humidity, 0.95) AS p95_humidity
querier-1  | 2026-05-16T14:58:25.134892429Z FROM sensors
querier-1  | 2026-05-16T14:58:25.134893013Z WHERE time > now() - INTERVAL '8 weeks'
querier-1  | 2026-05-16T14:58:25.134893596Z GROUP BY bucket, region
querier-1  | 2026-05-16T14:58:25.134894138Z ORDER BY bucket, region params=None
querier-1  | 2026-05-16T14:58:25.134894763Z 2026-05-16T14:58:25.134848Z  INFO iox_query::query_log: query when="received" id=e736b90f-1b78-4182-be28-53ecdd7b7f41 namespace_id=0 namespace_name="influxdb3 oss" query_type="sql" query_text=-- 6-hour downsampling over an 8-week window. Touches most parquet files
querier-1  | 2026-05-16T14:58:25.134901013Z -- since timestamps span the entire generated range; aggregation work is
querier-1  | 2026-05-16T14:58:25.134901763Z -- dominated by group-by and merge across many files. 6h bins keep result
querier-1  | 2026-05-16T14:58:25.134902346Z -- cardinality manageable while still exercising the full date range.
querier-1  | 2026-05-16T14:58:25.134902971Z SELECT
querier-1  | 2026-05-16T14:58:25.134903513Z     DATE_BIN(INTERVAL '6 hours', time) AS bucket,
querier-1  | 2026-05-16T14:58:25.134904096Z     region,
querier-1  | 2026-05-16T14:58:25.134904638Z     AVG(temp) AS avg_temp,
querier-1  | 2026-05-16T14:58:25.134905221Z     APPROX_PERCENTILE_CONT(humidity, 0.95) AS p95_humidity
querier-1  | 2026-05-16T14:58:25.134905804Z FROM sensors
querier-1  | 2026-05-16T14:58:25.134906346Z WHERE time > now() - INTERVAL '8 weeks'
querier-1  | 2026-05-16T14:58:25.134906929Z GROUP BY bucket, region
querier-1  | 2026-05-16T14:58:25.134907804Z ORDER BY bucket, region query_params=Params { } issue_time=2026-05-16T14:58:25.134846971+00:00 success=false running=true cancelled=false
querier-1  | 2026-05-16T14:58:25.150282179Z 2026-05-16T14:58:25.150170Z  WARN iox_query::physical_optimizer::dedup::split: cannot split dedup operation, fanout too wide n_split=280 max_dedup_split=100
querier-1  | 2026-05-16T14:58:25.172456263Z 2026-05-16T14:58:25.172334Z  INFO iox_query::query_log: query when="planned" id=e736b90f-1b78-4182-be28-53ecdd7b7f41 namespace_id=0 namespace_name="influxdb3 oss" query_type="sql" query_text=-- 6-hour downsampling over an 8-week window. Touches most parquet files
querier-1  | 2026-05-16T14:58:25.172473763Z -- since timestamps span the entire generated range; aggregation work is
querier-1  | 2026-05-16T14:58:25.172474971Z -- dominated by group-by and merge across many files. 6h bins keep result
querier-1  | 2026-05-16T14:58:25.172475929Z -- cardinality manageable while still exercising the full date range.
querier-1  | 2026-05-16T14:58:25.172476721Z SELECT
querier-1  | 2026-05-16T14:58:25.172477513Z     DATE_BIN(INTERVAL '6 hours', time) AS bucket,
querier-1  | 2026-05-16T14:58:25.172478638Z     region,
querier-1  | 2026-05-16T14:58:25.172479346Z     AVG(temp) AS avg_temp,
querier-1  | 2026-05-16T14:58:25.172480054Z     APPROX_PERCENTILE_CONT(humidity, 0.95) AS p95_humidity
querier-1  | 2026-05-16T14:58:25.172480804Z FROM sensors
querier-1  | 2026-05-16T14:58:25.172481513Z WHERE time > now() - INTERVAL '8 weeks'
querier-1  | 2026-05-16T14:58:25.172482596Z GROUP BY bucket, region
querier-1  | 2026-05-16T14:58:25.172483346Z ORDER BY bucket, region query_params=Params { } issue_time=2026-05-16T14:58:25.134846971+00:00 partitions=280 parquet_files=4480 deduplicated_partitions=280 deduplicated_parquet_files=4480 plan_duration_secs=0.036599 success=false running=true cancelled=false
querier-1  | 2026-05-16T14:58:25.172484346Z 2026-05-16T14:58:25.172364Z  INFO iox_query::query_log: query when="permit" id=e736b90f-1b78-4182-be28-53ecdd7b7f41 namespace_id=0 namespace_name="influxdb3 oss" query_type="sql" query_text=-- 6-hour downsampling over an 8-week window. Touches most parquet files
querier-1  | 2026-05-16T14:58:25.172485304Z -- since timestamps span the entire generated range; aggregation work is
querier-1  | 2026-05-16T14:58:25.172485929Z -- dominated by group-by and merge across many files. 6h bins keep result
querier-1  | 2026-05-16T14:58:25.172495429Z -- cardinality manageable while still exercising the full date range.
querier-1  | 2026-05-16T14:58:25.172496179Z SELECT
querier-1  | 2026-05-16T14:58:25.172496763Z     DATE_BIN(INTERVAL '6 hours', time) AS bucket,
querier-1  | 2026-05-16T14:58:25.172497346Z     region,
querier-1  | 2026-05-16T14:58:25.172497929Z     AVG(temp) AS avg_temp,
querier-1  | 2026-05-16T14:58:25.172498471Z     APPROX_PERCENTILE_CONT(humidity, 0.95) AS p95_humidity
querier-1  | 2026-05-16T14:58:25.172499054Z FROM sensors
querier-1  | 2026-05-16T14:58:25.172499638Z WHERE time > now() - INTERVAL '8 weeks'
querier-1  | 2026-05-16T14:58:25.172500221Z GROUP BY bucket, region
querier-1  | 2026-05-16T14:58:25.172500804Z ORDER BY bucket, region query_params=Params { } issue_time=2026-05-16T14:58:25.134846971+00:00 partitions=280 parquet_files=4480 deduplicated_partitions=280 deduplicated_parquet_files=4480 plan_duration_secs=0.036599 permit_duration_secs=0.000918375 success=false running=true cancelled=false
querier-1  | 2026-05-16T14:58:25.172710138Z 2026-05-16T14:58:25.172642Z  INFO iox_query::query_log: query when="success" id=e736b90f-1b78-4182-be28-53ecdd7b7f41 namespace_id=0 namespace_name="influxdb3 oss" query_type="sql" query_text=-- 6-hour downsampling over an 8-week window. Touches most parquet files
querier-1  | 2026-05-16T14:58:25.172715471Z -- since timestamps span the entire generated range; aggregation work is
querier-1  | 2026-05-16T14:58:25.172716596Z -- dominated by group-by and merge across many files. 6h bins keep result
querier-1  | 2026-05-16T14:58:25.172717304Z -- cardinality manageable while still exercising the full date range.
querier-1  | 2026-05-16T14:58:25.172717971Z SELECT
querier-1  | 2026-05-16T14:58:25.172718596Z     DATE_BIN(INTERVAL '6 hours', time) AS bucket,
querier-1  | 2026-05-16T14:58:25.172719346Z     region,
querier-1  | 2026-05-16T14:58:25.172720138Z     AVG(temp) AS avg_temp,
querier-1  | 2026-05-16T14:58:25.172720929Z     APPROX_PERCENTILE_CONT(humidity, 0.95) AS p95_humidity
querier-1  | 2026-05-16T14:58:25.172721721Z FROM sensors
querier-1  | 2026-05-16T14:58:25.172722513Z WHERE time > now() - INTERVAL '8 weeks'
querier-1  | 2026-05-16T14:58:25.172723388Z GROUP BY bucket, region
querier-1  | 2026-05-16T14:58:25.172724221Z ORDER BY bucket, region query_params=Params { } issue_time=2026-05-16T14:58:25.134846971+00:00 partitions=280 parquet_files=4480 deduplicated_partitions=280 deduplicated_parquet_files=4480 plan_duration_secs=0.036599 permit_duration_secs=0.000918375 execute_duration_secs=0.000244917 end2end_duration_secs=0.037794125 compute_duration_secs=0.000176875 max_memory=0 ingester_metrics.latency_to_plan_secs=0.0 ingester_metrics.latency_to_full_data_secs=0.0 ingester_metrics.response_rows=0 ingester_metrics.partition_count=0 ingester_metrics.response_size=0 success=true running=false cancelled=false
querier-1  | 2026-05-16T14:58:25.959013180Z 2026-05-16T14:58:25.958928Z  INFO influxdb3_server::http: handling query_sql database=bench query_str=-- 6-hour downsampling over an 8-week window. Touches most parquet files
querier-1  | 2026-05-16T14:58:25.959030846Z -- since timestamps span the entire generated range; aggregation work is
querier-1  | 2026-05-16T14:58:25.959031805Z -- dominated by group-by and merge across many files. 6h bins keep result
querier-1  | 2026-05-16T14:58:25.959039305Z -- cardinality manageable while still exercising the full date range.
querier-1  | 2026-05-16T14:58:25.959039930Z SELECT
querier-1  | 2026-05-16T14:58:25.959040471Z     DATE_BIN(INTERVAL '6 hours', time) AS bucket,
querier-1  | 2026-05-16T14:58:25.959041055Z     region,
querier-1  | 2026-05-16T14:58:25.959041555Z     AVG(temp) AS avg_temp,
querier-1  | 2026-05-16T14:58:25.959042096Z     APPROX_PERCENTILE_CONT(humidity, 0.95) AS p95_humidity
querier-1  | 2026-05-16T14:58:25.959042638Z FROM sensors
querier-1  | 2026-05-16T14:58:25.959043180Z WHERE time > now() - INTERVAL '8 weeks'
querier-1  | 2026-05-16T14:58:25.959043805Z GROUP BY bucket, region
querier-1  | 2026-05-16T14:58:25.959044305Z ORDER BY bucket, region format=Csv
querier-1  | 2026-05-16T14:58:25.959044846Z 2026-05-16T14:58:25.958950Z  INFO influxdb3_server::query_executor: executing sql query database=bench query=-- 6-hour downsampling over an 8-week window. Touches most parquet files
querier-1  | 2026-05-16T14:58:25.959045513Z -- since timestamps span the entire generated range; aggregation work is
querier-1  | 2026-05-16T14:58:25.959046055Z -- dominated by group-by and merge across many files. 6h bins keep result
querier-1  | 2026-05-16T14:58:25.959046596Z -- cardinality manageable while still exercising the full date range.
querier-1  | 2026-05-16T14:58:25.959047138Z SELECT
querier-1  | 2026-05-16T14:58:25.959047638Z     DATE_BIN(INTERVAL '6 hours', time) AS bucket,
querier-1  | 2026-05-16T14:58:25.959048180Z     region,
querier-1  | 2026-05-16T14:58:25.959048680Z     AVG(temp) AS avg_temp,
querier-1  | 2026-05-16T14:58:25.959049180Z     APPROX_PERCENTILE_CONT(humidity, 0.95) AS p95_humidity
querier-1  | 2026-05-16T14:58:25.959049763Z FROM sensors
querier-1  | 2026-05-16T14:58:25.959050263Z WHERE time > now() - INTERVAL '8 weeks'
querier-1  | 2026-05-16T14:58:25.959050846Z GROUP BY bucket, region
querier-1  | 2026-05-16T14:58:25.959051346Z ORDER BY bucket, region params=None
querier-1  | 2026-05-16T14:58:25.959051888Z 2026-05-16T14:58:25.958976Z  INFO iox_query::query_log: query when="received" id=98f8cd13-b4e5-4190-a0dc-999c1dba4246 namespace_id=0 namespace_name="influxdb3 oss" query_type="sql" query_text=-- 6-hour downsampling over an 8-week window. Touches most parquet files
querier-1  | 2026-05-16T14:58:25.959052763Z -- since timestamps span the entire generated range; aggregation work is
querier-1  | 2026-05-16T14:58:25.959053263Z -- dominated by group-by and merge across many files. 6h bins keep result
querier-1  | 2026-05-16T14:58:25.959053805Z -- cardinality manageable while still exercising the full date range.
querier-1  | 2026-05-16T14:58:25.959054346Z SELECT
querier-1  | 2026-05-16T14:58:25.959054846Z     DATE_BIN(INTERVAL '6 hours', time) AS bucket,
querier-1  | 2026-05-16T14:58:25.959055346Z     region,
querier-1  | 2026-05-16T14:58:25.959055846Z     AVG(temp) AS avg_temp,
querier-1  | 2026-05-16T14:58:25.959056346Z     APPROX_PERCENTILE_CONT(humidity, 0.95) AS p95_humidity
querier-1  | 2026-05-16T14:58:25.959056846Z FROM sensors
querier-1  | 2026-05-16T14:58:25.959057346Z WHERE time > now() - INTERVAL '8 weeks'
querier-1  | 2026-05-16T14:58:25.959058930Z GROUP BY bucket, region
querier-1  | 2026-05-16T14:58:25.959059930Z ORDER BY bucket, region query_params=Params { } issue_time=2026-05-16T14:58:25.958975388+00:00 success=false running=true cancelled=false
querier-1  | 2026-05-16T14:58:25.974893721Z 2026-05-16T14:58:25.974806Z  WARN iox_query::physical_optimizer::dedup::split: cannot split dedup operation, fanout too wide n_split=280 max_dedup_split=100
querier-1  | 2026-05-16T14:58:25.995216888Z 2026-05-16T14:58:25.995112Z  INFO iox_query::query_log: query when="planned" id=98f8cd13-b4e5-4190-a0dc-999c1dba4246 namespace_id=0 namespace_name="influxdb3 oss" query_type="sql" query_text=-- 6-hour downsampling over an 8-week window. Touches most parquet files
querier-1  | 2026-05-16T14:58:25.995235013Z -- since timestamps span the entire generated range; aggregation work is
querier-1  | 2026-05-16T14:58:25.995236221Z -- dominated by group-by and merge across many files. 6h bins keep result
querier-1  | 2026-05-16T14:58:25.995237013Z -- cardinality manageable while still exercising the full date range.
querier-1  | 2026-05-16T14:58:25.995237805Z SELECT
querier-1  | 2026-05-16T14:58:25.995238555Z     DATE_BIN(INTERVAL '6 hours', time) AS bucket,
querier-1  | 2026-05-16T14:58:25.995239305Z     region,
querier-1  | 2026-05-16T14:58:25.995240180Z     AVG(temp) AS avg_temp,
querier-1  | 2026-05-16T14:58:25.995240930Z     APPROX_PERCENTILE_CONT(humidity, 0.95) AS p95_humidity
querier-1  | 2026-05-16T14:58:25.995241680Z FROM sensors
querier-1  | 2026-05-16T14:58:25.995242346Z WHERE time > now() - INTERVAL '8 weeks'
querier-1  | 2026-05-16T14:58:25.995243430Z GROUP BY bucket, region
querier-1  | 2026-05-16T14:58:25.995244180Z ORDER BY bucket, region query_params=Params { } issue_time=2026-05-16T14:58:25.958975388+00:00 partitions=280 parquet_files=4480 deduplicated_partitions=280 deduplicated_parquet_files=4480 plan_duration_secs=0.035340292 success=false running=true cancelled=false
querier-1  | 2026-05-16T14:58:25.995245180Z 2026-05-16T14:58:25.995137Z  INFO iox_query::query_log: query when="permit" id=98f8cd13-b4e5-4190-a0dc-999c1dba4246 namespace_id=0 namespace_name="influxdb3 oss" query_type="sql" query_text=-- 6-hour downsampling over an 8-week window. Touches most parquet files
querier-1  | 2026-05-16T14:58:25.995246263Z -- since timestamps span the entire generated range; aggregation work is
querier-1  | 2026-05-16T14:58:25.995247013Z -- dominated by group-by and merge across many files. 6h bins keep result
querier-1  | 2026-05-16T14:58:25.995247680Z -- cardinality manageable while still exercising the full date range.
querier-1  | 2026-05-16T14:58:25.995248263Z SELECT
querier-1  | 2026-05-16T14:58:25.995248805Z     DATE_BIN(INTERVAL '6 hours', time) AS bucket,
querier-1  | 2026-05-16T14:58:25.995249430Z     region,
querier-1  | 2026-05-16T14:58:25.995249971Z     AVG(temp) AS avg_temp,
querier-1  | 2026-05-16T14:58:25.995250513Z     APPROX_PERCENTILE_CONT(humidity, 0.95) AS p95_humidity
querier-1  | 2026-05-16T14:58:25.995251096Z FROM sensors
querier-1  | 2026-05-16T14:58:25.995251680Z WHERE time > now() - INTERVAL '8 weeks'
querier-1  | 2026-05-16T14:58:25.995252263Z GROUP BY bucket, region
querier-1  | 2026-05-16T14:58:25.995252888Z ORDER BY bucket, region query_params=Params { } issue_time=2026-05-16T14:58:25.958975388+00:00 partitions=280 parquet_files=4480 deduplicated_partitions=280 deduplicated_parquet_files=4480 plan_duration_secs=0.035340292 permit_duration_secs=0.000821041 success=false running=true cancelled=false
querier-1  | 2026-05-16T14:58:25.995546138Z 2026-05-16T14:58:25.995476Z  INFO iox_query::query_log: query when="success" id=98f8cd13-b4e5-4190-a0dc-999c1dba4246 namespace_id=0 namespace_name="influxdb3 oss" query_type="sql" query_text=-- 6-hour downsampling over an 8-week window. Touches most parquet files
querier-1  | 2026-05-16T14:58:25.995554055Z -- since timestamps span the entire generated range; aggregation work is
querier-1  | 2026-05-16T14:58:25.995555221Z -- dominated by group-by and merge across many files. 6h bins keep result
querier-1  | 2026-05-16T14:58:25.995556013Z -- cardinality manageable while still exercising the full date range.
querier-1  | 2026-05-16T14:58:25.995556721Z SELECT
querier-1  | 2026-05-16T14:58:25.995557388Z     DATE_BIN(INTERVAL '6 hours', time) AS bucket,
querier-1  | 2026-05-16T14:58:25.995558055Z     region,
querier-1  | 2026-05-16T14:58:25.995558638Z     AVG(temp) AS avg_temp,
querier-1  | 2026-05-16T14:58:25.995559263Z     APPROX_PERCENTILE_CONT(humidity, 0.95) AS p95_humidity
querier-1  | 2026-05-16T14:58:25.995559971Z FROM sensors
querier-1  | 2026-05-16T14:58:25.995560555Z WHERE time > now() - INTERVAL '8 weeks'
querier-1  | 2026-05-16T14:58:25.995561263Z GROUP BY bucket, region
querier-1  | 2026-05-16T14:58:25.995562055Z ORDER BY bucket, region query_params=Params { } issue_time=2026-05-16T14:58:25.958975388+00:00 partitions=280 parquet_files=4480 deduplicated_partitions=280 deduplicated_parquet_files=4480 plan_duration_secs=0.035340292 permit_duration_secs=0.000821041 execute_duration_secs=0.000322084 end2end_duration_secs=0.036499875 compute_duration_secs=0.000232168 max_memory=0 ingester_metrics.latency_to_plan_secs=0.0 ingester_metrics.latency_to_full_data_secs=0.0 ingester_metrics.response_rows=0 ingester_metrics.partition_count=0 ingester_metrics.response_size=0 success=true running=false cancelled=false
querier-1  | 2026-05-16T14:58:26.761470347Z 2026-05-16T14:58:26.761402Z  INFO influxdb3_server::http: handling query_sql database=bench query_str=-- 6-hour downsampling over an 8-week window. Touches most parquet files
querier-1  | 2026-05-16T14:58:26.761479847Z -- since timestamps span the entire generated range; aggregation work is
querier-1  | 2026-05-16T14:58:26.761481139Z -- dominated by group-by and merge across many files. 6h bins keep result
querier-1  | 2026-05-16T14:58:26.761481889Z -- cardinality manageable while still exercising the full date range.
querier-1  | 2026-05-16T14:58:26.761482555Z SELECT
querier-1  | 2026-05-16T14:58:26.761483139Z     DATE_BIN(INTERVAL '6 hours', time) AS bucket,
querier-1  | 2026-05-16T14:58:26.761483847Z     region,
querier-1  | 2026-05-16T14:58:26.761484430Z     AVG(temp) AS avg_temp,
querier-1  | 2026-05-16T14:58:26.761485055Z     APPROX_PERCENTILE_CONT(humidity, 0.95) AS p95_humidity
querier-1  | 2026-05-16T14:58:26.761485680Z FROM sensors
querier-1  | 2026-05-16T14:58:26.761486264Z WHERE time > now() - INTERVAL '8 weeks'
querier-1  | 2026-05-16T14:58:26.761487055Z GROUP BY bucket, region
querier-1  | 2026-05-16T14:58:26.761487639Z ORDER BY bucket, region format=Csv
querier-1  | 2026-05-16T14:58:26.761494139Z 2026-05-16T14:58:26.761425Z  INFO influxdb3_server::query_executor: executing sql query database=bench query=-- 6-hour downsampling over an 8-week window. Touches most parquet files
querier-1  | 2026-05-16T14:58:26.761494972Z -- since timestamps span the entire generated range; aggregation work is
querier-1  | 2026-05-16T14:58:26.761495639Z -- dominated by group-by and merge across many files. 6h bins keep result
querier-1  | 2026-05-16T14:58:26.761496264Z -- cardinality manageable while still exercising the full date range.
querier-1  | 2026-05-16T14:58:26.761496889Z SELECT
querier-1  | 2026-05-16T14:58:26.761497472Z     DATE_BIN(INTERVAL '6 hours', time) AS bucket,
querier-1  | 2026-05-16T14:58:26.761498097Z     region,
querier-1  | 2026-05-16T14:58:26.761498639Z     AVG(temp) AS avg_temp,
querier-1  | 2026-05-16T14:58:26.761499222Z     APPROX_PERCENTILE_CONT(humidity, 0.95) AS p95_humidity
querier-1  | 2026-05-16T14:58:26.761499847Z FROM sensors
querier-1  | 2026-05-16T14:58:26.761500389Z WHERE time > now() - INTERVAL '8 weeks'
querier-1  | 2026-05-16T14:58:26.761500972Z GROUP BY bucket, region
querier-1  | 2026-05-16T14:58:26.761501555Z ORDER BY bucket, region params=None
querier-1  | 2026-05-16T14:58:26.761503180Z 2026-05-16T14:58:26.761452Z  INFO iox_query::query_log: query when="received" id=fb98243e-4701-4e26-81ee-65c7262bef5b namespace_id=0 namespace_name="influxdb3 oss" query_type="sql" query_text=-- 6-hour downsampling over an 8-week window. Touches most parquet files
querier-1  | 2026-05-16T14:58:26.761504305Z -- since timestamps span the entire generated range; aggregation work is
querier-1  | 2026-05-16T14:58:26.761504930Z -- dominated by group-by and merge across many files. 6h bins keep result
querier-1  | 2026-05-16T14:58:26.761505555Z -- cardinality manageable while still exercising the full date range.
querier-1  | 2026-05-16T14:58:26.761506180Z SELECT
querier-1  | 2026-05-16T14:58:26.761506722Z     DATE_BIN(INTERVAL '6 hours', time) AS bucket,
querier-1  | 2026-05-16T14:58:26.761507305Z     region,
querier-1  | 2026-05-16T14:58:26.761507847Z     AVG(temp) AS avg_temp,
querier-1  | 2026-05-16T14:58:26.761508430Z     APPROX_PERCENTILE_CONT(humidity, 0.95) AS p95_humidity
querier-1  | 2026-05-16T14:58:26.761509014Z FROM sensors
querier-1  | 2026-05-16T14:58:26.761509555Z WHERE time > now() - INTERVAL '8 weeks'
querier-1  | 2026-05-16T14:58:26.761510139Z GROUP BY bucket, region
querier-1  | 2026-05-16T14:58:26.761510722Z ORDER BY bucket, region query_params=Params { } issue_time=2026-05-16T14:58:26.761450889+00:00 success=false running=true cancelled=false
querier-1  | 2026-05-16T14:58:26.778861597Z 2026-05-16T14:58:26.778759Z  WARN iox_query::physical_optimizer::dedup::split: cannot split dedup operation, fanout too wide n_split=280 max_dedup_split=100
querier-1  | 2026-05-16T14:58:26.800747847Z 2026-05-16T14:58:26.800652Z  INFO iox_query::query_log: query when="planned" id=fb98243e-4701-4e26-81ee-65c7262bef5b namespace_id=0 namespace_name="influxdb3 oss" query_type="sql" query_text=-- 6-hour downsampling over an 8-week window. Touches most parquet files
querier-1  | 2026-05-16T14:58:26.800762180Z -- since timestamps span the entire generated range; aggregation work is
querier-1  | 2026-05-16T14:58:26.800770680Z -- dominated by group-by and merge across many files. 6h bins keep result
querier-1  | 2026-05-16T14:58:26.800771430Z -- cardinality manageable while still exercising the full date range.
querier-1  | 2026-05-16T14:58:26.800772097Z SELECT
querier-1  | 2026-05-16T14:58:26.800772680Z     DATE_BIN(INTERVAL '6 hours', time) AS bucket,
querier-1  | 2026-05-16T14:58:26.800773305Z     region,
querier-1  | 2026-05-16T14:58:26.800773889Z     AVG(temp) AS avg_temp,
querier-1  | 2026-05-16T14:58:26.800774430Z     APPROX_PERCENTILE_CONT(humidity, 0.95) AS p95_humidity
querier-1  | 2026-05-16T14:58:26.800775097Z FROM sensors
querier-1  | 2026-05-16T14:58:26.800775639Z WHERE time > now() - INTERVAL '8 weeks'
querier-1  | 2026-05-16T14:58:26.800776597Z GROUP BY bucket, region
querier-1  | 2026-05-16T14:58:26.800777222Z ORDER BY bucket, region query_params=Params { } issue_time=2026-05-16T14:58:26.761450889+00:00 partitions=280 parquet_files=4480 deduplicated_partitions=280 deduplicated_parquet_files=4480 plan_duration_secs=0.038365458 success=false running=true cancelled=false
querier-1  | 2026-05-16T14:58:26.800778097Z 2026-05-16T14:58:26.800674Z  INFO iox_query::query_log: query when="permit" id=fb98243e-4701-4e26-81ee-65c7262bef5b namespace_id=0 namespace_name="influxdb3 oss" query_type="sql" query_text=-- 6-hour downsampling over an 8-week window. Touches most parquet files
querier-1  | 2026-05-16T14:58:26.800779180Z -- since timestamps span the entire generated range; aggregation work is
querier-1  | 2026-05-16T14:58:26.800780347Z -- dominated by group-by and merge across many files. 6h bins keep result
querier-1  | 2026-05-16T14:58:26.800781097Z -- cardinality manageable while still exercising the full date range.
querier-1  | 2026-05-16T14:58:26.800781847Z SELECT
querier-1  | 2026-05-16T14:58:26.800782514Z     DATE_BIN(INTERVAL '6 hours', time) AS bucket,
querier-1  | 2026-05-16T14:58:26.800783264Z     region,
querier-1  | 2026-05-16T14:58:26.800783930Z     AVG(temp) AS avg_temp,
querier-1  | 2026-05-16T14:58:26.800784639Z     APPROX_PERCENTILE_CONT(humidity, 0.95) AS p95_humidity
querier-1  | 2026-05-16T14:58:26.800785347Z FROM sensors
querier-1  | 2026-05-16T14:58:26.800786014Z WHERE time > now() - INTERVAL '8 weeks'
querier-1  | 2026-05-16T14:58:26.800786764Z GROUP BY bucket, region
querier-1  | 2026-05-16T14:58:26.800787472Z ORDER BY bucket, region query_params=Params { } issue_time=2026-05-16T14:58:26.761450889+00:00 partitions=280 parquet_files=4480 deduplicated_partitions=280 deduplicated_parquet_files=4480 plan_duration_secs=0.038365458 permit_duration_secs=0.000858042 success=false running=true cancelled=false
querier-1  | 2026-05-16T14:58:26.801030180Z 2026-05-16T14:58:26.800967Z  INFO iox_query::query_log: query when="success" id=fb98243e-4701-4e26-81ee-65c7262bef5b namespace_id=0 namespace_name="influxdb3 oss" query_type="sql" query_text=-- 6-hour downsampling over an 8-week window. Touches most parquet files
querier-1  | 2026-05-16T14:58:26.801034222Z -- since timestamps span the entire generated range; aggregation work is
querier-1  | 2026-05-16T14:58:26.801034972Z -- dominated by group-by and merge across many files. 6h bins keep result
querier-1  | 2026-05-16T14:58:26.801035597Z -- cardinality manageable while still exercising the full date range.
querier-1  | 2026-05-16T14:58:26.801039889Z SELECT
querier-1  | 2026-05-16T14:58:26.801040555Z     DATE_BIN(INTERVAL '6 hours', time) AS bucket,
querier-1  | 2026-05-16T14:58:26.801041180Z     region,
querier-1  | 2026-05-16T14:58:26.801041764Z     AVG(temp) AS avg_temp,
querier-1  | 2026-05-16T14:58:26.801042472Z     APPROX_PERCENTILE_CONT(humidity, 0.95) AS p95_humidity
querier-1  | 2026-05-16T14:58:26.801043222Z FROM sensors
querier-1  | 2026-05-16T14:58:26.801043930Z WHERE time > now() - INTERVAL '8 weeks'
querier-1  | 2026-05-16T14:58:26.801044722Z GROUP BY bucket, region
querier-1  | 2026-05-16T14:58:26.801045597Z ORDER BY bucket, region query_params=Params { } issue_time=2026-05-16T14:58:26.761450889+00:00 partitions=280 parquet_files=4480 deduplicated_partitions=280 deduplicated_parquet_files=4480 plan_duration_secs=0.038365458 permit_duration_secs=0.000858042 execute_duration_secs=0.000264083 end2end_duration_secs=0.039514458 compute_duration_secs=0.00018046 max_memory=0 ingester_metrics.latency_to_plan_secs=0.0 ingester_metrics.latency_to_full_data_secs=0.0 ingester_metrics.response_rows=0 ingester_metrics.partition_count=0 ingester_metrics.response_size=0 success=true running=false cancelled=false
querier-1  | 2026-05-16T14:58:27.543107833Z 2026-05-16T14:58:27.543045Z  INFO influxdb3_server::http: handling query_sql database=bench query_str=-- 6-hour downsampling over an 8-week window. Touches most parquet files
querier-1  | 2026-05-16T14:58:27.543116500Z -- since timestamps span the entire generated range; aggregation work is
querier-1  | 2026-05-16T14:58:27.543117791Z -- dominated by group-by and merge across many files. 6h bins keep result
querier-1  | 2026-05-16T14:58:27.543118708Z -- cardinality manageable while still exercising the full date range.
querier-1  | 2026-05-16T14:58:27.543119500Z SELECT
querier-1  | 2026-05-16T14:58:27.543120125Z     DATE_BIN(INTERVAL '6 hours', time) AS bucket,
querier-1  | 2026-05-16T14:58:27.543120750Z     region,
querier-1  | 2026-05-16T14:58:27.543121291Z     AVG(temp) AS avg_temp,
querier-1  | 2026-05-16T14:58:27.543121875Z     APPROX_PERCENTILE_CONT(humidity, 0.95) AS p95_humidity
querier-1  | 2026-05-16T14:58:27.543122500Z FROM sensors
querier-1  | 2026-05-16T14:58:27.543123166Z WHERE time > now() - INTERVAL '8 weeks'
querier-1  | 2026-05-16T14:58:27.543123916Z GROUP BY bucket, region
querier-1  | 2026-05-16T14:58:27.543124458Z ORDER BY bucket, region format=Csv
querier-1  | 2026-05-16T14:58:27.543125083Z 2026-05-16T14:58:27.543066Z  INFO influxdb3_server::query_executor: executing sql query database=bench query=-- 6-hour downsampling over an 8-week window. Touches most parquet files
querier-1  | 2026-05-16T14:58:27.543125833Z -- since timestamps span the entire generated range; aggregation work is
querier-1  | 2026-05-16T14:58:27.543127750Z -- dominated by group-by and merge across many files. 6h bins keep result
querier-1  | 2026-05-16T14:58:27.543128416Z -- cardinality manageable while still exercising the full date range.
querier-1  | 2026-05-16T14:58:27.543129000Z SELECT
querier-1  | 2026-05-16T14:58:27.543129583Z     DATE_BIN(INTERVAL '6 hours', time) AS bucket,
querier-1  | 2026-05-16T14:58:27.543130166Z     region,
querier-1  | 2026-05-16T14:58:27.543130750Z     AVG(temp) AS avg_temp,
querier-1  | 2026-05-16T14:58:27.543137750Z     APPROX_PERCENTILE_CONT(humidity, 0.95) AS p95_humidity
querier-1  | 2026-05-16T14:58:27.543138375Z FROM sensors
querier-1  | 2026-05-16T14:58:27.543138958Z WHERE time > now() - INTERVAL '8 weeks'
querier-1  | 2026-05-16T14:58:27.543139500Z GROUP BY bucket, region
querier-1  | 2026-05-16T14:58:27.543140083Z ORDER BY bucket, region params=None
querier-1  | 2026-05-16T14:58:27.543142916Z 2026-05-16T14:58:27.543092Z  INFO iox_query::query_log: query when="received" id=c2ecdebb-1f89-4bd7-b0d7-bc4ade427dca namespace_id=0 namespace_name="influxdb3 oss" query_type="sql" query_text=-- 6-hour downsampling over an 8-week window. Touches most parquet files
querier-1  | 2026-05-16T14:58:27.543144083Z -- since timestamps span the entire generated range; aggregation work is
querier-1  | 2026-05-16T14:58:27.543144666Z -- dominated by group-by and merge across many files. 6h bins keep result
querier-1  | 2026-05-16T14:58:27.543145208Z -- cardinality manageable while still exercising the full date range.
querier-1  | 2026-05-16T14:58:27.543145750Z SELECT
querier-1  | 2026-05-16T14:58:27.543146250Z     DATE_BIN(INTERVAL '6 hours', time) AS bucket,
querier-1  | 2026-05-16T14:58:27.543146750Z     region,
querier-1  | 2026-05-16T14:58:27.543147250Z     AVG(temp) AS avg_temp,
querier-1  | 2026-05-16T14:58:27.543147750Z     APPROX_PERCENTILE_CONT(humidity, 0.95) AS p95_humidity
querier-1  | 2026-05-16T14:58:27.543148250Z FROM sensors
querier-1  | 2026-05-16T14:58:27.543148750Z WHERE time > now() - INTERVAL '8 weeks'
querier-1  | 2026-05-16T14:58:27.543149291Z GROUP BY bucket, region
querier-1  | 2026-05-16T14:58:27.543149791Z ORDER BY bucket, region query_params=Params { } issue_time=2026-05-16T14:58:27.543091625+00:00 success=false running=true cancelled=false
querier-1  | 2026-05-16T14:58:27.558945041Z 2026-05-16T14:58:27.558855Z  WARN iox_query::physical_optimizer::dedup::split: cannot split dedup operation, fanout too wide n_split=280 max_dedup_split=100
querier-1  | 2026-05-16T14:58:27.580159500Z 2026-05-16T14:58:27.580039Z  INFO iox_query::query_log: query when="planned" id=c2ecdebb-1f89-4bd7-b0d7-bc4ade427dca namespace_id=0 namespace_name="influxdb3 oss" query_type="sql" query_text=-- 6-hour downsampling over an 8-week window. Touches most parquet files
querier-1  | 2026-05-16T14:58:27.580186708Z -- since timestamps span the entire generated range; aggregation work is
querier-1  | 2026-05-16T14:58:27.580187833Z -- dominated by group-by and merge across many files. 6h bins keep result
querier-1  | 2026-05-16T14:58:27.580188666Z -- cardinality manageable while still exercising the full date range.
querier-1  | 2026-05-16T14:58:27.580189416Z SELECT
querier-1  | 2026-05-16T14:58:27.580190041Z     DATE_BIN(INTERVAL '6 hours', time) AS bucket,
querier-1  | 2026-05-16T14:58:27.580190625Z     region,
querier-1  | 2026-05-16T14:58:27.580191208Z     AVG(temp) AS avg_temp,
querier-1  | 2026-05-16T14:58:27.580191833Z     APPROX_PERCENTILE_CONT(humidity, 0.95) AS p95_humidity
querier-1  | 2026-05-16T14:58:27.580192416Z FROM sensors
querier-1  | 2026-05-16T14:58:27.580192958Z WHERE time > now() - INTERVAL '8 weeks'
querier-1  | 2026-05-16T14:58:27.580193791Z GROUP BY bucket, region
querier-1  | 2026-05-16T14:58:27.580194375Z ORDER BY bucket, region query_params=Params { } issue_time=2026-05-16T14:58:27.543091625+00:00 partitions=280 parquet_files=4480 deduplicated_partitions=280 deduplicated_parquet_files=4480 plan_duration_secs=0.036084333 success=false running=true cancelled=false
querier-1  | 2026-05-16T14:58:27.580204166Z 2026-05-16T14:58:27.580067Z  INFO iox_query::query_log: query when="permit" id=c2ecdebb-1f89-4bd7-b0d7-bc4ade427dca namespace_id=0 namespace_name="influxdb3 oss" query_type="sql" query_text=-- 6-hour downsampling over an 8-week window. Touches most parquet files
querier-1  | 2026-05-16T14:58:27.580205458Z -- since timestamps span the entire generated range; aggregation work is
querier-1  | 2026-05-16T14:58:27.580206250Z -- dominated by group-by and merge across many files. 6h bins keep result
querier-1  | 2026-05-16T14:58:27.580207041Z -- cardinality manageable while still exercising the full date range.
querier-1  | 2026-05-16T14:58:27.580207791Z SELECT
querier-1  | 2026-05-16T14:58:27.580208458Z     DATE_BIN(INTERVAL '6 hours', time) AS bucket,
querier-1  | 2026-05-16T14:58:27.580209208Z     region,
querier-1  | 2026-05-16T14:58:27.580209875Z     AVG(temp) AS avg_temp,
querier-1  | 2026-05-16T14:58:27.580210583Z     APPROX_PERCENTILE_CONT(humidity, 0.95) AS p95_humidity
querier-1  | 2026-05-16T14:58:27.580211333Z FROM sensors
querier-1  | 2026-05-16T14:58:27.580212000Z WHERE time > now() - INTERVAL '8 weeks'
querier-1  | 2026-05-16T14:58:27.580212750Z GROUP BY bucket, region
querier-1  | 2026-05-16T14:58:27.580213500Z ORDER BY bucket, region query_params=Params { } issue_time=2026-05-16T14:58:27.543091625+00:00 partitions=280 parquet_files=4480 deduplicated_partitions=280 deduplicated_parquet_files=4480 plan_duration_secs=0.036084333 permit_duration_secs=0.000891417 success=false running=true cancelled=false
querier-1  | 2026-05-16T14:58:27.580433291Z 2026-05-16T14:58:27.580358Z  INFO iox_query::query_log: query when="success" id=c2ecdebb-1f89-4bd7-b0d7-bc4ade427dca namespace_id=0 namespace_name="influxdb3 oss" query_type="sql" query_text=-- 6-hour downsampling over an 8-week window. Touches most parquet files
querier-1  | 2026-05-16T14:58:27.580441458Z -- since timestamps span the entire generated range; aggregation work is
querier-1  | 2026-05-16T14:58:27.580442666Z -- dominated by group-by and merge across many files. 6h bins keep result
querier-1  | 2026-05-16T14:58:27.580443458Z -- cardinality manageable while still exercising the full date range.
querier-1  | 2026-05-16T14:58:27.580444125Z SELECT
querier-1  | 2026-05-16T14:58:27.580444916Z     DATE_BIN(INTERVAL '6 hours', time) AS bucket,
querier-1  | 2026-05-16T14:58:27.580445541Z     region,
querier-1  | 2026-05-16T14:58:27.580446041Z     AVG(temp) AS avg_temp,
querier-1  | 2026-05-16T14:58:27.580446666Z     APPROX_PERCENTILE_CONT(humidity, 0.95) AS p95_humidity
querier-1  | 2026-05-16T14:58:27.580447291Z FROM sensors
querier-1  | 2026-05-16T14:58:27.580447833Z WHERE time > now() - INTERVAL '8 weeks'
querier-1  | 2026-05-16T14:58:27.580448541Z GROUP BY bucket, region
querier-1  | 2026-05-16T14:58:27.580449166Z ORDER BY bucket, region query_params=Params { } issue_time=2026-05-16T14:58:27.543091625+00:00 partitions=280 parquet_files=4480 deduplicated_partitions=280 deduplicated_parquet_files=4480 plan_duration_secs=0.036084333 permit_duration_secs=0.000891417 execute_duration_secs=0.000251541 end2end_duration_secs=0.037252333 compute_duration_secs=0.000169247 max_memory=0 ingester_metrics.latency_to_plan_secs=0.0 ingester_metrics.latency_to_full_data_secs=0.0 ingester_metrics.response_rows=0 ingester_metrics.partition_count=0 ingester_metrics.response_size=0 success=true running=false cancelled=false
querier-1  | 2026-05-16T14:58:28.317468917Z 2026-05-16T14:58:28.317399Z  INFO influxdb3_server::http: handling query_sql database=bench query_str=-- 6-hour downsampling over an 8-week window. Touches most parquet files
querier-1  | 2026-05-16T14:58:28.317477458Z -- since timestamps span the entire generated range; aggregation work is
querier-1  | 2026-05-16T14:58:28.317478500Z -- dominated by group-by and merge across many files. 6h bins keep result
querier-1  | 2026-05-16T14:58:28.317479250Z -- cardinality manageable while still exercising the full date range.
querier-1  | 2026-05-16T14:58:28.317479917Z SELECT
querier-1  | 2026-05-16T14:58:28.317480500Z     DATE_BIN(INTERVAL '6 hours', time) AS bucket,
querier-1  | 2026-05-16T14:58:28.317481167Z     region,
querier-1  | 2026-05-16T14:58:28.317481750Z     AVG(temp) AS avg_temp,
querier-1  | 2026-05-16T14:58:28.317482375Z     APPROX_PERCENTILE_CONT(humidity, 0.95) AS p95_humidity
querier-1  | 2026-05-16T14:58:28.317483000Z FROM sensors
querier-1  | 2026-05-16T14:58:28.317483542Z WHERE time > now() - INTERVAL '8 weeks'
querier-1  | 2026-05-16T14:58:28.317484333Z GROUP BY bucket, region
querier-1  | 2026-05-16T14:58:28.317484875Z ORDER BY bucket, region format=Csv
querier-1  | 2026-05-16T14:58:28.317485500Z 2026-05-16T14:58:28.317423Z  INFO influxdb3_server::query_executor: executing sql query database=bench query=-- 6-hour downsampling over an 8-week window. Touches most parquet files
querier-1  | 2026-05-16T14:58:28.317486208Z -- since timestamps span the entire generated range; aggregation work is
querier-1  | 2026-05-16T14:58:28.317486875Z -- dominated by group-by and merge across many files. 6h bins keep result
querier-1  | 2026-05-16T14:58:28.317487500Z -- cardinality manageable while still exercising the full date range.
querier-1  | 2026-05-16T14:58:28.317488125Z SELECT
querier-1  | 2026-05-16T14:58:28.317488708Z     DATE_BIN(INTERVAL '6 hours', time) AS bucket,
querier-1  | 2026-05-16T14:58:28.317489292Z     region,
querier-1  | 2026-05-16T14:58:28.317489833Z     AVG(temp) AS avg_temp,
querier-1  | 2026-05-16T14:58:28.317490417Z     APPROX_PERCENTILE_CONT(humidity, 0.95) AS p95_humidity
querier-1  | 2026-05-16T14:58:28.317491000Z FROM sensors
querier-1  | 2026-05-16T14:58:28.317491583Z WHERE time > now() - INTERVAL '8 weeks'
querier-1  | 2026-05-16T14:58:28.317492167Z GROUP BY bucket, region
querier-1  | 2026-05-16T14:58:28.317492750Z ORDER BY bucket, region params=None
querier-1  | 2026-05-16T14:58:28.317494083Z 2026-05-16T14:58:28.317451Z  INFO iox_query::query_log: query when="received" id=70aca094-a2ae-4ffc-bb9d-21b6a385c116 namespace_id=0 namespace_name="influxdb3 oss" query_type="sql" query_text=-- 6-hour downsampling over an 8-week window. Touches most parquet files
querier-1  | 2026-05-16T14:58:28.317495125Z -- since timestamps span the entire generated range; aggregation work is
querier-1  | 2026-05-16T14:58:28.317495708Z -- dominated by group-by and merge across many files. 6h bins keep result
querier-1  | 2026-05-16T14:58:28.317502667Z -- cardinality manageable while still exercising the full date range.
querier-1  | 2026-05-16T14:58:28.317503292Z SELECT
querier-1  | 2026-05-16T14:58:28.317503875Z     DATE_BIN(INTERVAL '6 hours', time) AS bucket,
querier-1  | 2026-05-16T14:58:28.317504458Z     region,
querier-1  | 2026-05-16T14:58:28.317505000Z     AVG(temp) AS avg_temp,
querier-1  | 2026-05-16T14:58:28.317505542Z     APPROX_PERCENTILE_CONT(humidity, 0.95) AS p95_humidity
querier-1  | 2026-05-16T14:58:28.317506125Z FROM sensors
querier-1  | 2026-05-16T14:58:28.317506625Z WHERE time > now() - INTERVAL '8 weeks'
querier-1  | 2026-05-16T14:58:28.317507208Z GROUP BY bucket, region
querier-1  | 2026-05-16T14:58:28.317507792Z ORDER BY bucket, region query_params=Params { } issue_time=2026-05-16T14:58:28.317450167+00:00 success=false running=true cancelled=false
querier-1  | 2026-05-16T14:58:28.332945458Z 2026-05-16T14:58:28.332858Z  WARN iox_query::physical_optimizer::dedup::split: cannot split dedup operation, fanout too wide n_split=280 max_dedup_split=100
querier-1  | 2026-05-16T14:58:28.353423750Z 2026-05-16T14:58:28.353297Z  INFO iox_query::query_log: query when="planned" id=70aca094-a2ae-4ffc-bb9d-21b6a385c116 namespace_id=0 namespace_name="influxdb3 oss" query_type="sql" query_text=-- 6-hour downsampling over an 8-week window. Touches most parquet files
querier-1  | 2026-05-16T14:58:28.353441167Z -- since timestamps span the entire generated range; aggregation work is
querier-1  | 2026-05-16T14:58:28.353442250Z -- dominated by group-by and merge across many files. 6h bins keep result
querier-1  | 2026-05-16T14:58:28.353443167Z -- cardinality manageable while still exercising the full date range.
querier-1  | 2026-05-16T14:58:28.353444042Z SELECT
querier-1  | 2026-05-16T14:58:28.353444875Z     DATE_BIN(INTERVAL '6 hours', time) AS bucket,
querier-1  | 2026-05-16T14:58:28.353445667Z     region,
querier-1  | 2026-05-16T14:58:28.353446417Z     AVG(temp) AS avg_temp,
querier-1  | 2026-05-16T14:58:28.353447167Z     APPROX_PERCENTILE_CONT(humidity, 0.95) AS p95_humidity
querier-1  | 2026-05-16T14:58:28.353447917Z FROM sensors
querier-1  | 2026-05-16T14:58:28.353448625Z WHERE time > now() - INTERVAL '8 weeks'
querier-1  | 2026-05-16T14:58:28.353449625Z GROUP BY bucket, region
querier-1  | 2026-05-16T14:58:28.353450292Z ORDER BY bucket, region query_params=Params { } issue_time=2026-05-16T14:58:28.317450167+00:00 partitions=280 parquet_files=4480 deduplicated_partitions=280 deduplicated_parquet_files=4480 plan_duration_secs=0.035030166 success=false running=true cancelled=false
querier-1  | 2026-05-16T14:58:28.353451167Z 2026-05-16T14:58:28.353326Z  INFO iox_query::query_log: query when="permit" id=70aca094-a2ae-4ffc-bb9d-21b6a385c116 namespace_id=0 namespace_name="influxdb3 oss" query_type="sql" query_text=-- 6-hour downsampling over an 8-week window. Touches most parquet files
querier-1  | 2026-05-16T14:58:28.353452000Z -- since timestamps span the entire generated range; aggregation work is
querier-1  | 2026-05-16T14:58:28.353452625Z -- dominated by group-by and merge across many files. 6h bins keep result
querier-1  | 2026-05-16T14:58:28.353453250Z -- cardinality manageable while still exercising the full date range.
querier-1  | 2026-05-16T14:58:28.353453875Z SELECT
querier-1  | 2026-05-16T14:58:28.353460292Z     DATE_BIN(INTERVAL '6 hours', time) AS bucket,
querier-1  | 2026-05-16T14:58:28.353460958Z     region,
querier-1  | 2026-05-16T14:58:28.353461500Z     AVG(temp) AS avg_temp,
querier-1  | 2026-05-16T14:58:28.353462125Z     APPROX_PERCENTILE_CONT(humidity, 0.95) AS p95_humidity
querier-1  | 2026-05-16T14:58:28.353462708Z FROM sensors
querier-1  | 2026-05-16T14:58:28.353463292Z WHERE time > now() - INTERVAL '8 weeks'
querier-1  | 2026-05-16T14:58:28.353463875Z GROUP BY bucket, region
querier-1  | 2026-05-16T14:58:28.353464417Z ORDER BY bucket, region query_params=Params { } issue_time=2026-05-16T14:58:28.317450167+00:00 partitions=280 parquet_files=4480 deduplicated_partitions=280 deduplicated_parquet_files=4480 plan_duration_secs=0.035030166 permit_duration_secs=0.000845375 success=false running=true cancelled=false
querier-1  | 2026-05-16T14:58:28.353685167Z 2026-05-16T14:58:28.353618Z  INFO iox_query::query_log: query when="success" id=70aca094-a2ae-4ffc-bb9d-21b6a385c116 namespace_id=0 namespace_name="influxdb3 oss" query_type="sql" query_text=-- 6-hour downsampling over an 8-week window. Touches most parquet files
querier-1  | 2026-05-16T14:58:28.353690500Z -- since timestamps span the entire generated range; aggregation work is
querier-1  | 2026-05-16T14:58:28.353694083Z -- dominated by group-by and merge across many files. 6h bins keep result
querier-1  | 2026-05-16T14:58:28.353694958Z -- cardinality manageable while still exercising the full date range.
querier-1  | 2026-05-16T14:58:28.353695792Z SELECT
querier-1  | 2026-05-16T14:58:28.353696583Z     DATE_BIN(INTERVAL '6 hours', time) AS bucket,
querier-1  | 2026-05-16T14:58:28.353697375Z     region,
querier-1  | 2026-05-16T14:58:28.353698083Z     AVG(temp) AS avg_temp,
querier-1  | 2026-05-16T14:58:28.353698833Z     APPROX_PERCENTILE_CONT(humidity, 0.95) AS p95_humidity
querier-1  | 2026-05-16T14:58:28.353699583Z FROM sensors
querier-1  | 2026-05-16T14:58:28.353700333Z WHERE time > now() - INTERVAL '8 weeks'
querier-1  | 2026-05-16T14:58:28.353701167Z GROUP BY bucket, region
querier-1  | 2026-05-16T14:58:28.353701958Z ORDER BY bucket, region query_params=Params { } issue_time=2026-05-16T14:58:28.317450167+00:00 partitions=280 parquet_files=4480 deduplicated_partitions=280 deduplicated_parquet_files=4480 plan_duration_secs=0.035030166 permit_duration_secs=0.000845375 execute_duration_secs=0.00026125 end2end_duration_secs=0.036166625 compute_duration_secs=0.000161629 max_memory=0 ingester_metrics.latency_to_plan_secs=0.0 ingester_metrics.latency_to_full_data_secs=0.0 ingester_metrics.response_rows=0 ingester_metrics.partition_count=0 ingester_metrics.response_size=0 success=true running=false cancelled=false
querier-1  | 2026-05-16T14:58:29.100220125Z 2026-05-16T14:58:29.100143Z  INFO influxdb3_server::http: handling query_sql database=bench query_str=-- 6-hour downsampling over an 8-week window. Touches most parquet files
querier-1  | 2026-05-16T14:58:29.100231042Z -- since timestamps span the entire generated range; aggregation work is
querier-1  | 2026-05-16T14:58:29.100232209Z -- dominated by group-by and merge across many files. 6h bins keep result
querier-1  | 2026-05-16T14:58:29.100232875Z -- cardinality manageable while still exercising the full date range.
querier-1  | 2026-05-16T14:58:29.100233500Z SELECT
querier-1  | 2026-05-16T14:58:29.100239167Z     DATE_BIN(INTERVAL '6 hours', time) AS bucket,
querier-1  | 2026-05-16T14:58:29.100239792Z     region,
querier-1  | 2026-05-16T14:58:29.100240292Z     AVG(temp) AS avg_temp,
querier-1  | 2026-05-16T14:58:29.100240792Z     APPROX_PERCENTILE_CONT(humidity, 0.95) AS p95_humidity
querier-1  | 2026-05-16T14:58:29.100241375Z FROM sensors
querier-1  | 2026-05-16T14:58:29.100242042Z WHERE time > now() - INTERVAL '8 weeks'
querier-1  | 2026-05-16T14:58:29.100242750Z GROUP BY bucket, region
querier-1  | 2026-05-16T14:58:29.100243375Z ORDER BY bucket, region format=Csv
querier-1  | 2026-05-16T14:58:29.100243917Z 2026-05-16T14:58:29.100164Z  INFO influxdb3_server::query_executor: executing sql query database=bench query=-- 6-hour downsampling over an 8-week window. Touches most parquet files
querier-1  | 2026-05-16T14:58:29.100244584Z -- since timestamps span the entire generated range; aggregation work is
querier-1  | 2026-05-16T14:58:29.100245125Z -- dominated by group-by and merge across many files. 6h bins keep result
querier-1  | 2026-05-16T14:58:29.100245709Z -- cardinality manageable while still exercising the full date range.
querier-1  | 2026-05-16T14:58:29.100246250Z SELECT
querier-1  | 2026-05-16T14:58:29.100246709Z     DATE_BIN(INTERVAL '6 hours', time) AS bucket,
querier-1  | 2026-05-16T14:58:29.100247250Z     region,
querier-1  | 2026-05-16T14:58:29.100247709Z     AVG(temp) AS avg_temp,
querier-1  | 2026-05-16T14:58:29.100248209Z     APPROX_PERCENTILE_CONT(humidity, 0.95) AS p95_humidity
querier-1  | 2026-05-16T14:58:29.100248750Z FROM sensors
querier-1  | 2026-05-16T14:58:29.100249209Z WHERE time > now() - INTERVAL '8 weeks'
querier-1  | 2026-05-16T14:58:29.100249750Z GROUP BY bucket, region
querier-1  | 2026-05-16T14:58:29.100250209Z ORDER BY bucket, region params=None
querier-1  | 2026-05-16T14:58:29.100250792Z 2026-05-16T14:58:29.100186Z  INFO iox_query::query_log: query when="received" id=4d36bb01-68e1-4792-81d8-1df77db9a1eb namespace_id=0 namespace_name="influxdb3 oss" query_type="sql" query_text=-- 6-hour downsampling over an 8-week window. Touches most parquet files
querier-1  | 2026-05-16T14:58:29.100251750Z -- since timestamps span the entire generated range; aggregation work is
querier-1  | 2026-05-16T14:58:29.100252334Z -- dominated by group-by and merge across many files. 6h bins keep result
querier-1  | 2026-05-16T14:58:29.100252917Z -- cardinality manageable while still exercising the full date range.
querier-1  | 2026-05-16T14:58:29.100253459Z SELECT
querier-1  | 2026-05-16T14:58:29.100253917Z     DATE_BIN(INTERVAL '6 hours', time) AS bucket,
querier-1  | 2026-05-16T14:58:29.100254459Z     region,
querier-1  | 2026-05-16T14:58:29.100254917Z     AVG(temp) AS avg_temp,
querier-1  | 2026-05-16T14:58:29.100255375Z     APPROX_PERCENTILE_CONT(humidity, 0.95) AS p95_humidity
querier-1  | 2026-05-16T14:58:29.100255917Z FROM sensors
querier-1  | 2026-05-16T14:58:29.100256375Z WHERE time > now() - INTERVAL '8 weeks'
querier-1  | 2026-05-16T14:58:29.100256917Z GROUP BY bucket, region
querier-1  | 2026-05-16T14:58:29.100257584Z ORDER BY bucket, region query_params=Params { } issue_time=2026-05-16T14:58:29.100185417+00:00 success=false running=true cancelled=false
querier-1  | 2026-05-16T14:58:29.116596334Z 2026-05-16T14:58:29.116474Z  WARN iox_query::physical_optimizer::dedup::split: cannot split dedup operation, fanout too wide n_split=280 max_dedup_split=100
querier-1  | 2026-05-16T14:58:29.138738542Z 2026-05-16T14:58:29.138622Z  INFO iox_query::query_log: query when="planned" id=4d36bb01-68e1-4792-81d8-1df77db9a1eb namespace_id=0 namespace_name="influxdb3 oss" query_type="sql" query_text=-- 6-hour downsampling over an 8-week window. Touches most parquet files
querier-1  | 2026-05-16T14:58:29.138757750Z -- since timestamps span the entire generated range; aggregation work is
querier-1  | 2026-05-16T14:58:29.138758792Z -- dominated by group-by and merge across many files. 6h bins keep result
querier-1  | 2026-05-16T14:58:29.138759500Z -- cardinality manageable while still exercising the full date range.
querier-1  | 2026-05-16T14:58:29.138760167Z SELECT
querier-1  | 2026-05-16T14:58:29.138760792Z     DATE_BIN(INTERVAL '6 hours', time) AS bucket,
querier-1  | 2026-05-16T14:58:29.138761417Z     region,
querier-1  | 2026-05-16T14:58:29.138762000Z     AVG(temp) AS avg_temp,
querier-1  | 2026-05-16T14:58:29.138762625Z     APPROX_PERCENTILE_CONT(humidity, 0.95) AS p95_humidity
querier-1  | 2026-05-16T14:58:29.138763250Z FROM sensors
querier-1  | 2026-05-16T14:58:29.138763834Z WHERE time > now() - INTERVAL '8 weeks'
querier-1  | 2026-05-16T14:58:29.138764834Z GROUP BY bucket, region
querier-1  | 2026-05-16T14:58:29.138765459Z ORDER BY bucket, region query_params=Params { } issue_time=2026-05-16T14:58:29.100185417+00:00 partitions=280 parquet_files=4480 deduplicated_partitions=280 deduplicated_parquet_files=4480 plan_duration_secs=0.037560083 success=false running=true cancelled=false
querier-1  | 2026-05-16T14:58:29.138766292Z 2026-05-16T14:58:29.138650Z  INFO iox_query::query_log: query when="permit" id=4d36bb01-68e1-4792-81d8-1df77db9a1eb namespace_id=0 namespace_name="influxdb3 oss" query_type="sql" query_text=-- 6-hour downsampling over an 8-week window. Touches most parquet files
querier-1  | 2026-05-16T14:58:29.138769500Z -- since timestamps span the entire generated range; aggregation work is
querier-1  | 2026-05-16T14:58:29.138770167Z -- dominated by group-by and merge across many files. 6h bins keep result
querier-1  | 2026-05-16T14:58:29.138770792Z -- cardinality manageable while still exercising the full date range.
querier-1  | 2026-05-16T14:58:29.138771375Z SELECT
querier-1  | 2026-05-16T14:58:29.138771917Z     DATE_BIN(INTERVAL '6 hours', time) AS bucket,
querier-1  | 2026-05-16T14:58:29.138772500Z     region,
querier-1  | 2026-05-16T14:58:29.138773084Z     AVG(temp) AS avg_temp,
querier-1  | 2026-05-16T14:58:29.138773667Z     APPROX_PERCENTILE_CONT(humidity, 0.95) AS p95_humidity
querier-1  | 2026-05-16T14:58:29.138774292Z FROM sensors
querier-1  | 2026-05-16T14:58:29.138774834Z WHERE time > now() - INTERVAL '8 weeks'
querier-1  | 2026-05-16T14:58:29.138775417Z GROUP BY bucket, region
querier-1  | 2026-05-16T14:58:29.138776000Z ORDER BY bucket, region query_params=Params { } issue_time=2026-05-16T14:58:29.100185417+00:00 partitions=280 parquet_files=4480 deduplicated_partitions=280 deduplicated_parquet_files=4480 plan_duration_secs=0.037560083 permit_duration_secs=0.000904 success=false running=true cancelled=false
querier-1  | 2026-05-16T14:58:29.139031084Z 2026-05-16T14:58:29.138975Z  INFO iox_query::query_log: query when="success" id=4d36bb01-68e1-4792-81d8-1df77db9a1eb namespace_id=0 namespace_name="influxdb3 oss" query_type="sql" query_text=-- 6-hour downsampling over an 8-week window. Touches most parquet files
querier-1  | 2026-05-16T14:58:29.139034500Z -- since timestamps span the entire generated range; aggregation work is
querier-1  | 2026-05-16T14:58:29.139035209Z -- dominated by group-by and merge across many files. 6h bins keep result
querier-1  | 2026-05-16T14:58:29.139035834Z -- cardinality manageable while still exercising the full date range.
querier-1  | 2026-05-16T14:58:29.139036459Z SELECT
querier-1  | 2026-05-16T14:58:29.139037042Z     DATE_BIN(INTERVAL '6 hours', time) AS bucket,
querier-1  | 2026-05-16T14:58:29.139037667Z     region,
querier-1  | 2026-05-16T14:58:29.139038334Z     AVG(temp) AS avg_temp,
querier-1  | 2026-05-16T14:58:29.139039042Z     APPROX_PERCENTILE_CONT(humidity, 0.95) AS p95_humidity
querier-1  | 2026-05-16T14:58:29.139039792Z FROM sensors
querier-1  | 2026-05-16T14:58:29.139040500Z WHERE time > now() - INTERVAL '8 weeks'
querier-1  | 2026-05-16T14:58:29.139041375Z GROUP BY bucket, region
querier-1  | 2026-05-16T14:58:29.139044042Z ORDER BY bucket, region query_params=Params { } issue_time=2026-05-16T14:58:29.100185417+00:00 partitions=280 parquet_files=4480 deduplicated_partitions=280 deduplicated_parquet_files=4480 plan_duration_secs=0.037560083 permit_duration_secs=0.000904 execute_duration_secs=0.00029925 end2end_duration_secs=0.038788833 compute_duration_secs=0.000175708 max_memory=0 ingester_metrics.latency_to_plan_secs=0.0 ingester_metrics.latency_to_full_data_secs=0.0 ingester_metrics.response_rows=0 ingester_metrics.partition_count=0 ingester_metrics.response_size=0 success=true running=false cancelled=false
querier-1  | 2026-05-16T14:58:29.905025834Z 2026-05-16T14:58:29.904946Z  INFO influxdb3_server::http: handling query_sql database=bench query_str=-- 6-hour downsampling over an 8-week window. Touches most parquet files
querier-1  | 2026-05-16T14:58:29.905036417Z -- since timestamps span the entire generated range; aggregation work is
querier-1  | 2026-05-16T14:58:29.905037292Z -- dominated by group-by and merge across many files. 6h bins keep result
querier-1  | 2026-05-16T14:58:29.905037917Z -- cardinality manageable while still exercising the full date range.
querier-1  | 2026-05-16T14:58:29.905038459Z SELECT
querier-1  | 2026-05-16T14:58:29.905038959Z     DATE_BIN(INTERVAL '6 hours', time) AS bucket,
querier-1  | 2026-05-16T14:58:29.905039459Z     region,
querier-1  | 2026-05-16T14:58:29.905039959Z     AVG(temp) AS avg_temp,
querier-1  | 2026-05-16T14:58:29.905040417Z     APPROX_PERCENTILE_CONT(humidity, 0.95) AS p95_humidity
querier-1  | 2026-05-16T14:58:29.905040959Z FROM sensors
querier-1  | 2026-05-16T14:58:29.905041417Z WHERE time > now() - INTERVAL '8 weeks'
querier-1  | 2026-05-16T14:58:29.905042084Z GROUP BY bucket, region
querier-1  | 2026-05-16T14:58:29.905042584Z ORDER BY bucket, region format=Csv
querier-1  | 2026-05-16T14:58:29.905043084Z 2026-05-16T14:58:29.904969Z  INFO influxdb3_server::query_executor: executing sql query database=bench query=-- 6-hour downsampling over an 8-week window. Touches most parquet files
querier-1  | 2026-05-16T14:58:29.905048709Z -- since timestamps span the entire generated range; aggregation work is
querier-1  | 2026-05-16T14:58:29.905049917Z -- dominated by group-by and merge across many files. 6h bins keep result
querier-1  | 2026-05-16T14:58:29.905050459Z -- cardinality manageable while still exercising the full date range.
querier-1  | 2026-05-16T14:58:29.905051042Z SELECT
querier-1  | 2026-05-16T14:58:29.905051501Z     DATE_BIN(INTERVAL '6 hours', time) AS bucket,
querier-1  | 2026-05-16T14:58:29.905052042Z     region,
querier-1  | 2026-05-16T14:58:29.905052501Z     AVG(temp) AS avg_temp,
querier-1  | 2026-05-16T14:58:29.905052959Z     APPROX_PERCENTILE_CONT(humidity, 0.95) AS p95_humidity
querier-1  | 2026-05-16T14:58:29.905053459Z FROM sensors
querier-1  | 2026-05-16T14:58:29.905053917Z WHERE time > now() - INTERVAL '8 weeks'
querier-1  | 2026-05-16T14:58:29.905054417Z GROUP BY bucket, region
querier-1  | 2026-05-16T14:58:29.905054876Z ORDER BY bucket, region params=None
querier-1  | 2026-05-16T14:58:29.905057751Z 2026-05-16T14:58:29.905000Z  INFO iox_query::query_log: query when="received" id=b7dc4ca2-b1e6-4e11-82e4-ec0037c773e3 namespace_id=0 namespace_name="influxdb3 oss" query_type="sql" query_text=-- 6-hour downsampling over an 8-week window. Touches most parquet files
querier-1  | 2026-05-16T14:58:29.905058709Z -- since timestamps span the entire generated range; aggregation work is
querier-1  | 2026-05-16T14:58:29.905059209Z -- dominated by group-by and merge across many files. 6h bins keep result
querier-1  | 2026-05-16T14:58:29.905059709Z -- cardinality manageable while still exercising the full date range.
querier-1  | 2026-05-16T14:58:29.905060209Z SELECT
querier-1  | 2026-05-16T14:58:29.905060667Z     DATE_BIN(INTERVAL '6 hours', time) AS bucket,
querier-1  | 2026-05-16T14:58:29.905061167Z     region,
querier-1  | 2026-05-16T14:58:29.905061667Z     AVG(temp) AS avg_temp,
querier-1  | 2026-05-16T14:58:29.905062167Z     APPROX_PERCENTILE_CONT(humidity, 0.95) AS p95_humidity
querier-1  | 2026-05-16T14:58:29.905062626Z FROM sensors
querier-1  | 2026-05-16T14:58:29.905063084Z WHERE time > now() - INTERVAL '8 weeks'
querier-1  | 2026-05-16T14:58:29.905063584Z GROUP BY bucket, region
querier-1  | 2026-05-16T14:58:29.905064084Z ORDER BY bucket, region query_params=Params { } issue_time=2026-05-16T14:58:29.904998876+00:00 success=false running=true cancelled=false
querier-1  | 2026-05-16T14:58:29.922117834Z 2026-05-16T14:58:29.921994Z  WARN iox_query::physical_optimizer::dedup::split: cannot split dedup operation, fanout too wide n_split=280 max_dedup_split=100
querier-1  | 2026-05-16T14:58:29.944586584Z 2026-05-16T14:58:29.944464Z  INFO iox_query::query_log: query when="planned" id=b7dc4ca2-b1e6-4e11-82e4-ec0037c773e3 namespace_id=0 namespace_name="influxdb3 oss" query_type="sql" query_text=-- 6-hour downsampling over an 8-week window. Touches most parquet files
querier-1  | 2026-05-16T14:58:29.944615584Z -- since timestamps span the entire generated range; aggregation work is
querier-1  | 2026-05-16T14:58:29.944616959Z -- dominated by group-by and merge across many files. 6h bins keep result
querier-1  | 2026-05-16T14:58:29.944617709Z -- cardinality manageable while still exercising the full date range.
querier-1  | 2026-05-16T14:58:29.944627959Z SELECT
querier-1  | 2026-05-16T14:58:29.944629001Z     DATE_BIN(INTERVAL '6 hours', time) AS bucket,
querier-1  | 2026-05-16T14:58:29.944630126Z     region,
querier-1  | 2026-05-16T14:58:29.944630834Z     AVG(temp) AS avg_temp,
querier-1  | 2026-05-16T14:58:29.944631626Z     APPROX_PERCENTILE_CONT(humidity, 0.95) AS p95_humidity
querier-1  | 2026-05-16T14:58:29.944632417Z FROM sensors
querier-1  | 2026-05-16T14:58:29.944633084Z WHERE time > now() - INTERVAL '8 weeks'
querier-1  | 2026-05-16T14:58:29.944634001Z GROUP BY bucket, region
querier-1  | 2026-05-16T14:58:29.944634667Z ORDER BY bucket, region query_params=Params { } issue_time=2026-05-16T14:58:29.904998876+00:00 partitions=280 parquet_files=4480 deduplicated_partitions=280 deduplicated_parquet_files=4480 plan_duration_secs=0.038538083 success=false running=true cancelled=false
querier-1  | 2026-05-16T14:58:29.944635626Z 2026-05-16T14:58:29.944493Z  INFO iox_query::query_log: query when="permit" id=b7dc4ca2-b1e6-4e11-82e4-ec0037c773e3 namespace_id=0 namespace_name="influxdb3 oss" query_type="sql" query_text=-- 6-hour downsampling over an 8-week window. Touches most parquet files
querier-1  | 2026-05-16T14:58:29.944636584Z -- since timestamps span the entire generated range; aggregation work is
querier-1  | 2026-05-16T14:58:29.944637209Z -- dominated by group-by and merge across many files. 6h bins keep result
querier-1  | 2026-05-16T14:58:29.944637876Z -- cardinality manageable while still exercising the full date range.
querier-1  | 2026-05-16T14:58:29.944638501Z SELECT
querier-1  | 2026-05-16T14:58:29.944639084Z     DATE_BIN(INTERVAL '6 hours', time) AS bucket,
querier-1  | 2026-05-16T14:58:29.944639709Z     region,
querier-1  | 2026-05-16T14:58:29.944640292Z     AVG(temp) AS avg_temp,
querier-1  | 2026-05-16T14:58:29.944640834Z     APPROX_PERCENTILE_CONT(humidity, 0.95) AS p95_humidity
querier-1  | 2026-05-16T14:58:29.944641459Z FROM sensors
querier-1  | 2026-05-16T14:58:29.944642084Z WHERE time > now() - INTERVAL '8 weeks'
querier-1  | 2026-05-16T14:58:29.944642792Z GROUP BY bucket, region
querier-1  | 2026-05-16T14:58:29.944643542Z ORDER BY bucket, region query_params=Params { } issue_time=2026-05-16T14:58:29.904998876+00:00 partitions=280 parquet_files=4480 deduplicated_partitions=280 deduplicated_parquet_files=4480 plan_duration_secs=0.038538083 permit_duration_secs=0.00095625 success=false running=true cancelled=false
querier-1  | 2026-05-16T14:58:29.944862751Z 2026-05-16T14:58:29.944799Z  INFO iox_query::query_log: query when="success" id=b7dc4ca2-b1e6-4e11-82e4-ec0037c773e3 namespace_id=0 namespace_name="influxdb3 oss" query_type="sql" query_text=-- 6-hour downsampling over an 8-week window. Touches most parquet files
querier-1  | 2026-05-16T14:58:29.944868292Z -- since timestamps span the entire generated range; aggregation work is
querier-1  | 2026-05-16T14:58:29.944869501Z -- dominated by group-by and merge across many files. 6h bins keep result
querier-1  | 2026-05-16T14:58:29.944870376Z -- cardinality manageable while still exercising the full date range.
querier-1  | 2026-05-16T14:58:29.944871084Z SELECT
querier-1  | 2026-05-16T14:58:29.944871751Z     DATE_BIN(INTERVAL '6 hours', time) AS bucket,
querier-1  | 2026-05-16T14:58:29.944872376Z     region,
querier-1  | 2026-05-16T14:58:29.944876792Z     AVG(temp) AS avg_temp,
querier-1  | 2026-05-16T14:58:29.944877626Z     APPROX_PERCENTILE_CONT(humidity, 0.95) AS p95_humidity
querier-1  | 2026-05-16T14:58:29.944878459Z FROM sensors
querier-1  | 2026-05-16T14:58:29.944879209Z WHERE time > now() - INTERVAL '8 weeks'
querier-1  | 2026-05-16T14:58:29.944880126Z GROUP BY bucket, region
querier-1  | 2026-05-16T14:58:29.944881042Z ORDER BY bucket, region query_params=Params { } issue_time=2026-05-16T14:58:29.904998876+00:00 partitions=280 parquet_files=4480 deduplicated_partitions=280 deduplicated_parquet_files=4480 plan_duration_secs=0.038538083 permit_duration_secs=0.00095625 execute_duration_secs=0.000273125 end2end_duration_secs=0.039798083 compute_duration_secs=0.000182752 max_memory=0 ingester_metrics.latency_to_plan_secs=0.0 ingester_metrics.latency_to_full_data_secs=0.0 ingester_metrics.response_rows=0 ingester_metrics.partition_count=0 ingester_metrics.response_size=0 success=true running=false cancelled=false
querier-1  | 2026-05-16T14:58:30.711059168Z 2026-05-16T14:58:30.710988Z  INFO influxdb3_server::http: handling query_sql database=bench query_str=-- 6-hour downsampling over an 8-week window. Touches most parquet files
querier-1  | 2026-05-16T14:58:30.711069793Z -- since timestamps span the entire generated range; aggregation work is
querier-1  | 2026-05-16T14:58:30.711073668Z -- dominated by group-by and merge across many files. 6h bins keep result
querier-1  | 2026-05-16T14:58:30.711074709Z -- cardinality manageable while still exercising the full date range.
querier-1  | 2026-05-16T14:58:30.711075584Z SELECT
querier-1  | 2026-05-16T14:58:30.711076418Z     DATE_BIN(INTERVAL '6 hours', time) AS bucket,
querier-1  | 2026-05-16T14:58:30.711077251Z     region,
querier-1  | 2026-05-16T14:58:30.711078043Z     AVG(temp) AS avg_temp,
querier-1  | 2026-05-16T14:58:30.711078834Z     APPROX_PERCENTILE_CONT(humidity, 0.95) AS p95_humidity
querier-1  | 2026-05-16T14:58:30.711079626Z FROM sensors
querier-1  | 2026-05-16T14:58:30.711080334Z WHERE time > now() - INTERVAL '8 weeks'
querier-1  | 2026-05-16T14:58:30.711081168Z GROUP BY bucket, region
querier-1  | 2026-05-16T14:58:30.711081793Z ORDER BY bucket, region format=Csv
querier-1  | 2026-05-16T14:58:30.711082418Z 2026-05-16T14:58:30.711018Z  INFO influxdb3_server::query_executor: executing sql query database=bench query=-- 6-hour downsampling over an 8-week window. Touches most parquet files
querier-1  | 2026-05-16T14:58:30.711083251Z -- since timestamps span the entire generated range; aggregation work is
querier-1  | 2026-05-16T14:58:30.711083918Z -- dominated by group-by and merge across many files. 6h bins keep result
querier-1  | 2026-05-16T14:58:30.711084584Z -- cardinality manageable while still exercising the full date range.
querier-1  | 2026-05-16T14:58:30.711085209Z SELECT
querier-1  | 2026-05-16T14:58:30.711085793Z     DATE_BIN(INTERVAL '6 hours', time) AS bucket,
querier-1  | 2026-05-16T14:58:30.711086418Z     region,
querier-1  | 2026-05-16T14:58:30.711086959Z     AVG(temp) AS avg_temp,
querier-1  | 2026-05-16T14:58:30.711087584Z     APPROX_PERCENTILE_CONT(humidity, 0.95) AS p95_humidity
querier-1  | 2026-05-16T14:58:30.711088209Z FROM sensors
querier-1  | 2026-05-16T14:58:30.711088751Z WHERE time > now() - INTERVAL '8 weeks'
querier-1  | 2026-05-16T14:58:30.711096293Z GROUP BY bucket, region
querier-1  | 2026-05-16T14:58:30.711096959Z ORDER BY bucket, region params=None
querier-1  | 2026-05-16T14:58:30.711169626Z 2026-05-16T14:58:30.711054Z  INFO iox_query::query_log: query when="received" id=4712b1e5-d33d-4f26-9880-89b53e921518 namespace_id=0 namespace_name="influxdb3 oss" query_type="sql" query_text=-- 6-hour downsampling over an 8-week window. Touches most parquet files
querier-1  | 2026-05-16T14:58:30.711179418Z -- since timestamps span the entire generated range; aggregation work is
querier-1  | 2026-05-16T14:58:30.711180709Z -- dominated by group-by and merge across many files. 6h bins keep result
querier-1  | 2026-05-16T14:58:30.711181668Z -- cardinality manageable while still exercising the full date range.
querier-1  | 2026-05-16T14:58:30.711182334Z SELECT
querier-1  | 2026-05-16T14:58:30.711182918Z     DATE_BIN(INTERVAL '6 hours', time) AS bucket,
querier-1  | 2026-05-16T14:58:30.711183501Z     region,
querier-1  | 2026-05-16T14:58:30.711184084Z     AVG(temp) AS avg_temp,
querier-1  | 2026-05-16T14:58:30.711184668Z     APPROX_PERCENTILE_CONT(humidity, 0.95) AS p95_humidity
querier-1  | 2026-05-16T14:58:30.711185293Z FROM sensors
querier-1  | 2026-05-16T14:58:30.711185834Z WHERE time > now() - INTERVAL '8 weeks'
querier-1  | 2026-05-16T14:58:30.711186626Z GROUP BY bucket, region
querier-1  | 2026-05-16T14:58:30.711187209Z ORDER BY bucket, region query_params=Params { } issue_time=2026-05-16T14:58:30.711052834+00:00 success=false running=true cancelled=false
querier-1  | 2026-05-16T14:58:30.728563126Z 2026-05-16T14:58:30.728460Z  WARN iox_query::physical_optimizer::dedup::split: cannot split dedup operation, fanout too wide n_split=280 max_dedup_split=100
querier-1  | 2026-05-16T14:58:30.752540918Z 2026-05-16T14:58:30.752419Z  INFO iox_query::query_log: query when="planned" id=4712b1e5-d33d-4f26-9880-89b53e921518 namespace_id=0 namespace_name="influxdb3 oss" query_type="sql" query_text=-- 6-hour downsampling over an 8-week window. Touches most parquet files
querier-1  | 2026-05-16T14:58:30.752567376Z -- since timestamps span the entire generated range; aggregation work is
querier-1  | 2026-05-16T14:58:30.752568793Z -- dominated by group-by and merge across many files. 6h bins keep result
querier-1  | 2026-05-16T14:58:30.752569709Z -- cardinality manageable while still exercising the full date range.
querier-1  | 2026-05-16T14:58:30.752570376Z SELECT
querier-1  | 2026-05-16T14:58:30.752571001Z     DATE_BIN(INTERVAL '6 hours', time) AS bucket,
querier-1  | 2026-05-16T14:58:30.752571626Z     region,
querier-1  | 2026-05-16T14:58:30.752572209Z     AVG(temp) AS avg_temp,
querier-1  | 2026-05-16T14:58:30.752572793Z     APPROX_PERCENTILE_CONT(humidity, 0.95) AS p95_humidity
querier-1  | 2026-05-16T14:58:30.752573418Z FROM sensors
querier-1  | 2026-05-16T14:58:30.752574001Z WHERE time > now() - INTERVAL '8 weeks'
querier-1  | 2026-05-16T14:58:30.752575084Z GROUP BY bucket, region
querier-1  | 2026-05-16T14:58:30.752575709Z ORDER BY bucket, region query_params=Params { } issue_time=2026-05-16T14:58:30.711052834+00:00 partitions=280 parquet_files=4480 deduplicated_partitions=280 deduplicated_parquet_files=4480 plan_duration_secs=0.040475584 success=false running=true cancelled=false
querier-1  | 2026-05-16T14:58:30.752583751Z 2026-05-16T14:58:30.752448Z  INFO iox_query::query_log: query when="permit" id=4712b1e5-d33d-4f26-9880-89b53e921518 namespace_id=0 namespace_name="influxdb3 oss" query_type="sql" query_text=-- 6-hour downsampling over an 8-week window. Touches most parquet files
querier-1  | 2026-05-16T14:58:30.752585334Z -- since timestamps span the entire generated range; aggregation work is
querier-1  | 2026-05-16T14:58:30.752586168Z -- dominated by group-by and merge across many files. 6h bins keep result
querier-1  | 2026-05-16T14:58:30.752586918Z -- cardinality manageable while still exercising the full date range.
querier-1  | 2026-05-16T14:58:30.752587668Z SELECT
querier-1  | 2026-05-16T14:58:30.752588418Z     DATE_BIN(INTERVAL '6 hours', time) AS bucket,
querier-1  | 2026-05-16T14:58:30.752589126Z     region,
querier-1  | 2026-05-16T14:58:30.752589834Z     AVG(temp) AS avg_temp,
querier-1  | 2026-05-16T14:58:30.752590543Z     APPROX_PERCENTILE_CONT(humidity, 0.95) AS p95_humidity
querier-1  | 2026-05-16T14:58:30.752591293Z FROM sensors
querier-1  | 2026-05-16T14:58:30.752591959Z WHERE time > now() - INTERVAL '8 weeks'
querier-1  | 2026-05-16T14:58:30.752592668Z GROUP BY bucket, region
querier-1  | 2026-05-16T14:58:30.752593418Z ORDER BY bucket, region query_params=Params { } issue_time=2026-05-16T14:58:30.711052834+00:00 partitions=280 parquet_files=4480 deduplicated_partitions=280 deduplicated_parquet_files=4480 plan_duration_secs=0.040475584 permit_duration_secs=0.000919041 success=false running=true cancelled=false
querier-1  | 2026-05-16T14:58:30.752774793Z 2026-05-16T14:58:30.752709Z  INFO iox_query::query_log: query when="success" id=4712b1e5-d33d-4f26-9880-89b53e921518 namespace_id=0 namespace_name="influxdb3 oss" query_type="sql" query_text=-- 6-hour downsampling over an 8-week window. Touches most parquet files
querier-1  | 2026-05-16T14:58:30.752780793Z -- since timestamps span the entire generated range; aggregation work is
querier-1  | 2026-05-16T14:58:30.752782209Z -- dominated by group-by and merge across many files. 6h bins keep result
querier-1  | 2026-05-16T14:58:30.752783084Z -- cardinality manageable while still exercising the full date range.
querier-1  | 2026-05-16T14:58:30.752783876Z SELECT
querier-1  | 2026-05-16T14:58:30.752784626Z     DATE_BIN(INTERVAL '6 hours', time) AS bucket,
querier-1  | 2026-05-16T14:58:30.752785334Z     region,
querier-1  | 2026-05-16T14:58:30.752785959Z     AVG(temp) AS avg_temp,
querier-1  | 2026-05-16T14:58:30.752786543Z     APPROX_PERCENTILE_CONT(humidity, 0.95) AS p95_humidity
querier-1  | 2026-05-16T14:58:30.752787168Z FROM sensors
querier-1  | 2026-05-16T14:58:30.752787709Z WHERE time > now() - INTERVAL '8 weeks'
querier-1  | 2026-05-16T14:58:30.752788376Z GROUP BY bucket, region
querier-1  | 2026-05-16T14:58:30.752789043Z ORDER BY bucket, region query_params=Params { } issue_time=2026-05-16T14:58:30.711052834+00:00 partitions=280 parquet_files=4480 deduplicated_partitions=280 deduplicated_parquet_files=4480 plan_duration_secs=0.040475584 permit_duration_secs=0.000919041 execute_duration_secs=0.000233667 end2end_duration_secs=0.041654625 compute_duration_secs=0.000171455 max_memory=0 ingester_metrics.latency_to_plan_secs=0.0 ingester_metrics.latency_to_full_data_secs=0.0 ingester_metrics.response_rows=0 ingester_metrics.partition_count=0 ingester_metrics.response_size=0 success=true running=false cancelled=false
querier-1  | 2026-05-16T14:58:31.530312710Z 2026-05-16T14:58:31.530245Z  INFO influxdb3_server::http: handling query_sql database=bench query_str=-- 6-hour downsampling over an 8-week window. Touches most parquet files
querier-1  | 2026-05-16T14:58:31.530322460Z -- since timestamps span the entire generated range; aggregation work is
querier-1  | 2026-05-16T14:58:31.530323585Z -- dominated by group-by and merge across many files. 6h bins keep result
querier-1  | 2026-05-16T14:58:31.530324418Z -- cardinality manageable while still exercising the full date range.
querier-1  | 2026-05-16T14:58:31.530325085Z SELECT
querier-1  | 2026-05-16T14:58:31.530325710Z     DATE_BIN(INTERVAL '6 hours', time) AS bucket,
querier-1  | 2026-05-16T14:58:31.530326335Z     region,
querier-1  | 2026-05-16T14:58:31.530326918Z     AVG(temp) AS avg_temp,
querier-1  | 2026-05-16T14:58:31.530327501Z     APPROX_PERCENTILE_CONT(humidity, 0.95) AS p95_humidity
querier-1  | 2026-05-16T14:58:31.530328168Z FROM sensors
querier-1  | 2026-05-16T14:58:31.530328710Z WHERE time > now() - INTERVAL '8 weeks'
querier-1  | 2026-05-16T14:58:31.530329460Z GROUP BY bucket, region
querier-1  | 2026-05-16T14:58:31.530330043Z ORDER BY bucket, region format=Csv
querier-1  | 2026-05-16T14:58:31.530330668Z 2026-05-16T14:58:31.530264Z  INFO influxdb3_server::query_executor: executing sql query database=bench query=-- 6-hour downsampling over an 8-week window. Touches most parquet files
querier-1  | 2026-05-16T14:58:31.530331418Z -- since timestamps span the entire generated range; aggregation work is
querier-1  | 2026-05-16T14:58:31.530332085Z -- dominated by group-by and merge across many files. 6h bins keep result
querier-1  | 2026-05-16T14:58:31.530332710Z -- cardinality manageable while still exercising the full date range.
querier-1  | 2026-05-16T14:58:31.530333335Z SELECT
querier-1  | 2026-05-16T14:58:31.530333876Z     DATE_BIN(INTERVAL '6 hours', time) AS bucket,
querier-1  | 2026-05-16T14:58:31.530334460Z     region,
querier-1  | 2026-05-16T14:58:31.530335001Z     AVG(temp) AS avg_temp,
querier-1  | 2026-05-16T14:58:31.530335585Z     APPROX_PERCENTILE_CONT(humidity, 0.95) AS p95_humidity
querier-1  | 2026-05-16T14:58:31.530336210Z FROM sensors
querier-1  | 2026-05-16T14:58:31.530336751Z WHERE time > now() - INTERVAL '8 weeks'
querier-1  | 2026-05-16T14:58:31.530337335Z GROUP BY bucket, region
querier-1  | 2026-05-16T14:58:31.530337918Z ORDER BY bucket, region params=None
querier-1  | 2026-05-16T14:58:31.530338543Z 2026-05-16T14:58:31.530288Z  INFO iox_query::query_log: query when="received" id=25f26874-cc79-40fb-8995-0cc2c3415de9 namespace_id=0 namespace_name="influxdb3 oss" query_type="sql" query_text=-- 6-hour downsampling over an 8-week window. Touches most parquet files
querier-1  | 2026-05-16T14:58:31.530339585Z -- since timestamps span the entire generated range; aggregation work is
querier-1  | 2026-05-16T14:58:31.530340210Z -- dominated by group-by and merge across many files. 6h bins keep result
querier-1  | 2026-05-16T14:58:31.530340835Z -- cardinality manageable while still exercising the full date range.
querier-1  | 2026-05-16T14:58:31.530341418Z SELECT
querier-1  | 2026-05-16T14:58:31.530368460Z     DATE_BIN(INTERVAL '6 hours', time) AS bucket,
querier-1  | 2026-05-16T14:58:31.530370460Z     region,
querier-1  | 2026-05-16T14:58:31.530371168Z     AVG(temp) AS avg_temp,
querier-1  | 2026-05-16T14:58:31.530371793Z     APPROX_PERCENTILE_CONT(humidity, 0.95) AS p95_humidity
querier-1  | 2026-05-16T14:58:31.530372418Z FROM sensors
querier-1  | 2026-05-16T14:58:31.530373001Z WHERE time > now() - INTERVAL '8 weeks'
querier-1  | 2026-05-16T14:58:31.530373585Z GROUP BY bucket, region
querier-1  | 2026-05-16T14:58:31.530374626Z ORDER BY bucket, region query_params=Params { } issue_time=2026-05-16T14:58:31.530287168+00:00 success=false running=true cancelled=false
querier-1  | 2026-05-16T14:58:31.546414043Z 2026-05-16T14:58:31.546310Z  WARN iox_query::physical_optimizer::dedup::split: cannot split dedup operation, fanout too wide n_split=280 max_dedup_split=100
querier-1  | 2026-05-16T14:58:31.567682043Z 2026-05-16T14:58:31.567579Z  INFO iox_query::query_log: query when="planned" id=25f26874-cc79-40fb-8995-0cc2c3415de9 namespace_id=0 namespace_name="influxdb3 oss" query_type="sql" query_text=-- 6-hour downsampling over an 8-week window. Touches most parquet files
querier-1  | 2026-05-16T14:58:31.567697751Z -- since timestamps span the entire generated range; aggregation work is
querier-1  | 2026-05-16T14:58:31.567698751Z -- dominated by group-by and merge across many files. 6h bins keep result
querier-1  | 2026-05-16T14:58:31.567699418Z -- cardinality manageable while still exercising the full date range.
querier-1  | 2026-05-16T14:58:31.567700001Z SELECT
querier-1  | 2026-05-16T14:58:31.567700585Z     DATE_BIN(INTERVAL '6 hours', time) AS bucket,
querier-1  | 2026-05-16T14:58:31.567701210Z     region,
querier-1  | 2026-05-16T14:58:31.567701751Z     AVG(temp) AS avg_temp,
querier-1  | 2026-05-16T14:58:31.567702335Z     APPROX_PERCENTILE_CONT(humidity, 0.95) AS p95_humidity
querier-1  | 2026-05-16T14:58:31.567702960Z FROM sensors
querier-1  | 2026-05-16T14:58:31.567703585Z WHERE time > now() - INTERVAL '8 weeks'
querier-1  | 2026-05-16T14:58:31.567704585Z GROUP BY bucket, region
querier-1  | 2026-05-16T14:58:31.567705376Z ORDER BY bucket, region query_params=Params { } issue_time=2026-05-16T14:58:31.530287168+00:00 partitions=280 parquet_files=4480 deduplicated_partitions=280 deduplicated_parquet_files=4480 plan_duration_secs=0.036383625 success=false running=true cancelled=false
querier-1  | 2026-05-16T14:58:31.567706335Z 2026-05-16T14:58:31.567601Z  INFO iox_query::query_log: query when="permit" id=25f26874-cc79-40fb-8995-0cc2c3415de9 namespace_id=0 namespace_name="influxdb3 oss" query_type="sql" query_text=-- 6-hour downsampling over an 8-week window. Touches most parquet files
querier-1  | 2026-05-16T14:58:31.567707418Z -- since timestamps span the entire generated range; aggregation work is
querier-1  | 2026-05-16T14:58:31.567708168Z -- dominated by group-by and merge across many files. 6h bins keep result
querier-1  | 2026-05-16T14:58:31.567708876Z -- cardinality manageable while still exercising the full date range.
querier-1  | 2026-05-16T14:58:31.567709585Z SELECT
querier-1  | 2026-05-16T14:58:31.567710251Z     DATE_BIN(INTERVAL '6 hours', time) AS bucket,
querier-1  | 2026-05-16T14:58:31.567710918Z     region,
querier-1  | 2026-05-16T14:58:31.567719668Z     AVG(temp) AS avg_temp,
querier-1  | 2026-05-16T14:58:31.567720501Z     APPROX_PERCENTILE_CONT(humidity, 0.95) AS p95_humidity
querier-1  | 2026-05-16T14:58:31.567721210Z FROM sensors
querier-1  | 2026-05-16T14:58:31.567721835Z WHERE time > now() - INTERVAL '8 weeks'
querier-1  | 2026-05-16T14:58:31.567722460Z GROUP BY bucket, region
querier-1  | 2026-05-16T14:58:31.567723126Z ORDER BY bucket, region query_params=Params { } issue_time=2026-05-16T14:58:31.530287168+00:00 partitions=280 parquet_files=4480 deduplicated_partitions=280 deduplicated_parquet_files=4480 plan_duration_secs=0.036383625 permit_duration_secs=0.000929833 success=false running=true cancelled=false
querier-1  | 2026-05-16T14:58:31.567952168Z 2026-05-16T14:58:31.567889Z  INFO iox_query::query_log: query when="success" id=25f26874-cc79-40fb-8995-0cc2c3415de9 namespace_id=0 namespace_name="influxdb3 oss" query_type="sql" query_text=-- 6-hour downsampling over an 8-week window. Touches most parquet files
querier-1  | 2026-05-16T14:58:31.567955918Z -- since timestamps span the entire generated range; aggregation work is
querier-1  | 2026-05-16T14:58:31.567956710Z -- dominated by group-by and merge across many files. 6h bins keep result
querier-1  | 2026-05-16T14:58:31.567957335Z -- cardinality manageable while still exercising the full date range.
querier-1  | 2026-05-16T14:58:31.567958001Z SELECT
querier-1  | 2026-05-16T14:58:31.567958585Z     DATE_BIN(INTERVAL '6 hours', time) AS bucket,
querier-1  | 2026-05-16T14:58:31.567959168Z     region,
querier-1  | 2026-05-16T14:58:31.567959710Z     AVG(temp) AS avg_temp,
querier-1  | 2026-05-16T14:58:31.567960293Z     APPROX_PERCENTILE_CONT(humidity, 0.95) AS p95_humidity
querier-1  | 2026-05-16T14:58:31.567960876Z FROM sensors
querier-1  | 2026-05-16T14:58:31.567961418Z WHERE time > now() - INTERVAL '8 weeks'
querier-1  | 2026-05-16T14:58:31.567962001Z GROUP BY bucket, region
querier-1  | 2026-05-16T14:58:31.567962793Z ORDER BY bucket, region query_params=Params { } issue_time=2026-05-16T14:58:31.530287168+00:00 partitions=280 parquet_files=4480 deduplicated_partitions=280 deduplicated_parquet_files=4480 plan_duration_secs=0.036383625 permit_duration_secs=0.000929833 execute_duration_secs=0.000260875 end2end_duration_secs=0.0376 compute_duration_secs=0.00017825 max_memory=0 ingester_metrics.latency_to_plan_secs=0.0 ingester_metrics.latency_to_full_data_secs=0.0 ingester_metrics.response_rows=0 ingester_metrics.partition_count=0 ingester_metrics.response_size=0 success=true running=false cancelled=false
querier-1  | 2026-05-16T14:58:32.308406252Z 2026-05-16T14:58:32.308316Z  INFO influxdb3_server::http: handling query_sql database=bench query_str=-- 6-hour downsampling over an 8-week window. Touches most parquet files
querier-1  | 2026-05-16T14:58:32.308416627Z -- since timestamps span the entire generated range; aggregation work is
querier-1  | 2026-05-16T14:58:32.308417835Z -- dominated by group-by and merge across many files. 6h bins keep result
querier-1  | 2026-05-16T14:58:32.308418585Z -- cardinality manageable while still exercising the full date range.
querier-1  | 2026-05-16T14:58:32.308419252Z SELECT
querier-1  | 2026-05-16T14:58:32.308419835Z     DATE_BIN(INTERVAL '6 hours', time) AS bucket,
querier-1  | 2026-05-16T14:58:32.308420502Z     region,
querier-1  | 2026-05-16T14:58:32.308421044Z     AVG(temp) AS avg_temp,
querier-1  | 2026-05-16T14:58:32.308428210Z     APPROX_PERCENTILE_CONT(humidity, 0.95) AS p95_humidity
querier-1  | 2026-05-16T14:58:32.308428919Z FROM sensors
querier-1  | 2026-05-16T14:58:32.308429502Z WHERE time > now() - INTERVAL '8 weeks'
querier-1  | 2026-05-16T14:58:32.308430294Z GROUP BY bucket, region
querier-1  | 2026-05-16T14:58:32.308430877Z ORDER BY bucket, region format=Csv
querier-1  | 2026-05-16T14:58:32.308431502Z 2026-05-16T14:58:32.308339Z  INFO influxdb3_server::query_executor: executing sql query database=bench query=-- 6-hour downsampling over an 8-week window. Touches most parquet files
querier-1  | 2026-05-16T14:58:32.308432335Z -- since timestamps span the entire generated range; aggregation work is
querier-1  | 2026-05-16T14:58:32.308433002Z -- dominated by group-by and merge across many files. 6h bins keep result
querier-1  | 2026-05-16T14:58:32.308433627Z -- cardinality manageable while still exercising the full date range.
querier-1  | 2026-05-16T14:58:32.308434294Z SELECT
querier-1  | 2026-05-16T14:58:32.308434835Z     DATE_BIN(INTERVAL '6 hours', time) AS bucket,
querier-1  | 2026-05-16T14:58:32.308435419Z     region,
querier-1  | 2026-05-16T14:58:32.308436044Z     AVG(temp) AS avg_temp,
querier-1  | 2026-05-16T14:58:32.308436835Z     APPROX_PERCENTILE_CONT(humidity, 0.95) AS p95_humidity
querier-1  | 2026-05-16T14:58:32.308437502Z FROM sensors
querier-1  | 2026-05-16T14:58:32.308438044Z WHERE time > now() - INTERVAL '8 weeks'
querier-1  | 2026-05-16T14:58:32.308438669Z GROUP BY bucket, region
querier-1  | 2026-05-16T14:58:32.308439210Z ORDER BY bucket, region params=None
querier-1  | 2026-05-16T14:58:32.308441419Z 2026-05-16T14:58:32.308381Z  INFO iox_query::query_log: query when="received" id=81fb1a86-c5e3-47de-a2fc-35b2d11e33a3 namespace_id=0 namespace_name="influxdb3 oss" query_type="sql" query_text=-- 6-hour downsampling over an 8-week window. Touches most parquet files
querier-1  | 2026-05-16T14:58:32.308442419Z -- since timestamps span the entire generated range; aggregation work is
querier-1  | 2026-05-16T14:58:32.308443085Z -- dominated by group-by and merge across many files. 6h bins keep result
querier-1  | 2026-05-16T14:58:32.308443835Z -- cardinality manageable while still exercising the full date range.
querier-1  | 2026-05-16T14:58:32.308444460Z SELECT
querier-1  | 2026-05-16T14:58:32.308445044Z     DATE_BIN(INTERVAL '6 hours', time) AS bucket,
querier-1  | 2026-05-16T14:58:32.308445627Z     region,
querier-1  | 2026-05-16T14:58:32.308446169Z     AVG(temp) AS avg_temp,
querier-1  | 2026-05-16T14:58:32.308446710Z     APPROX_PERCENTILE_CONT(humidity, 0.95) AS p95_humidity
querier-1  | 2026-05-16T14:58:32.308447294Z FROM sensors
querier-1  | 2026-05-16T14:58:32.308447835Z WHERE time > now() - INTERVAL '8 weeks'
querier-1  | 2026-05-16T14:58:32.308448419Z GROUP BY bucket, region
querier-1  | 2026-05-16T14:58:32.308449002Z ORDER BY bucket, region query_params=Params { } issue_time=2026-05-16T14:58:32.308380169+00:00 success=false running=true cancelled=false
querier-1  | 2026-05-16T14:58:32.325380919Z 2026-05-16T14:58:32.325257Z  WARN iox_query::physical_optimizer::dedup::split: cannot split dedup operation, fanout too wide n_split=280 max_dedup_split=100
querier-1  | 2026-05-16T14:58:32.346237544Z 2026-05-16T14:58:32.346124Z  INFO iox_query::query_log: query when="planned" id=81fb1a86-c5e3-47de-a2fc-35b2d11e33a3 namespace_id=0 namespace_name="influxdb3 oss" query_type="sql" query_text=-- 6-hour downsampling over an 8-week window. Touches most parquet files
querier-1  | 2026-05-16T14:58:32.346256002Z -- since timestamps span the entire generated range; aggregation work is
querier-1  | 2026-05-16T14:58:32.346256835Z -- dominated by group-by and merge across many files. 6h bins keep result
querier-1  | 2026-05-16T14:58:32.346257502Z -- cardinality manageable while still exercising the full date range.
querier-1  | 2026-05-16T14:58:32.346258294Z SELECT
querier-1  | 2026-05-16T14:58:32.346258877Z     DATE_BIN(INTERVAL '6 hours', time) AS bucket,
querier-1  | 2026-05-16T14:58:32.346259460Z     region,
querier-1  | 2026-05-16T14:58:32.346260044Z     AVG(temp) AS avg_temp,
querier-1  | 2026-05-16T14:58:32.346260627Z     APPROX_PERCENTILE_CONT(humidity, 0.95) AS p95_humidity
querier-1  | 2026-05-16T14:58:32.346261210Z FROM sensors
querier-1  | 2026-05-16T14:58:32.346261794Z WHERE time > now() - INTERVAL '8 weeks'
querier-1  | 2026-05-16T14:58:32.346262669Z GROUP BY bucket, region
querier-1  | 2026-05-16T14:58:32.346263294Z ORDER BY bucket, region query_params=Params { } issue_time=2026-05-16T14:58:32.308380169+00:00 partitions=280 parquet_files=4480 deduplicated_partitions=280 deduplicated_parquet_files=4480 plan_duration_secs=0.036865083 success=false running=true cancelled=false
querier-1  | 2026-05-16T14:58:32.346264127Z 2026-05-16T14:58:32.346152Z  INFO iox_query::query_log: query when="permit" id=81fb1a86-c5e3-47de-a2fc-35b2d11e33a3 namespace_id=0 namespace_name="influxdb3 oss" query_type="sql" query_text=-- 6-hour downsampling over an 8-week window. Touches most parquet files
querier-1  | 2026-05-16T14:58:32.346264960Z -- since timestamps span the entire generated range; aggregation work is
querier-1  | 2026-05-16T14:58:32.346265585Z -- dominated by group-by and merge across many files. 6h bins keep result
querier-1  | 2026-05-16T14:58:32.346266169Z -- cardinality manageable while still exercising the full date range.
querier-1  | 2026-05-16T14:58:32.346266794Z SELECT
querier-1  | 2026-05-16T14:58:32.346267335Z     DATE_BIN(INTERVAL '6 hours', time) AS bucket,
querier-1  | 2026-05-16T14:58:32.346267919Z     region,
querier-1  | 2026-05-16T14:58:32.346268460Z     AVG(temp) AS avg_temp,
querier-1  | 2026-05-16T14:58:32.346269044Z     APPROX_PERCENTILE_CONT(humidity, 0.95) AS p95_humidity
querier-1  | 2026-05-16T14:58:32.346269752Z FROM sensors
querier-1  | 2026-05-16T14:58:32.346270335Z WHERE time > now() - INTERVAL '8 weeks'
querier-1  | 2026-05-16T14:58:32.346271044Z GROUP BY bucket, region
querier-1  | 2026-05-16T14:58:32.346271669Z ORDER BY bucket, region query_params=Params { } issue_time=2026-05-16T14:58:32.308380169+00:00 partitions=280 parquet_files=4480 deduplicated_partitions=280 deduplicated_parquet_files=4480 plan_duration_secs=0.036865083 permit_duration_secs=0.000907083 success=false running=true cancelled=false
querier-1  | 2026-05-16T14:58:32.346516460Z 2026-05-16T14:58:32.346440Z  INFO iox_query::query_log: query when="success" id=81fb1a86-c5e3-47de-a2fc-35b2d11e33a3 namespace_id=0 namespace_name="influxdb3 oss" query_type="sql" query_text=-- 6-hour downsampling over an 8-week window. Touches most parquet files
querier-1  | 2026-05-16T14:58:32.346530585Z -- since timestamps span the entire generated range; aggregation work is
querier-1  | 2026-05-16T14:58:32.346531627Z -- dominated by group-by and merge across many files. 6h bins keep result
querier-1  | 2026-05-16T14:58:32.346532335Z -- cardinality manageable while still exercising the full date range.
querier-1  | 2026-05-16T14:58:32.346533002Z SELECT
querier-1  | 2026-05-16T14:58:32.346533794Z     DATE_BIN(INTERVAL '6 hours', time) AS bucket,
querier-1  | 2026-05-16T14:58:32.346534544Z     region,
querier-1  | 2026-05-16T14:58:32.346535127Z     AVG(temp) AS avg_temp,
querier-1  | 2026-05-16T14:58:32.346535710Z     APPROX_PERCENTILE_CONT(humidity, 0.95) AS p95_humidity
querier-1  | 2026-05-16T14:58:32.346536377Z FROM sensors
querier-1  | 2026-05-16T14:58:32.346537002Z WHERE time > now() - INTERVAL '8 weeks'
querier-1  | 2026-05-16T14:58:32.346537669Z GROUP BY bucket, region
querier-1  | 2026-05-16T14:58:32.346538294Z ORDER BY bucket, region query_params=Params { } issue_time=2026-05-16T14:58:32.308380169+00:00 partitions=280 parquet_files=4480 deduplicated_partitions=280 deduplicated_parquet_files=4480 plan_duration_secs=0.036865083 permit_duration_secs=0.000907083 execute_duration_secs=0.00026075 end2end_duration_secs=0.038057708 compute_duration_secs=0.000138742 max_memory=0 ingester_metrics.latency_to_plan_secs=0.0 ingester_metrics.latency_to_full_data_secs=0.0 ingester_metrics.response_rows=0 ingester_metrics.partition_count=0 ingester_metrics.response_size=0 success=true running=false cancelled=false
querier-1  | 2026-05-16T14:58:33.120158044Z 2026-05-16T14:58:33.120092Z  INFO influxdb3_server::http: handling query_sql database=bench query_str=-- 6-hour downsampling over an 8-week window. Touches most parquet files
querier-1  | 2026-05-16T14:58:33.120164086Z -- since timestamps span the entire generated range; aggregation work is
querier-1  | 2026-05-16T14:58:33.120164919Z -- dominated by group-by and merge across many files. 6h bins keep result
querier-1  | 2026-05-16T14:58:33.120165627Z -- cardinality manageable while still exercising the full date range.
querier-1  | 2026-05-16T14:58:33.120166252Z SELECT
querier-1  | 2026-05-16T14:58:33.120166794Z     DATE_BIN(INTERVAL '6 hours', time) AS bucket,
querier-1  | 2026-05-16T14:58:33.120167419Z     region,
querier-1  | 2026-05-16T14:58:33.120167961Z     AVG(temp) AS avg_temp,
querier-1  | 2026-05-16T14:58:33.120168544Z     APPROX_PERCENTILE_CONT(humidity, 0.95) AS p95_humidity
querier-1  | 2026-05-16T14:58:33.120169169Z FROM sensors
querier-1  | 2026-05-16T14:58:33.120169711Z WHERE time > now() - INTERVAL '8 weeks'
querier-1  | 2026-05-16T14:58:33.120170544Z GROUP BY bucket, region
querier-1  | 2026-05-16T14:58:33.120171086Z ORDER BY bucket, region format=Csv
querier-1  | 2026-05-16T14:58:33.120171669Z 2026-05-16T14:58:33.120112Z  INFO influxdb3_server::query_executor: executing sql query database=bench query=-- 6-hour downsampling over an 8-week window. Touches most parquet files
querier-1  | 2026-05-16T14:58:33.120172377Z -- since timestamps span the entire generated range; aggregation work is
querier-1  | 2026-05-16T14:58:33.120173002Z -- dominated by group-by and merge across many files. 6h bins keep result
querier-1  | 2026-05-16T14:58:33.120180586Z -- cardinality manageable while still exercising the full date range.
querier-1  | 2026-05-16T14:58:33.120181252Z SELECT
querier-1  | 2026-05-16T14:58:33.120181836Z     DATE_BIN(INTERVAL '6 hours', time) AS bucket,
querier-1  | 2026-05-16T14:58:33.120182419Z     region,
querier-1  | 2026-05-16T14:58:33.120182961Z     AVG(temp) AS avg_temp,
querier-1  | 2026-05-16T14:58:33.120183544Z     APPROX_PERCENTILE_CONT(humidity, 0.95) AS p95_humidity
querier-1  | 2026-05-16T14:58:33.120184127Z FROM sensors
querier-1  | 2026-05-16T14:58:33.120184669Z WHERE time > now() - INTERVAL '8 weeks'
querier-1  | 2026-05-16T14:58:33.120185252Z GROUP BY bucket, region
querier-1  | 2026-05-16T14:58:33.120185794Z ORDER BY bucket, region params=None
querier-1  | 2026-05-16T14:58:33.120188461Z 2026-05-16T14:58:33.120136Z  INFO iox_query::query_log: query when="received" id=f76e41e7-fec9-45ad-a934-452394271f12 namespace_id=0 namespace_name="influxdb3 oss" query_type="sql" query_text=-- 6-hour downsampling over an 8-week window. Touches most parquet files
querier-1  | 2026-05-16T14:58:33.120189502Z -- since timestamps span the entire generated range; aggregation work is
querier-1  | 2026-05-16T14:58:33.120190086Z -- dominated by group-by and merge across many files. 6h bins keep result
querier-1  | 2026-05-16T14:58:33.120190711Z -- cardinality manageable while still exercising the full date range.
querier-1  | 2026-05-16T14:58:33.120191294Z SELECT
querier-1  | 2026-05-16T14:58:33.120191794Z     DATE_BIN(INTERVAL '6 hours', time) AS bucket,
querier-1  | 2026-05-16T14:58:33.120192294Z     region,
querier-1  | 2026-05-16T14:58:33.120192794Z     AVG(temp) AS avg_temp,
querier-1  | 2026-05-16T14:58:33.120193294Z     APPROX_PERCENTILE_CONT(humidity, 0.95) AS p95_humidity
querier-1  | 2026-05-16T14:58:33.120193794Z FROM sensors
querier-1  | 2026-05-16T14:58:33.120194252Z WHERE time > now() - INTERVAL '8 weeks'
querier-1  | 2026-05-16T14:58:33.120194794Z GROUP BY bucket, region
querier-1  | 2026-05-16T14:58:33.120195294Z ORDER BY bucket, region query_params=Params { } issue_time=2026-05-16T14:58:33.120135669+00:00 success=false running=true cancelled=false
querier-1  | 2026-05-16T14:58:33.136660461Z 2026-05-16T14:58:33.136572Z  WARN iox_query::physical_optimizer::dedup::split: cannot split dedup operation, fanout too wide n_split=280 max_dedup_split=100
querier-1  | 2026-05-16T14:58:33.157675252Z 2026-05-16T14:58:33.157570Z  INFO iox_query::query_log: query when="planned" id=f76e41e7-fec9-45ad-a934-452394271f12 namespace_id=0 namespace_name="influxdb3 oss" query_type="sql" query_text=-- 6-hour downsampling over an 8-week window. Touches most parquet files
querier-1  | 2026-05-16T14:58:33.157691752Z -- since timestamps span the entire generated range; aggregation work is
querier-1  | 2026-05-16T14:58:33.157692836Z -- dominated by group-by and merge across many files. 6h bins keep result
querier-1  | 2026-05-16T14:58:33.157693669Z -- cardinality manageable while still exercising the full date range.
querier-1  | 2026-05-16T14:58:33.157694419Z SELECT
querier-1  | 2026-05-16T14:58:33.157695169Z     DATE_BIN(INTERVAL '6 hours', time) AS bucket,
querier-1  | 2026-05-16T14:58:33.157695877Z     region,
querier-1  | 2026-05-16T14:58:33.157706377Z     AVG(temp) AS avg_temp,
querier-1  | 2026-05-16T14:58:33.157707252Z     APPROX_PERCENTILE_CONT(humidity, 0.95) AS p95_humidity
querier-1  | 2026-05-16T14:58:33.157708002Z FROM sensors
querier-1  | 2026-05-16T14:58:33.157708711Z WHERE time > now() - INTERVAL '8 weeks'
querier-1  | 2026-05-16T14:58:33.157709711Z GROUP BY bucket, region
querier-1  | 2026-05-16T14:58:33.157710419Z ORDER BY bucket, region query_params=Params { } issue_time=2026-05-16T14:58:33.120135669+00:00 partitions=280 parquet_files=4480 deduplicated_partitions=280 deduplicated_parquet_files=4480 plan_duration_secs=0.036587333 success=false running=true cancelled=false
querier-1  | 2026-05-16T14:58:33.157711419Z 2026-05-16T14:58:33.157596Z  INFO iox_query::query_log: query when="permit" id=f76e41e7-fec9-45ad-a934-452394271f12 namespace_id=0 namespace_name="influxdb3 oss" query_type="sql" query_text=-- 6-hour downsampling over an 8-week window. Touches most parquet files
querier-1  | 2026-05-16T14:58:33.157712544Z -- since timestamps span the entire generated range; aggregation work is
querier-1  | 2026-05-16T14:58:33.157713294Z -- dominated by group-by and merge across many files. 6h bins keep result
querier-1  | 2026-05-16T14:58:33.157714044Z -- cardinality manageable while still exercising the full date range.
querier-1  | 2026-05-16T14:58:33.157714752Z SELECT
querier-1  | 2026-05-16T14:58:33.157715461Z     DATE_BIN(INTERVAL '6 hours', time) AS bucket,
querier-1  | 2026-05-16T14:58:33.157716169Z     region,
querier-1  | 2026-05-16T14:58:33.157716877Z     AVG(temp) AS avg_temp,
querier-1  | 2026-05-16T14:58:33.157717544Z     APPROX_PERCENTILE_CONT(humidity, 0.95) AS p95_humidity
querier-1  | 2026-05-16T14:58:33.157718252Z FROM sensors
querier-1  | 2026-05-16T14:58:33.157718919Z WHERE time > now() - INTERVAL '8 weeks'
querier-1  | 2026-05-16T14:58:33.157719627Z GROUP BY bucket, region
querier-1  | 2026-05-16T14:58:33.157720336Z ORDER BY bucket, region query_params=Params { } issue_time=2026-05-16T14:58:33.120135669+00:00 partitions=280 parquet_files=4480 deduplicated_partitions=280 deduplicated_parquet_files=4480 plan_duration_secs=0.036587333 permit_duration_secs=0.0008725 success=false running=true cancelled=false
querier-1  | 2026-05-16T14:58:33.157972336Z 2026-05-16T14:58:33.157909Z  INFO iox_query::query_log: query when="success" id=f76e41e7-fec9-45ad-a934-452394271f12 namespace_id=0 namespace_name="influxdb3 oss" query_type="sql" query_text=-- 6-hour downsampling over an 8-week window. Touches most parquet files
querier-1  | 2026-05-16T14:58:33.157978586Z -- since timestamps span the entire generated range; aggregation work is
querier-1  | 2026-05-16T14:58:33.157979961Z -- dominated by group-by and merge across many files. 6h bins keep result
querier-1  | 2026-05-16T14:58:33.157980919Z -- cardinality manageable while still exercising the full date range.
querier-1  | 2026-05-16T14:58:33.157981711Z SELECT
querier-1  | 2026-05-16T14:58:33.157982336Z     DATE_BIN(INTERVAL '6 hours', time) AS bucket,
querier-1  | 2026-05-16T14:58:33.157983211Z     region,
querier-1  | 2026-05-16T14:58:33.157983794Z     AVG(temp) AS avg_temp,
querier-1  | 2026-05-16T14:58:33.157984377Z     APPROX_PERCENTILE_CONT(humidity, 0.95) AS p95_humidity
querier-1  | 2026-05-16T14:58:33.157989086Z FROM sensors
querier-1  | 2026-05-16T14:58:33.157989711Z WHERE time > now() - INTERVAL '8 weeks'
querier-1  | 2026-05-16T14:58:33.157990419Z GROUP BY bucket, region
querier-1  | 2026-05-16T14:58:33.157991211Z ORDER BY bucket, region query_params=Params { } issue_time=2026-05-16T14:58:33.120135669+00:00 partitions=280 parquet_files=4480 deduplicated_partitions=280 deduplicated_parquet_files=4480 plan_duration_secs=0.036587333 permit_duration_secs=0.0008725 execute_duration_secs=0.000276584 end2end_duration_secs=0.037772167 compute_duration_secs=0.000187376 max_memory=0 ingester_metrics.latency_to_plan_secs=0.0 ingester_metrics.latency_to_full_data_secs=0.0 ingester_metrics.response_rows=0 ingester_metrics.partition_count=0 ingester_metrics.response_size=0 success=true running=false cancelled=false
querier-1  | 2026-05-16T14:58:33.884695211Z 2026-05-16T14:58:33.884628Z  INFO influxdb3_server::http: handling query_sql database=bench query_str=-- 6-hour downsampling over an 8-week window. Touches most parquet files
querier-1  | 2026-05-16T14:58:33.884704378Z -- since timestamps span the entire generated range; aggregation work is
querier-1  | 2026-05-16T14:58:33.884705794Z -- dominated by group-by and merge across many files. 6h bins keep result
querier-1  | 2026-05-16T14:58:33.884706628Z -- cardinality manageable while still exercising the full date range.
querier-1  | 2026-05-16T14:58:33.884707419Z SELECT
querier-1  | 2026-05-16T14:58:33.884708169Z     DATE_BIN(INTERVAL '6 hours', time) AS bucket,
querier-1  | 2026-05-16T14:58:33.884708919Z     region,
querier-1  | 2026-05-16T14:58:33.884709669Z     AVG(temp) AS avg_temp,
querier-1  | 2026-05-16T14:58:33.884710419Z     APPROX_PERCENTILE_CONT(humidity, 0.95) AS p95_humidity
querier-1  | 2026-05-16T14:58:33.884711169Z FROM sensors
querier-1  | 2026-05-16T14:58:33.884711836Z WHERE time > now() - INTERVAL '8 weeks'
querier-1  | 2026-05-16T14:58:33.884713003Z GROUP BY bucket, region
querier-1  | 2026-05-16T14:58:33.884713711Z ORDER BY bucket, region format=Csv
querier-1  | 2026-05-16T14:58:33.884714461Z 2026-05-16T14:58:33.884646Z  INFO influxdb3_server::query_executor: executing sql query database=bench query=-- 6-hour downsampling over an 8-week window. Touches most parquet files
querier-1  | 2026-05-16T14:58:33.884715336Z -- since timestamps span the entire generated range; aggregation work is
querier-1  | 2026-05-16T14:58:33.884716169Z -- dominated by group-by and merge across many files. 6h bins keep result
querier-1  | 2026-05-16T14:58:33.884716878Z -- cardinality manageable while still exercising the full date range.
querier-1  | 2026-05-16T14:58:33.884717544Z SELECT
querier-1  | 2026-05-16T14:58:33.884718169Z     DATE_BIN(INTERVAL '6 hours', time) AS bucket,
querier-1  | 2026-05-16T14:58:33.884718794Z     region,
querier-1  | 2026-05-16T14:58:33.884719419Z     AVG(temp) AS avg_temp,
querier-1  | 2026-05-16T14:58:33.884720003Z     APPROX_PERCENTILE_CONT(humidity, 0.95) AS p95_humidity
querier-1  | 2026-05-16T14:58:33.884720669Z FROM sensors
querier-1  | 2026-05-16T14:58:33.884721253Z WHERE time > now() - INTERVAL '8 weeks'
querier-1  | 2026-05-16T14:58:33.884721878Z GROUP BY bucket, region
querier-1  | 2026-05-16T14:58:33.884722503Z ORDER BY bucket, region params=None
querier-1  | 2026-05-16T14:58:33.884730253Z 2026-05-16T14:58:33.884670Z  INFO iox_query::query_log: query when="received" id=3a85babc-3bd8-472e-8a92-c7e516957051 namespace_id=0 namespace_name="influxdb3 oss" query_type="sql" query_text=-- 6-hour downsampling over an 8-week window. Touches most parquet files
querier-1  | 2026-05-16T14:58:33.884731253Z -- since timestamps span the entire generated range; aggregation work is
querier-1  | 2026-05-16T14:58:33.884731836Z -- dominated by group-by and merge across many files. 6h bins keep result
querier-1  | 2026-05-16T14:58:33.884732378Z -- cardinality manageable while still exercising the full date range.
querier-1  | 2026-05-16T14:58:33.884732919Z SELECT
querier-1  | 2026-05-16T14:58:33.884733419Z     DATE_BIN(INTERVAL '6 hours', time) AS bucket,
querier-1  | 2026-05-16T14:58:33.884733919Z     region,
querier-1  | 2026-05-16T14:58:33.884734419Z     AVG(temp) AS avg_temp,
querier-1  | 2026-05-16T14:58:33.884734919Z     APPROX_PERCENTILE_CONT(humidity, 0.95) AS p95_humidity
querier-1  | 2026-05-16T14:58:33.884735419Z FROM sensors
querier-1  | 2026-05-16T14:58:33.884735919Z WHERE time > now() - INTERVAL '8 weeks'
querier-1  | 2026-05-16T14:58:33.884736419Z GROUP BY bucket, region
querier-1  | 2026-05-16T14:58:33.884737169Z ORDER BY bucket, region query_params=Params { } issue_time=2026-05-16T14:58:33.884669419+00:00 success=false running=true cancelled=false
querier-1  | 2026-05-16T14:58:33.900282586Z 2026-05-16T14:58:33.900202Z  WARN iox_query::physical_optimizer::dedup::split: cannot split dedup operation, fanout too wide n_split=280 max_dedup_split=100
querier-1  | 2026-05-16T14:58:33.921899669Z 2026-05-16T14:58:33.921796Z  INFO iox_query::query_log: query when="planned" id=3a85babc-3bd8-472e-8a92-c7e516957051 namespace_id=0 namespace_name="influxdb3 oss" query_type="sql" query_text=-- 6-hour downsampling over an 8-week window. Touches most parquet files
querier-1  | 2026-05-16T14:58:33.921916003Z -- since timestamps span the entire generated range; aggregation work is
querier-1  | 2026-05-16T14:58:33.921917044Z -- dominated by group-by and merge across many files. 6h bins keep result
querier-1  | 2026-05-16T14:58:33.921917753Z -- cardinality manageable while still exercising the full date range.
querier-1  | 2026-05-16T14:58:33.921918419Z SELECT
querier-1  | 2026-05-16T14:58:33.921919086Z     DATE_BIN(INTERVAL '6 hours', time) AS bucket,
querier-1  | 2026-05-16T14:58:33.921919753Z     region,
querier-1  | 2026-05-16T14:58:33.921920419Z     AVG(temp) AS avg_temp,
querier-1  | 2026-05-16T14:58:33.921921086Z     APPROX_PERCENTILE_CONT(humidity, 0.95) AS p95_humidity
querier-1  | 2026-05-16T14:58:33.921921836Z FROM sensors
querier-1  | 2026-05-16T14:58:33.921922503Z WHERE time > now() - INTERVAL '8 weeks'
querier-1  | 2026-05-16T14:58:33.921923336Z GROUP BY bucket, region
querier-1  | 2026-05-16T14:58:33.921924044Z ORDER BY bucket, region query_params=Params { } issue_time=2026-05-16T14:58:33.884669419+00:00 partitions=280 parquet_files=4480 deduplicated_partitions=280 deduplicated_parquet_files=4480 plan_duration_secs=0.036264709 success=false running=true cancelled=false
querier-1  | 2026-05-16T14:58:33.921925044Z 2026-05-16T14:58:33.921821Z  INFO iox_query::query_log: query when="permit" id=3a85babc-3bd8-472e-8a92-c7e516957051 namespace_id=0 namespace_name="influxdb3 oss" query_type="sql" query_text=-- 6-hour downsampling over an 8-week window. Touches most parquet files
querier-1  | 2026-05-16T14:58:33.921932294Z -- since timestamps span the entire generated range; aggregation work is
querier-1  | 2026-05-16T14:58:33.921933169Z -- dominated by group-by and merge across many files. 6h bins keep result
querier-1  | 2026-05-16T14:58:33.921933919Z -- cardinality manageable while still exercising the full date range.
querier-1  | 2026-05-16T14:58:33.921934628Z SELECT
querier-1  | 2026-05-16T14:58:33.921935294Z     DATE_BIN(INTERVAL '6 hours', time) AS bucket,
querier-1  | 2026-05-16T14:58:33.921936003Z     region,
querier-1  | 2026-05-16T14:58:33.921936669Z     AVG(temp) AS avg_temp,
querier-1  | 2026-05-16T14:58:33.921937336Z     APPROX_PERCENTILE_CONT(humidity, 0.95) AS p95_humidity
querier-1  | 2026-05-16T14:58:33.921938044Z FROM sensors
querier-1  | 2026-05-16T14:58:33.921938711Z WHERE time > now() - INTERVAL '8 weeks'
querier-1  | 2026-05-16T14:58:33.921939378Z GROUP BY bucket, region
querier-1  | 2026-05-16T14:58:33.921940086Z ORDER BY bucket, region query_params=Params { } issue_time=2026-05-16T14:58:33.884669419+00:00 partitions=280 parquet_files=4480 deduplicated_partitions=280 deduplicated_parquet_files=4480 plan_duration_secs=0.036264709 permit_duration_secs=0.000886958 success=false running=true cancelled=false
querier-1  | 2026-05-16T14:58:33.922073919Z 2026-05-16T14:58:33.922018Z  INFO iox_query::query_log: query when="success" id=3a85babc-3bd8-472e-8a92-c7e516957051 namespace_id=0 namespace_name="influxdb3 oss" query_type="sql" query_text=-- 6-hour downsampling over an 8-week window. Touches most parquet files
querier-1  | 2026-05-16T14:58:33.922079544Z -- since timestamps span the entire generated range; aggregation work is
querier-1  | 2026-05-16T14:58:33.922080836Z -- dominated by group-by and merge across many files. 6h bins keep result
querier-1  | 2026-05-16T14:58:33.922081711Z -- cardinality manageable while still exercising the full date range.
querier-1  | 2026-05-16T14:58:33.922082544Z SELECT
querier-1  | 2026-05-16T14:58:33.922085836Z     DATE_BIN(INTERVAL '6 hours', time) AS bucket,
querier-1  | 2026-05-16T14:58:33.922086544Z     region,
querier-1  | 2026-05-16T14:58:33.922087086Z     AVG(temp) AS avg_temp,
querier-1  | 2026-05-16T14:58:33.922087669Z     APPROX_PERCENTILE_CONT(humidity, 0.95) AS p95_humidity
querier-1  | 2026-05-16T14:58:33.922088378Z FROM sensors
querier-1  | 2026-05-16T14:58:33.922088961Z WHERE time > now() - INTERVAL '8 weeks'
querier-1  | 2026-05-16T14:58:33.922089628Z GROUP BY bucket, region
querier-1  | 2026-05-16T14:58:33.922090253Z ORDER BY bucket, region query_params=Params { } issue_time=2026-05-16T14:58:33.884669419+00:00 partitions=280 parquet_files=4480 deduplicated_partitions=280 deduplicated_parquet_files=4480 plan_duration_secs=0.036264709 permit_duration_secs=0.000886958 execute_duration_secs=0.000187208 end2end_duration_secs=0.037347875 compute_duration_secs=6.894e-5 max_memory=0 ingester_metrics.latency_to_plan_secs=0.0 ingester_metrics.latency_to_full_data_secs=0.0 ingester_metrics.response_rows=0 ingester_metrics.partition_count=0 ingester_metrics.response_size=0 success=true running=false cancelled=false
querier-1  | 2026-05-16T14:58:34.668566045Z 2026-05-16T14:58:34.668475Z  INFO influxdb3_server::http: handling query_sql database=bench query_str=-- 6-hour downsampling over an 8-week window. Touches most parquet files
querier-1  | 2026-05-16T14:58:34.668592711Z -- since timestamps span the entire generated range; aggregation work is
querier-1  | 2026-05-16T14:58:34.668594253Z -- dominated by group-by and merge across many files. 6h bins keep result
querier-1  | 2026-05-16T14:58:34.668594920Z -- cardinality manageable while still exercising the full date range.
querier-1  | 2026-05-16T14:58:34.668595586Z SELECT
querier-1  | 2026-05-16T14:58:34.668596170Z     DATE_BIN(INTERVAL '6 hours', time) AS bucket,
querier-1  | 2026-05-16T14:58:34.668596836Z     region,
querier-1  | 2026-05-16T14:58:34.668597420Z     AVG(temp) AS avg_temp,
querier-1  | 2026-05-16T14:58:34.668598003Z     APPROX_PERCENTILE_CONT(humidity, 0.95) AS p95_humidity
querier-1  | 2026-05-16T14:58:34.668598628Z FROM sensors
querier-1  | 2026-05-16T14:58:34.668599170Z WHERE time > now() - INTERVAL '8 weeks'
querier-1  | 2026-05-16T14:58:34.668599920Z GROUP BY bucket, region
querier-1  | 2026-05-16T14:58:34.668600545Z ORDER BY bucket, region format=Csv
querier-1  | 2026-05-16T14:58:34.668601128Z 2026-05-16T14:58:34.668502Z  INFO influxdb3_server::query_executor: executing sql query database=bench query=-- 6-hour downsampling over an 8-week window. Touches most parquet files
querier-1  | 2026-05-16T14:58:34.668601878Z -- since timestamps span the entire generated range; aggregation work is
querier-1  | 2026-05-16T14:58:34.668602503Z -- dominated by group-by and merge across many files. 6h bins keep result
querier-1  | 2026-05-16T14:58:34.668603086Z -- cardinality manageable while still exercising the full date range.
querier-1  | 2026-05-16T14:58:34.668603670Z SELECT
querier-1  | 2026-05-16T14:58:34.668604253Z     DATE_BIN(INTERVAL '6 hours', time) AS bucket,
querier-1  | 2026-05-16T14:58:34.668604836Z     region,
querier-1  | 2026-05-16T14:58:34.668605378Z     AVG(temp) AS avg_temp,
querier-1  | 2026-05-16T14:58:34.668605920Z     APPROX_PERCENTILE_CONT(humidity, 0.95) AS p95_humidity
querier-1  | 2026-05-16T14:58:34.668606503Z FROM sensors
querier-1  | 2026-05-16T14:58:34.668607045Z WHERE time > now() - INTERVAL '8 weeks'
querier-1  | 2026-05-16T14:58:34.668607670Z GROUP BY bucket, region
querier-1  | 2026-05-16T14:58:34.668608211Z ORDER BY bucket, region params=None
querier-1  | 2026-05-16T14:58:34.668608920Z 2026-05-16T14:58:34.668531Z  INFO iox_query::query_log: query when="received" id=67251a45-0436-42ad-964b-8410b454d885 namespace_id=0 namespace_name="influxdb3 oss" query_type="sql" query_text=-- 6-hour downsampling over an 8-week window. Touches most parquet files
querier-1  | 2026-05-16T14:58:34.668609878Z -- since timestamps span the entire generated range; aggregation work is
querier-1  | 2026-05-16T14:58:34.668610503Z -- dominated by group-by and merge across many files. 6h bins keep result
querier-1  | 2026-05-16T14:58:34.668611086Z -- cardinality manageable while still exercising the full date range.
querier-1  | 2026-05-16T14:58:34.668611711Z SELECT
querier-1  | 2026-05-16T14:58:34.668612253Z     DATE_BIN(INTERVAL '6 hours', time) AS bucket,
querier-1  | 2026-05-16T14:58:34.668612795Z     region,
querier-1  | 2026-05-16T14:58:34.668614545Z     AVG(temp) AS avg_temp,
querier-1  | 2026-05-16T14:58:34.668615128Z     APPROX_PERCENTILE_CONT(humidity, 0.95) AS p95_humidity
querier-1  | 2026-05-16T14:58:34.668615711Z FROM sensors
querier-1  | 2026-05-16T14:58:34.668616253Z WHERE time > now() - INTERVAL '8 weeks'
querier-1  | 2026-05-16T14:58:34.668616795Z GROUP BY bucket, region
querier-1  | 2026-05-16T14:58:34.668617545Z ORDER BY bucket, region query_params=Params { } issue_time=2026-05-16T14:58:34.668530336+00:00 success=false running=true cancelled=false
querier-1  | 2026-05-16T14:58:34.684719128Z 2026-05-16T14:58:34.684602Z  WARN iox_query::physical_optimizer::dedup::split: cannot split dedup operation, fanout too wide n_split=280 max_dedup_split=100
querier-1  | 2026-05-16T14:58:34.706801586Z 2026-05-16T14:58:34.706692Z  INFO iox_query::query_log: query when="planned" id=67251a45-0436-42ad-964b-8410b454d885 namespace_id=0 namespace_name="influxdb3 oss" query_type="sql" query_text=-- 6-hour downsampling over an 8-week window. Touches most parquet files
querier-1  | 2026-05-16T14:58:34.706816836Z -- since timestamps span the entire generated range; aggregation work is
querier-1  | 2026-05-16T14:58:34.706817670Z -- dominated by group-by and merge across many files. 6h bins keep result
querier-1  | 2026-05-16T14:58:34.706818378Z -- cardinality manageable while still exercising the full date range.
querier-1  | 2026-05-16T14:58:34.706819045Z SELECT
querier-1  | 2026-05-16T14:58:34.706819586Z     DATE_BIN(INTERVAL '6 hours', time) AS bucket,
querier-1  | 2026-05-16T14:58:34.706820211Z     region,
querier-1  | 2026-05-16T14:58:34.706820795Z     AVG(temp) AS avg_temp,
querier-1  | 2026-05-16T14:58:34.706821378Z     APPROX_PERCENTILE_CONT(humidity, 0.95) AS p95_humidity
querier-1  | 2026-05-16T14:58:34.706821961Z FROM sensors
querier-1  | 2026-05-16T14:58:34.706822545Z WHERE time > now() - INTERVAL '8 weeks'
querier-1  | 2026-05-16T14:58:34.706823545Z GROUP BY bucket, region
querier-1  | 2026-05-16T14:58:34.706824336Z ORDER BY bucket, region query_params=Params { } issue_time=2026-05-16T14:58:34.668530336+00:00 partitions=280 parquet_files=4480 deduplicated_partitions=280 deduplicated_parquet_files=4480 plan_duration_secs=0.037302959 success=false running=true cancelled=false
querier-1  | 2026-05-16T14:58:34.706825295Z 2026-05-16T14:58:34.706716Z  INFO iox_query::query_log: query when="permit" id=67251a45-0436-42ad-964b-8410b454d885 namespace_id=0 namespace_name="influxdb3 oss" query_type="sql" query_text=-- 6-hour downsampling over an 8-week window. Touches most parquet files
querier-1  | 2026-05-16T14:58:34.706826461Z -- since timestamps span the entire generated range; aggregation work is
querier-1  | 2026-05-16T14:58:34.706829878Z -- dominated by group-by and merge across many files. 6h bins keep result
querier-1  | 2026-05-16T14:58:34.706830628Z -- cardinality manageable while still exercising the full date range.
querier-1  | 2026-05-16T14:58:34.706831378Z SELECT
querier-1  | 2026-05-16T14:58:34.706832045Z     DATE_BIN(INTERVAL '6 hours', time) AS bucket,
querier-1  | 2026-05-16T14:58:34.706832753Z     region,
querier-1  | 2026-05-16T14:58:34.706833420Z     AVG(temp) AS avg_temp,
querier-1  | 2026-05-16T14:58:34.706834128Z     APPROX_PERCENTILE_CONT(humidity, 0.95) AS p95_humidity
querier-1  | 2026-05-16T14:58:34.706842670Z FROM sensors
querier-1  | 2026-05-16T14:58:34.706843461Z WHERE time > now() - INTERVAL '8 weeks'
querier-1  | 2026-05-16T14:58:34.706844128Z GROUP BY bucket, region
querier-1  | 2026-05-16T14:58:34.706844753Z ORDER BY bucket, region query_params=Params { } issue_time=2026-05-16T14:58:34.668530336+00:00 partitions=280 parquet_files=4480 deduplicated_partitions=280 deduplicated_parquet_files=4480 plan_duration_secs=0.037302959 permit_duration_secs=0.000882791 success=false running=true cancelled=false
querier-1  | 2026-05-16T14:58:34.707084420Z 2026-05-16T14:58:34.707022Z  INFO iox_query::query_log: query when="success" id=67251a45-0436-42ad-964b-8410b454d885 namespace_id=0 namespace_name="influxdb3 oss" query_type="sql" query_text=-- 6-hour downsampling over an 8-week window. Touches most parquet files
querier-1  | 2026-05-16T14:58:34.707089586Z -- since timestamps span the entire generated range; aggregation work is
querier-1  | 2026-05-16T14:58:34.707090753Z -- dominated by group-by and merge across many files. 6h bins keep result
querier-1  | 2026-05-16T14:58:34.707091503Z -- cardinality manageable while still exercising the full date range.
querier-1  | 2026-05-16T14:58:34.707092170Z SELECT
querier-1  | 2026-05-16T14:58:34.707092795Z     DATE_BIN(INTERVAL '6 hours', time) AS bucket,
querier-1  | 2026-05-16T14:58:34.707093461Z     region,
querier-1  | 2026-05-16T14:58:34.707094086Z     AVG(temp) AS avg_temp,
querier-1  | 2026-05-16T14:58:34.707094711Z     APPROX_PERCENTILE_CONT(humidity, 0.95) AS p95_humidity
querier-1  | 2026-05-16T14:58:34.707095378Z FROM sensors
querier-1  | 2026-05-16T14:58:34.707095961Z WHERE time > now() - INTERVAL '8 weeks'
querier-1  | 2026-05-16T14:58:34.707096628Z GROUP BY bucket, region
querier-1  | 2026-05-16T14:58:34.707097253Z ORDER BY bucket, region query_params=Params { } issue_time=2026-05-16T14:58:34.668530336+00:00 partitions=280 parquet_files=4480 deduplicated_partitions=280 deduplicated_parquet_files=4480 plan_duration_secs=0.037302959 permit_duration_secs=0.000882791 execute_duration_secs=0.000281709 end2end_duration_secs=0.038490667 compute_duration_secs=0.000198251 max_memory=0 ingester_metrics.latency_to_plan_secs=0.0 ingester_metrics.latency_to_full_data_secs=0.0 ingester_metrics.response_rows=0 ingester_metrics.partition_count=0 ingester_metrics.response_size=0 success=true running=false cancelled=false
querier-1  | 2026-05-16T14:58:35.482790378Z 2026-05-16T14:58:35.482724Z  INFO influxdb3_server::http: handling query_sql database=bench query_str=-- 6-hour downsampling over an 8-week window. Touches most parquet files
querier-1  | 2026-05-16T14:58:35.482800837Z -- since timestamps span the entire generated range; aggregation work is
querier-1  | 2026-05-16T14:58:35.482802045Z -- dominated by group-by and merge across many files. 6h bins keep result
querier-1  | 2026-05-16T14:58:35.482802878Z -- cardinality manageable while still exercising the full date range.
querier-1  | 2026-05-16T14:58:35.482803587Z SELECT
querier-1  | 2026-05-16T14:58:35.482804170Z     DATE_BIN(INTERVAL '6 hours', time) AS bucket,
querier-1  | 2026-05-16T14:58:35.482805003Z     region,
querier-1  | 2026-05-16T14:58:35.482805587Z     AVG(temp) AS avg_temp,
querier-1  | 2026-05-16T14:58:35.482806170Z     APPROX_PERCENTILE_CONT(humidity, 0.95) AS p95_humidity
querier-1  | 2026-05-16T14:58:35.482806837Z FROM sensors
querier-1  | 2026-05-16T14:58:35.482814587Z WHERE time > now() - INTERVAL '8 weeks'
querier-1  | 2026-05-16T14:58:35.482815462Z GROUP BY bucket, region
querier-1  | 2026-05-16T14:58:35.482816003Z ORDER BY bucket, region format=Csv
querier-1  | 2026-05-16T14:58:35.482816628Z 2026-05-16T14:58:35.482744Z  INFO influxdb3_server::query_executor: executing sql query database=bench query=-- 6-hour downsampling over an 8-week window. Touches most parquet files
querier-1  | 2026-05-16T14:58:35.482817420Z -- since timestamps span the entire generated range; aggregation work is
querier-1  | 2026-05-16T14:58:35.482818045Z -- dominated by group-by and merge across many files. 6h bins keep result
querier-1  | 2026-05-16T14:58:35.482818670Z -- cardinality manageable while still exercising the full date range.
querier-1  | 2026-05-16T14:58:35.482819295Z SELECT
querier-1  | 2026-05-16T14:58:35.482819837Z     DATE_BIN(INTERVAL '6 hours', time) AS bucket,
querier-1  | 2026-05-16T14:58:35.482820503Z     region,
querier-1  | 2026-05-16T14:58:35.482821045Z     AVG(temp) AS avg_temp,
querier-1  | 2026-05-16T14:58:35.482821628Z     APPROX_PERCENTILE_CONT(humidity, 0.95) AS p95_humidity
querier-1  | 2026-05-16T14:58:35.482822212Z FROM sensors
querier-1  | 2026-05-16T14:58:35.482822712Z WHERE time > now() - INTERVAL '8 weeks'
querier-1  | 2026-05-16T14:58:35.482823253Z GROUP BY bucket, region
querier-1  | 2026-05-16T14:58:35.482823795Z ORDER BY bucket, region params=None
querier-1  | 2026-05-16T14:58:35.482826253Z 2026-05-16T14:58:35.482770Z  INFO iox_query::query_log: query when="received" id=c7c34371-aba8-4103-8555-865ca74f39e7 namespace_id=0 namespace_name="influxdb3 oss" query_type="sql" query_text=-- 6-hour downsampling over an 8-week window. Touches most parquet files
querier-1  | 2026-05-16T14:58:35.482827295Z -- since timestamps span the entire generated range; aggregation work is
querier-1  | 2026-05-16T14:58:35.482827837Z -- dominated by group-by and merge across many files. 6h bins keep result
querier-1  | 2026-05-16T14:58:35.482828378Z -- cardinality manageable while still exercising the full date range.
querier-1  | 2026-05-16T14:58:35.482828920Z SELECT
querier-1  | 2026-05-16T14:58:35.482829420Z     DATE_BIN(INTERVAL '6 hours', time) AS bucket,
querier-1  | 2026-05-16T14:58:35.482829962Z     region,
querier-1  | 2026-05-16T14:58:35.482830420Z     AVG(temp) AS avg_temp,
querier-1  | 2026-05-16T14:58:35.482830920Z     APPROX_PERCENTILE_CONT(humidity, 0.95) AS p95_humidity
querier-1  | 2026-05-16T14:58:35.482831462Z FROM sensors
querier-1  | 2026-05-16T14:58:35.482831920Z WHERE time > now() - INTERVAL '8 weeks'
querier-1  | 2026-05-16T14:58:35.482832462Z GROUP BY bucket, region
querier-1  | 2026-05-16T14:58:35.482833003Z ORDER BY bucket, region query_params=Params { } issue_time=2026-05-16T14:58:35.482769045+00:00 success=false running=true cancelled=false
querier-1  | 2026-05-16T14:58:35.499136628Z 2026-05-16T14:58:35.499030Z  WARN iox_query::physical_optimizer::dedup::split: cannot split dedup operation, fanout too wide n_split=280 max_dedup_split=100
querier-1  | 2026-05-16T14:58:35.519962962Z 2026-05-16T14:58:35.519849Z  INFO iox_query::query_log: query when="planned" id=c7c34371-aba8-4103-8555-865ca74f39e7 namespace_id=0 namespace_name="influxdb3 oss" query_type="sql" query_text=-- 6-hour downsampling over an 8-week window. Touches most parquet files
querier-1  | 2026-05-16T14:58:35.519988503Z -- since timestamps span the entire generated range; aggregation work is
querier-1  | 2026-05-16T14:58:35.519989462Z -- dominated by group-by and merge across many files. 6h bins keep result
querier-1  | 2026-05-16T14:58:35.519990212Z -- cardinality manageable while still exercising the full date range.
querier-1  | 2026-05-16T14:58:35.519993045Z SELECT
querier-1  | 2026-05-16T14:58:35.519993628Z     DATE_BIN(INTERVAL '6 hours', time) AS bucket,
querier-1  | 2026-05-16T14:58:35.519994295Z     region,
querier-1  | 2026-05-16T14:58:35.519994837Z     AVG(temp) AS avg_temp,
querier-1  | 2026-05-16T14:58:35.519995420Z     APPROX_PERCENTILE_CONT(humidity, 0.95) AS p95_humidity
querier-1  | 2026-05-16T14:58:35.519996045Z FROM sensors
querier-1  | 2026-05-16T14:58:35.519996587Z WHERE time > now() - INTERVAL '8 weeks'
querier-1  | 2026-05-16T14:58:35.519997462Z GROUP BY bucket, region
querier-1  | 2026-05-16T14:58:35.519998128Z ORDER BY bucket, region query_params=Params { } issue_time=2026-05-16T14:58:35.482769045+00:00 partitions=280 parquet_files=4480 deduplicated_partitions=280 deduplicated_parquet_files=4480 plan_duration_secs=0.036212958 success=false running=true cancelled=false
querier-1  | 2026-05-16T14:58:35.519998920Z 2026-05-16T14:58:35.519878Z  INFO iox_query::query_log: query when="permit" id=c7c34371-aba8-4103-8555-865ca74f39e7 namespace_id=0 namespace_name="influxdb3 oss" query_type="sql" query_text=-- 6-hour downsampling over an 8-week window. Touches most parquet files
querier-1  | 2026-05-16T14:58:35.519999837Z -- since timestamps span the entire generated range; aggregation work is
querier-1  | 2026-05-16T14:58:35.520000462Z -- dominated by group-by and merge across many files. 6h bins keep result
querier-1  | 2026-05-16T14:58:35.520001045Z -- cardinality manageable while still exercising the full date range.
querier-1  | 2026-05-16T14:58:35.520001670Z SELECT
querier-1  | 2026-05-16T14:58:35.520002212Z     DATE_BIN(INTERVAL '6 hours', time) AS bucket,
querier-1  | 2026-05-16T14:58:35.520002795Z     region,
querier-1  | 2026-05-16T14:58:35.520003337Z     AVG(temp) AS avg_temp,
querier-1  | 2026-05-16T14:58:35.520003920Z     APPROX_PERCENTILE_CONT(humidity, 0.95) AS p95_humidity
querier-1  | 2026-05-16T14:58:35.520004503Z FROM sensors
querier-1  | 2026-05-16T14:58:35.520005045Z WHERE time > now() - INTERVAL '8 weeks'
querier-1  | 2026-05-16T14:58:35.520005628Z GROUP BY bucket, region
querier-1  | 2026-05-16T14:58:35.520006170Z ORDER BY bucket, region query_params=Params { } issue_time=2026-05-16T14:58:35.482769045+00:00 partitions=280 parquet_files=4480 deduplicated_partitions=280 deduplicated_parquet_files=4480 plan_duration_secs=0.036212958 permit_duration_secs=0.000896334 success=false running=true cancelled=false
querier-1  | 2026-05-16T14:58:35.520253128Z 2026-05-16T14:58:35.520173Z  INFO iox_query::query_log: query when="success" id=c7c34371-aba8-4103-8555-865ca74f39e7 namespace_id=0 namespace_name="influxdb3 oss" query_type="sql" query_text=-- 6-hour downsampling over an 8-week window. Touches most parquet files
querier-1  | 2026-05-16T14:58:35.520259128Z -- since timestamps span the entire generated range; aggregation work is
querier-1  | 2026-05-16T14:58:35.520264462Z -- dominated by group-by and merge across many files. 6h bins keep result
querier-1  | 2026-05-16T14:58:35.520266378Z -- cardinality manageable while still exercising the full date range.
querier-1  | 2026-05-16T14:58:35.520267253Z SELECT
querier-1  | 2026-05-16T14:58:35.520268003Z     DATE_BIN(INTERVAL '6 hours', time) AS bucket,
querier-1  | 2026-05-16T14:58:35.520268753Z     region,
querier-1  | 2026-05-16T14:58:35.520269462Z     AVG(temp) AS avg_temp,
querier-1  | 2026-05-16T14:58:35.520270253Z     APPROX_PERCENTILE_CONT(humidity, 0.95) AS p95_humidity
querier-1  | 2026-05-16T14:58:35.520271003Z FROM sensors
querier-1  | 2026-05-16T14:58:35.520271712Z WHERE time > now() - INTERVAL '8 weeks'
querier-1  | 2026-05-16T14:58:35.520272587Z GROUP BY bucket, region
querier-1  | 2026-05-16T14:58:35.520273378Z ORDER BY bucket, region query_params=Params { } issue_time=2026-05-16T14:58:35.482769045+00:00 partitions=280 parquet_files=4480 deduplicated_partitions=280 deduplicated_parquet_files=4480 plan_duration_secs=0.036212958 permit_duration_secs=0.000896334 execute_duration_secs=0.000266041 end2end_duration_secs=0.0374025 compute_duration_secs=0.000175626 max_memory=0 ingester_metrics.latency_to_plan_secs=0.0 ingester_metrics.latency_to_full_data_secs=0.0 ingester_metrics.response_rows=0 ingester_metrics.partition_count=0 ingester_metrics.response_size=0 success=true running=false cancelled=false
querier-1  | 2026-05-16T14:58:36.257264212Z 2026-05-16T14:58:36.257200Z  INFO influxdb3_server::http: handling query_sql database=bench query_str=-- 6-hour downsampling over an 8-week window. Touches most parquet files
querier-1  | 2026-05-16T14:58:36.257273337Z -- since timestamps span the entire generated range; aggregation work is
querier-1  | 2026-05-16T14:58:36.257274629Z -- dominated by group-by and merge across many files. 6h bins keep result
querier-1  | 2026-05-16T14:58:36.257275420Z -- cardinality manageable while still exercising the full date range.
querier-1  | 2026-05-16T14:58:36.257276087Z SELECT
querier-1  | 2026-05-16T14:58:36.257276712Z     DATE_BIN(INTERVAL '6 hours', time) AS bucket,
querier-1  | 2026-05-16T14:58:36.257277337Z     region,
querier-1  | 2026-05-16T14:58:36.257277920Z     AVG(temp) AS avg_temp,
querier-1  | 2026-05-16T14:58:36.257278545Z     APPROX_PERCENTILE_CONT(humidity, 0.95) AS p95_humidity
querier-1  | 2026-05-16T14:58:36.257279170Z FROM sensors
querier-1  | 2026-05-16T14:58:36.257279712Z WHERE time > now() - INTERVAL '8 weeks'
querier-1  | 2026-05-16T14:58:36.257280462Z GROUP BY bucket, region
querier-1  | 2026-05-16T14:58:36.257281045Z ORDER BY bucket, region format=Csv
querier-1  | 2026-05-16T14:58:36.257281670Z 2026-05-16T14:58:36.257221Z  INFO influxdb3_server::query_executor: executing sql query database=bench query=-- 6-hour downsampling over an 8-week window. Touches most parquet files
querier-1  | 2026-05-16T14:58:36.257282462Z -- since timestamps span the entire generated range; aggregation work is
querier-1  | 2026-05-16T14:58:36.257283087Z -- dominated by group-by and merge across many files. 6h bins keep result
querier-1  | 2026-05-16T14:58:36.257283712Z -- cardinality manageable while still exercising the full date range.
querier-1  | 2026-05-16T14:58:36.257284337Z SELECT
querier-1  | 2026-05-16T14:58:36.257292295Z     DATE_BIN(INTERVAL '6 hours', time) AS bucket,
querier-1  | 2026-05-16T14:58:36.257293004Z     region,
querier-1  | 2026-05-16T14:58:36.257293545Z     AVG(temp) AS avg_temp,
querier-1  | 2026-05-16T14:58:36.257294129Z     APPROX_PERCENTILE_CONT(humidity, 0.95) AS p95_humidity
querier-1  | 2026-05-16T14:58:36.257294712Z FROM sensors
querier-1  | 2026-05-16T14:58:36.257295212Z WHERE time > now() - INTERVAL '8 weeks'
querier-1  | 2026-05-16T14:58:36.257295837Z GROUP BY bucket, region
querier-1  | 2026-05-16T14:58:36.257296379Z ORDER BY bucket, region params=None
querier-1  | 2026-05-16T14:58:36.257299004Z 2026-05-16T14:58:36.257247Z  INFO iox_query::query_log: query when="received" id=d7a53a84-d235-41ce-b5fa-aa90cdac1a38 namespace_id=0 namespace_name="influxdb3 oss" query_type="sql" query_text=-- 6-hour downsampling over an 8-week window. Touches most parquet files
querier-1  | 2026-05-16T14:58:36.257300129Z -- since timestamps span the entire generated range; aggregation work is
querier-1  | 2026-05-16T14:58:36.257300712Z -- dominated by group-by and merge across many files. 6h bins keep result
querier-1  | 2026-05-16T14:58:36.257301254Z -- cardinality manageable while still exercising the full date range.
querier-1  | 2026-05-16T14:58:36.257301795Z SELECT
querier-1  | 2026-05-16T14:58:36.257302295Z     DATE_BIN(INTERVAL '6 hours', time) AS bucket,
querier-1  | 2026-05-16T14:58:36.257302795Z     region,
querier-1  | 2026-05-16T14:58:36.257303295Z     AVG(temp) AS avg_temp,
querier-1  | 2026-05-16T14:58:36.257303795Z     APPROX_PERCENTILE_CONT(humidity, 0.95) AS p95_humidity
querier-1  | 2026-05-16T14:58:36.257304295Z FROM sensors
querier-1  | 2026-05-16T14:58:36.257304795Z WHERE time > now() - INTERVAL '8 weeks'
querier-1  | 2026-05-16T14:58:36.257305337Z GROUP BY bucket, region
querier-1  | 2026-05-16T14:58:36.257305879Z ORDER BY bucket, region query_params=Params { } issue_time=2026-05-16T14:58:36.257246670+00:00 success=false running=true cancelled=false
querier-1  | 2026-05-16T14:58:36.273363879Z 2026-05-16T14:58:36.273259Z  WARN iox_query::physical_optimizer::dedup::split: cannot split dedup operation, fanout too wide n_split=280 max_dedup_split=100
querier-1  | 2026-05-16T14:58:36.293417879Z 2026-05-16T14:58:36.293307Z  INFO iox_query::query_log: query when="planned" id=d7a53a84-d235-41ce-b5fa-aa90cdac1a38 namespace_id=0 namespace_name="influxdb3 oss" query_type="sql" query_text=-- 6-hour downsampling over an 8-week window. Touches most parquet files
querier-1  | 2026-05-16T14:58:36.293435337Z -- since timestamps span the entire generated range; aggregation work is
querier-1  | 2026-05-16T14:58:36.293436254Z -- dominated by group-by and merge across many files. 6h bins keep result
querier-1  | 2026-05-16T14:58:36.293436879Z -- cardinality manageable while still exercising the full date range.
querier-1  | 2026-05-16T14:58:36.293437504Z SELECT
querier-1  | 2026-05-16T14:58:36.293438087Z     DATE_BIN(INTERVAL '6 hours', time) AS bucket,
querier-1  | 2026-05-16T14:58:36.293438670Z     region,
querier-1  | 2026-05-16T14:58:36.293439254Z     AVG(temp) AS avg_temp,
querier-1  | 2026-05-16T14:58:36.293439795Z     APPROX_PERCENTILE_CONT(humidity, 0.95) AS p95_humidity
querier-1  | 2026-05-16T14:58:36.293448212Z FROM sensors
querier-1  | 2026-05-16T14:58:36.293449712Z WHERE time > now() - INTERVAL '8 weeks'
querier-1  | 2026-05-16T14:58:36.293450754Z GROUP BY bucket, region
querier-1  | 2026-05-16T14:58:36.293451337Z ORDER BY bucket, region query_params=Params { } issue_time=2026-05-16T14:58:36.257246670+00:00 partitions=280 parquet_files=4480 deduplicated_partitions=280 deduplicated_parquet_files=4480 plan_duration_secs=0.035232584 success=false running=true cancelled=false
querier-1  | 2026-05-16T14:58:36.293452129Z 2026-05-16T14:58:36.293334Z  INFO iox_query::query_log: query when="permit" id=d7a53a84-d235-41ce-b5fa-aa90cdac1a38 namespace_id=0 namespace_name="influxdb3 oss" query_type="sql" query_text=-- 6-hour downsampling over an 8-week window. Touches most parquet files
querier-1  | 2026-05-16T14:58:36.293453087Z -- since timestamps span the entire generated range; aggregation work is
querier-1  | 2026-05-16T14:58:36.293453837Z -- dominated by group-by and merge across many files. 6h bins keep result
querier-1  | 2026-05-16T14:58:36.293454587Z -- cardinality manageable while still exercising the full date range.
querier-1  | 2026-05-16T14:58:36.293455337Z SELECT
querier-1  | 2026-05-16T14:58:36.293456004Z     DATE_BIN(INTERVAL '6 hours', time) AS bucket,
querier-1  | 2026-05-16T14:58:36.293456712Z     region,
querier-1  | 2026-05-16T14:58:36.293457420Z     AVG(temp) AS avg_temp,
querier-1  | 2026-05-16T14:58:36.293458129Z     APPROX_PERCENTILE_CONT(humidity, 0.95) AS p95_humidity
querier-1  | 2026-05-16T14:58:36.293458795Z FROM sensors
querier-1  | 2026-05-16T14:58:36.293459379Z WHERE time > now() - INTERVAL '8 weeks'
querier-1  | 2026-05-16T14:58:36.293460004Z GROUP BY bucket, region
querier-1  | 2026-05-16T14:58:36.293460670Z ORDER BY bucket, region query_params=Params { } issue_time=2026-05-16T14:58:36.257246670+00:00 partitions=280 parquet_files=4480 deduplicated_partitions=280 deduplicated_parquet_files=4480 plan_duration_secs=0.035232584 permit_duration_secs=0.00085475 success=false running=true cancelled=false
querier-1  | 2026-05-16T14:58:36.293693754Z 2026-05-16T14:58:36.293633Z  INFO iox_query::query_log: query when="success" id=d7a53a84-d235-41ce-b5fa-aa90cdac1a38 namespace_id=0 namespace_name="influxdb3 oss" query_type="sql" query_text=-- 6-hour downsampling over an 8-week window. Touches most parquet files
querier-1  | 2026-05-16T14:58:36.293696837Z -- since timestamps span the entire generated range; aggregation work is
querier-1  | 2026-05-16T14:58:36.293697587Z -- dominated by group-by and merge across many files. 6h bins keep result
querier-1  | 2026-05-16T14:58:36.293698254Z -- cardinality manageable while still exercising the full date range.
querier-1  | 2026-05-16T14:58:36.293698879Z SELECT
querier-1  | 2026-05-16T14:58:36.293699420Z     DATE_BIN(INTERVAL '6 hours', time) AS bucket,
querier-1  | 2026-05-16T14:58:36.293700045Z     region,
querier-1  | 2026-05-16T14:58:36.293700587Z     AVG(temp) AS avg_temp,
querier-1  | 2026-05-16T14:58:36.293701129Z     APPROX_PERCENTILE_CONT(humidity, 0.95) AS p95_humidity
querier-1  | 2026-05-16T14:58:36.293701712Z FROM sensors
querier-1  | 2026-05-16T14:58:36.293702254Z WHERE time > now() - INTERVAL '8 weeks'
querier-1  | 2026-05-16T14:58:36.293702879Z GROUP BY bucket, region
querier-1  | 2026-05-16T14:58:36.293706545Z ORDER BY bucket, region query_params=Params { } issue_time=2026-05-16T14:58:36.257246670+00:00 partitions=280 parquet_files=4480 deduplicated_partitions=280 deduplicated_parquet_files=4480 plan_duration_secs=0.035232584 permit_duration_secs=0.00085475 execute_duration_secs=0.000269583 end2end_duration_secs=0.036385084 compute_duration_secs=0.000176457 max_memory=0 ingester_metrics.latency_to_plan_secs=0.0 ingester_metrics.latency_to_full_data_secs=0.0 ingester_metrics.response_rows=0 ingester_metrics.partition_count=0 ingester_metrics.response_size=0 success=true running=false cancelled=false
querier-1  | 2026-05-16T14:58:37.023011379Z 2026-05-16T14:58:37.022945Z  INFO influxdb3_server::http: handling query_sql database=bench query_str=-- 6-hour downsampling over an 8-week window. Touches most parquet files
querier-1  | 2026-05-16T14:58:37.023020796Z -- since timestamps span the entire generated range; aggregation work is
querier-1  | 2026-05-16T14:58:37.023022421Z -- dominated by group-by and merge across many files. 6h bins keep result
querier-1  | 2026-05-16T14:58:37.023023379Z -- cardinality manageable while still exercising the full date range.
querier-1  | 2026-05-16T14:58:37.023024129Z SELECT
querier-1  | 2026-05-16T14:58:37.023024754Z     DATE_BIN(INTERVAL '6 hours', time) AS bucket,
querier-1  | 2026-05-16T14:58:37.023025337Z     region,
querier-1  | 2026-05-16T14:58:37.023025921Z     AVG(temp) AS avg_temp,
querier-1  | 2026-05-16T14:58:37.023026504Z     APPROX_PERCENTILE_CONT(humidity, 0.95) AS p95_humidity
querier-1  | 2026-05-16T14:58:37.023027087Z FROM sensors
querier-1  | 2026-05-16T14:58:37.023027671Z WHERE time > now() - INTERVAL '8 weeks'
querier-1  | 2026-05-16T14:58:37.023029587Z GROUP BY bucket, region
querier-1  | 2026-05-16T14:58:37.023030171Z ORDER BY bucket, region format=Csv
querier-1  | 2026-05-16T14:58:37.023030796Z 2026-05-16T14:58:37.022967Z  INFO influxdb3_server::query_executor: executing sql query database=bench query=-- 6-hour downsampling over an 8-week window. Touches most parquet files
querier-1  | 2026-05-16T14:58:37.023031546Z -- since timestamps span the entire generated range; aggregation work is
querier-1  | 2026-05-16T14:58:37.023032129Z -- dominated by group-by and merge across many files. 6h bins keep result
querier-1  | 2026-05-16T14:58:37.023032754Z -- cardinality manageable while still exercising the full date range.
querier-1  | 2026-05-16T14:58:37.023033379Z SELECT
querier-1  | 2026-05-16T14:58:37.023033921Z     DATE_BIN(INTERVAL '6 hours', time) AS bucket,
querier-1  | 2026-05-16T14:58:37.023034504Z     region,
querier-1  | 2026-05-16T14:58:37.023035046Z     AVG(temp) AS avg_temp,
querier-1  | 2026-05-16T14:58:37.023035587Z     APPROX_PERCENTILE_CONT(humidity, 0.95) AS p95_humidity
querier-1  | 2026-05-16T14:58:37.023036212Z FROM sensors
querier-1  | 2026-05-16T14:58:37.023036754Z WHERE time > now() - INTERVAL '8 weeks'
querier-1  | 2026-05-16T14:58:37.023037296Z GROUP BY bucket, region
querier-1  | 2026-05-16T14:58:37.023037879Z ORDER BY bucket, region params=None
querier-1  | 2026-05-16T14:58:37.023040462Z 2026-05-16T14:58:37.022992Z  INFO iox_query::query_log: query when="received" id=87c44637-2fc6-492e-9152-4af7710af0a6 namespace_id=0 namespace_name="influxdb3 oss" query_type="sql" query_text=-- 6-hour downsampling over an 8-week window. Touches most parquet files
querier-1  | 2026-05-16T14:58:37.023047254Z -- since timestamps span the entire generated range; aggregation work is
querier-1  | 2026-05-16T14:58:37.023047921Z -- dominated by group-by and merge across many files. 6h bins keep result
querier-1  | 2026-05-16T14:58:37.023048462Z -- cardinality manageable while still exercising the full date range.
querier-1  | 2026-05-16T14:58:37.023049004Z SELECT
querier-1  | 2026-05-16T14:58:37.023049504Z     DATE_BIN(INTERVAL '6 hours', time) AS bucket,
querier-1  | 2026-05-16T14:58:37.023050129Z     region,
querier-1  | 2026-05-16T14:58:37.023050629Z     AVG(temp) AS avg_temp,
querier-1  | 2026-05-16T14:58:37.023051087Z     APPROX_PERCENTILE_CONT(humidity, 0.95) AS p95_humidity
querier-1  | 2026-05-16T14:58:37.023051629Z FROM sensors
querier-1  | 2026-05-16T14:58:37.023052129Z WHERE time > now() - INTERVAL '8 weeks'
querier-1  | 2026-05-16T14:58:37.023052629Z GROUP BY bucket, region
querier-1  | 2026-05-16T14:58:37.023053129Z ORDER BY bucket, region query_params=Params { } issue_time=2026-05-16T14:58:37.022991837+00:00 success=false running=true cancelled=false
querier-1  | 2026-05-16T14:58:37.038754254Z 2026-05-16T14:58:37.038671Z  WARN iox_query::physical_optimizer::dedup::split: cannot split dedup operation, fanout too wide n_split=280 max_dedup_split=100
querier-1  | 2026-05-16T14:58:37.058262962Z 2026-05-16T14:58:37.058156Z  INFO iox_query::query_log: query when="planned" id=87c44637-2fc6-492e-9152-4af7710af0a6 namespace_id=0 namespace_name="influxdb3 oss" query_type="sql" query_text=-- 6-hour downsampling over an 8-week window. Touches most parquet files
querier-1  | 2026-05-16T14:58:37.058282046Z -- since timestamps span the entire generated range; aggregation work is
querier-1  | 2026-05-16T14:58:37.058283462Z -- dominated by group-by and merge across many files. 6h bins keep result
querier-1  | 2026-05-16T14:58:37.058284504Z -- cardinality manageable while still exercising the full date range.
querier-1  | 2026-05-16T14:58:37.058285296Z SELECT
querier-1  | 2026-05-16T14:58:37.058286046Z     DATE_BIN(INTERVAL '6 hours', time) AS bucket,
querier-1  | 2026-05-16T14:58:37.058287004Z     region,
querier-1  | 2026-05-16T14:58:37.058287712Z     AVG(temp) AS avg_temp,
querier-1  | 2026-05-16T14:58:37.058288421Z     APPROX_PERCENTILE_CONT(humidity, 0.95) AS p95_humidity
querier-1  | 2026-05-16T14:58:37.058289296Z FROM sensors
querier-1  | 2026-05-16T14:58:37.058290004Z WHERE time > now() - INTERVAL '8 weeks'
querier-1  | 2026-05-16T14:58:37.058290962Z GROUP BY bucket, region
querier-1  | 2026-05-16T14:58:37.058291879Z ORDER BY bucket, region query_params=Params { } issue_time=2026-05-16T14:58:37.022991837+00:00 partitions=280 parquet_files=4480 deduplicated_partitions=280 deduplicated_parquet_files=4480 plan_duration_secs=0.034274917 success=false running=true cancelled=false
querier-1  | 2026-05-16T14:58:37.058293046Z 2026-05-16T14:58:37.058181Z  INFO iox_query::query_log: query when="permit" id=87c44637-2fc6-492e-9152-4af7710af0a6 namespace_id=0 namespace_name="influxdb3 oss" query_type="sql" query_text=-- 6-hour downsampling over an 8-week window. Touches most parquet files
querier-1  | 2026-05-16T14:58:37.058294212Z -- since timestamps span the entire generated range; aggregation work is
querier-1  | 2026-05-16T14:58:37.058303171Z -- dominated by group-by and merge across many files. 6h bins keep result
querier-1  | 2026-05-16T14:58:37.058303879Z -- cardinality manageable while still exercising the full date range.
querier-1  | 2026-05-16T14:58:37.058304462Z SELECT
querier-1  | 2026-05-16T14:58:37.058305004Z     DATE_BIN(INTERVAL '6 hours', time) AS bucket,
querier-1  | 2026-05-16T14:58:37.058305587Z     region,
querier-1  | 2026-05-16T14:58:37.058306129Z     AVG(temp) AS avg_temp,
querier-1  | 2026-05-16T14:58:37.058306712Z     APPROX_PERCENTILE_CONT(humidity, 0.95) AS p95_humidity
querier-1  | 2026-05-16T14:58:37.058307296Z FROM sensors
querier-1  | 2026-05-16T14:58:37.058307837Z WHERE time > now() - INTERVAL '8 weeks'
querier-1  | 2026-05-16T14:58:37.058308421Z GROUP BY bucket, region
querier-1  | 2026-05-16T14:58:37.058309004Z ORDER BY bucket, region query_params=Params { } issue_time=2026-05-16T14:58:37.022991837+00:00 partitions=280 parquet_files=4480 deduplicated_partitions=280 deduplicated_parquet_files=4480 plan_duration_secs=0.034274917 permit_duration_secs=0.000913833 success=false running=true cancelled=false
querier-1  | 2026-05-16T14:58:37.058554879Z 2026-05-16T14:58:37.058484Z  INFO iox_query::query_log: query when="success" id=87c44637-2fc6-492e-9152-4af7710af0a6 namespace_id=0 namespace_name="influxdb3 oss" query_type="sql" query_text=-- 6-hour downsampling over an 8-week window. Touches most parquet files
querier-1  | 2026-05-16T14:58:37.058561879Z -- since timestamps span the entire generated range; aggregation work is
querier-1  | 2026-05-16T14:58:37.058562879Z -- dominated by group-by and merge across many files. 6h bins keep result
querier-1  | 2026-05-16T14:58:37.058563629Z -- cardinality manageable while still exercising the full date range.
querier-1  | 2026-05-16T14:58:37.058564296Z SELECT
querier-1  | 2026-05-16T14:58:37.058564837Z     DATE_BIN(INTERVAL '6 hours', time) AS bucket,
querier-1  | 2026-05-16T14:58:37.058565462Z     region,
querier-1  | 2026-05-16T14:58:37.058566046Z     AVG(temp) AS avg_temp,
querier-1  | 2026-05-16T14:58:37.058566629Z     APPROX_PERCENTILE_CONT(humidity, 0.95) AS p95_humidity
querier-1  | 2026-05-16T14:58:37.058567254Z FROM sensors
querier-1  | 2026-05-16T14:58:37.058567796Z WHERE time > now() - INTERVAL '8 weeks'
querier-1  | 2026-05-16T14:58:37.058568462Z GROUP BY bucket, region
querier-1  | 2026-05-16T14:58:37.058569254Z ORDER BY bucket, region query_params=Params { } issue_time=2026-05-16T14:58:37.022991837+00:00 partitions=280 parquet_files=4480 deduplicated_partitions=280 deduplicated_parquet_files=4480 plan_duration_secs=0.034274917 permit_duration_secs=0.000913833 execute_duration_secs=0.000290584 end2end_duration_secs=0.035491917 compute_duration_secs=0.000207001 max_memory=0 ingester_metrics.latency_to_plan_secs=0.0 ingester_metrics.latency_to_full_data_secs=0.0 ingester_metrics.response_rows=0 ingester_metrics.partition_count=0 ingester_metrics.response_size=0 success=true running=false cancelled=false
querier-1  | 2026-05-16T14:58:37.803491588Z 2026-05-16T14:58:37.803422Z  INFO influxdb3_server::http: handling query_sql database=bench query_str=-- 1-week recent window — exercises the gen1-heavy tail. Most recent data
querier-1  | 2026-05-16T14:58:37.803499088Z -- still sits in many small gen1 files; compaction should already be
querier-1  | 2026-05-16T14:58:37.803509379Z -- promoting older portions of this window to gen2/3.
querier-1  | 2026-05-16T14:58:37.803510379Z SELECT region, AVG(temp), COUNT(*)
querier-1  | 2026-05-16T14:58:37.803511004Z FROM sensors
querier-1  | 2026-05-16T14:58:37.803512588Z WHERE time > now() - INTERVAL '1 week'
querier-1  | 2026-05-16T14:58:37.803513338Z GROUP BY region format=Csv
querier-1  | 2026-05-16T14:58:37.803513963Z 2026-05-16T14:58:37.803444Z  INFO influxdb3_server::query_executor: executing sql query database=bench query=-- 1-week recent window — exercises the gen1-heavy tail. Most recent data
querier-1  | 2026-05-16T14:58:37.803514713Z -- still sits in many small gen1 files; compaction should already be
querier-1  | 2026-05-16T14:58:37.803515338Z -- promoting older portions of this window to gen2/3.
querier-1  | 2026-05-16T14:58:37.803515921Z SELECT region, AVG(temp), COUNT(*)
querier-1  | 2026-05-16T14:58:37.803516463Z FROM sensors
querier-1  | 2026-05-16T14:58:37.803517004Z WHERE time > now() - INTERVAL '1 week'
querier-1  | 2026-05-16T14:58:37.803517629Z GROUP BY region params=None
querier-1  | 2026-05-16T14:58:37.803518921Z 2026-05-16T14:58:37.803471Z  INFO iox_query::query_log: query when="received" id=88bc4cff-08da-44f3-b79d-987e153d5319 namespace_id=0 namespace_name="influxdb3 oss" query_type="sql" query_text=-- 1-week recent window — exercises the gen1-heavy tail. Most recent data
querier-1  | 2026-05-16T14:58:37.803520171Z -- still sits in many small gen1 files; compaction should already be
querier-1  | 2026-05-16T14:58:37.803520796Z -- promoting older portions of this window to gen2/3.
querier-1  | 2026-05-16T14:58:37.803521421Z SELECT region, AVG(temp), COUNT(*)
querier-1  | 2026-05-16T14:58:37.803522004Z FROM sensors
querier-1  | 2026-05-16T14:58:37.803522546Z WHERE time > now() - INTERVAL '1 week'
querier-1  | 2026-05-16T14:58:37.803523171Z GROUP BY region query_params=Params { } issue_time=2026-05-16T14:58:37.803470254+00:00 success=false running=true cancelled=false
querier-1  | 2026-05-16T14:58:37.820650213Z 2026-05-16T14:58:37.820556Z  INFO iox_query::query_log: query when="planned" id=88bc4cff-08da-44f3-b79d-987e153d5319 namespace_id=0 namespace_name="influxdb3 oss" query_type="sql" query_text=-- 1-week recent window — exercises the gen1-heavy tail. Most recent data
querier-1  | 2026-05-16T14:58:37.820666046Z -- still sits in many small gen1 files; compaction should already be
querier-1  | 2026-05-16T14:58:37.820667129Z -- promoting older portions of this window to gen2/3.
querier-1  | 2026-05-16T14:58:37.820667879Z SELECT region, AVG(temp), COUNT(*)
querier-1  | 2026-05-16T14:58:37.820668629Z FROM sensors
querier-1  | 2026-05-16T14:58:37.820669338Z WHERE time > now() - INTERVAL '1 week'
querier-1  | 2026-05-16T14:58:37.820670338Z GROUP BY region query_params=Params { } issue_time=2026-05-16T14:58:37.803470254+00:00 partitions=35 parquet_files=560 deduplicated_partitions=35 deduplicated_parquet_files=560 plan_duration_secs=0.016954625 success=false running=true cancelled=false
querier-1  | 2026-05-16T14:58:37.820671296Z 2026-05-16T14:58:37.820579Z  INFO iox_query::query_log: query when="permit" id=88bc4cff-08da-44f3-b79d-987e153d5319 namespace_id=0 namespace_name="influxdb3 oss" query_type="sql" query_text=-- 1-week recent window — exercises the gen1-heavy tail. Most recent data
querier-1  | 2026-05-16T14:58:37.820678588Z -- still sits in many small gen1 files; compaction should already be
querier-1  | 2026-05-16T14:58:37.820679254Z -- promoting older portions of this window to gen2/3.
querier-1  | 2026-05-16T14:58:37.820679838Z SELECT region, AVG(temp), COUNT(*)
querier-1  | 2026-05-16T14:58:37.820680421Z FROM sensors
querier-1  | 2026-05-16T14:58:37.820680963Z WHERE time > now() - INTERVAL '1 week'
querier-1  | 2026-05-16T14:58:37.820681588Z GROUP BY region query_params=Params { } issue_time=2026-05-16T14:58:37.803470254+00:00 partitions=35 parquet_files=560 deduplicated_partitions=35 deduplicated_parquet_files=560 plan_duration_secs=0.016954625 permit_duration_secs=0.000153917 success=false running=true cancelled=false
querier-1  | 2026-05-16T14:58:37.820746504Z 2026-05-16T14:58:37.820681Z  INFO iox_query::query_log: query when="success" id=88bc4cff-08da-44f3-b79d-987e153d5319 namespace_id=0 namespace_name="influxdb3 oss" query_type="sql" query_text=-- 1-week recent window — exercises the gen1-heavy tail. Most recent data
querier-1  | 2026-05-16T14:58:37.820757546Z -- still sits in many small gen1 files; compaction should already be
querier-1  | 2026-05-16T14:58:37.820759088Z -- promoting older portions of this window to gen2/3.
querier-1  | 2026-05-16T14:58:37.820760046Z SELECT region, AVG(temp), COUNT(*)
querier-1  | 2026-05-16T14:58:37.820760838Z FROM sensors
querier-1  | 2026-05-16T14:58:37.820761588Z WHERE time > now() - INTERVAL '1 week'
querier-1  | 2026-05-16T14:58:37.820762671Z GROUP BY region query_params=Params { } issue_time=2026-05-16T14:58:37.803470254+00:00 partitions=35 parquet_files=560 deduplicated_partitions=35 deduplicated_parquet_files=560 plan_duration_secs=0.016954625 permit_duration_secs=0.000153917 execute_duration_secs=8.5e-5 end2end_duration_secs=0.017210167 compute_duration_secs=2.3253e-5 max_memory=0 ingester_metrics.latency_to_plan_secs=0.0 ingester_metrics.latency_to_full_data_secs=0.0 ingester_metrics.response_rows=0 ingester_metrics.partition_count=0 ingester_metrics.response_size=0 success=true running=false cancelled=false
querier-1  | 2026-05-16T14:58:37.881929546Z 2026-05-16T14:58:37.881851Z  INFO influxdb3_server::http: handling query_sql database=bench query_str=-- 1-week recent window — exercises the gen1-heavy tail. Most recent data
querier-1  | 2026-05-16T14:58:37.881948671Z -- still sits in many small gen1 files; compaction should already be
querier-1  | 2026-05-16T14:58:37.881949838Z -- promoting older portions of this window to gen2/3.
querier-1  | 2026-05-16T14:58:37.881950546Z SELECT region, AVG(temp), COUNT(*)
querier-1  | 2026-05-16T14:58:37.881951088Z FROM sensors
querier-1  | 2026-05-16T14:58:37.881951671Z WHERE time > now() - INTERVAL '1 week'
querier-1  | 2026-05-16T14:58:37.881952255Z GROUP BY region format=Csv
querier-1  | 2026-05-16T14:58:37.881952838Z 2026-05-16T14:58:37.881872Z  INFO influxdb3_server::query_executor: executing sql query database=bench query=-- 1-week recent window — exercises the gen1-heavy tail. Most recent data
querier-1  | 2026-05-16T14:58:37.881953630Z -- still sits in many small gen1 files; compaction should already be
querier-1  | 2026-05-16T14:58:37.881954213Z -- promoting older portions of this window to gen2/3.
querier-1  | 2026-05-16T14:58:37.881954755Z SELECT region, AVG(temp), COUNT(*)
querier-1  | 2026-05-16T14:58:37.881962546Z FROM sensors
querier-1  | 2026-05-16T14:58:37.881963171Z WHERE time > now() - INTERVAL '1 week'
querier-1  | 2026-05-16T14:58:37.881963796Z GROUP BY region params=None
querier-1  | 2026-05-16T14:58:37.881964380Z 2026-05-16T14:58:37.881896Z  INFO iox_query::query_log: query when="received" id=01e36dac-1ab4-48b6-b3a4-6b87d0f8a9af namespace_id=0 namespace_name="influxdb3 oss" query_type="sql" query_text=-- 1-week recent window — exercises the gen1-heavy tail. Most recent data
querier-1  | 2026-05-16T14:58:37.881965338Z -- still sits in many small gen1 files; compaction should already be
querier-1  | 2026-05-16T14:58:37.881965921Z -- promoting older portions of this window to gen2/3.
querier-1  | 2026-05-16T14:58:37.881966463Z SELECT region, AVG(temp), COUNT(*)
querier-1  | 2026-05-16T14:58:37.881966963Z FROM sensors
querier-1  | 2026-05-16T14:58:37.881967421Z WHERE time > now() - INTERVAL '1 week'
querier-1  | 2026-05-16T14:58:37.881967963Z GROUP BY region query_params=Params { } issue_time=2026-05-16T14:58:37.881895088+00:00 success=false running=true cancelled=false
querier-1  | 2026-05-16T14:58:37.899586213Z 2026-05-16T14:58:37.899479Z  INFO iox_query::query_log: query when="planned" id=01e36dac-1ab4-48b6-b3a4-6b87d0f8a9af namespace_id=0 namespace_name="influxdb3 oss" query_type="sql" query_text=-- 1-week recent window — exercises the gen1-heavy tail. Most recent data
querier-1  | 2026-05-16T14:58:37.899612755Z -- still sits in many small gen1 files; compaction should already be
querier-1  | 2026-05-16T14:58:37.899614213Z -- promoting older portions of this window to gen2/3.
querier-1  | 2026-05-16T14:58:37.899630963Z SELECT region, AVG(temp), COUNT(*)
querier-1  | 2026-05-16T14:58:37.899632463Z FROM sensors
querier-1  | 2026-05-16T14:58:37.899633171Z WHERE time > now() - INTERVAL '1 week'
querier-1  | 2026-05-16T14:58:37.899634171Z GROUP BY region query_params=Params { } issue_time=2026-05-16T14:58:37.881895088+00:00 partitions=35 parquet_files=560 deduplicated_partitions=35 deduplicated_parquet_files=560 plan_duration_secs=0.017446875 success=false running=true cancelled=false
querier-1  | 2026-05-16T14:58:37.899635046Z 2026-05-16T14:58:37.899505Z  INFO iox_query::query_log: query when="permit" id=01e36dac-1ab4-48b6-b3a4-6b87d0f8a9af namespace_id=0 namespace_name="influxdb3 oss" query_type="sql" query_text=-- 1-week recent window — exercises the gen1-heavy tail. Most recent data
querier-1  | 2026-05-16T14:58:37.899636005Z -- still sits in many small gen1 files; compaction should already be
querier-1  | 2026-05-16T14:58:37.899636630Z -- promoting older portions of this window to gen2/3.
querier-1  | 2026-05-16T14:58:37.899637296Z SELECT region, AVG(temp), COUNT(*)
querier-1  | 2026-05-16T14:58:37.899637880Z FROM sensors
querier-1  | 2026-05-16T14:58:37.899638463Z WHERE time > now() - INTERVAL '1 week'
querier-1  | 2026-05-16T14:58:37.899639088Z GROUP BY region query_params=Params { } issue_time=2026-05-16T14:58:37.881895088+00:00 partitions=35 parquet_files=560 deduplicated_partitions=35 deduplicated_parquet_files=560 plan_duration_secs=0.017446875 permit_duration_secs=0.000162667 success=false running=true cancelled=false
querier-1  | 2026-05-16T14:58:37.899668713Z 2026-05-16T14:58:37.899603Z  INFO iox_query::query_log: query when="success" id=01e36dac-1ab4-48b6-b3a4-6b87d0f8a9af namespace_id=0 namespace_name="influxdb3 oss" query_type="sql" query_text=-- 1-week recent window — exercises the gen1-heavy tail. Most recent data
querier-1  | 2026-05-16T14:58:37.899687546Z -- still sits in many small gen1 files; compaction should already be
querier-1  | 2026-05-16T14:58:37.899689463Z -- promoting older portions of this window to gen2/3.
querier-1  | 2026-05-16T14:58:37.899690588Z SELECT region, AVG(temp), COUNT(*)
querier-1  | 2026-05-16T14:58:37.899691255Z FROM sensors
querier-1  | 2026-05-16T14:58:37.899691838Z WHERE time > now() - INTERVAL '1 week'
querier-1  | 2026-05-16T14:58:37.899692671Z GROUP BY region query_params=Params { } issue_time=2026-05-16T14:58:37.881895088+00:00 partitions=35 parquet_files=560 deduplicated_partitions=35 deduplicated_parquet_files=560 plan_duration_secs=0.017446875 permit_duration_secs=0.000162667 execute_duration_secs=8.0333e-5 end2end_duration_secs=0.017706833 compute_duration_secs=4e-9 max_memory=0 ingester_metrics.latency_to_plan_secs=0.0 ingester_metrics.latency_to_full_data_secs=0.0 ingester_metrics.response_rows=0 ingester_metrics.partition_count=0 ingester_metrics.response_size=0 success=true running=false cancelled=false
querier-1  | 2026-05-16T14:58:37.957922671Z 2026-05-16T14:58:37.957857Z  INFO influxdb3_server::http: handling query_sql database=bench query_str=-- 1-week recent window — exercises the gen1-heavy tail. Most recent data
querier-1  | 2026-05-16T14:58:37.957932755Z -- still sits in many small gen1 files; compaction should already be
querier-1  | 2026-05-16T14:58:37.957934005Z -- promoting older portions of this window to gen2/3.
querier-1  | 2026-05-16T14:58:37.957934838Z SELECT region, AVG(temp), COUNT(*)
querier-1  | 2026-05-16T14:58:37.957935463Z FROM sensors
querier-1  | 2026-05-16T14:58:37.957936088Z WHERE time > now() - INTERVAL '1 week'
querier-1  | 2026-05-16T14:58:37.957936796Z GROUP BY region format=Csv
querier-1  | 2026-05-16T14:58:37.957937546Z 2026-05-16T14:58:37.957878Z  INFO influxdb3_server::query_executor: executing sql query database=bench query=-- 1-week recent window — exercises the gen1-heavy tail. Most recent data
querier-1  | 2026-05-16T14:58:37.957938338Z -- still sits in many small gen1 files; compaction should already be
querier-1  | 2026-05-16T14:58:37.957938921Z -- promoting older portions of this window to gen2/3.
querier-1  | 2026-05-16T14:58:37.957939505Z SELECT region, AVG(temp), COUNT(*)
querier-1  | 2026-05-16T14:58:37.957940088Z FROM sensors
querier-1  | 2026-05-16T14:58:37.957940630Z WHERE time > now() - INTERVAL '1 week'
querier-1  | 2026-05-16T14:58:37.957941255Z GROUP BY region params=None
querier-1  | 2026-05-16T14:58:37.957943921Z 2026-05-16T14:58:37.957902Z  INFO iox_query::query_log: query when="received" id=555ef6e4-ea63-49d1-8884-f248d9b7cca1 namespace_id=0 namespace_name="influxdb3 oss" query_type="sql" query_text=-- 1-week recent window — exercises the gen1-heavy tail. Most recent data
querier-1  | 2026-05-16T14:58:37.957945088Z -- still sits in many small gen1 files; compaction should already be
querier-1  | 2026-05-16T14:58:37.957945671Z -- promoting older portions of this window to gen2/3.
querier-1  | 2026-05-16T14:58:37.957946380Z SELECT region, AVG(temp), COUNT(*)
querier-1  | 2026-05-16T14:58:37.957946963Z FROM sensors
querier-1  | 2026-05-16T14:58:37.957947505Z WHERE time > now() - INTERVAL '1 week'
querier-1  | 2026-05-16T14:58:37.957948130Z GROUP BY region query_params=Params { } issue_time=2026-05-16T14:58:37.957901046+00:00 success=false running=true cancelled=false
querier-1  | 2026-05-16T14:58:37.975564588Z 2026-05-16T14:58:37.975462Z  INFO iox_query::query_log: query when="planned" id=555ef6e4-ea63-49d1-8884-f248d9b7cca1 namespace_id=0 namespace_name="influxdb3 oss" query_type="sql" query_text=-- 1-week recent window — exercises the gen1-heavy tail. Most recent data
querier-1  | 2026-05-16T14:58:37.975583005Z -- still sits in many small gen1 files; compaction should already be
querier-1  | 2026-05-16T14:58:37.975583963Z -- promoting older portions of this window to gen2/3.
querier-1  | 2026-05-16T14:58:37.975584546Z SELECT region, AVG(temp), COUNT(*)
querier-1  | 2026-05-16T14:58:37.975585338Z FROM sensors
querier-1  | 2026-05-16T14:58:37.975585921Z WHERE time > now() - INTERVAL '1 week'
querier-1  | 2026-05-16T14:58:37.975586838Z GROUP BY region query_params=Params { } issue_time=2026-05-16T14:58:37.957901046+00:00 partitions=35 parquet_files=560 deduplicated_partitions=35 deduplicated_parquet_files=560 plan_duration_secs=0.017413167 success=false running=true cancelled=false
querier-1  | 2026-05-16T14:58:37.975587630Z 2026-05-16T14:58:37.975487Z  INFO iox_query::query_log: query when="permit" id=555ef6e4-ea63-49d1-8884-f248d9b7cca1 namespace_id=0 namespace_name="influxdb3 oss" query_type="sql" query_text=-- 1-week recent window — exercises the gen1-heavy tail. Most recent data
querier-1  | 2026-05-16T14:58:37.975588505Z -- still sits in many small gen1 files; compaction should already be
querier-1  | 2026-05-16T14:58:37.975589130Z -- promoting older portions of this window to gen2/3.
querier-1  | 2026-05-16T14:58:37.975589713Z SELECT region, AVG(temp), COUNT(*)
querier-1  | 2026-05-16T14:58:37.975590296Z FROM sensors
querier-1  | 2026-05-16T14:58:37.975590838Z WHERE time > now() - INTERVAL '1 week'
querier-1  | 2026-05-16T14:58:37.975591421Z GROUP BY region query_params=Params { } issue_time=2026-05-16T14:58:37.957901046+00:00 partitions=35 parquet_files=560 deduplicated_partitions=35 deduplicated_parquet_files=560 plan_duration_secs=0.017413167 permit_duration_secs=0.000172917 success=false running=true cancelled=false
querier-1  | 2026-05-16T14:58:37.976259171Z 2026-05-16T14:58:37.975583Z  INFO iox_query::query_log: query when="success" id=555ef6e4-ea63-49d1-8884-f248d9b7cca1 namespace_id=0 namespace_name="influxdb3 oss" query_type="sql" query_text=-- 1-week recent window — exercises the gen1-heavy tail. Most recent data
querier-1  | 2026-05-16T14:58:37.976268088Z -- still sits in many small gen1 files; compaction should already be
querier-1  | 2026-05-16T14:58:37.976269338Z -- promoting older portions of this window to gen2/3.
querier-1  | 2026-05-16T14:58:37.976270046Z SELECT region, AVG(temp), COUNT(*)
querier-1  | 2026-05-16T14:58:37.976270671Z FROM sensors
querier-1  | 2026-05-16T14:58:37.976271338Z WHERE time > now() - INTERVAL '1 week'
querier-1  | 2026-05-16T14:58:37.976272213Z GROUP BY region query_params=Params { } issue_time=2026-05-16T14:58:37.957901046+00:00 partitions=35 parquet_files=560 deduplicated_partitions=35 deduplicated_parquet_files=560 plan_duration_secs=0.017413167 permit_duration_secs=0.000172917 execute_duration_secs=7.9416e-5 end2end_duration_secs=0.017680917 compute_duration_secs=4e-9 max_memory=0 ingester_metrics.latency_to_plan_secs=0.0 ingester_metrics.latency_to_full_data_secs=0.0 ingester_metrics.response_rows=0 ingester_metrics.partition_count=0 ingester_metrics.response_size=0 success=true running=false cancelled=false
querier-1  | 2026-05-16T14:58:38.020757630Z 2026-05-16T14:58:38.020693Z  INFO influxdb3_server::http: handling query_sql database=bench query_str=-- 1-week recent window — exercises the gen1-heavy tail. Most recent data
querier-1  | 2026-05-16T14:58:38.020767005Z -- still sits in many small gen1 files; compaction should already be
querier-1  | 2026-05-16T14:58:38.020768463Z -- promoting older portions of this window to gen2/3.
querier-1  | 2026-05-16T14:58:38.020769421Z SELECT region, AVG(temp), COUNT(*)
querier-1  | 2026-05-16T14:58:38.020770171Z FROM sensors
querier-1  | 2026-05-16T14:58:38.020771005Z WHERE time > now() - INTERVAL '1 week'
querier-1  | 2026-05-16T14:58:38.020771963Z GROUP BY region format=Csv
querier-1  | 2026-05-16T14:58:38.020772713Z 2026-05-16T14:58:38.020712Z  INFO influxdb3_server::query_executor: executing sql query database=bench query=-- 1-week recent window — exercises the gen1-heavy tail. Most recent data
querier-1  | 2026-05-16T14:58:38.020773671Z -- still sits in many small gen1 files; compaction should already be
querier-1  | 2026-05-16T14:58:38.020774421Z -- promoting older portions of this window to gen2/3.
querier-1  | 2026-05-16T14:58:38.020775088Z SELECT region, AVG(temp), COUNT(*)
querier-1  | 2026-05-16T14:58:38.020775713Z FROM sensors
querier-1  | 2026-05-16T14:58:38.020776296Z WHERE time > now() - INTERVAL '1 week'
querier-1  | 2026-05-16T14:58:38.020776963Z GROUP BY region params=None
querier-1  | 2026-05-16T14:58:38.020780171Z 2026-05-16T14:58:38.020750Z  INFO iox_query::query_log: query when="received" id=cbcbfa35-4dfb-48fa-831b-aad8e4407360 namespace_id=0 namespace_name="influxdb3 oss" query_type="sql" query_text=-- 1-week recent window — exercises the gen1-heavy tail. Most recent data
querier-1  | 2026-05-16T14:58:38.020781546Z -- still sits in many small gen1 files; compaction should already be
querier-1  | 2026-05-16T14:58:38.020782296Z -- promoting older portions of this window to gen2/3.
querier-1  | 2026-05-16T14:58:38.020783046Z SELECT region, AVG(temp), COUNT(*)
querier-1  | 2026-05-16T14:58:38.020783755Z FROM sensors
querier-1  | 2026-05-16T14:58:38.020784463Z WHERE time > now() - INTERVAL '1 week'
querier-1  | 2026-05-16T14:58:38.020785213Z GROUP BY region query_params=Params { } issue_time=2026-05-16T14:58:38.020749880+00:00 success=false running=true cancelled=false
querier-1  | 2026-05-16T14:58:38.038192463Z 2026-05-16T14:58:38.038113Z  INFO iox_query::query_log: query when="planned" id=cbcbfa35-4dfb-48fa-831b-aad8e4407360 namespace_id=0 namespace_name="influxdb3 oss" query_type="sql" query_text=-- 1-week recent window — exercises the gen1-heavy tail. Most recent data
querier-1  | 2026-05-16T14:58:38.038205755Z -- still sits in many small gen1 files; compaction should already be
querier-1  | 2026-05-16T14:58:38.038207005Z -- promoting older portions of this window to gen2/3.
querier-1  | 2026-05-16T14:58:38.038208088Z SELECT region, AVG(temp), COUNT(*)
querier-1  | 2026-05-16T14:58:38.038208838Z FROM sensors
querier-1  | 2026-05-16T14:58:38.038209546Z WHERE time > now() - INTERVAL '1 week'
querier-1  | 2026-05-16T14:58:38.038210755Z GROUP BY region query_params=Params { } issue_time=2026-05-16T14:58:38.020749880+00:00 partitions=35 parquet_files=560 deduplicated_partitions=35 deduplicated_parquet_files=560 plan_duration_secs=0.017240541 success=false running=true cancelled=false
querier-1  | 2026-05-16T14:58:38.038222213Z 2026-05-16T14:58:38.038129Z  INFO iox_query::query_log: query when="permit" id=cbcbfa35-4dfb-48fa-831b-aad8e4407360 namespace_id=0 namespace_name="influxdb3 oss" query_type="sql" query_text=-- 1-week recent window — exercises the gen1-heavy tail. Most recent data
querier-1  | 2026-05-16T14:58:38.038223505Z -- still sits in many small gen1 files; compaction should already be
querier-1  | 2026-05-16T14:58:38.038224296Z -- promoting older portions of this window to gen2/3.
querier-1  | 2026-05-16T14:58:38.038225005Z SELECT region, AVG(temp), COUNT(*)
querier-1  | 2026-05-16T14:58:38.038225713Z FROM sensors
querier-1  | 2026-05-16T14:58:38.038226380Z WHERE time > now() - INTERVAL '1 week'
querier-1  | 2026-05-16T14:58:38.038227171Z GROUP BY region query_params=Params { } issue_time=2026-05-16T14:58:38.020749880+00:00 partitions=35 parquet_files=560 deduplicated_partitions=35 deduplicated_parquet_files=560 plan_duration_secs=0.017240541 permit_duration_secs=0.000138875 success=false running=true cancelled=false
querier-1  | 2026-05-16T14:58:38.038293088Z 2026-05-16T14:58:38.038238Z  INFO iox_query::query_log: query when="success" id=cbcbfa35-4dfb-48fa-831b-aad8e4407360 namespace_id=0 namespace_name="influxdb3 oss" query_type="sql" query_text=-- 1-week recent window — exercises the gen1-heavy tail. Most recent data
querier-1  | 2026-05-16T14:58:38.038300921Z -- still sits in many small gen1 files; compaction should already be
querier-1  | 2026-05-16T14:58:38.038301755Z -- promoting older portions of this window to gen2/3.
querier-1  | 2026-05-16T14:58:38.038302421Z SELECT region, AVG(temp), COUNT(*)
querier-1  | 2026-05-16T14:58:38.038303005Z FROM sensors
querier-1  | 2026-05-16T14:58:38.038303630Z WHERE time > now() - INTERVAL '1 week'
querier-1  | 2026-05-16T14:58:38.038304546Z GROUP BY region query_params=Params { } issue_time=2026-05-16T14:58:38.020749880+00:00 partitions=35 parquet_files=560 deduplicated_partitions=35 deduplicated_parquet_files=560 plan_duration_secs=0.017240541 permit_duration_secs=0.000138875 execute_duration_secs=8.7167e-5 end2end_duration_secs=0.017487291 compute_duration_secs=3.6713e-5 max_memory=0 ingester_metrics.latency_to_plan_secs=0.0 ingester_metrics.latency_to_full_data_secs=0.0 ingester_metrics.response_rows=0 ingester_metrics.partition_count=0 ingester_metrics.response_size=0 success=true running=false cancelled=false
querier-1  | 2026-05-16T14:58:38.088089921Z 2026-05-16T14:58:38.088024Z  INFO influxdb3_server::http: handling query_sql database=bench query_str=-- 1-week recent window — exercises the gen1-heavy tail. Most recent data
querier-1  | 2026-05-16T14:58:38.088096546Z -- still sits in many small gen1 files; compaction should already be
querier-1  | 2026-05-16T14:58:38.088097338Z -- promoting older portions of this window to gen2/3.
querier-1  | 2026-05-16T14:58:38.088098005Z SELECT region, AVG(temp), COUNT(*)
querier-1  | 2026-05-16T14:58:38.088098588Z FROM sensors
querier-1  | 2026-05-16T14:58:38.088099171Z WHERE time > now() - INTERVAL '1 week'
querier-1  | 2026-05-16T14:58:38.088099963Z GROUP BY region format=Csv
querier-1  | 2026-05-16T14:58:38.088100713Z 2026-05-16T14:58:38.088045Z  INFO influxdb3_server::query_executor: executing sql query database=bench query=-- 1-week recent window — exercises the gen1-heavy tail. Most recent data
querier-1  | 2026-05-16T14:58:38.088108755Z -- still sits in many small gen1 files; compaction should already be
querier-1  | 2026-05-16T14:58:38.088109505Z -- promoting older portions of this window to gen2/3.
querier-1  | 2026-05-16T14:58:38.088110088Z SELECT region, AVG(temp), COUNT(*)
querier-1  | 2026-05-16T14:58:38.088110671Z FROM sensors
querier-1  | 2026-05-16T14:58:38.088111213Z WHERE time > now() - INTERVAL '1 week'
querier-1  | 2026-05-16T14:58:38.088111755Z GROUP BY region params=None
querier-1  | 2026-05-16T14:58:38.088114338Z 2026-05-16T14:58:38.088067Z  INFO iox_query::query_log: query when="received" id=ea310f68-b09a-40fb-8a2e-130a48fcc458 namespace_id=0 namespace_name="influxdb3 oss" query_type="sql" query_text=-- 1-week recent window — exercises the gen1-heavy tail. Most recent data
querier-1  | 2026-05-16T14:58:38.088115421Z -- still sits in many small gen1 files; compaction should already be
querier-1  | 2026-05-16T14:58:38.088116005Z -- promoting older portions of this window to gen2/3.
querier-1  | 2026-05-16T14:58:38.088116588Z SELECT region, AVG(temp), COUNT(*)
querier-1  | 2026-05-16T14:58:38.088117130Z FROM sensors
querier-1  | 2026-05-16T14:58:38.088117713Z WHERE time > now() - INTERVAL '1 week'
querier-1  | 2026-05-16T14:58:38.088118296Z GROUP BY region query_params=Params { } issue_time=2026-05-16T14:58:38.088066380+00:00 success=false running=true cancelled=false
querier-1  | 2026-05-16T14:58:38.105171296Z 2026-05-16T14:58:38.105079Z  INFO iox_query::query_log: query when="planned" id=ea310f68-b09a-40fb-8a2e-130a48fcc458 namespace_id=0 namespace_name="influxdb3 oss" query_type="sql" query_text=-- 1-week recent window — exercises the gen1-heavy tail. Most recent data
querier-1  | 2026-05-16T14:58:38.105185171Z -- still sits in many small gen1 files; compaction should already be
querier-1  | 2026-05-16T14:58:38.105186130Z -- promoting older portions of this window to gen2/3.
querier-1  | 2026-05-16T14:58:38.105186838Z SELECT region, AVG(temp), COUNT(*)
querier-1  | 2026-05-16T14:58:38.105187630Z FROM sensors
querier-1  | 2026-05-16T14:58:38.105188630Z WHERE time > now() - INTERVAL '1 week'
querier-1  | 2026-05-16T14:58:38.105189755Z GROUP BY region query_params=Params { } issue_time=2026-05-16T14:58:38.088066380+00:00 partitions=35 parquet_files=560 deduplicated_partitions=35 deduplicated_parquet_files=560 plan_duration_secs=0.016883 success=false running=true cancelled=false
querier-1  | 2026-05-16T14:58:38.105190963Z 2026-05-16T14:58:38.105105Z  INFO iox_query::query_log: query when="permit" id=ea310f68-b09a-40fb-8a2e-130a48fcc458 namespace_id=0 namespace_name="influxdb3 oss" query_type="sql" query_text=-- 1-week recent window — exercises the gen1-heavy tail. Most recent data
querier-1  | 2026-05-16T14:58:38.105192130Z -- still sits in many small gen1 files; compaction should already be
querier-1  | 2026-05-16T14:58:38.105192921Z -- promoting older portions of this window to gen2/3.
querier-1  | 2026-05-16T14:58:38.105193630Z SELECT region, AVG(temp), COUNT(*)
querier-1  | 2026-05-16T14:58:38.105194380Z FROM sensors
querier-1  | 2026-05-16T14:58:38.105197338Z WHERE time > now() - INTERVAL '1 week'
querier-1  | 2026-05-16T14:58:38.105198130Z GROUP BY region query_params=Params { } issue_time=2026-05-16T14:58:38.088066380+00:00 partitions=35 parquet_files=560 deduplicated_partitions=35 deduplicated_parquet_files=560 plan_duration_secs=0.016883 permit_duration_secs=0.000155833 success=false running=true cancelled=false
querier-1  | 2026-05-16T14:58:38.105625838Z 2026-05-16T14:58:38.105199Z  INFO iox_query::query_log: query when="success" id=ea310f68-b09a-40fb-8a2e-130a48fcc458 namespace_id=0 namespace_name="influxdb3 oss" query_type="sql" query_text=-- 1-week recent window — exercises the gen1-heavy tail. Most recent data
querier-1  | 2026-05-16T14:58:38.105634921Z -- still sits in many small gen1 files; compaction should already be
querier-1  | 2026-05-16T14:58:38.105635755Z -- promoting older portions of this window to gen2/3.
querier-1  | 2026-05-16T14:58:38.105636546Z SELECT region, AVG(temp), COUNT(*)
querier-1  | 2026-05-16T14:58:38.105637213Z FROM sensors
querier-1  | 2026-05-16T14:58:38.105637838Z WHERE time > now() - INTERVAL '1 week'
querier-1  | 2026-05-16T14:58:38.105638630Z GROUP BY region query_params=Params { } issue_time=2026-05-16T14:58:38.088066380+00:00 partitions=35 parquet_files=560 deduplicated_partitions=35 deduplicated_parquet_files=560 plan_duration_secs=0.016883 permit_duration_secs=0.000155833 execute_duration_secs=7.6083e-5 end2end_duration_secs=0.017132 compute_duration_secs=2.1544e-5 max_memory=0 ingester_metrics.latency_to_plan_secs=0.0 ingester_metrics.latency_to_full_data_secs=0.0 ingester_metrics.response_rows=0 ingester_metrics.partition_count=0 ingester_metrics.response_size=0 success=true running=false cancelled=false
querier-1  | 2026-05-16T14:58:38.150417963Z 2026-05-16T14:58:38.150335Z  INFO influxdb3_server::http: handling query_sql database=bench query_str=-- 1-week recent window — exercises the gen1-heavy tail. Most recent data
querier-1  | 2026-05-16T14:58:38.150428088Z -- still sits in many small gen1 files; compaction should already be
querier-1  | 2026-05-16T14:58:38.150429338Z -- promoting older portions of this window to gen2/3.
querier-1  | 2026-05-16T14:58:38.150430171Z SELECT region, AVG(temp), COUNT(*)
querier-1  | 2026-05-16T14:58:38.150430921Z FROM sensors
querier-1  | 2026-05-16T14:58:38.150431630Z WHERE time > now() - INTERVAL '1 week'
querier-1  | 2026-05-16T14:58:38.150432630Z GROUP BY region format=Csv
querier-1  | 2026-05-16T14:58:38.150433380Z 2026-05-16T14:58:38.150365Z  INFO influxdb3_server::query_executor: executing sql query database=bench query=-- 1-week recent window — exercises the gen1-heavy tail. Most recent data
querier-1  | 2026-05-16T14:58:38.150434296Z -- still sits in many small gen1 files; compaction should already be
querier-1  | 2026-05-16T14:58:38.150435088Z -- promoting older portions of this window to gen2/3.
querier-1  | 2026-05-16T14:58:38.150435796Z SELECT region, AVG(temp), COUNT(*)
querier-1  | 2026-05-16T14:58:38.150436505Z FROM sensors
querier-1  | 2026-05-16T14:58:38.150437213Z WHERE time > now() - INTERVAL '1 week'
querier-1  | 2026-05-16T14:58:38.150437921Z GROUP BY region params=None
querier-1  | 2026-05-16T14:58:38.150438671Z 2026-05-16T14:58:38.150389Z  INFO iox_query::query_log: query when="received" id=fd3515e2-9734-4476-8754-a06a8c13e2b0 namespace_id=0 namespace_name="influxdb3 oss" query_type="sql" query_text=-- 1-week recent window — exercises the gen1-heavy tail. Most recent data
querier-1  | 2026-05-16T14:58:38.150439880Z -- still sits in many small gen1 files; compaction should already be
querier-1  | 2026-05-16T14:58:38.150447630Z -- promoting older portions of this window to gen2/3.
querier-1  | 2026-05-16T14:58:38.150448546Z SELECT region, AVG(temp), COUNT(*)
querier-1  | 2026-05-16T14:58:38.150449213Z FROM sensors
querier-1  | 2026-05-16T14:58:38.150449921Z WHERE time > now() - INTERVAL '1 week'
querier-1  | 2026-05-16T14:58:38.150450630Z GROUP BY region query_params=Params { } issue_time=2026-05-16T14:58:38.150388296+00:00 success=false running=true cancelled=false
querier-1  | 2026-05-16T14:58:38.167375630Z 2026-05-16T14:58:38.167297Z  INFO iox_query::query_log: query when="planned" id=fd3515e2-9734-4476-8754-a06a8c13e2b0 namespace_id=0 namespace_name="influxdb3 oss" query_type="sql" query_text=-- 1-week recent window — exercises the gen1-heavy tail. Most recent data
querier-1  | 2026-05-16T14:58:38.167386380Z -- still sits in many small gen1 files; compaction should already be
querier-1  | 2026-05-16T14:58:38.167387338Z -- promoting older portions of this window to gen2/3.
querier-1  | 2026-05-16T14:58:38.167388130Z SELECT region, AVG(temp), COUNT(*)
querier-1  | 2026-05-16T14:58:38.167388796Z FROM sensors
querier-1  | 2026-05-16T14:58:38.167389421Z WHERE time > now() - INTERVAL '1 week'
querier-1  | 2026-05-16T14:58:38.167390338Z GROUP BY region query_params=Params { } issue_time=2026-05-16T14:58:38.150388296+00:00 partitions=35 parquet_files=560 deduplicated_partitions=35 deduplicated_parquet_files=560 plan_duration_secs=0.016765125 success=false running=true cancelled=false
querier-1  | 2026-05-16T14:58:38.167391213Z 2026-05-16T14:58:38.167315Z  INFO iox_query::query_log: query when="permit" id=fd3515e2-9734-4476-8754-a06a8c13e2b0 namespace_id=0 namespace_name="influxdb3 oss" query_type="sql" query_text=-- 1-week recent window — exercises the gen1-heavy tail. Most recent data
querier-1  | 2026-05-16T14:58:38.167392255Z -- still sits in many small gen1 files; compaction should already be
querier-1  | 2026-05-16T14:58:38.167392963Z -- promoting older portions of this window to gen2/3.
querier-1  | 2026-05-16T14:58:38.167393671Z SELECT region, AVG(temp), COUNT(*)
querier-1  | 2026-05-16T14:58:38.167394338Z FROM sensors
querier-1  | 2026-05-16T14:58:38.167396213Z WHERE time > now() - INTERVAL '1 week'
querier-1  | 2026-05-16T14:58:38.167396838Z GROUP BY region query_params=Params { } issue_time=2026-05-16T14:58:38.150388296+00:00 partitions=35 parquet_files=560 deduplicated_partitions=35 deduplicated_parquet_files=560 plan_duration_secs=0.016765125 permit_duration_secs=0.000161834 success=false running=true cancelled=false
querier-1  | 2026-05-16T14:58:38.167583796Z 2026-05-16T14:58:38.167470Z  INFO iox_query::query_log: query when="success" id=fd3515e2-9734-4476-8754-a06a8c13e2b0 namespace_id=0 namespace_name="influxdb3 oss" query_type="sql" query_text=-- 1-week recent window — exercises the gen1-heavy tail. Most recent data
querier-1  | 2026-05-16T14:58:38.167592713Z -- still sits in many small gen1 files; compaction should already be
querier-1  | 2026-05-16T14:58:38.167593963Z -- promoting older portions of this window to gen2/3.
querier-1  | 2026-05-16T14:58:38.167594713Z SELECT region, AVG(temp), COUNT(*)
querier-1  | 2026-05-16T14:58:38.167595421Z FROM sensors
querier-1  | 2026-05-16T14:58:38.167596046Z WHERE time > now() - INTERVAL '1 week'
querier-1  | 2026-05-16T14:58:38.167596880Z GROUP BY region query_params=Params { } issue_time=2026-05-16T14:58:38.150388296+00:00 partitions=35 parquet_files=560 deduplicated_partitions=35 deduplicated_parquet_files=560 plan_duration_secs=0.016765125 permit_duration_secs=0.000161834 execute_duration_secs=9.5416e-5 end2end_duration_secs=0.01708025 compute_duration_secs=3.9337e-5 max_memory=0 ingester_metrics.latency_to_plan_secs=0.0 ingester_metrics.latency_to_full_data_secs=0.0 ingester_metrics.response_rows=0 ingester_metrics.partition_count=0 ingester_metrics.response_size=0 success=true running=false cancelled=false
querier-1  | 2026-05-16T14:58:38.215511505Z 2026-05-16T14:58:38.215446Z  INFO influxdb3_server::http: handling query_sql database=bench query_str=-- 1-week recent window — exercises the gen1-heavy tail. Most recent data
querier-1  | 2026-05-16T14:58:38.215519338Z -- still sits in many small gen1 files; compaction should already be
querier-1  | 2026-05-16T14:58:38.215520255Z -- promoting older portions of this window to gen2/3.
querier-1  | 2026-05-16T14:58:38.215520921Z SELECT region, AVG(temp), COUNT(*)
querier-1  | 2026-05-16T14:58:38.215521588Z FROM sensors
querier-1  | 2026-05-16T14:58:38.215522171Z WHERE time > now() - INTERVAL '1 week'
querier-1  | 2026-05-16T14:58:38.215523088Z GROUP BY region format=Csv
querier-1  | 2026-05-16T14:58:38.215523671Z 2026-05-16T14:58:38.215469Z  INFO influxdb3_server::query_executor: executing sql query database=bench query=-- 1-week recent window — exercises the gen1-heavy tail. Most recent data
querier-1  | 2026-05-16T14:58:38.215524463Z -- still sits in many small gen1 files; compaction should already be
querier-1  | 2026-05-16T14:58:38.215525046Z -- promoting older portions of this window to gen2/3.
querier-1  | 2026-05-16T14:58:38.215525630Z SELECT region, AVG(temp), COUNT(*)
querier-1  | 2026-05-16T14:58:38.215526171Z FROM sensors
querier-1  | 2026-05-16T14:58:38.215526713Z WHERE time > now() - INTERVAL '1 week'
querier-1  | 2026-05-16T14:58:38.215527296Z GROUP BY region params=None
querier-1  | 2026-05-16T14:58:38.215527880Z 2026-05-16T14:58:38.215490Z  INFO iox_query::query_log: query when="received" id=61d51a31-1197-4ed9-b0e1-dd649e958143 namespace_id=0 namespace_name="influxdb3 oss" query_type="sql" query_text=-- 1-week recent window — exercises the gen1-heavy tail. Most recent data
querier-1  | 2026-05-16T14:58:38.215528838Z -- still sits in many small gen1 files; compaction should already be
querier-1  | 2026-05-16T14:58:38.215529421Z -- promoting older portions of this window to gen2/3.
querier-1  | 2026-05-16T14:58:38.215529963Z SELECT region, AVG(temp), COUNT(*)
querier-1  | 2026-05-16T14:58:38.215530546Z FROM sensors
querier-1  | 2026-05-16T14:58:38.215531088Z WHERE time > now() - INTERVAL '1 week'
querier-1  | 2026-05-16T14:58:38.215531630Z GROUP BY region query_params=Params { } issue_time=2026-05-16T14:58:38.215489921+00:00 success=false running=true cancelled=false
querier-1  | 2026-05-16T14:58:38.233559838Z 2026-05-16T14:58:38.233471Z  INFO iox_query::query_log: query when="planned" id=61d51a31-1197-4ed9-b0e1-dd649e958143 namespace_id=0 namespace_name="influxdb3 oss" query_type="sql" query_text=-- 1-week recent window — exercises the gen1-heavy tail. Most recent data
querier-1  | 2026-05-16T14:58:38.233573296Z -- still sits in many small gen1 files; compaction should already be
querier-1  | 2026-05-16T14:58:38.233574546Z -- promoting older portions of this window to gen2/3.
querier-1  | 2026-05-16T14:58:38.233581255Z SELECT region, AVG(temp), COUNT(*)
querier-1  | 2026-05-16T14:58:38.233582963Z FROM sensors
querier-1  | 2026-05-16T14:58:38.233583588Z WHERE time > now() - INTERVAL '1 week'
querier-1  | 2026-05-16T14:58:38.233584588Z GROUP BY region query_params=Params { } issue_time=2026-05-16T14:58:38.215489921+00:00 partitions=35 parquet_files=560 deduplicated_partitions=35 deduplicated_parquet_files=560 plan_duration_secs=0.017842209 success=false running=true cancelled=false
querier-1  | 2026-05-16T14:58:38.233585421Z 2026-05-16T14:58:38.233501Z  INFO iox_query::query_log: query when="permit" id=61d51a31-1197-4ed9-b0e1-dd649e958143 namespace_id=0 namespace_name="influxdb3 oss" query_type="sql" query_text=-- 1-week recent window — exercises the gen1-heavy tail. Most recent data
querier-1  | 2026-05-16T14:58:38.233586296Z -- still sits in many small gen1 files; compaction should already be
querier-1  | 2026-05-16T14:58:38.233586921Z -- promoting older portions of this window to gen2/3.
querier-1  | 2026-05-16T14:58:38.233587505Z SELECT region, AVG(temp), COUNT(*)
querier-1  | 2026-05-16T14:58:38.233588088Z FROM sensors
querier-1  | 2026-05-16T14:58:38.233588630Z WHERE time > now() - INTERVAL '1 week'
querier-1  | 2026-05-16T14:58:38.233589296Z GROUP BY region query_params=Params { } issue_time=2026-05-16T14:58:38.215489921+00:00 partitions=35 parquet_files=560 deduplicated_partitions=35 deduplicated_parquet_files=560 plan_duration_secs=0.017842209 permit_duration_secs=0.000169208 success=false running=true cancelled=false
querier-1  | 2026-05-16T14:58:38.234286921Z 2026-05-16T14:58:38.234225Z  INFO iox_query::query_log: query when="success" id=61d51a31-1197-4ed9-b0e1-dd649e958143 namespace_id=0 namespace_name="influxdb3 oss" query_type="sql" query_text=-- 1-week recent window — exercises the gen1-heavy tail. Most recent data
querier-1  | 2026-05-16T14:58:38.234290338Z -- still sits in many small gen1 files; compaction should already be
querier-1  | 2026-05-16T14:58:38.234291046Z -- promoting older portions of this window to gen2/3.
querier-1  | 2026-05-16T14:58:38.234291671Z SELECT region, AVG(temp), COUNT(*)
querier-1  | 2026-05-16T14:58:38.234292338Z FROM sensors
querier-1  | 2026-05-16T14:58:38.234293005Z WHERE time > now() - INTERVAL '1 week'
querier-1  | 2026-05-16T14:58:38.234293713Z GROUP BY region query_params=Params { } issue_time=2026-05-16T14:58:38.215489921+00:00 partitions=35 parquet_files=560 deduplicated_partitions=35 deduplicated_parquet_files=560 plan_duration_secs=0.017842209 permit_duration_secs=0.000169208 execute_duration_secs=0.000700833 end2end_duration_secs=0.018734959 compute_duration_secs=5e-9 max_memory=0 ingester_metrics.latency_to_plan_secs=0.0 ingester_metrics.latency_to_full_data_secs=0.0 ingester_metrics.response_rows=0 ingester_metrics.partition_count=0 ingester_metrics.response_size=0 success=true running=false cancelled=false
querier-1  | 2026-05-16T14:58:38.298771213Z 2026-05-16T14:58:38.298704Z  INFO influxdb3_server::http: handling query_sql database=bench query_str=-- 1-week recent window — exercises the gen1-heavy tail. Most recent data
querier-1  | 2026-05-16T14:58:38.298779588Z -- still sits in many small gen1 files; compaction should already be
querier-1  | 2026-05-16T14:58:38.298780796Z -- promoting older portions of this window to gen2/3.
querier-1  | 2026-05-16T14:58:38.298781546Z SELECT region, AVG(temp), COUNT(*)
querier-1  | 2026-05-16T14:58:38.298794046Z FROM sensors
querier-1  | 2026-05-16T14:58:38.298794630Z WHERE time > now() - INTERVAL '1 week'
querier-1  | 2026-05-16T14:58:38.298795296Z GROUP BY region format=Csv
querier-1  | 2026-05-16T14:58:38.298795921Z 2026-05-16T14:58:38.298725Z  INFO influxdb3_server::query_executor: executing sql query database=bench query=-- 1-week recent window — exercises the gen1-heavy tail. Most recent data
querier-1  | 2026-05-16T14:58:38.298796630Z -- still sits in many small gen1 files; compaction should already be
querier-1  | 2026-05-16T14:58:38.298797213Z -- promoting older portions of this window to gen2/3.
querier-1  | 2026-05-16T14:58:38.298797755Z SELECT region, AVG(temp), COUNT(*)
querier-1  | 2026-05-16T14:58:38.298798255Z FROM sensors
querier-1  | 2026-05-16T14:58:38.298798755Z WHERE time > now() - INTERVAL '1 week'
querier-1  | 2026-05-16T14:58:38.298799338Z GROUP BY region params=None
querier-1  | 2026-05-16T14:58:38.298799880Z 2026-05-16T14:58:38.298748Z  INFO iox_query::query_log: query when="received" id=4d679137-5e7a-4c22-86d7-0ca653a47a4a namespace_id=0 namespace_name="influxdb3 oss" query_type="sql" query_text=-- 1-week recent window — exercises the gen1-heavy tail. Most recent data
querier-1  | 2026-05-16T14:58:38.298800838Z -- still sits in many small gen1 files; compaction should already be
querier-1  | 2026-05-16T14:58:38.298801380Z -- promoting older portions of this window to gen2/3.
querier-1  | 2026-05-16T14:58:38.298801921Z SELECT region, AVG(temp), COUNT(*)
querier-1  | 2026-05-16T14:58:38.298802380Z FROM sensors
querier-1  | 2026-05-16T14:58:38.298802921Z WHERE time > now() - INTERVAL '1 week'
querier-1  | 2026-05-16T14:58:38.298803463Z GROUP BY region query_params=Params { } issue_time=2026-05-16T14:58:38.298747296+00:00 success=false running=true cancelled=false
querier-1  | 2026-05-16T14:58:38.315829463Z 2026-05-16T14:58:38.315770Z  INFO iox_query::query_log: query when="planned" id=4d679137-5e7a-4c22-86d7-0ca653a47a4a namespace_id=0 namespace_name="influxdb3 oss" query_type="sql" query_text=-- 1-week recent window — exercises the gen1-heavy tail. Most recent data
querier-1  | 2026-05-16T14:58:38.315842171Z -- still sits in many small gen1 files; compaction should already be
querier-1  | 2026-05-16T14:58:38.315843755Z -- promoting older portions of this window to gen2/3.
querier-1  | 2026-05-16T14:58:38.315844713Z SELECT region, AVG(temp), COUNT(*)
querier-1  | 2026-05-16T14:58:38.315845505Z FROM sensors
querier-1  | 2026-05-16T14:58:38.315846255Z WHERE time > now() - INTERVAL '1 week'
querier-1  | 2026-05-16T14:58:38.315847338Z GROUP BY region query_params=Params { } issue_time=2026-05-16T14:58:38.298747296+00:00 partitions=35 parquet_files=560 deduplicated_partitions=35 deduplicated_parquet_files=560 plan_duration_secs=0.016886375 success=false running=true cancelled=false
querier-1  | 2026-05-16T14:58:38.315848463Z 2026-05-16T14:58:38.315786Z  INFO iox_query::query_log: query when="permit" id=4d679137-5e7a-4c22-86d7-0ca653a47a4a namespace_id=0 namespace_name="influxdb3 oss" query_type="sql" query_text=-- 1-week recent window — exercises the gen1-heavy tail. Most recent data
querier-1  | 2026-05-16T14:58:38.315849630Z -- still sits in many small gen1 files; compaction should already be
querier-1  | 2026-05-16T14:58:38.315850463Z -- promoting older portions of this window to gen2/3.
querier-1  | 2026-05-16T14:58:38.315855838Z SELECT region, AVG(temp), COUNT(*)
querier-1  | 2026-05-16T14:58:38.315856630Z FROM sensors
querier-1  | 2026-05-16T14:58:38.315857380Z WHERE time > now() - INTERVAL '1 week'
querier-1  | 2026-05-16T14:58:38.315858130Z GROUP BY region query_params=Params { } issue_time=2026-05-16T14:58:38.298747296+00:00 partitions=35 parquet_files=560 deduplicated_partitions=35 deduplicated_parquet_files=560 plan_duration_secs=0.016886375 permit_duration_secs=0.000152875 success=false running=true cancelled=false
querier-1  | 2026-05-16T14:58:38.315939421Z 2026-05-16T14:58:38.315883Z  INFO iox_query::query_log: query when="success" id=4d679137-5e7a-4c22-86d7-0ca653a47a4a namespace_id=0 namespace_name="influxdb3 oss" query_type="sql" query_text=-- 1-week recent window — exercises the gen1-heavy tail. Most recent data
querier-1  | 2026-05-16T14:58:38.315948546Z -- still sits in many small gen1 files; compaction should already be
querier-1  | 2026-05-16T14:58:38.315949671Z -- promoting older portions of this window to gen2/3.
querier-1  | 2026-05-16T14:58:38.315950296Z SELECT region, AVG(temp), COUNT(*)
querier-1  | 2026-05-16T14:58:38.315950880Z FROM sensors
querier-1  | 2026-05-16T14:58:38.315951421Z WHERE time > now() - INTERVAL '1 week'
querier-1  | 2026-05-16T14:58:38.315952171Z GROUP BY region query_params=Params { } issue_time=2026-05-16T14:58:38.298747296+00:00 partitions=35 parquet_files=560 deduplicated_partitions=35 deduplicated_parquet_files=560 plan_duration_secs=0.016886375 permit_duration_secs=0.000152875 execute_duration_secs=7.875e-5 end2end_duration_secs=0.017135292 compute_duration_secs=3.5337e-5 max_memory=0 ingester_metrics.latency_to_plan_secs=0.0 ingester_metrics.latency_to_full_data_secs=0.0 ingester_metrics.response_rows=0 ingester_metrics.partition_count=0 ingester_metrics.response_size=0 success=true running=false cancelled=false
querier-1  | 2026-05-16T14:58:38.359682005Z 2026-05-16T14:58:38.359614Z  INFO influxdb3_server::http: handling query_sql database=bench query_str=-- 1-week recent window — exercises the gen1-heavy tail. Most recent data
querier-1  | 2026-05-16T14:58:38.359688921Z -- still sits in many small gen1 files; compaction should already be
querier-1  | 2026-05-16T14:58:38.359689963Z -- promoting older portions of this window to gen2/3.
querier-1  | 2026-05-16T14:58:38.359690630Z SELECT region, AVG(temp), COUNT(*)
querier-1  | 2026-05-16T14:58:38.359691296Z FROM sensors
querier-1  | 2026-05-16T14:58:38.359691880Z WHERE time > now() - INTERVAL '1 week'
querier-1  | 2026-05-16T14:58:38.359692713Z GROUP BY region format=Csv
querier-1  | 2026-05-16T14:58:38.359693296Z 2026-05-16T14:58:38.359633Z  INFO influxdb3_server::query_executor: executing sql query database=bench query=-- 1-week recent window — exercises the gen1-heavy tail. Most recent data
querier-1  | 2026-05-16T14:58:38.359694005Z -- still sits in many small gen1 files; compaction should already be
querier-1  | 2026-05-16T14:58:38.359694588Z -- promoting older portions of this window to gen2/3.
querier-1  | 2026-05-16T14:58:38.359695213Z SELECT region, AVG(temp), COUNT(*)
querier-1  | 2026-05-16T14:58:38.359695755Z FROM sensors
querier-1  | 2026-05-16T14:58:38.359696296Z WHERE time > now() - INTERVAL '1 week'
querier-1  | 2026-05-16T14:58:38.359696880Z GROUP BY region params=None
querier-1  | 2026-05-16T14:58:38.359704005Z 2026-05-16T14:58:38.359655Z  INFO iox_query::query_log: query when="received" id=b71eaec4-d5eb-46de-b4ed-cf890d52d8ab namespace_id=0 namespace_name="influxdb3 oss" query_type="sql" query_text=-- 1-week recent window — exercises the gen1-heavy tail. Most recent data
querier-1  | 2026-05-16T14:58:38.359705130Z -- still sits in many small gen1 files; compaction should already be
querier-1  | 2026-05-16T14:58:38.359705713Z -- promoting older portions of this window to gen2/3.
querier-1  | 2026-05-16T14:58:38.359706296Z SELECT region, AVG(temp), COUNT(*)
querier-1  | 2026-05-16T14:58:38.359706880Z FROM sensors
querier-1  | 2026-05-16T14:58:38.359707421Z WHERE time > now() - INTERVAL '1 week'
querier-1  | 2026-05-16T14:58:38.359708005Z GROUP BY region query_params=Params { } issue_time=2026-05-16T14:58:38.359654713+00:00 success=false running=true cancelled=false
querier-1  | 2026-05-16T14:58:38.376665338Z 2026-05-16T14:58:38.376581Z  INFO iox_query::query_log: query when="planned" id=b71eaec4-d5eb-46de-b4ed-cf890d52d8ab namespace_id=0 namespace_name="influxdb3 oss" query_type="sql" query_text=-- 1-week recent window — exercises the gen1-heavy tail. Most recent data
querier-1  | 2026-05-16T14:58:38.376675713Z -- still sits in many small gen1 files; compaction should already be
querier-1  | 2026-05-16T14:58:38.376676755Z -- promoting older portions of this window to gen2/3.
querier-1  | 2026-05-16T14:58:38.376677463Z SELECT region, AVG(temp), COUNT(*)
querier-1  | 2026-05-16T14:58:38.376678213Z FROM sensors
querier-1  | 2026-05-16T14:58:38.376678921Z WHERE time > now() - INTERVAL '1 week'
querier-1  | 2026-05-16T14:58:38.376679838Z GROUP BY region query_params=Params { } issue_time=2026-05-16T14:58:38.359654713+00:00 partitions=35 parquet_files=560 deduplicated_partitions=35 deduplicated_parquet_files=560 plan_duration_secs=0.016804333 success=false running=true cancelled=false
querier-1  | 2026-05-16T14:58:38.376680713Z 2026-05-16T14:58:38.376598Z  INFO iox_query::query_log: query when="permit" id=b71eaec4-d5eb-46de-b4ed-cf890d52d8ab namespace_id=0 namespace_name="influxdb3 oss" query_type="sql" query_text=-- 1-week recent window — exercises the gen1-heavy tail. Most recent data
querier-1  | 2026-05-16T14:58:38.376681588Z -- still sits in many small gen1 files; compaction should already be
querier-1  | 2026-05-16T14:58:38.376682171Z -- promoting older portions of this window to gen2/3.
querier-1  | 2026-05-16T14:58:38.376682796Z SELECT region, AVG(temp), COUNT(*)
querier-1  | 2026-05-16T14:58:38.376683338Z FROM sensors
querier-1  | 2026-05-16T14:58:38.376684088Z WHERE time > now() - INTERVAL '1 week'
querier-1  | 2026-05-16T14:58:38.376684713Z GROUP BY region query_params=Params { } issue_time=2026-05-16T14:58:38.359654713+00:00 partitions=35 parquet_files=560 deduplicated_partitions=35 deduplicated_parquet_files=560 plan_duration_secs=0.016804333 permit_duration_secs=0.0001395 success=false running=true cancelled=false
querier-1  | 2026-05-16T14:58:38.376720088Z 2026-05-16T14:58:38.376684Z  INFO iox_query::query_log: query when="success" id=b71eaec4-d5eb-46de-b4ed-cf890d52d8ab namespace_id=0 namespace_name="influxdb3 oss" query_type="sql" query_text=-- 1-week recent window — exercises the gen1-heavy tail. Most recent data
querier-1  | 2026-05-16T14:58:38.376722755Z -- still sits in many small gen1 files; compaction should already be
querier-1  | 2026-05-16T14:58:38.376723421Z -- promoting older portions of this window to gen2/3.
querier-1  | 2026-05-16T14:58:38.376730171Z SELECT region, AVG(temp), COUNT(*)
querier-1  | 2026-05-16T14:58:38.376731546Z FROM sensors
querier-1  | 2026-05-16T14:58:38.376732171Z WHERE time > now() - INTERVAL '1 week'
querier-1  | 2026-05-16T14:58:38.376733088Z GROUP BY region query_params=Params { } issue_time=2026-05-16T14:58:38.359654713+00:00 partitions=35 parquet_files=560 deduplicated_partitions=35 deduplicated_parquet_files=560 plan_duration_secs=0.016804333 permit_duration_secs=0.0001395 execute_duration_secs=6.7709e-5 end2end_duration_secs=0.017029125 compute_duration_secs=3.2669e-5 max_memory=0 ingester_metrics.latency_to_plan_secs=0.0 ingester_metrics.latency_to_full_data_secs=0.0 ingester_metrics.response_rows=0 ingester_metrics.partition_count=0 ingester_metrics.response_size=0 success=true running=false cancelled=false
querier-1  | 2026-05-16T14:58:38.430623796Z 2026-05-16T14:58:38.430545Z  INFO influxdb3_server::http: handling query_sql database=bench query_str=-- 1-week recent window — exercises the gen1-heavy tail. Most recent data
querier-1  | 2026-05-16T14:58:38.430631796Z -- still sits in many small gen1 files; compaction should already be
querier-1  | 2026-05-16T14:58:38.430632713Z -- promoting older portions of this window to gen2/3.
querier-1  | 2026-05-16T14:58:38.430633380Z SELECT region, AVG(temp), COUNT(*)
querier-1  | 2026-05-16T14:58:38.430634005Z FROM sensors
querier-1  | 2026-05-16T14:58:38.430634588Z WHERE time > now() - INTERVAL '1 week'
querier-1  | 2026-05-16T14:58:38.430635380Z GROUP BY region format=Csv
querier-1  | 2026-05-16T14:58:38.430636005Z 2026-05-16T14:58:38.430577Z  INFO influxdb3_server::query_executor: executing sql query database=bench query=-- 1-week recent window — exercises the gen1-heavy tail. Most recent data
querier-1  | 2026-05-16T14:58:38.430636755Z -- still sits in many small gen1 files; compaction should already be
querier-1  | 2026-05-16T14:58:38.430637463Z -- promoting older portions of this window to gen2/3.
querier-1  | 2026-05-16T14:58:38.430638046Z SELECT region, AVG(temp), COUNT(*)
querier-1  | 2026-05-16T14:58:38.430638630Z FROM sensors
querier-1  | 2026-05-16T14:58:38.430639171Z WHERE time > now() - INTERVAL '1 week'
querier-1  | 2026-05-16T14:58:38.430639880Z GROUP BY region params=None
querier-1  | 2026-05-16T14:58:38.430640505Z 2026-05-16T14:58:38.430600Z  INFO iox_query::query_log: query when="received" id=9765514d-fff6-47d1-aa55-ef0cf392d0b0 namespace_id=0 namespace_name="influxdb3 oss" query_type="sql" query_text=-- 1-week recent window — exercises the gen1-heavy tail. Most recent data
querier-1  | 2026-05-16T14:58:38.430641546Z -- still sits in many small gen1 files; compaction should already be
querier-1  | 2026-05-16T14:58:38.430642130Z -- promoting older portions of this window to gen2/3.
querier-1  | 2026-05-16T14:58:38.430642713Z SELECT region, AVG(temp), COUNT(*)
querier-1  | 2026-05-16T14:58:38.430643296Z FROM sensors
querier-1  | 2026-05-16T14:58:38.430643838Z WHERE time > now() - INTERVAL '1 week'
querier-1  | 2026-05-16T14:58:38.430644421Z GROUP BY region query_params=Params { } issue_time=2026-05-16T14:58:38.430599713+00:00 success=false running=true cancelled=false
querier-1  | 2026-05-16T14:58:38.447953421Z 2026-05-16T14:58:38.447840Z  INFO iox_query::query_log: query when="planned" id=9765514d-fff6-47d1-aa55-ef0cf392d0b0 namespace_id=0 namespace_name="influxdb3 oss" query_type="sql" query_text=-- 1-week recent window — exercises the gen1-heavy tail. Most recent data
querier-1  | 2026-05-16T14:58:38.447982630Z -- still sits in many small gen1 files; compaction should already be
querier-1  | 2026-05-16T14:58:38.447983713Z -- promoting older portions of this window to gen2/3.
querier-1  | 2026-05-16T14:58:38.447984421Z SELECT region, AVG(temp), COUNT(*)
querier-1  | 2026-05-16T14:58:38.447985046Z FROM sensors
querier-1  | 2026-05-16T14:58:38.447985630Z WHERE time > now() - INTERVAL '1 week'
querier-1  | 2026-05-16T14:58:38.447986671Z GROUP BY region query_params=Params { } issue_time=2026-05-16T14:58:38.430599713+00:00 partitions=35 parquet_files=560 deduplicated_partitions=35 deduplicated_parquet_files=560 plan_duration_secs=0.017121833 success=false running=true cancelled=false
querier-1  | 2026-05-16T14:58:38.447987713Z 2026-05-16T14:58:38.447864Z  INFO iox_query::query_log: query when="permit" id=9765514d-fff6-47d1-aa55-ef0cf392d0b0 namespace_id=0 namespace_name="influxdb3 oss" query_type="sql" query_text=-- 1-week recent window — exercises the gen1-heavy tail. Most recent data
querier-1  | 2026-05-16T14:58:38.447988671Z -- still sits in many small gen1 files; compaction should already be
querier-1  | 2026-05-16T14:58:38.447989296Z -- promoting older portions of this window to gen2/3.
querier-1  | 2026-05-16T14:58:38.447989880Z SELECT region, AVG(temp), COUNT(*)
querier-1  | 2026-05-16T14:58:38.447990463Z FROM sensors
querier-1  | 2026-05-16T14:58:38.447991005Z WHERE time > now() - INTERVAL '1 week'
querier-1  | 2026-05-16T14:58:38.447991630Z GROUP BY region query_params=Params { } issue_time=2026-05-16T14:58:38.430599713+00:00 partitions=35 parquet_files=560 deduplicated_partitions=35 deduplicated_parquet_files=560 plan_duration_secs=0.017121833 permit_duration_secs=0.000142875 success=false running=true cancelled=false
querier-1  | 2026-05-16T14:58:38.449227505Z 2026-05-16T14:58:38.447963Z  INFO iox_query::query_log: query when="success" id=9765514d-fff6-47d1-aa55-ef0cf392d0b0 namespace_id=0 namespace_name="influxdb3 oss" query_type="sql" query_text=-- 1-week recent window — exercises the gen1-heavy tail. Most recent data
querier-1  | 2026-05-16T14:58:38.449237463Z -- still sits in many small gen1 files; compaction should already be
querier-1  | 2026-05-16T14:58:38.449238505Z -- promoting older portions of this window to gen2/3.
querier-1  | 2026-05-16T14:58:38.449239213Z SELECT region, AVG(temp), COUNT(*)
querier-1  | 2026-05-16T14:58:38.449241546Z FROM sensors
querier-1  | 2026-05-16T14:58:38.449242130Z WHERE time > now() - INTERVAL '1 week'
querier-1  | 2026-05-16T14:58:38.449242963Z GROUP BY region query_params=Params { } issue_time=2026-05-16T14:58:38.430599713+00:00 partitions=35 parquet_files=560 deduplicated_partitions=35 deduplicated_parquet_files=560 plan_duration_secs=0.017121833 permit_duration_secs=0.000142875 execute_duration_secs=8.1209e-5 end2end_duration_secs=0.017362792 compute_duration_secs=2.2586e-5 max_memory=0 ingester_metrics.latency_to_plan_secs=0.0 ingester_metrics.latency_to_full_data_secs=0.0 ingester_metrics.response_rows=0 ingester_metrics.partition_count=0 ingester_metrics.response_size=0 success=true running=false cancelled=false
querier-1  | 2026-05-16T14:58:38.489669463Z 2026-05-16T14:58:38.489612Z  INFO influxdb3_server::http: handling query_sql database=bench query_str=-- 1-week recent window — exercises the gen1-heavy tail. Most recent data
querier-1  | 2026-05-16T14:58:38.489695005Z -- still sits in many small gen1 files; compaction should already be
querier-1  | 2026-05-16T14:58:38.489696338Z -- promoting older portions of this window to gen2/3.
querier-1  | 2026-05-16T14:58:38.489697088Z SELECT region, AVG(temp), COUNT(*)
querier-1  | 2026-05-16T14:58:38.489697713Z FROM sensors
querier-1  | 2026-05-16T14:58:38.489698338Z WHERE time > now() - INTERVAL '1 week'
querier-1  | 2026-05-16T14:58:38.489699171Z GROUP BY region format=Csv
querier-1  | 2026-05-16T14:58:38.489699755Z 2026-05-16T14:58:38.489631Z  INFO influxdb3_server::query_executor: executing sql query database=bench query=-- 1-week recent window — exercises the gen1-heavy tail. Most recent data
querier-1  | 2026-05-16T14:58:38.489700588Z -- still sits in many small gen1 files; compaction should already be
querier-1  | 2026-05-16T14:58:38.489701213Z -- promoting older portions of this window to gen2/3.
querier-1  | 2026-05-16T14:58:38.489701796Z SELECT region, AVG(temp), COUNT(*)
querier-1  | 2026-05-16T14:58:38.489702338Z FROM sensors
querier-1  | 2026-05-16T14:58:38.489702921Z WHERE time > now() - INTERVAL '1 week'
querier-1  | 2026-05-16T14:58:38.489703546Z GROUP BY region params=None
querier-1  | 2026-05-16T14:58:38.489704713Z 2026-05-16T14:58:38.489665Z  INFO iox_query::query_log: query when="received" id=e75676c5-66e4-416d-8b3b-6a32a3fd8efd namespace_id=0 namespace_name="influxdb3 oss" query_type="sql" query_text=-- 1-week recent window — exercises the gen1-heavy tail. Most recent data
querier-1  | 2026-05-16T14:58:38.489705796Z -- still sits in many small gen1 files; compaction should already be
querier-1  | 2026-05-16T14:58:38.489706421Z -- promoting older portions of this window to gen2/3.
querier-1  | 2026-05-16T14:58:38.489707005Z SELECT region, AVG(temp), COUNT(*)
querier-1  | 2026-05-16T14:58:38.489707546Z FROM sensors
querier-1  | 2026-05-16T14:58:38.489708088Z WHERE time > now() - INTERVAL '1 week'
querier-1  | 2026-05-16T14:58:38.489708713Z GROUP BY region query_params=Params { } issue_time=2026-05-16T14:58:38.489664796+00:00 success=false running=true cancelled=false
querier-1  | 2026-05-16T14:58:38.506696171Z 2026-05-16T14:58:38.506611Z  INFO iox_query::query_log: query when="planned" id=e75676c5-66e4-416d-8b3b-6a32a3fd8efd namespace_id=0 namespace_name="influxdb3 oss" query_type="sql" query_text=-- 1-week recent window — exercises the gen1-heavy tail. Most recent data
querier-1  | 2026-05-16T14:58:38.506707796Z -- still sits in many small gen1 files; compaction should already be
querier-1  | 2026-05-16T14:58:38.506708838Z -- promoting older portions of this window to gen2/3.
querier-1  | 2026-05-16T14:58:38.506709505Z SELECT region, AVG(temp), COUNT(*)
querier-1  | 2026-05-16T14:58:38.506710213Z FROM sensors
querier-1  | 2026-05-16T14:58:38.506710921Z WHERE time > now() - INTERVAL '1 week'
querier-1  | 2026-05-16T14:58:38.506711921Z GROUP BY region query_params=Params { } issue_time=2026-05-16T14:58:38.489664796+00:00 partitions=35 parquet_files=560 deduplicated_partitions=35 deduplicated_parquet_files=560 plan_duration_secs=0.016817459 success=false running=true cancelled=false
querier-1  | 2026-05-16T14:58:38.506713005Z 2026-05-16T14:58:38.506637Z  INFO iox_query::query_log: query when="permit" id=e75676c5-66e4-416d-8b3b-6a32a3fd8efd namespace_id=0 namespace_name="influxdb3 oss" query_type="sql" query_text=-- 1-week recent window — exercises the gen1-heavy tail. Most recent data
querier-1  | 2026-05-16T14:58:38.506719880Z -- still sits in many small gen1 files; compaction should already be
querier-1  | 2026-05-16T14:58:38.506721505Z -- promoting older portions of this window to gen2/3.
querier-1  | 2026-05-16T14:58:38.506722296Z SELECT region, AVG(temp), COUNT(*)
querier-1  | 2026-05-16T14:58:38.506723046Z FROM sensors
querier-1  | 2026-05-16T14:58:38.506723755Z WHERE time > now() - INTERVAL '1 week'
querier-1  | 2026-05-16T14:58:38.506724505Z GROUP BY region query_params=Params { } issue_time=2026-05-16T14:58:38.489664796+00:00 partitions=35 parquet_files=560 deduplicated_partitions=35 deduplicated_parquet_files=560 plan_duration_secs=0.016817459 permit_duration_secs=0.000155 success=false running=true cancelled=false
querier-1  | 2026-05-16T14:58:38.506814171Z 2026-05-16T14:58:38.506750Z  INFO iox_query::query_log: query when="success" id=e75676c5-66e4-416d-8b3b-6a32a3fd8efd namespace_id=0 namespace_name="influxdb3 oss" query_type="sql" query_text=-- 1-week recent window — exercises the gen1-heavy tail. Most recent data
querier-1  | 2026-05-16T14:58:38.506822713Z -- still sits in many small gen1 files; compaction should already be
querier-1  | 2026-05-16T14:58:38.506823796Z -- promoting older portions of this window to gen2/3.
querier-1  | 2026-05-16T14:58:38.506824630Z SELECT region, AVG(temp), COUNT(*)
querier-1  | 2026-05-16T14:58:38.506825421Z FROM sensors
querier-1  | 2026-05-16T14:58:38.506826255Z WHERE time > now() - INTERVAL '1 week'
querier-1  | 2026-05-16T14:58:38.506827213Z GROUP BY region query_params=Params { } issue_time=2026-05-16T14:58:38.489664796+00:00 partitions=35 parquet_files=560 deduplicated_partitions=35 deduplicated_parquet_files=560 plan_duration_secs=0.016817459 permit_duration_secs=0.000155 execute_duration_secs=9.6833e-5 end2end_duration_secs=0.017084625 compute_duration_secs=3.2047e-5 max_memory=0 ingester_metrics.latency_to_plan_secs=0.0 ingester_metrics.latency_to_full_data_secs=0.0 ingester_metrics.response_rows=0 ingester_metrics.partition_count=0 ingester_metrics.response_size=0 success=true running=false cancelled=false
querier-1  | 2026-05-16T14:58:38.555660921Z 2026-05-16T14:58:38.555591Z  INFO influxdb3_server::http: handling query_sql database=bench query_str=-- 1-week recent window — exercises the gen1-heavy tail. Most recent data
querier-1  | 2026-05-16T14:58:38.555670880Z -- still sits in many small gen1 files; compaction should already be
querier-1  | 2026-05-16T14:58:38.555672005Z -- promoting older portions of this window to gen2/3.
querier-1  | 2026-05-16T14:58:38.555672921Z SELECT region, AVG(temp), COUNT(*)
querier-1  | 2026-05-16T14:58:38.555673671Z FROM sensors
querier-1  | 2026-05-16T14:58:38.555674421Z WHERE time > now() - INTERVAL '1 week'
querier-1  | 2026-05-16T14:58:38.555675338Z GROUP BY region format=Csv
querier-1  | 2026-05-16T14:58:38.555676088Z 2026-05-16T14:58:38.555616Z  INFO influxdb3_server::query_executor: executing sql query database=bench query=-- 1-week recent window — exercises the gen1-heavy tail. Most recent data
querier-1  | 2026-05-16T14:58:38.555677005Z -- still sits in many small gen1 files; compaction should already be
querier-1  | 2026-05-16T14:58:38.555677755Z -- promoting older portions of this window to gen2/3.
querier-1  | 2026-05-16T14:58:38.555685463Z SELECT region, AVG(temp), COUNT(*)
querier-1  | 2026-05-16T14:58:38.555686130Z FROM sensors
querier-1  | 2026-05-16T14:58:38.555686671Z WHERE time > now() - INTERVAL '1 week'
querier-1  | 2026-05-16T14:58:38.555687255Z GROUP BY region params=None
querier-1  | 2026-05-16T14:58:38.555689796Z 2026-05-16T14:58:38.555638Z  INFO iox_query::query_log: query when="received" id=b2504a2a-2a2a-4b2a-b907-b23895cdd92b namespace_id=0 namespace_name="influxdb3 oss" query_type="sql" query_text=-- 1-week recent window — exercises the gen1-heavy tail. Most recent data
querier-1  | 2026-05-16T14:58:38.555690880Z -- still sits in many small gen1 files; compaction should already be
querier-1  | 2026-05-16T14:58:38.555691463Z -- promoting older portions of this window to gen2/3.
querier-1  | 2026-05-16T14:58:38.555692046Z SELECT region, AVG(temp), COUNT(*)
querier-1  | 2026-05-16T14:58:38.555692588Z FROM sensors
querier-1  | 2026-05-16T14:58:38.555693130Z WHERE time > now() - INTERVAL '1 week'
querier-1  | 2026-05-16T14:58:38.555693713Z GROUP BY region query_params=Params { } issue_time=2026-05-16T14:58:38.555637880+00:00 success=false running=true cancelled=false
querier-1  | 2026-05-16T14:58:38.572996630Z 2026-05-16T14:58:38.572913Z  INFO iox_query::query_log: query when="planned" id=b2504a2a-2a2a-4b2a-b907-b23895cdd92b namespace_id=0 namespace_name="influxdb3 oss" query_type="sql" query_text=-- 1-week recent window — exercises the gen1-heavy tail. Most recent data
querier-1  | 2026-05-16T14:58:38.573015588Z -- still sits in many small gen1 files; compaction should already be
querier-1  | 2026-05-16T14:58:38.573016838Z -- promoting older portions of this window to gen2/3.
querier-1  | 2026-05-16T14:58:38.573017630Z SELECT region, AVG(temp), COUNT(*)
querier-1  | 2026-05-16T14:58:38.573018588Z FROM sensors
querier-1  | 2026-05-16T14:58:38.573019338Z WHERE time > now() - INTERVAL '1 week'
querier-1  | 2026-05-16T14:58:38.573020463Z GROUP BY region query_params=Params { } issue_time=2026-05-16T14:58:38.555637880+00:00 partitions=35 parquet_files=560 deduplicated_partitions=35 deduplicated_parquet_files=560 plan_duration_secs=0.017113166 success=false running=true cancelled=false
querier-1  | 2026-05-16T14:58:38.573021505Z 2026-05-16T14:58:38.572933Z  INFO iox_query::query_log: query when="permit" id=b2504a2a-2a2a-4b2a-b907-b23895cdd92b namespace_id=0 namespace_name="influxdb3 oss" query_type="sql" query_text=-- 1-week recent window — exercises the gen1-heavy tail. Most recent data
querier-1  | 2026-05-16T14:58:38.573022630Z -- still sits in many small gen1 files; compaction should already be
querier-1  | 2026-05-16T14:58:38.573023380Z -- promoting older portions of this window to gen2/3.
querier-1  | 2026-05-16T14:58:38.573024171Z SELECT region, AVG(temp), COUNT(*)
querier-1  | 2026-05-16T14:58:38.573024880Z FROM sensors
querier-1  | 2026-05-16T14:58:38.573025630Z WHERE time > now() - INTERVAL '1 week'
querier-1  | 2026-05-16T14:58:38.573026380Z GROUP BY region query_params=Params { } issue_time=2026-05-16T14:58:38.555637880+00:00 partitions=35 parquet_files=560 deduplicated_partitions=35 deduplicated_parquet_files=560 plan_duration_secs=0.017113166 permit_duration_secs=0.0001825 success=false running=true cancelled=false
querier-1  | 2026-05-16T14:58:38.573158671Z 2026-05-16T14:58:38.573040Z  INFO iox_query::query_log: query when="success" id=b2504a2a-2a2a-4b2a-b907-b23895cdd92b namespace_id=0 namespace_name="influxdb3 oss" query_type="sql" query_text=-- 1-week recent window — exercises the gen1-heavy tail. Most recent data
querier-1  | 2026-05-16T14:58:38.573168130Z -- still sits in many small gen1 files; compaction should already be
querier-1  | 2026-05-16T14:58:38.573168880Z -- promoting older portions of this window to gen2/3.
querier-1  | 2026-05-16T14:58:38.573169505Z SELECT region, AVG(temp), COUNT(*)
querier-1  | 2026-05-16T14:58:38.573170088Z FROM sensors
querier-1  | 2026-05-16T14:58:38.573170713Z WHERE time > now() - INTERVAL '1 week'
querier-1  | 2026-05-16T14:58:38.573173796Z GROUP BY region query_params=Params { } issue_time=2026-05-16T14:58:38.555637880+00:00 partitions=35 parquet_files=560 deduplicated_partitions=35 deduplicated_parquet_files=560 plan_duration_secs=0.017113166 permit_duration_secs=0.0001825 execute_duration_secs=8.3667e-5 end2end_duration_secs=0.01740125 compute_duration_secs=4.5256e-5 max_memory=0 ingester_metrics.latency_to_plan_secs=0.0 ingester_metrics.latency_to_full_data_secs=0.0 ingester_metrics.response_rows=0 ingester_metrics.partition_count=0 ingester_metrics.response_size=0 success=true running=false cancelled=false
querier-1  | 2026-05-16T14:58:38.612980338Z 2026-05-16T14:58:38.612915Z  INFO influxdb3_server::http: handling query_sql database=bench query_str=-- 1-week recent window — exercises the gen1-heavy tail. Most recent data
querier-1  | 2026-05-16T14:58:38.612988338Z -- still sits in many small gen1 files; compaction should already be
querier-1  | 2026-05-16T14:58:38.612989297Z -- promoting older portions of this window to gen2/3.
querier-1  | 2026-05-16T14:58:38.612990005Z SELECT region, AVG(temp), COUNT(*)
querier-1  | 2026-05-16T14:58:38.612990588Z FROM sensors
querier-1  | 2026-05-16T14:58:38.612991255Z WHERE time > now() - INTERVAL '1 week'
querier-1  | 2026-05-16T14:58:38.612991922Z GROUP BY region format=Csv
querier-1  | 2026-05-16T14:58:38.612992588Z 2026-05-16T14:58:38.612934Z  INFO influxdb3_server::query_executor: executing sql query database=bench query=-- 1-week recent window — exercises the gen1-heavy tail. Most recent data
querier-1  | 2026-05-16T14:58:38.612993505Z -- still sits in many small gen1 files; compaction should already be
querier-1  | 2026-05-16T14:58:38.612994130Z -- promoting older portions of this window to gen2/3.
querier-1  | 2026-05-16T14:58:38.612994713Z SELECT region, AVG(temp), COUNT(*)
querier-1  | 2026-05-16T14:58:38.612995297Z FROM sensors
querier-1  | 2026-05-16T14:58:38.612995880Z WHERE time > now() - INTERVAL '1 week'
querier-1  | 2026-05-16T14:58:38.612996463Z GROUP BY region params=None
querier-1  | 2026-05-16T14:58:38.612997088Z 2026-05-16T14:58:38.612956Z  INFO iox_query::query_log: query when="received" id=45600675-0d2f-4b03-b116-a4515bc96f9b namespace_id=0 namespace_name="influxdb3 oss" query_type="sql" query_text=-- 1-week recent window — exercises the gen1-heavy tail. Most recent data
querier-1  | 2026-05-16T14:58:38.612998088Z -- still sits in many small gen1 files; compaction should already be
querier-1  | 2026-05-16T14:58:38.612998672Z -- promoting older portions of this window to gen2/3.
querier-1  | 2026-05-16T14:58:38.612999255Z SELECT region, AVG(temp), COUNT(*)
querier-1  | 2026-05-16T14:58:38.612999797Z FROM sensors
querier-1  | 2026-05-16T14:58:38.613006880Z WHERE time > now() - INTERVAL '1 week'
querier-1  | 2026-05-16T14:58:38.613007505Z GROUP BY region query_params=Params { } issue_time=2026-05-16T14:58:38.612955630+00:00 success=false running=true cancelled=false
querier-1  | 2026-05-16T14:58:38.630035130Z 2026-05-16T14:58:38.629960Z  INFO iox_query::query_log: query when="planned" id=45600675-0d2f-4b03-b116-a4515bc96f9b namespace_id=0 namespace_name="influxdb3 oss" query_type="sql" query_text=-- 1-week recent window — exercises the gen1-heavy tail. Most recent data
querier-1  | 2026-05-16T14:58:38.630044213Z -- still sits in many small gen1 files; compaction should already be
querier-1  | 2026-05-16T14:58:38.630045047Z -- promoting older portions of this window to gen2/3.
querier-1  | 2026-05-16T14:58:38.630045713Z SELECT region, AVG(temp), COUNT(*)
querier-1  | 2026-05-16T14:58:38.630046297Z FROM sensors
querier-1  | 2026-05-16T14:58:38.630046922Z WHERE time > now() - INTERVAL '1 week'
querier-1  | 2026-05-16T14:58:38.630047838Z GROUP BY region query_params=Params { } issue_time=2026-05-16T14:58:38.612955630+00:00 partitions=35 parquet_files=560 deduplicated_partitions=35 deduplicated_parquet_files=560 plan_duration_secs=0.016868958 success=false running=true cancelled=false
querier-1  | 2026-05-16T14:58:38.630048797Z 2026-05-16T14:58:38.629978Z  INFO iox_query::query_log: query when="permit" id=45600675-0d2f-4b03-b116-a4515bc96f9b namespace_id=0 namespace_name="influxdb3 oss" query_type="sql" query_text=-- 1-week recent window — exercises the gen1-heavy tail. Most recent data
querier-1  | 2026-05-16T14:58:38.630049713Z -- still sits in many small gen1 files; compaction should already be
querier-1  | 2026-05-16T14:58:38.630050338Z -- promoting older portions of this window to gen2/3.
querier-1  | 2026-05-16T14:58:38.630050963Z SELECT region, AVG(temp), COUNT(*)
querier-1  | 2026-05-16T14:58:38.630051505Z FROM sensors
querier-1  | 2026-05-16T14:58:38.630052088Z WHERE time > now() - INTERVAL '1 week'
querier-1  | 2026-05-16T14:58:38.630052755Z GROUP BY region query_params=Params { } issue_time=2026-05-16T14:58:38.612955630+00:00 partitions=35 parquet_files=560 deduplicated_partitions=35 deduplicated_parquet_files=560 plan_duration_secs=0.016868958 permit_duration_secs=0.000153542 success=false running=true cancelled=false
querier-1  | 2026-05-16T14:58:38.630155588Z 2026-05-16T14:58:38.630072Z  INFO iox_query::query_log: query when="success" id=45600675-0d2f-4b03-b116-a4515bc96f9b namespace_id=0 namespace_name="influxdb3 oss" query_type="sql" query_text=-- 1-week recent window — exercises the gen1-heavy tail. Most recent data
querier-1  | 2026-05-16T14:58:38.630164297Z -- still sits in many small gen1 files; compaction should already be
querier-1  | 2026-05-16T14:58:38.630165338Z -- promoting older portions of this window to gen2/3.
querier-1  | 2026-05-16T14:58:38.630166172Z SELECT region, AVG(temp), COUNT(*)
querier-1  | 2026-05-16T14:58:38.630166922Z FROM sensors
querier-1  | 2026-05-16T14:58:38.630167630Z WHERE time > now() - INTERVAL '1 week'
querier-1  | 2026-05-16T14:58:38.630168672Z GROUP BY region query_params=Params { } issue_time=2026-05-16T14:58:38.612955630+00:00 partitions=35 parquet_files=560 deduplicated_partitions=35 deduplicated_parquet_files=560 plan_duration_secs=0.016868958 permit_duration_secs=0.000153542 execute_duration_secs=7.9083e-5 end2end_duration_secs=0.017116042 compute_duration_secs=4e-9 max_memory=0 ingester_metrics.latency_to_plan_secs=0.0 ingester_metrics.latency_to_full_data_secs=0.0 ingester_metrics.response_rows=0 ingester_metrics.partition_count=0 ingester_metrics.response_size=0 success=true running=false cancelled=false
querier-1  | 2026-05-16T14:58:38.669470838Z 2026-05-16T14:58:38.669406Z  INFO influxdb3_server::http: handling query_sql database=bench query_str=-- 1-week recent window — exercises the gen1-heavy tail. Most recent data
querier-1  | 2026-05-16T14:58:38.669477838Z -- still sits in many small gen1 files; compaction should already be
querier-1  | 2026-05-16T14:58:38.669478713Z -- promoting older portions of this window to gen2/3.
querier-1  | 2026-05-16T14:58:38.669479380Z SELECT region, AVG(temp), COUNT(*)
querier-1  | 2026-05-16T14:58:38.669480005Z FROM sensors
querier-1  | 2026-05-16T14:58:38.669480547Z WHERE time > now() - INTERVAL '1 week'
querier-1  | 2026-05-16T14:58:38.669481338Z GROUP BY region format=Csv
querier-1  | 2026-05-16T14:58:38.669481963Z 2026-05-16T14:58:38.669431Z  INFO influxdb3_server::query_executor: executing sql query database=bench query=-- 1-week recent window — exercises the gen1-heavy tail. Most recent data
querier-1  | 2026-05-16T14:58:38.669482755Z -- still sits in many small gen1 files; compaction should already be
querier-1  | 2026-05-16T14:58:38.669483380Z -- promoting older portions of this window to gen2/3.
querier-1  | 2026-05-16T14:58:38.669483963Z SELECT region, AVG(temp), COUNT(*)
querier-1  | 2026-05-16T14:58:38.669484505Z FROM sensors
querier-1  | 2026-05-16T14:58:38.669485047Z WHERE time > now() - INTERVAL '1 week'
querier-1  | 2026-05-16T14:58:38.669485588Z GROUP BY region params=None
querier-1  | 2026-05-16T14:58:38.669489505Z 2026-05-16T14:58:38.669455Z  INFO iox_query::query_log: query when="received" id=fc9337e6-9c0a-498b-8687-4c643b045cf2 namespace_id=0 namespace_name="influxdb3 oss" query_type="sql" query_text=-- 1-week recent window — exercises the gen1-heavy tail. Most recent data
querier-1  | 2026-05-16T14:58:38.669494380Z -- still sits in many small gen1 files; compaction should already be
querier-1  | 2026-05-16T14:58:38.669495422Z -- promoting older portions of this window to gen2/3.
querier-1  | 2026-05-16T14:58:38.669496130Z SELECT region, AVG(temp), COUNT(*)
querier-1  | 2026-05-16T14:58:38.669496797Z FROM sensors
querier-1  | 2026-05-16T14:58:38.669497422Z WHERE time > now() - INTERVAL '1 week'
querier-1  | 2026-05-16T14:58:38.669498130Z GROUP BY region query_params=Params { } issue_time=2026-05-16T14:58:38.669454672+00:00 success=false running=true cancelled=false
querier-1  | 2026-05-16T14:58:38.686508380Z 2026-05-16T14:58:38.686435Z  INFO iox_query::query_log: query when="planned" id=fc9337e6-9c0a-498b-8687-4c643b045cf2 namespace_id=0 namespace_name="influxdb3 oss" query_type="sql" query_text=-- 1-week recent window — exercises the gen1-heavy tail. Most recent data
querier-1  | 2026-05-16T14:58:38.686517630Z -- still sits in many small gen1 files; compaction should already be
querier-1  | 2026-05-16T14:58:38.686518797Z -- promoting older portions of this window to gen2/3.
querier-1  | 2026-05-16T14:58:38.686519838Z SELECT region, AVG(temp), COUNT(*)
querier-1  | 2026-05-16T14:58:38.686520588Z FROM sensors
querier-1  | 2026-05-16T14:58:38.686521172Z WHERE time > now() - INTERVAL '1 week'
querier-1  | 2026-05-16T14:58:38.686544255Z GROUP BY region query_params=Params { } issue_time=2026-05-16T14:58:38.669454672+00:00 partitions=35 parquet_files=560 deduplicated_partitions=35 deduplicated_parquet_files=560 plan_duration_secs=0.016834375 success=false running=true cancelled=false
querier-1  | 2026-05-16T14:58:38.686545213Z 2026-05-16T14:58:38.686453Z  INFO iox_query::query_log: query when="permit" id=fc9337e6-9c0a-498b-8687-4c643b045cf2 namespace_id=0 namespace_name="influxdb3 oss" query_type="sql" query_text=-- 1-week recent window — exercises the gen1-heavy tail. Most recent data
querier-1  | 2026-05-16T14:58:38.686546088Z -- still sits in many small gen1 files; compaction should already be
querier-1  | 2026-05-16T14:58:38.686546713Z -- promoting older portions of this window to gen2/3.
querier-1  | 2026-05-16T14:58:38.686547297Z SELECT region, AVG(temp), COUNT(*)
querier-1  | 2026-05-16T14:58:38.686547838Z FROM sensors
querier-1  | 2026-05-16T14:58:38.686548380Z WHERE time > now() - INTERVAL '1 week'
querier-1  | 2026-05-16T14:58:38.686549005Z GROUP BY region query_params=Params { } issue_time=2026-05-16T14:58:38.669454672+00:00 partitions=35 parquet_files=560 deduplicated_partitions=35 deduplicated_parquet_files=560 plan_duration_secs=0.016834375 permit_duration_secs=0.000163666 success=false running=true cancelled=false
querier-1  | 2026-05-16T14:58:38.689400047Z 2026-05-16T14:58:38.686627Z  INFO iox_query::query_log: query when="success" id=fc9337e6-9c0a-498b-8687-4c643b045cf2 namespace_id=0 namespace_name="influxdb3 oss" query_type="sql" query_text=-- 1-week recent window — exercises the gen1-heavy tail. Most recent data
querier-1  | 2026-05-16T14:58:38.689410172Z -- still sits in many small gen1 files; compaction should already be
querier-1  | 2026-05-16T14:58:38.689411463Z -- promoting older portions of this window to gen2/3.
querier-1  | 2026-05-16T14:58:38.689412338Z SELECT region, AVG(temp), COUNT(*)
querier-1  | 2026-05-16T14:58:38.689413130Z FROM sensors
querier-1  | 2026-05-16T14:58:38.689413963Z WHERE time > now() - INTERVAL '1 week'
querier-1  | 2026-05-16T14:58:38.689415005Z GROUP BY region query_params=Params { } issue_time=2026-05-16T14:58:38.669454672+00:00 partitions=35 parquet_files=560 deduplicated_partitions=35 deduplicated_parquet_files=560 plan_duration_secs=0.016834375 permit_duration_secs=0.000163666 execute_duration_secs=9.0167e-5 end2end_duration_secs=0.017170458 compute_duration_secs=3.8387e-5 max_memory=0 ingester_metrics.latency_to_plan_secs=0.0 ingester_metrics.latency_to_full_data_secs=0.0 ingester_metrics.response_rows=0 ingester_metrics.partition_count=0 ingester_metrics.response_size=0 success=true running=false cancelled=false
querier-1  | 2026-05-16T14:58:38.728931297Z 2026-05-16T14:58:38.728869Z  INFO influxdb3_server::http: handling query_sql database=bench query_str=-- 1-week recent window — exercises the gen1-heavy tail. Most recent data
querier-1  | 2026-05-16T14:58:38.728938630Z -- still sits in many small gen1 files; compaction should already be
querier-1  | 2026-05-16T14:58:38.728939630Z -- promoting older portions of this window to gen2/3.
querier-1  | 2026-05-16T14:58:38.728940338Z SELECT region, AVG(temp), COUNT(*)
querier-1  | 2026-05-16T14:58:38.728940922Z FROM sensors
querier-1  | 2026-05-16T14:58:38.728941547Z WHERE time > now() - INTERVAL '1 week'
querier-1  | 2026-05-16T14:58:38.728942297Z GROUP BY region format=Csv
querier-1  | 2026-05-16T14:58:38.728949338Z 2026-05-16T14:58:38.728891Z  INFO influxdb3_server::query_executor: executing sql query database=bench query=-- 1-week recent window — exercises the gen1-heavy tail. Most recent data
querier-1  | 2026-05-16T14:58:38.728950172Z -- still sits in many small gen1 files; compaction should already be
querier-1  | 2026-05-16T14:58:38.728950755Z -- promoting older portions of this window to gen2/3.
querier-1  | 2026-05-16T14:58:38.728951338Z SELECT region, AVG(temp), COUNT(*)
querier-1  | 2026-05-16T14:58:38.728951880Z FROM sensors
querier-1  | 2026-05-16T14:58:38.728952463Z WHERE time > now() - INTERVAL '1 week'
querier-1  | 2026-05-16T14:58:38.728953005Z GROUP BY region params=None
querier-1  | 2026-05-16T14:58:38.728955547Z 2026-05-16T14:58:38.728914Z  INFO iox_query::query_log: query when="received" id=d8b5e61b-2bf9-40c7-ab40-ff7fcf462ff5 namespace_id=0 namespace_name="influxdb3 oss" query_type="sql" query_text=-- 1-week recent window — exercises the gen1-heavy tail. Most recent data
querier-1  | 2026-05-16T14:58:38.728956630Z -- still sits in many small gen1 files; compaction should already be
querier-1  | 2026-05-16T14:58:38.728957213Z -- promoting older portions of this window to gen2/3.
querier-1  | 2026-05-16T14:58:38.728957797Z SELECT region, AVG(temp), COUNT(*)
querier-1  | 2026-05-16T14:58:38.728958338Z FROM sensors
querier-1  | 2026-05-16T14:58:38.728958880Z WHERE time > now() - INTERVAL '1 week'
querier-1  | 2026-05-16T14:58:38.728959505Z GROUP BY region query_params=Params { } issue_time=2026-05-16T14:58:38.728913088+00:00 success=false running=true cancelled=false
querier-1  | 2026-05-16T14:58:38.745837463Z 2026-05-16T14:58:38.745768Z  INFO iox_query::query_log: query when="planned" id=d8b5e61b-2bf9-40c7-ab40-ff7fcf462ff5 namespace_id=0 namespace_name="influxdb3 oss" query_type="sql" query_text=-- 1-week recent window — exercises the gen1-heavy tail. Most recent data
querier-1  | 2026-05-16T14:58:38.745845297Z -- still sits in many small gen1 files; compaction should already be
querier-1  | 2026-05-16T14:58:38.745846213Z -- promoting older portions of this window to gen2/3.
querier-1  | 2026-05-16T14:58:38.745847088Z SELECT region, AVG(temp), COUNT(*)
querier-1  | 2026-05-16T14:58:38.745847880Z FROM sensors
querier-1  | 2026-05-16T14:58:38.745848630Z WHERE time > now() - INTERVAL '1 week'
querier-1  | 2026-05-16T14:58:38.745849547Z GROUP BY region query_params=Params { } issue_time=2026-05-16T14:58:38.728913088+00:00 partitions=35 parquet_files=560 deduplicated_partitions=35 deduplicated_parquet_files=560 plan_duration_secs=0.016719 success=false running=true cancelled=false
querier-1  | 2026-05-16T14:58:38.745850630Z 2026-05-16T14:58:38.745784Z  INFO iox_query::query_log: query when="permit" id=d8b5e61b-2bf9-40c7-ab40-ff7fcf462ff5 namespace_id=0 namespace_name="influxdb3 oss" query_type="sql" query_text=-- 1-week recent window — exercises the gen1-heavy tail. Most recent data
querier-1  | 2026-05-16T14:58:38.745852088Z -- still sits in many small gen1 files; compaction should already be
querier-1  | 2026-05-16T14:58:38.745852880Z -- promoting older portions of this window to gen2/3.
querier-1  | 2026-05-16T14:58:38.745853630Z SELECT region, AVG(temp), COUNT(*)
querier-1  | 2026-05-16T14:58:38.745854338Z FROM sensors
querier-1  | 2026-05-16T14:58:38.745855047Z WHERE time > now() - INTERVAL '1 week'
querier-1  | 2026-05-16T14:58:38.745859922Z GROUP BY region query_params=Params { } issue_time=2026-05-16T14:58:38.728913088+00:00 partitions=35 parquet_files=560 deduplicated_partitions=35 deduplicated_parquet_files=560 plan_duration_secs=0.016719 permit_duration_secs=0.000152209 success=false running=true cancelled=false
querier-1  | 2026-05-16T14:58:38.745968297Z 2026-05-16T14:58:38.745907Z  INFO iox_query::query_log: query when="success" id=d8b5e61b-2bf9-40c7-ab40-ff7fcf462ff5 namespace_id=0 namespace_name="influxdb3 oss" query_type="sql" query_text=-- 1-week recent window — exercises the gen1-heavy tail. Most recent data
querier-1  | 2026-05-16T14:58:38.745975755Z -- still sits in many small gen1 files; compaction should already be
querier-1  | 2026-05-16T14:58:38.745976505Z -- promoting older portions of this window to gen2/3.
querier-1  | 2026-05-16T14:58:38.745977172Z SELECT region, AVG(temp), COUNT(*)
querier-1  | 2026-05-16T14:58:38.745977963Z FROM sensors
querier-1  | 2026-05-16T14:58:38.745978505Z WHERE time > now() - INTERVAL '1 week'
querier-1  | 2026-05-16T14:58:38.745979463Z GROUP BY region query_params=Params { } issue_time=2026-05-16T14:58:38.728913088+00:00 partitions=35 parquet_files=560 deduplicated_partitions=35 deduplicated_parquet_files=560 plan_duration_secs=0.016719 permit_duration_secs=0.000152209 execute_duration_secs=0.000101916 end2end_duration_secs=0.016993709 compute_duration_secs=1.6837e-5 max_memory=0 ingester_metrics.latency_to_plan_secs=0.0 ingester_metrics.latency_to_full_data_secs=0.0 ingester_metrics.response_rows=0 ingester_metrics.partition_count=0 ingester_metrics.response_size=0 success=true running=false cancelled=false
querier-1  | 2026-05-16T14:58:38.787231755Z 2026-05-16T14:58:38.787166Z  INFO influxdb3_server::http: handling query_sql database=bench query_str=-- 1-week recent window — exercises the gen1-heavy tail. Most recent data
querier-1  | 2026-05-16T14:58:38.787239547Z -- still sits in many small gen1 files; compaction should already be
querier-1  | 2026-05-16T14:58:38.787240463Z -- promoting older portions of this window to gen2/3.
querier-1  | 2026-05-16T14:58:38.787241130Z SELECT region, AVG(temp), COUNT(*)
querier-1  | 2026-05-16T14:58:38.787241838Z FROM sensors
querier-1  | 2026-05-16T14:58:38.787242463Z WHERE time > now() - INTERVAL '1 week'
querier-1  | 2026-05-16T14:58:38.787244755Z GROUP BY region format=Csv
querier-1  | 2026-05-16T14:58:38.787245380Z 2026-05-16T14:58:38.787187Z  INFO influxdb3_server::query_executor: executing sql query database=bench query=-- 1-week recent window — exercises the gen1-heavy tail. Most recent data
querier-1  | 2026-05-16T14:58:38.787246172Z -- still sits in many small gen1 files; compaction should already be
querier-1  | 2026-05-16T14:58:38.787246797Z -- promoting older portions of this window to gen2/3.
querier-1  | 2026-05-16T14:58:38.787247380Z SELECT region, AVG(temp), COUNT(*)
querier-1  | 2026-05-16T14:58:38.787247963Z FROM sensors
querier-1  | 2026-05-16T14:58:38.787248505Z WHERE time > now() - INTERVAL '1 week'
querier-1  | 2026-05-16T14:58:38.787249088Z GROUP BY region params=None
querier-1  | 2026-05-16T14:58:38.787249713Z 2026-05-16T14:58:38.787209Z  INFO iox_query::query_log: query when="received" id=29a5be7c-fe9f-4390-97cb-3ff4cf5f9973 namespace_id=0 namespace_name="influxdb3 oss" query_type="sql" query_text=-- 1-week recent window — exercises the gen1-heavy tail. Most recent data
querier-1  | 2026-05-16T14:58:38.787257922Z -- still sits in many small gen1 files; compaction should already be
querier-1  | 2026-05-16T14:58:38.787259172Z -- promoting older portions of this window to gen2/3.
querier-1  | 2026-05-16T14:58:38.787259713Z SELECT region, AVG(temp), COUNT(*)
querier-1  | 2026-05-16T14:58:38.787260255Z FROM sensors
querier-1  | 2026-05-16T14:58:38.787260755Z WHERE time > now() - INTERVAL '1 week'
querier-1  | 2026-05-16T14:58:38.787261297Z GROUP BY region query_params=Params { } issue_time=2026-05-16T14:58:38.787208088+00:00 success=false running=true cancelled=false
querier-1  | 2026-05-16T14:58:38.804804297Z 2026-05-16T14:58:38.804724Z  INFO iox_query::query_log: query when="planned" id=29a5be7c-fe9f-4390-97cb-3ff4cf5f9973 namespace_id=0 namespace_name="influxdb3 oss" query_type="sql" query_text=-- 1-week recent window — exercises the gen1-heavy tail. Most recent data
querier-1  | 2026-05-16T14:58:38.804818505Z -- still sits in many small gen1 files; compaction should already be
querier-1  | 2026-05-16T14:58:38.804819672Z -- promoting older portions of this window to gen2/3.
querier-1  | 2026-05-16T14:58:38.804820588Z SELECT region, AVG(temp), COUNT(*)
querier-1  | 2026-05-16T14:58:38.804821255Z FROM sensors
querier-1  | 2026-05-16T14:58:38.804821922Z WHERE time > now() - INTERVAL '1 week'
querier-1  | 2026-05-16T14:58:38.804822797Z GROUP BY region query_params=Params { } issue_time=2026-05-16T14:58:38.787208088+00:00 partitions=35 parquet_files=560 deduplicated_partitions=35 deduplicated_parquet_files=560 plan_duration_secs=0.017389292 success=false running=true cancelled=false
querier-1  | 2026-05-16T14:58:38.804823755Z 2026-05-16T14:58:38.804745Z  INFO iox_query::query_log: query when="permit" id=29a5be7c-fe9f-4390-97cb-3ff4cf5f9973 namespace_id=0 namespace_name="influxdb3 oss" query_type="sql" query_text=-- 1-week recent window — exercises the gen1-heavy tail. Most recent data
querier-1  | 2026-05-16T14:58:38.804824755Z -- still sits in many small gen1 files; compaction should already be
querier-1  | 2026-05-16T14:58:38.804825422Z -- promoting older portions of this window to gen2/3.
querier-1  | 2026-05-16T14:58:38.804826172Z SELECT region, AVG(temp), COUNT(*)
querier-1  | 2026-05-16T14:58:38.804826838Z FROM sensors
querier-1  | 2026-05-16T14:58:38.804827505Z WHERE time > now() - INTERVAL '1 week'
querier-1  | 2026-05-16T14:58:38.804828255Z GROUP BY region query_params=Params { } issue_time=2026-05-16T14:58:38.787208088+00:00 partitions=35 parquet_files=560 deduplicated_partitions=35 deduplicated_parquet_files=560 plan_duration_secs=0.017389292 permit_duration_secs=0.000148042 success=false running=true cancelled=false
querier-1  | 2026-05-16T14:58:38.804911213Z 2026-05-16T14:58:38.804845Z  INFO iox_query::query_log: query when="success" id=29a5be7c-fe9f-4390-97cb-3ff4cf5f9973 namespace_id=0 namespace_name="influxdb3 oss" query_type="sql" query_text=-- 1-week recent window — exercises the gen1-heavy tail. Most recent data
querier-1  | 2026-05-16T14:58:38.804915130Z -- still sits in many small gen1 files; compaction should already be
querier-1  | 2026-05-16T14:58:38.804915922Z -- promoting older portions of this window to gen2/3.
querier-1  | 2026-05-16T14:58:38.804916588Z SELECT region, AVG(temp), COUNT(*)
querier-1  | 2026-05-16T14:58:38.804917213Z FROM sensors
querier-1  | 2026-05-16T14:58:38.804917797Z WHERE time > now() - INTERVAL '1 week'
querier-1  | 2026-05-16T14:58:38.804923838Z GROUP BY region query_params=Params { } issue_time=2026-05-16T14:58:38.787208088+00:00 partitions=35 parquet_files=560 deduplicated_partitions=35 deduplicated_parquet_files=560 plan_duration_secs=0.017389292 permit_duration_secs=0.000148042 execute_duration_secs=8.3875e-5 end2end_duration_secs=0.017636417 compute_duration_secs=4e-9 max_memory=0 ingester_metrics.latency_to_plan_secs=0.0 ingester_metrics.latency_to_full_data_secs=0.0 ingester_metrics.response_rows=0 ingester_metrics.partition_count=0 ingester_metrics.response_size=0 success=true running=false cancelled=false
querier-1  | 2026-05-16T14:59:51.705324761Z 2026-05-16T14:59:51.705253Z  INFO influxdb3_shutdown: Received SIGTERM
querier-1  | 2026-05-16T14:59:51.705342594Z 2026-05-16T14:59:51.705274Z  INFO influxdb3_lib::commands::serve: shutdown requested
querier-1  | 2026-05-16T14:59:51.705385094Z 2026-05-16T14:59:51.705305Z  INFO influxdb3_catalog::catalog: updating node state to stopped in shared catalog node_id="querier-1"
querier-1  | 2026-05-16T14:59:51.705393469Z 2026-05-16T14:59:51.705326Z  INFO influxdb3_catalog::catalog::update: updating node state to Stopped in catalog node_id="querier-1" process_uuid=a75b2e51-bf74-4522-bc0f-655f3c75387d
querier-1  | 2026-05-16T14:59:51.705395594Z 2026-05-16T14:59:51.705327Z  INFO influxdb3_write::deleter: Shutdown signal received, exiting object deleter loop.
querier-1  | 2026-05-16T14:59:51.706635136Z 2026-05-16T14:59:51.706569Z  INFO object_store::client::retry: Encountered transport error backing off for 0.1 seconds, retry 1 of 10: error sending request
querier-1  | 2026-05-16T14:59:51.814693719Z 2026-05-16T14:59:51.814607Z  INFO influxdb3_catalog::object_store: persisted next catalog sequence put_result=PutResult { e_tag: Some("\"1f8291df67bd672edecf79461b2cd7c3\""), version: None } object_path=CatalogFilePath(Path { raw: "_catalog/catalogs/00000000000000000013.catalog" })
querier-1  | 2026-05-16T14:59:51.814768261Z 2026-05-16T14:59:51.814695Z  INFO influxdb3_lib::commands::serve: frontend shutdown completed
querier-1  | 2026-05-16T14:59:51.814775261Z 2026-05-16T14:59:51.814705Z  INFO influxdb3_lib::commands::serve: backend shutdown completed
querier-1  | 2026-05-16T14:59:52.024069261Z 2026-05-16T14:59:52.023974Z  INFO influxdb3_lib::commands::serve: InfluxDB 3 Core server starting node_id=querier-1 git_hash=c68a5712951128aa65e146169fe814ea69f22f63 version=3.3.0-nightly uuid=f9a989af-35b8-4929-a761-a0a4cce51bb3 num_cpus=8
querier-1  | 2026-05-16T14:59:52.024082761Z 2026-05-16T14:59:52.024040Z  INFO influxdb3_clap_blocks::object_store: Object Store bucket=Some("influxdb3-bench") endpoint=Some(Endpoint("http://minio:9000")) object_store_type="S3"
querier-1  | 2026-05-16T14:59:52.024094678Z 2026-05-16T14:59:52.024070Z  INFO object_store::aws::builder: Using Static credential provider
querier-1  | 2026-05-16T14:59:52.026379553Z 2026-05-16T14:59:52.026311Z  INFO influxdb3_lib::commands::serve: Creating shared query executor num_threads=8
querier-1  | 2026-05-16T14:59:52.028096220Z 2026-05-16T14:59:52.028034Z  INFO influxdb3_lib::commands::serve: opening shared catalog at _catalog/
querier-1  | 2026-05-16T14:59:52.032549470Z 2026-05-16T14:59:52.032476Z  INFO influxdb3_catalog::catalog::update: create database name="_internal"
querier-1  | 2026-05-16T14:59:52.032561803Z 2026-05-16T14:59:52.032516Z  INFO influxdb3_lib::commands::serve: catalog initialized catalog_uuid=821b8c7a-d469-4f52-b46b-3a1f5f1dc62b
querier-1  | 2026-05-16T14:59:52.032563386Z 2026-05-16T14:59:52.032519Z  INFO influxdb3_catalog::catalog::update: register node node_id="querier-1" core_count=8 mode=[Core]
querier-1  | 2026-05-16T14:59:52.033564886Z 2026-05-16T14:59:52.033436Z  INFO influxdb3_catalog::object_store: persisted next catalog sequence put_result=PutResult { e_tag: Some("\"189c59392d553109a9974239ce75873c\""), version: None } object_path=CatalogFilePath(Path { raw: "_catalog/catalogs/00000000000000000014.catalog" })
querier-1  | 2026-05-16T14:59:52.033569845Z 2026-05-16T14:59:52.033516Z  INFO influxdb3_lib::commands::serve: catalog initialized instance_id="52a60c4a-930d-40c3-9832-8bf0fabfc05b"
querier-1  | 2026-05-16T14:59:52.033570845Z 2026-05-16T14:59:52.033544Z  INFO influxdb3_catalog::catalog::update: set gen1 duration duration_ns=600000000000
querier-1  | 2026-05-16T14:59:52.033571636Z 2026-05-16T14:59:52.033549Z  WARN influxdb3_lib::commands::serve: cannot change the existing gen1 duration after it has been set existing_secs=60 provided_secs=600
querier-1  | 2026-05-16T14:59:52.082647886Z 2026-05-16T14:59:52.081952Z  INFO influxdb3_wal::object_store: replaying WAL files
querier-1  | 2026-05-16T14:59:52.082787428Z 2026-05-16T14:59:52.081975Z  INFO influxdb3_wal::object_store: completed replaying wal files time_taken=28.417µs
querier-1  | 2026-05-16T14:59:52.082798303Z 2026-05-16T14:59:52.082008Z  INFO influxdb3_lib::commands::serve: setting up background mem check for query buffer
querier-1  | 2026-05-16T14:59:52.082800345Z 2026-05-16T14:59:52.082014Z  INFO influxdb3_lib::commands::serve: compaction service disabled (mode=Querier does not run compaction)
querier-1  | 2026-05-16T14:59:52.082827386Z 2026-05-16T14:59:52.082016Z  INFO influxdb3_lib::commands::serve: setting up telemetry store
querier-1  | 2026-05-16T14:59:52.082829553Z 2026-05-16T14:59:52.082019Z  WARN influxdb3_lib::commands::serve: server started without auth (`--without-auth` switch), all token creation and regeneration of admin token endpoints are disabled
querier-1  | 2026-05-16T14:59:52.082831928Z 2026-05-16T14:59:52.082431Z  INFO influxdb3_write::deleter: Started catalog hard deleter task. delete_grace_period=86400s
querier-1  | 2026-05-16T14:59:52.083320095Z 2026-05-16T14:59:52.083203Z  INFO influxdb3_lib::commands::serve: setting up server with authz disabled for paths paths_without_authz=[]
querier-1  | 2026-05-16T14:59:52.083326303Z 2026-05-16T14:59:52.083276Z  INFO influxdb3_server: startup time: 59ms address=0.0.0.0:8181
querier-1  | 2026-05-16T14:59:56.778110972Z 2026-05-16T14:59:56.778030Z  INFO influxdb3_server::http: handling query_sql database=bench query_str=-- Full-range aggregation across every host and every point. Forces a scan of
querier-1  | 2026-05-16T14:59:56.778122805Z -- every parquet file the querier knows about. Most-uncompacted-friendly:
querier-1  | 2026-05-16T14:59:56.778124055Z -- many small gen1 files = many small reads.
querier-1  | 2026-05-16T14:59:56.778124889Z SELECT region, AVG(temp) AS avg_temp, MAX(humidity) AS max_humid, COUNT(*) AS n
querier-1  | 2026-05-16T14:59:56.778125639Z FROM sensors
querier-1  | 2026-05-16T14:59:56.778126305Z GROUP BY region format=Csv
querier-1  | 2026-05-16T14:59:56.778126972Z 2026-05-16T14:59:56.778065Z  INFO influxdb3_server::query_executor: executing sql query database=bench query=-- Full-range aggregation across every host and every point. Forces a scan of
querier-1  | 2026-05-16T14:59:56.778128180Z -- every parquet file the querier knows about. Most-uncompacted-friendly:
querier-1  | 2026-05-16T14:59:56.778130972Z -- many small gen1 files = many small reads.
querier-1  | 2026-05-16T14:59:56.778131805Z SELECT region, AVG(temp) AS avg_temp, MAX(humidity) AS max_humid, COUNT(*) AS n
querier-1  | 2026-05-16T14:59:56.778132639Z FROM sensors
querier-1  | 2026-05-16T14:59:56.778133264Z GROUP BY region params=None
querier-1  | 2026-05-16T14:59:56.778167930Z 2026-05-16T14:59:56.778117Z  INFO iox_query::query_log: query when="received" id=a9613c6f-5648-4937-978f-4e36f0100e14 namespace_id=0 namespace_name="influxdb3 oss" query_type="sql" query_text=-- Full-range aggregation across every host and every point. Forces a scan of
querier-1  | 2026-05-16T14:59:56.778170430Z -- every parquet file the querier knows about. Most-uncompacted-friendly:
querier-1  | 2026-05-16T14:59:56.778171055Z -- many small gen1 files = many small reads.
querier-1  | 2026-05-16T14:59:56.778171639Z SELECT region, AVG(temp) AS avg_temp, MAX(humidity) AS max_humid, COUNT(*) AS n
querier-1  | 2026-05-16T14:59:56.778172264Z FROM sensors
querier-1  | 2026-05-16T14:59:56.778172805Z GROUP BY region query_params=Params { } issue_time=2026-05-16T14:59:56.778116472+00:00 success=false running=true cancelled=false
querier-1  | 2026-05-16T14:59:56.780061347Z 2026-05-16T14:59:56.780001Z  INFO iox_query::query_log: query when="planned" id=a9613c6f-5648-4937-978f-4e36f0100e14 namespace_id=0 namespace_name="influxdb3 oss" query_type="sql" query_text=-- Full-range aggregation across every host and every point. Forces a scan of
querier-1  | 2026-05-16T14:59:56.780066680Z -- every parquet file the querier knows about. Most-uncompacted-friendly:
querier-1  | 2026-05-16T14:59:56.780067597Z -- many small gen1 files = many small reads.
querier-1  | 2026-05-16T14:59:56.780068305Z SELECT region, AVG(temp) AS avg_temp, MAX(humidity) AS max_humid, COUNT(*) AS n
querier-1  | 2026-05-16T14:59:56.780068972Z FROM sensors
querier-1  | 2026-05-16T14:59:56.780069597Z GROUP BY region query_params=Params { } issue_time=2026-05-16T14:59:56.778116472+00:00 partitions=1 parquet_files=1 deduplicated_partitions=0 deduplicated_parquet_files=0 plan_duration_secs=0.001881292 success=false running=true cancelled=false
querier-1  | 2026-05-16T14:59:56.780070472Z 2026-05-16T14:59:56.780013Z  INFO iox_query::query_log: query when="permit" id=a9613c6f-5648-4937-978f-4e36f0100e14 namespace_id=0 namespace_name="influxdb3 oss" query_type="sql" query_text=-- Full-range aggregation across every host and every point. Forces a scan of
querier-1  | 2026-05-16T14:59:56.780071514Z -- every parquet file the querier knows about. Most-uncompacted-friendly:
querier-1  | 2026-05-16T14:59:56.780072305Z -- many small gen1 files = many small reads.
querier-1  | 2026-05-16T14:59:56.780073014Z SELECT region, AVG(temp) AS avg_temp, MAX(humidity) AS max_humid, COUNT(*) AS n
querier-1  | 2026-05-16T14:59:56.780073764Z FROM sensors
querier-1  | 2026-05-16T14:59:56.780074472Z GROUP BY region query_params=Params { } issue_time=2026-05-16T14:59:56.778116472+00:00 partitions=1 parquet_files=1 deduplicated_partitions=0 deduplicated_parquet_files=0 plan_duration_secs=0.001881292 permit_duration_secs=1.5583e-5 success=false running=true cancelled=false
querier-1  | 2026-05-16T14:59:56.780212264Z 2026-05-16T14:59:56.780106Z  INFO iox_query::query_log: query when="success" id=a9613c6f-5648-4937-978f-4e36f0100e14 namespace_id=0 namespace_name="influxdb3 oss" query_type="sql" query_text=-- Full-range aggregation across every host and every point. Forces a scan of
querier-1  | 2026-05-16T14:59:56.780221222Z -- every parquet file the querier knows about. Most-uncompacted-friendly:
querier-1  | 2026-05-16T14:59:56.780222264Z -- many small gen1 files = many small reads.
querier-1  | 2026-05-16T14:59:56.780222889Z SELECT region, AVG(temp) AS avg_temp, MAX(humidity) AS max_humid, COUNT(*) AS n
querier-1  | 2026-05-16T14:59:56.780223639Z FROM sensors
querier-1  | 2026-05-16T14:59:56.780227389Z GROUP BY region query_params=Params { } issue_time=2026-05-16T14:59:56.778116472+00:00 partitions=1 parquet_files=1 deduplicated_partitions=0 deduplicated_parquet_files=0 plan_duration_secs=0.001881292 permit_duration_secs=1.5583e-5 execute_duration_secs=8.7083e-5 end2end_duration_secs=0.001988917 compute_duration_secs=4e-9 max_memory=0 ingester_metrics.latency_to_plan_secs=0.0 ingester_metrics.latency_to_full_data_secs=0.0 ingester_metrics.response_rows=0 ingester_metrics.partition_count=0 ingester_metrics.response_size=0 success=true running=false cancelled=false
querier-1  | 2026-05-16T14:59:56.796733347Z 2026-05-16T14:59:56.796640Z  INFO influxdb3_server::http: handling query_sql database=bench query_str=-- Full-range aggregation across every host and every point. Forces a scan of
querier-1  | 2026-05-16T14:59:56.796749514Z -- every parquet file the querier knows about. Most-uncompacted-friendly:
querier-1  | 2026-05-16T14:59:56.796750847Z -- many small gen1 files = many small reads.
querier-1  | 2026-05-16T14:59:56.796751680Z SELECT region, AVG(temp) AS avg_temp, MAX(humidity) AS max_humid, COUNT(*) AS n
querier-1  | 2026-05-16T14:59:56.796752597Z FROM sensors
querier-1  | 2026-05-16T14:59:56.796753347Z GROUP BY region format=Csv
querier-1  | 2026-05-16T14:59:56.796754097Z 2026-05-16T14:59:56.796671Z  INFO influxdb3_server::query_executor: executing sql query database=bench query=-- Full-range aggregation across every host and every point. Forces a scan of
querier-1  | 2026-05-16T14:59:56.796755055Z -- every parquet file the querier knows about. Most-uncompacted-friendly:
querier-1  | 2026-05-16T14:59:56.796755805Z -- many small gen1 files = many small reads.
querier-1  | 2026-05-16T14:59:56.796756472Z SELECT region, AVG(temp) AS avg_temp, MAX(humidity) AS max_humid, COUNT(*) AS n
querier-1  | 2026-05-16T14:59:56.796757222Z FROM sensors
querier-1  | 2026-05-16T14:59:56.796757889Z GROUP BY region params=None
querier-1  | 2026-05-16T14:59:56.796758639Z 2026-05-16T14:59:56.796692Z  INFO iox_query::query_log: query when="received" id=11488593-6e1c-4ae4-bcac-1121e39b2551 namespace_id=0 namespace_name="influxdb3 oss" query_type="sql" query_text=-- Full-range aggregation across every host and every point. Forces a scan of
querier-1  | 2026-05-16T14:59:56.796759930Z -- every parquet file the querier knows about. Most-uncompacted-friendly:
querier-1  | 2026-05-16T14:59:56.796760680Z -- many small gen1 files = many small reads.
querier-1  | 2026-05-16T14:59:56.796761347Z SELECT region, AVG(temp) AS avg_temp, MAX(humidity) AS max_humid, COUNT(*) AS n
querier-1  | 2026-05-16T14:59:56.796762097Z FROM sensors
querier-1  | 2026-05-16T14:59:56.796762764Z GROUP BY region query_params=Params { } issue_time=2026-05-16T14:59:56.796691889+00:00 success=false running=true cancelled=false
querier-1  | 2026-05-16T14:59:56.797995514Z 2026-05-16T14:59:56.797936Z  INFO iox_query::query_log: query when="planned" id=11488593-6e1c-4ae4-bcac-1121e39b2551 namespace_id=0 namespace_name="influxdb3 oss" query_type="sql" query_text=-- Full-range aggregation across every host and every point. Forces a scan of
querier-1  | 2026-05-16T14:59:56.798007639Z -- every parquet file the querier knows about. Most-uncompacted-friendly:
querier-1  | 2026-05-16T14:59:56.798008722Z -- many small gen1 files = many small reads.
querier-1  | 2026-05-16T14:59:56.798009472Z SELECT region, AVG(temp) AS avg_temp, MAX(humidity) AS max_humid, COUNT(*) AS n
querier-1  | 2026-05-16T14:59:56.798010139Z FROM sensors
querier-1  | 2026-05-16T14:59:56.798010805Z GROUP BY region query_params=Params { } issue_time=2026-05-16T14:59:56.796691889+00:00 partitions=1 parquet_files=1 deduplicated_partitions=0 deduplicated_parquet_files=0 plan_duration_secs=0.001241416 success=false running=true cancelled=false
querier-1  | 2026-05-16T14:59:56.798013139Z 2026-05-16T14:59:56.797945Z  INFO iox_query::query_log: query when="permit" id=11488593-6e1c-4ae4-bcac-1121e39b2551 namespace_id=0 namespace_name="influxdb3 oss" query_type="sql" query_text=-- Full-range aggregation across every host and every point. Forces a scan of
querier-1  | 2026-05-16T14:59:56.798014055Z -- every parquet file the querier knows about. Most-uncompacted-friendly:
querier-1  | 2026-05-16T14:59:56.798014680Z -- many small gen1 files = many small reads.
querier-1  | 2026-05-16T14:59:56.798015305Z SELECT region, AVG(temp) AS avg_temp, MAX(humidity) AS max_humid, COUNT(*) AS n
querier-1  | 2026-05-16T14:59:56.798015930Z FROM sensors
querier-1  | 2026-05-16T14:59:56.798016514Z GROUP BY region query_params=Params { } issue_time=2026-05-16T14:59:56.796691889+00:00 partitions=1 parquet_files=1 deduplicated_partitions=0 deduplicated_parquet_files=0 plan_duration_secs=0.001241416 permit_duration_secs=1.1709e-5 success=false running=true cancelled=false
querier-1  | 2026-05-16T14:59:56.798150264Z 2026-05-16T14:59:56.798084Z  INFO iox_query::query_log: query when="success" id=11488593-6e1c-4ae4-bcac-1121e39b2551 namespace_id=0 namespace_name="influxdb3 oss" query_type="sql" query_text=-- Full-range aggregation across every host and every point. Forces a scan of
querier-1  | 2026-05-16T14:59:56.798152972Z -- every parquet file the querier knows about. Most-uncompacted-friendly:
querier-1  | 2026-05-16T14:59:56.798153722Z -- many small gen1 files = many small reads.
querier-1  | 2026-05-16T14:59:56.798154347Z SELECT region, AVG(temp) AS avg_temp, MAX(humidity) AS max_humid, COUNT(*) AS n
querier-1  | 2026-05-16T14:59:56.798155055Z FROM sensors
querier-1  | 2026-05-16T14:59:56.798155847Z GROUP BY region query_params=Params { } issue_time=2026-05-16T14:59:56.796691889+00:00 partitions=1 parquet_files=1 deduplicated_partitions=0 deduplicated_parquet_files=0 plan_duration_secs=0.001241416 permit_duration_secs=1.1709e-5 execute_duration_secs=0.000107583 end2end_duration_secs=0.001390625 compute_duration_secs=0.000115975 max_memory=0 ingester_metrics.latency_to_plan_secs=0.0 ingester_metrics.latency_to_full_data_secs=0.0 ingester_metrics.response_rows=0 ingester_metrics.partition_count=0 ingester_metrics.response_size=0 success=true running=false cancelled=false
querier-1  | 2026-05-16T14:59:56.813369680Z 2026-05-16T14:59:56.813307Z  INFO influxdb3_server::http: handling query_sql database=bench query_str=-- Full-range aggregation across every host and every point. Forces a scan of
querier-1  | 2026-05-16T14:59:56.813377014Z -- every parquet file the querier knows about. Most-uncompacted-friendly:
querier-1  | 2026-05-16T14:59:56.813377972Z -- many small gen1 files = many small reads.
querier-1  | 2026-05-16T14:59:56.813383472Z SELECT region, AVG(temp) AS avg_temp, MAX(humidity) AS max_humid, COUNT(*) AS n
querier-1  | 2026-05-16T14:59:56.813384389Z FROM sensors
querier-1  | 2026-05-16T14:59:56.813385097Z GROUP BY region format=Csv
querier-1  | 2026-05-16T14:59:56.813385847Z 2026-05-16T14:59:56.813323Z  INFO influxdb3_server::query_executor: executing sql query database=bench query=-- Full-range aggregation across every host and every point. Forces a scan of
querier-1  | 2026-05-16T14:59:56.813386764Z -- every parquet file the querier knows about. Most-uncompacted-friendly:
querier-1  | 2026-05-16T14:59:56.813387514Z -- many small gen1 files = many small reads.
querier-1  | 2026-05-16T14:59:56.813388222Z SELECT region, AVG(temp) AS avg_temp, MAX(humidity) AS max_humid, COUNT(*) AS n
querier-1  | 2026-05-16T14:59:56.813388972Z FROM sensors
querier-1  | 2026-05-16T14:59:56.813389639Z GROUP BY region params=None
querier-1  | 2026-05-16T14:59:56.813390389Z 2026-05-16T14:59:56.813344Z  INFO iox_query::query_log: query when="received" id=34addbc6-1dc1-47c7-a286-28dcc59afb0b namespace_id=0 namespace_name="influxdb3 oss" query_type="sql" query_text=-- Full-range aggregation across every host and every point. Forces a scan of
querier-1  | 2026-05-16T14:59:56.813391430Z -- every parquet file the querier knows about. Most-uncompacted-friendly:
querier-1  | 2026-05-16T14:59:56.813392180Z -- many small gen1 files = many small reads.
querier-1  | 2026-05-16T14:59:56.813392889Z SELECT region, AVG(temp) AS avg_temp, MAX(humidity) AS max_humid, COUNT(*) AS n
querier-1  | 2026-05-16T14:59:56.813393597Z FROM sensors
querier-1  | 2026-05-16T14:59:56.813394305Z GROUP BY region query_params=Params { } issue_time=2026-05-16T14:59:56.813342972+00:00 success=false running=true cancelled=false
querier-1  | 2026-05-16T14:59:56.814667764Z 2026-05-16T14:59:56.814607Z  INFO iox_query::query_log: query when="planned" id=34addbc6-1dc1-47c7-a286-28dcc59afb0b namespace_id=0 namespace_name="influxdb3 oss" query_type="sql" query_text=-- Full-range aggregation across every host and every point. Forces a scan of
querier-1  | 2026-05-16T14:59:56.814672055Z -- every parquet file the querier knows about. Most-uncompacted-friendly:
querier-1  | 2026-05-16T14:59:56.814672930Z -- many small gen1 files = many small reads.
querier-1  | 2026-05-16T14:59:56.814673805Z SELECT region, AVG(temp) AS avg_temp, MAX(humidity) AS max_humid, COUNT(*) AS n
querier-1  | 2026-05-16T14:59:56.814674597Z FROM sensors
querier-1  | 2026-05-16T14:59:56.814675305Z GROUP BY region query_params=Params { } issue_time=2026-05-16T14:59:56.813342972+00:00 partitions=1 parquet_files=1 deduplicated_partitions=0 deduplicated_parquet_files=0 plan_duration_secs=0.001259708 success=false running=true cancelled=false
querier-1  | 2026-05-16T14:59:56.814676472Z 2026-05-16T14:59:56.814617Z  INFO iox_query::query_log: query when="permit" id=34addbc6-1dc1-47c7-a286-28dcc59afb0b namespace_id=0 namespace_name="influxdb3 oss" query_type="sql" query_text=-- Full-range aggregation across every host and every point. Forces a scan of
querier-1  | 2026-05-16T14:59:56.814677639Z -- every parquet file the querier knows about. Most-uncompacted-friendly:
querier-1  | 2026-05-16T14:59:56.814678472Z -- many small gen1 files = many small reads.
querier-1  | 2026-05-16T14:59:56.814679222Z SELECT region, AVG(temp) AS avg_temp, MAX(humidity) AS max_humid, COUNT(*) AS n
querier-1  | 2026-05-16T14:59:56.814681472Z FROM sensors
querier-1  | 2026-05-16T14:59:56.814682097Z GROUP BY region query_params=Params { } issue_time=2026-05-16T14:59:56.813342972+00:00 partitions=1 parquet_files=1 deduplicated_partitions=0 deduplicated_parquet_files=0 plan_duration_secs=0.001259708 permit_duration_secs=1.3875e-5 success=false running=true cancelled=false
querier-1  | 2026-05-16T14:59:56.814772930Z 2026-05-16T14:59:56.814703Z  INFO iox_query::query_log: query when="success" id=34addbc6-1dc1-47c7-a286-28dcc59afb0b namespace_id=0 namespace_name="influxdb3 oss" query_type="sql" query_text=-- Full-range aggregation across every host and every point. Forces a scan of
querier-1  | 2026-05-16T14:59:56.814777097Z -- every parquet file the querier knows about. Most-uncompacted-friendly:
querier-1  | 2026-05-16T14:59:56.814777889Z -- many small gen1 files = many small reads.
querier-1  | 2026-05-16T14:59:56.814778597Z SELECT region, AVG(temp) AS avg_temp, MAX(humidity) AS max_humid, COUNT(*) AS n
querier-1  | 2026-05-16T14:59:56.814779305Z FROM sensors
querier-1  | 2026-05-16T14:59:56.814780222Z GROUP BY region query_params=Params { } issue_time=2026-05-16T14:59:56.813342972+00:00 partitions=1 parquet_files=1 deduplicated_partitions=0 deduplicated_parquet_files=0 plan_duration_secs=0.001259708 permit_duration_secs=1.3875e-5 execute_duration_secs=8.1167e-5 end2end_duration_secs=0.001359292 compute_duration_secs=4e-9 max_memory=0 ingester_metrics.latency_to_plan_secs=0.0 ingester_metrics.latency_to_full_data_secs=0.0 ingester_metrics.response_rows=0 ingester_metrics.partition_count=0 ingester_metrics.response_size=0 success=true running=false cancelled=false
querier-1  | 2026-05-16T14:59:56.829586014Z 2026-05-16T14:59:56.829516Z  INFO influxdb3_server::http: handling query_sql database=bench query_str=-- Full-range aggregation across every host and every point. Forces a scan of
querier-1  | 2026-05-16T14:59:56.829595097Z -- every parquet file the querier knows about. Most-uncompacted-friendly:
querier-1  | 2026-05-16T14:59:56.829595972Z -- many small gen1 files = many small reads.
querier-1  | 2026-05-16T14:59:56.829596597Z SELECT region, AVG(temp) AS avg_temp, MAX(humidity) AS max_humid, COUNT(*) AS n
querier-1  | 2026-05-16T14:59:56.829597222Z FROM sensors
querier-1  | 2026-05-16T14:59:56.829597805Z GROUP BY region format=Csv
querier-1  | 2026-05-16T14:59:56.829598430Z 2026-05-16T14:59:56.829534Z  INFO influxdb3_server::query_executor: executing sql query database=bench query=-- Full-range aggregation across every host and every point. Forces a scan of
querier-1  | 2026-05-16T14:59:56.829599222Z -- every parquet file the querier knows about. Most-uncompacted-friendly:
querier-1  | 2026-05-16T14:59:56.829599805Z -- many small gen1 files = many small reads.
querier-1  | 2026-05-16T14:59:56.829600389Z SELECT region, AVG(temp) AS avg_temp, MAX(humidity) AS max_humid, COUNT(*) AS n
querier-1  | 2026-05-16T14:59:56.829600972Z FROM sensors
querier-1  | 2026-05-16T14:59:56.829601514Z GROUP BY region params=None
querier-1  | 2026-05-16T14:59:56.829602222Z 2026-05-16T14:59:56.829555Z  INFO iox_query::query_log: query when="received" id=e5e81500-3f14-455b-8730-9491cc7ac74b namespace_id=0 namespace_name="influxdb3 oss" query_type="sql" query_text=-- Full-range aggregation across every host and every point. Forces a scan of
querier-1  | 2026-05-16T14:59:56.829603472Z -- every parquet file the querier knows about. Most-uncompacted-friendly:
querier-1  | 2026-05-16T14:59:56.829609639Z -- many small gen1 files = many small reads.
querier-1  | 2026-05-16T14:59:56.829610347Z SELECT region, AVG(temp) AS avg_temp, MAX(humidity) AS max_humid, COUNT(*) AS n
querier-1  | 2026-05-16T14:59:56.829610972Z FROM sensors
querier-1  | 2026-05-16T14:59:56.829611555Z GROUP BY region query_params=Params { } issue_time=2026-05-16T14:59:56.829554055+00:00 success=false running=true cancelled=false
querier-1  | 2026-05-16T14:59:56.830821930Z 2026-05-16T14:59:56.830762Z  INFO iox_query::query_log: query when="planned" id=e5e81500-3f14-455b-8730-9491cc7ac74b namespace_id=0 namespace_name="influxdb3 oss" query_type="sql" query_text=-- Full-range aggregation across every host and every point. Forces a scan of
querier-1  | 2026-05-16T14:59:56.830831972Z -- every parquet file the querier knows about. Most-uncompacted-friendly:
querier-1  | 2026-05-16T14:59:56.830833097Z -- many small gen1 files = many small reads.
querier-1  | 2026-05-16T14:59:56.830833847Z SELECT region, AVG(temp) AS avg_temp, MAX(humidity) AS max_humid, COUNT(*) AS n
querier-1  | 2026-05-16T14:59:56.830834764Z FROM sensors
querier-1  | 2026-05-16T14:59:56.830835639Z GROUP BY region query_params=Params { } issue_time=2026-05-16T14:59:56.829554055+00:00 partitions=1 parquet_files=1 deduplicated_partitions=0 deduplicated_parquet_files=0 plan_duration_secs=0.001204584 success=false running=true cancelled=false
querier-1  | 2026-05-16T14:59:56.830836680Z 2026-05-16T14:59:56.830778Z  INFO iox_query::query_log: query when="permit" id=e5e81500-3f14-455b-8730-9491cc7ac74b namespace_id=0 namespace_name="influxdb3 oss" query_type="sql" query_text=-- Full-range aggregation across every host and every point. Forces a scan of
querier-1  | 2026-05-16T14:59:56.830837805Z -- every parquet file the querier knows about. Most-uncompacted-friendly:
querier-1  | 2026-05-16T14:59:56.830838555Z -- many small gen1 files = many small reads.
querier-1  | 2026-05-16T14:59:56.830839347Z SELECT region, AVG(temp) AS avg_temp, MAX(humidity) AS max_humid, COUNT(*) AS n
querier-1  | 2026-05-16T14:59:56.830840097Z FROM sensors
querier-1  | 2026-05-16T14:59:56.830840847Z GROUP BY region query_params=Params { } issue_time=2026-05-16T14:59:56.829554055+00:00 partitions=1 parquet_files=1 deduplicated_partitions=0 deduplicated_parquet_files=0 plan_duration_secs=0.001204584 permit_duration_secs=1.9125e-5 success=false running=true cancelled=false
querier-1  | 2026-05-16T14:59:56.830919097Z 2026-05-16T14:59:56.830857Z  INFO iox_query::query_log: query when="success" id=e5e81500-3f14-455b-8730-9491cc7ac74b namespace_id=0 namespace_name="influxdb3 oss" query_type="sql" query_text=-- Full-range aggregation across every host and every point. Forces a scan of
querier-1  | 2026-05-16T14:59:56.830921764Z -- every parquet file the querier knows about. Most-uncompacted-friendly:
querier-1  | 2026-05-16T14:59:56.830922472Z -- many small gen1 files = many small reads.
querier-1  | 2026-05-16T14:59:56.830923055Z SELECT region, AVG(temp) AS avg_temp, MAX(humidity) AS max_humid, COUNT(*) AS n
querier-1  | 2026-05-16T14:59:56.830923639Z FROM sensors
querier-1  | 2026-05-16T14:59:56.830924889Z GROUP BY region query_params=Params { } issue_time=2026-05-16T14:59:56.829554055+00:00 partitions=1 parquet_files=1 deduplicated_partitions=0 deduplicated_parquet_files=0 plan_duration_secs=0.001204584 permit_duration_secs=1.9125e-5 execute_duration_secs=7.3625e-5 end2end_duration_secs=0.001302959 compute_duration_secs=3.092e-5 max_memory=0 ingester_metrics.latency_to_plan_secs=0.0 ingester_metrics.latency_to_full_data_secs=0.0 ingester_metrics.response_rows=0 ingester_metrics.partition_count=0 ingester_metrics.response_size=0 success=true running=false cancelled=false
querier-1  | 2026-05-16T14:59:56.846310222Z 2026-05-16T14:59:56.846250Z  INFO influxdb3_server::http: handling query_sql database=bench query_str=-- Full-range aggregation across every host and every point. Forces a scan of
querier-1  | 2026-05-16T14:59:56.846322305Z -- every parquet file the querier knows about. Most-uncompacted-friendly:
querier-1  | 2026-05-16T14:59:56.846323764Z -- many small gen1 files = many small reads.
querier-1  | 2026-05-16T14:59:56.846324764Z SELECT region, AVG(temp) AS avg_temp, MAX(humidity) AS max_humid, COUNT(*) AS n
querier-1  | 2026-05-16T14:59:56.846325555Z FROM sensors
querier-1  | 2026-05-16T14:59:56.846326305Z GROUP BY region format=Csv
querier-1  | 2026-05-16T14:59:56.846327097Z 2026-05-16T14:59:56.846265Z  INFO influxdb3_server::query_executor: executing sql query database=bench query=-- Full-range aggregation across every host and every point. Forces a scan of
querier-1  | 2026-05-16T14:59:56.846329555Z -- every parquet file the querier knows about. Most-uncompacted-friendly:
querier-1  | 2026-05-16T14:59:56.846330264Z -- many small gen1 files = many small reads.
querier-1  | 2026-05-16T14:59:56.846330805Z SELECT region, AVG(temp) AS avg_temp, MAX(humidity) AS max_humid, COUNT(*) AS n
querier-1  | 2026-05-16T14:59:56.846331347Z FROM sensors
querier-1  | 2026-05-16T14:59:56.846331805Z GROUP BY region params=None
querier-1  | 2026-05-16T14:59:56.846332347Z 2026-05-16T14:59:56.846285Z  INFO iox_query::query_log: query when="received" id=e06e5ce2-16aa-41c6-8e72-03204bfcf98b namespace_id=0 namespace_name="influxdb3 oss" query_type="sql" query_text=-- Full-range aggregation across every host and every point. Forces a scan of
querier-1  | 2026-05-16T14:59:56.846333180Z -- every parquet file the querier knows about. Most-uncompacted-friendly:
querier-1  | 2026-05-16T14:59:56.846333764Z -- many small gen1 files = many small reads.
querier-1  | 2026-05-16T14:59:56.846334222Z SELECT region, AVG(temp) AS avg_temp, MAX(humidity) AS max_humid, COUNT(*) AS n
querier-1  | 2026-05-16T14:59:56.846334764Z FROM sensors
querier-1  | 2026-05-16T14:59:56.846335222Z GROUP BY region query_params=Params { } issue_time=2026-05-16T14:59:56.846284472+00:00 success=false running=true cancelled=false
querier-1  | 2026-05-16T14:59:56.847638055Z 2026-05-16T14:59:56.847563Z  INFO iox_query::query_log: query when="planned" id=e06e5ce2-16aa-41c6-8e72-03204bfcf98b namespace_id=0 namespace_name="influxdb3 oss" query_type="sql" query_text=-- Full-range aggregation across every host and every point. Forces a scan of
querier-1  | 2026-05-16T14:59:56.847645805Z -- every parquet file the querier knows about. Most-uncompacted-friendly:
querier-1  | 2026-05-16T14:59:56.847647055Z -- many small gen1 files = many small reads.
querier-1  | 2026-05-16T14:59:56.847647847Z SELECT region, AVG(temp) AS avg_temp, MAX(humidity) AS max_humid, COUNT(*) AS n
querier-1  | 2026-05-16T14:59:56.847648555Z FROM sensors
querier-1  | 2026-05-16T14:59:56.847649264Z GROUP BY region query_params=Params { } issue_time=2026-05-16T14:59:56.846284472+00:00 partitions=1 parquet_files=1 deduplicated_partitions=0 deduplicated_parquet_files=0 plan_duration_secs=0.001275708 success=false running=true cancelled=false
querier-1  | 2026-05-16T14:59:56.847657597Z 2026-05-16T14:59:56.847575Z  INFO iox_query::query_log: query when="permit" id=e06e5ce2-16aa-41c6-8e72-03204bfcf98b namespace_id=0 namespace_name="influxdb3 oss" query_type="sql" query_text=-- Full-range aggregation across every host and every point. Forces a scan of
querier-1  | 2026-05-16T14:59:56.847660139Z -- every parquet file the querier knows about. Most-uncompacted-friendly:
querier-1  | 2026-05-16T14:59:56.847661139Z -- many small gen1 files = many small reads.
querier-1  | 2026-05-16T14:59:56.847662014Z SELECT region, AVG(temp) AS avg_temp, MAX(humidity) AS max_humid, COUNT(*) AS n
querier-1  | 2026-05-16T14:59:56.847662805Z FROM sensors
querier-1  | 2026-05-16T14:59:56.847663680Z GROUP BY region query_params=Params { } issue_time=2026-05-16T14:59:56.846284472+00:00 partitions=1 parquet_files=1 deduplicated_partitions=0 deduplicated_parquet_files=0 plan_duration_secs=0.001275708 permit_duration_secs=1.4167e-5 success=false running=true cancelled=false
querier-1  | 2026-05-16T14:59:56.847767097Z 2026-05-16T14:59:56.847700Z  INFO iox_query::query_log: query when="success" id=e06e5ce2-16aa-41c6-8e72-03204bfcf98b namespace_id=0 namespace_name="influxdb3 oss" query_type="sql" query_text=-- Full-range aggregation across every host and every point. Forces a scan of
querier-1  | 2026-05-16T14:59:56.847772139Z -- every parquet file the querier knows about. Most-uncompacted-friendly:
querier-1  | 2026-05-16T14:59:56.847772847Z -- many small gen1 files = many small reads.
querier-1  | 2026-05-16T14:59:56.847773430Z SELECT region, AVG(temp) AS avg_temp, MAX(humidity) AS max_humid, COUNT(*) AS n
querier-1  | 2026-05-16T14:59:56.847774097Z FROM sensors
querier-1  | 2026-05-16T14:59:56.847774680Z GROUP BY region query_params=Params { } issue_time=2026-05-16T14:59:56.846284472+00:00 partitions=1 parquet_files=1 deduplicated_partitions=0 deduplicated_parquet_files=0 plan_duration_secs=0.001275708 permit_duration_secs=1.4167e-5 execute_duration_secs=0.0001175 end2end_duration_secs=0.001414625 compute_duration_secs=1.4048e-5 max_memory=0 ingester_metrics.latency_to_plan_secs=0.0 ingester_metrics.latency_to_full_data_secs=0.0 ingester_metrics.response_rows=0 ingester_metrics.partition_count=0 ingester_metrics.response_size=0 success=true running=false cancelled=false
querier-1  | 2026-05-16T14:59:56.862661472Z 2026-05-16T14:59:56.862596Z  INFO influxdb3_server::http: handling query_sql database=bench query_str=-- Full-range aggregation across every host and every point. Forces a scan of
querier-1  | 2026-05-16T14:59:56.862668222Z -- every parquet file the querier knows about. Most-uncompacted-friendly:
querier-1  | 2026-05-16T14:59:56.862669139Z -- many small gen1 files = many small reads.
querier-1  | 2026-05-16T14:59:56.862669722Z SELECT region, AVG(temp) AS avg_temp, MAX(humidity) AS max_humid, COUNT(*) AS n
querier-1  | 2026-05-16T14:59:56.862670389Z FROM sensors
querier-1  | 2026-05-16T14:59:56.862670930Z GROUP BY region format=Csv
querier-1  | 2026-05-16T14:59:56.862671514Z 2026-05-16T14:59:56.862610Z  INFO influxdb3_server::query_executor: executing sql query database=bench query=-- Full-range aggregation across every host and every point. Forces a scan of
querier-1  | 2026-05-16T14:59:56.862672264Z -- every parquet file the querier knows about. Most-uncompacted-friendly:
querier-1  | 2026-05-16T14:59:56.862672889Z -- many small gen1 files = many small reads.
querier-1  | 2026-05-16T14:59:56.862677972Z SELECT region, AVG(temp) AS avg_temp, MAX(humidity) AS max_humid, COUNT(*) AS n
querier-1  | 2026-05-16T14:59:56.862678639Z FROM sensors
querier-1  | 2026-05-16T14:59:56.862679264Z GROUP BY region params=None
querier-1  | 2026-05-16T14:59:56.862679847Z 2026-05-16T14:59:56.862630Z  INFO iox_query::query_log: query when="received" id=c901f7a4-1c30-450b-bdfa-15f52f5b0474 namespace_id=0 namespace_name="influxdb3 oss" query_type="sql" query_text=-- Full-range aggregation across every host and every point. Forces a scan of
querier-1  | 2026-05-16T14:59:56.862680805Z -- every parquet file the querier knows about. Most-uncompacted-friendly:
querier-1  | 2026-05-16T14:59:56.862681347Z -- many small gen1 files = many small reads.
querier-1  | 2026-05-16T14:59:56.862681889Z SELECT region, AVG(temp) AS avg_temp, MAX(humidity) AS max_humid, COUNT(*) AS n
querier-1  | 2026-05-16T14:59:56.862682472Z FROM sensors
querier-1  | 2026-05-16T14:59:56.862683014Z GROUP BY region query_params=Params { } issue_time=2026-05-16T14:59:56.862629472+00:00 success=false running=true cancelled=false
querier-1  | 2026-05-16T14:59:56.863995305Z 2026-05-16T14:59:56.863881Z  INFO iox_query::query_log: query when="planned" id=c901f7a4-1c30-450b-bdfa-15f52f5b0474 namespace_id=0 namespace_name="influxdb3 oss" query_type="sql" query_text=-- Full-range aggregation across every host and every point. Forces a scan of
querier-1  | 2026-05-16T14:59:56.864002597Z -- every parquet file the querier knows about. Most-uncompacted-friendly:
querier-1  | 2026-05-16T14:59:56.864003639Z -- many small gen1 files = many small reads.
querier-1  | 2026-05-16T14:59:56.864004430Z SELECT region, AVG(temp) AS avg_temp, MAX(humidity) AS max_humid, COUNT(*) AS n
querier-1  | 2026-05-16T14:59:56.864005222Z FROM sensors
querier-1  | 2026-05-16T14:59:56.864005972Z GROUP BY region query_params=Params { } issue_time=2026-05-16T14:59:56.862629472+00:00 partitions=1 parquet_files=1 deduplicated_partitions=0 deduplicated_parquet_files=0 plan_duration_secs=0.001249 success=false running=true cancelled=false
querier-1  | 2026-05-16T14:59:56.864006972Z 2026-05-16T14:59:56.863891Z  INFO iox_query::query_log: query when="permit" id=c901f7a4-1c30-450b-bdfa-15f52f5b0474 namespace_id=0 namespace_name="influxdb3 oss" query_type="sql" query_text=-- Full-range aggregation across every host and every point. Forces a scan of
querier-1  | 2026-05-16T14:59:56.864008014Z -- every parquet file the querier knows about. Most-uncompacted-friendly:
querier-1  | 2026-05-16T14:59:56.864008764Z -- many small gen1 files = many small reads.
querier-1  | 2026-05-16T14:59:56.864009430Z SELECT region, AVG(temp) AS avg_temp, MAX(humidity) AS max_humid, COUNT(*) AS n
querier-1  | 2026-05-16T14:59:56.864010180Z FROM sensors
querier-1  | 2026-05-16T14:59:56.864010930Z GROUP BY region query_params=Params { } issue_time=2026-05-16T14:59:56.862629472+00:00 partitions=1 parquet_files=1 deduplicated_partitions=0 deduplicated_parquet_files=0 plan_duration_secs=0.001249 permit_duration_secs=1.2917e-5 success=false running=true cancelled=false
querier-1  | 2026-05-16T14:59:56.864077055Z 2026-05-16T14:59:56.864036Z  INFO iox_query::query_log: query when="success" id=c901f7a4-1c30-450b-bdfa-15f52f5b0474 namespace_id=0 namespace_name="influxdb3 oss" query_type="sql" query_text=-- Full-range aggregation across every host and every point. Forces a scan of
querier-1  | 2026-05-16T14:59:56.864100014Z -- every parquet file the querier knows about. Most-uncompacted-friendly:
querier-1  | 2026-05-16T14:59:56.864101180Z -- many small gen1 files = many small reads.
querier-1  | 2026-05-16T14:59:56.864101889Z SELECT region, AVG(temp) AS avg_temp, MAX(humidity) AS max_humid, COUNT(*) AS n
querier-1  | 2026-05-16T14:59:56.864102555Z FROM sensors
querier-1  | 2026-05-16T14:59:56.864103972Z GROUP BY region query_params=Params { } issue_time=2026-05-16T14:59:56.862629472+00:00 partitions=1 parquet_files=1 deduplicated_partitions=0 deduplicated_parquet_files=0 plan_duration_secs=0.001249 permit_duration_secs=1.2917e-5 execute_duration_secs=0.000129833 end2end_duration_secs=0.001405792 compute_duration_secs=2.967e-5 max_memory=0 ingester_metrics.latency_to_plan_secs=0.0 ingester_metrics.latency_to_full_data_secs=0.0 ingester_metrics.response_rows=0 ingester_metrics.partition_count=0 ingester_metrics.response_size=0 success=true running=false cancelled=false
querier-1  | 2026-05-16T14:59:56.878896680Z 2026-05-16T14:59:56.878839Z  INFO influxdb3_server::http: handling query_sql database=bench query_str=-- Full-range aggregation across every host and every point. Forces a scan of
querier-1  | 2026-05-16T14:59:56.878903930Z -- every parquet file the querier knows about. Most-uncompacted-friendly:
querier-1  | 2026-05-16T14:59:56.878904930Z -- many small gen1 files = many small reads.
querier-1  | 2026-05-16T14:59:56.878905764Z SELECT region, AVG(temp) AS avg_temp, MAX(humidity) AS max_humid, COUNT(*) AS n
querier-1  | 2026-05-16T14:59:56.878906805Z FROM sensors
querier-1  | 2026-05-16T14:59:56.878907514Z GROUP BY region format=Csv
querier-1  | 2026-05-16T14:59:56.878908264Z 2026-05-16T14:59:56.878853Z  INFO influxdb3_server::query_executor: executing sql query database=bench query=-- Full-range aggregation across every host and every point. Forces a scan of
querier-1  | 2026-05-16T14:59:56.878909180Z -- every parquet file the querier knows about. Most-uncompacted-friendly:
querier-1  | 2026-05-16T14:59:56.878909930Z -- many small gen1 files = many small reads.
querier-1  | 2026-05-16T14:59:56.878910639Z SELECT region, AVG(temp) AS avg_temp, MAX(humidity) AS max_humid, COUNT(*) AS n
querier-1  | 2026-05-16T14:59:56.878911389Z FROM sensors
querier-1  | 2026-05-16T14:59:56.878912055Z GROUP BY region params=None
querier-1  | 2026-05-16T14:59:56.878912764Z 2026-05-16T14:59:56.878871Z  INFO iox_query::query_log: query when="received" id=6d8899da-8989-44c6-bc97-737c505f533b namespace_id=0 namespace_name="influxdb3 oss" query_type="sql" query_text=-- Full-range aggregation across every host and every point. Forces a scan of
querier-1  | 2026-05-16T14:59:56.878913805Z -- every parquet file the querier knows about. Most-uncompacted-friendly:
querier-1  | 2026-05-16T14:59:56.878914555Z -- many small gen1 files = many small reads.
querier-1  | 2026-05-16T14:59:56.878915222Z SELECT region, AVG(temp) AS avg_temp, MAX(humidity) AS max_humid, COUNT(*) AS n
querier-1  | 2026-05-16T14:59:56.878915972Z FROM sensors
querier-1  | 2026-05-16T14:59:56.878916639Z GROUP BY region query_params=Params { } issue_time=2026-05-16T14:59:56.878870847+00:00 success=false running=true cancelled=false
querier-1  | 2026-05-16T14:59:56.880176930Z 2026-05-16T14:59:56.880111Z  INFO iox_query::query_log: query when="planned" id=6d8899da-8989-44c6-bc97-737c505f533b namespace_id=0 namespace_name="influxdb3 oss" query_type="sql" query_text=-- Full-range aggregation across every host and every point. Forces a scan of
querier-1  | 2026-05-16T14:59:56.880188972Z -- every parquet file the querier knows about. Most-uncompacted-friendly:
querier-1  | 2026-05-16T14:59:56.880189972Z -- many small gen1 files = many small reads.
querier-1  | 2026-05-16T14:59:56.880190764Z SELECT region, AVG(temp) AS avg_temp, MAX(humidity) AS max_humid, COUNT(*) AS n
querier-1  | 2026-05-16T14:59:56.880191555Z FROM sensors
querier-1  | 2026-05-16T14:59:56.880192264Z GROUP BY region query_params=Params { } issue_time=2026-05-16T14:59:56.878870847+00:00 partitions=1 parquet_files=1 deduplicated_partitions=0 deduplicated_parquet_files=0 plan_duration_secs=0.001237292 success=false running=true cancelled=false
querier-1  | 2026-05-16T14:59:56.880193222Z 2026-05-16T14:59:56.880140Z  INFO iox_query::query_log: query when="permit" id=6d8899da-8989-44c6-bc97-737c505f533b namespace_id=0 namespace_name="influxdb3 oss" query_type="sql" query_text=-- Full-range aggregation across every host and every point. Forces a scan of
querier-1  | 2026-05-16T14:59:56.880194222Z -- every parquet file the querier knows about. Most-uncompacted-friendly:
querier-1  | 2026-05-16T14:59:56.880194889Z -- many small gen1 files = many small reads.
querier-1  | 2026-05-16T14:59:56.880195514Z SELECT region, AVG(temp) AS avg_temp, MAX(humidity) AS max_humid, COUNT(*) AS n
querier-1  | 2026-05-16T14:59:56.880196264Z FROM sensors
querier-1  | 2026-05-16T14:59:56.880196972Z GROUP BY region query_params=Params { } issue_time=2026-05-16T14:59:56.878870847+00:00 partitions=1 parquet_files=1 deduplicated_partitions=0 deduplicated_parquet_files=0 plan_duration_secs=0.001237292 permit_duration_secs=3.1083e-5 success=false running=true cancelled=false
querier-1  | 2026-05-16T14:59:56.880304514Z 2026-05-16T14:59:56.880218Z  INFO iox_query::query_log: query when="success" id=6d8899da-8989-44c6-bc97-737c505f533b namespace_id=0 namespace_name="influxdb3 oss" query_type="sql" query_text=-- Full-range aggregation across every host and every point. Forces a scan of
querier-1  | 2026-05-16T14:59:56.880308972Z -- every parquet file the querier knows about. Most-uncompacted-friendly:
querier-1  | 2026-05-16T14:59:56.880309889Z -- many small gen1 files = many small reads.
querier-1  | 2026-05-16T14:59:56.880310639Z SELECT region, AVG(temp) AS avg_temp, MAX(humidity) AS max_humid, COUNT(*) AS n
querier-1  | 2026-05-16T14:59:56.880311389Z FROM sensors
querier-1  | 2026-05-16T14:59:56.880312097Z GROUP BY region query_params=Params { } issue_time=2026-05-16T14:59:56.878870847+00:00 partitions=1 parquet_files=1 deduplicated_partitions=0 deduplicated_parquet_files=0 plan_duration_secs=0.001237292 permit_duration_secs=3.1083e-5 execute_duration_secs=7.1125e-5 end2end_duration_secs=0.001346 compute_duration_secs=3.0837e-5 max_memory=0 ingester_metrics.latency_to_plan_secs=0.0 ingester_metrics.latency_to_full_data_secs=0.0 ingester_metrics.response_rows=0 ingester_metrics.partition_count=0 ingester_metrics.response_size=0 success=true running=false cancelled=false
querier-1  | 2026-05-16T14:59:56.894898639Z 2026-05-16T14:59:56.894835Z  INFO influxdb3_server::http: handling query_sql database=bench query_str=-- Full-range aggregation across every host and every point. Forces a scan of
querier-1  | 2026-05-16T14:59:56.894906472Z -- every parquet file the querier knows about. Most-uncompacted-friendly:
querier-1  | 2026-05-16T14:59:56.894907555Z -- many small gen1 files = many small reads.
querier-1  | 2026-05-16T14:59:56.894908389Z SELECT region, AVG(temp) AS avg_temp, MAX(humidity) AS max_humid, COUNT(*) AS n
querier-1  | 2026-05-16T14:59:56.894914847Z FROM sensors
querier-1  | 2026-05-16T14:59:56.894915639Z GROUP BY region format=Csv
querier-1  | 2026-05-16T14:59:56.894916514Z 2026-05-16T14:59:56.894865Z  INFO influxdb3_server::query_executor: executing sql query database=bench query=-- Full-range aggregation across every host and every point. Forces a scan of
querier-1  | 2026-05-16T14:59:56.894917347Z -- every parquet file the querier knows about. Most-uncompacted-friendly:
querier-1  | 2026-05-16T14:59:56.894918014Z -- many small gen1 files = many small reads.
querier-1  | 2026-05-16T14:59:56.894918680Z SELECT region, AVG(temp) AS avg_temp, MAX(humidity) AS max_humid, COUNT(*) AS n
querier-1  | 2026-05-16T14:59:56.894919430Z FROM sensors
querier-1  | 2026-05-16T14:59:56.894920139Z GROUP BY region params=None
querier-1  | 2026-05-16T14:59:56.894934264Z 2026-05-16T14:59:56.894888Z  INFO iox_query::query_log: query when="received" id=2fd46a06-efda-4b06-937c-857f92eab448 namespace_id=0 namespace_name="influxdb3 oss" query_type="sql" query_text=-- Full-range aggregation across every host and every point. Forces a scan of
querier-1  | 2026-05-16T14:59:56.894939347Z -- every parquet file the querier knows about. Most-uncompacted-friendly:
querier-1  | 2026-05-16T14:59:56.894940555Z -- many small gen1 files = many small reads.
querier-1  | 2026-05-16T14:59:56.894941389Z SELECT region, AVG(temp) AS avg_temp, MAX(humidity) AS max_humid, COUNT(*) AS n
querier-1  | 2026-05-16T14:59:56.894942264Z FROM sensors
querier-1  | 2026-05-16T14:59:56.894943055Z GROUP BY region query_params=Params { } issue_time=2026-05-16T14:59:56.894887347+00:00 success=false running=true cancelled=false
querier-1  | 2026-05-16T14:59:56.896123555Z 2026-05-16T14:59:56.896055Z  INFO iox_query::query_log: query when="planned" id=2fd46a06-efda-4b06-937c-857f92eab448 namespace_id=0 namespace_name="influxdb3 oss" query_type="sql" query_text=-- Full-range aggregation across every host and every point. Forces a scan of
querier-1  | 2026-05-16T14:59:56.896128805Z -- every parquet file the querier knows about. Most-uncompacted-friendly:
querier-1  | 2026-05-16T14:59:56.896129680Z -- many small gen1 files = many small reads.
querier-1  | 2026-05-16T14:59:56.896130430Z SELECT region, AVG(temp) AS avg_temp, MAX(humidity) AS max_humid, COUNT(*) AS n
querier-1  | 2026-05-16T14:59:56.896131222Z FROM sensors
querier-1  | 2026-05-16T14:59:56.896131889Z GROUP BY region query_params=Params { } issue_time=2026-05-16T14:59:56.894887347+00:00 partitions=1 parquet_files=1 deduplicated_partitions=0 deduplicated_parquet_files=0 plan_duration_secs=0.001163542 success=false running=true cancelled=false
querier-1  | 2026-05-16T14:59:56.896132930Z 2026-05-16T14:59:56.896067Z  INFO iox_query::query_log: query when="permit" id=2fd46a06-efda-4b06-937c-857f92eab448 namespace_id=0 namespace_name="influxdb3 oss" query_type="sql" query_text=-- Full-range aggregation across every host and every point. Forces a scan of
querier-1  | 2026-05-16T14:59:56.896133930Z -- every parquet file the querier knows about. Most-uncompacted-friendly:
querier-1  | 2026-05-16T14:59:56.896134555Z -- many small gen1 files = many small reads.
querier-1  | 2026-05-16T14:59:56.896135097Z SELECT region, AVG(temp) AS avg_temp, MAX(humidity) AS max_humid, COUNT(*) AS n
querier-1  | 2026-05-16T14:59:56.896138389Z FROM sensors
querier-1  | 2026-05-16T14:59:56.896139930Z GROUP BY region query_params=Params { } issue_time=2026-05-16T14:59:56.894887347+00:00 partitions=1 parquet_files=1 deduplicated_partitions=0 deduplicated_parquet_files=0 plan_duration_secs=0.001163542 permit_duration_secs=1.5625e-5 success=false running=true cancelled=false
querier-1  | 2026-05-16T14:59:56.896225055Z 2026-05-16T14:59:56.896146Z  INFO iox_query::query_log: query when="success" id=2fd46a06-efda-4b06-937c-857f92eab448 namespace_id=0 namespace_name="influxdb3 oss" query_type="sql" query_text=-- Full-range aggregation across every host and every point. Forces a scan of
querier-1  | 2026-05-16T14:59:56.896230055Z -- every parquet file the querier knows about. Most-uncompacted-friendly:
querier-1  | 2026-05-16T14:59:56.896231139Z -- many small gen1 files = many small reads.
querier-1  | 2026-05-16T14:59:56.896231764Z SELECT region, AVG(temp) AS avg_temp, MAX(humidity) AS max_humid, COUNT(*) AS n
querier-1  | 2026-05-16T14:59:56.896232389Z FROM sensors
querier-1  | 2026-05-16T14:59:56.896232930Z GROUP BY region query_params=Params { } issue_time=2026-05-16T14:59:56.894887347+00:00 partitions=1 parquet_files=1 deduplicated_partitions=0 deduplicated_parquet_files=0 plan_duration_secs=0.001163542 permit_duration_secs=1.5625e-5 execute_duration_secs=7.4041e-5 end2end_duration_secs=0.001258667 compute_duration_secs=1.6129e-5 max_memory=0 ingester_metrics.latency_to_plan_secs=0.0 ingester_metrics.latency_to_full_data_secs=0.0 ingester_metrics.response_rows=0 ingester_metrics.partition_count=0 ingester_metrics.response_size=0 success=true running=false cancelled=false
querier-1  | 2026-05-16T14:59:56.910839097Z 2026-05-16T14:59:56.910773Z  INFO influxdb3_server::http: handling query_sql database=bench query_str=-- Full-range aggregation across every host and every point. Forces a scan of
querier-1  | 2026-05-16T14:59:56.910847180Z -- every parquet file the querier knows about. Most-uncompacted-friendly:
querier-1  | 2026-05-16T14:59:56.910847972Z -- many small gen1 files = many small reads.
querier-1  | 2026-05-16T14:59:56.910848639Z SELECT region, AVG(temp) AS avg_temp, MAX(humidity) AS max_humid, COUNT(*) AS n
querier-1  | 2026-05-16T14:59:56.910849264Z FROM sensors
querier-1  | 2026-05-16T14:59:56.910849847Z GROUP BY region format=Csv
querier-1  | 2026-05-16T14:59:56.910850430Z 2026-05-16T14:59:56.910790Z  INFO influxdb3_server::query_executor: executing sql query database=bench query=-- Full-range aggregation across every host and every point. Forces a scan of
querier-1  | 2026-05-16T14:59:56.910851139Z -- every parquet file the querier knows about. Most-uncompacted-friendly:
querier-1  | 2026-05-16T14:59:56.910851764Z -- many small gen1 files = many small reads.
querier-1  | 2026-05-16T14:59:56.910852305Z SELECT region, AVG(temp) AS avg_temp, MAX(humidity) AS max_humid, COUNT(*) AS n
querier-1  | 2026-05-16T14:59:56.910852889Z FROM sensors
querier-1  | 2026-05-16T14:59:56.910853430Z GROUP BY region params=None
querier-1  | 2026-05-16T14:59:56.910854014Z 2026-05-16T14:59:56.910811Z  INFO iox_query::query_log: query when="received" id=26305d6f-5fab-483e-a62e-f61f9ebd6d16 namespace_id=0 namespace_name="influxdb3 oss" query_type="sql" query_text=-- Full-range aggregation across every host and every point. Forces a scan of
querier-1  | 2026-05-16T14:59:56.910854889Z -- every parquet file the querier knows about. Most-uncompacted-friendly:
querier-1  | 2026-05-16T14:59:56.910855472Z -- many small gen1 files = many small reads.
querier-1  | 2026-05-16T14:59:56.910862639Z SELECT region, AVG(temp) AS avg_temp, MAX(humidity) AS max_humid, COUNT(*) AS n
querier-1  | 2026-05-16T14:59:56.910863264Z FROM sensors
querier-1  | 2026-05-16T14:59:56.910863805Z GROUP BY region query_params=Params { } issue_time=2026-05-16T14:59:56.910810722+00:00 success=false running=true cancelled=false
querier-1  | 2026-05-16T14:59:56.912197139Z 2026-05-16T14:59:56.912127Z  INFO iox_query::query_log: query when="planned" id=26305d6f-5fab-483e-a62e-f61f9ebd6d16 namespace_id=0 namespace_name="influxdb3 oss" query_type="sql" query_text=-- Full-range aggregation across every host and every point. Forces a scan of
querier-1  | 2026-05-16T14:59:56.912204180Z -- every parquet file the querier knows about. Most-uncompacted-friendly:
querier-1  | 2026-05-16T14:59:56.912205305Z -- many small gen1 files = many small reads.
querier-1  | 2026-05-16T14:59:56.912206014Z SELECT region, AVG(temp) AS avg_temp, MAX(humidity) AS max_humid, COUNT(*) AS n
querier-1  | 2026-05-16T14:59:56.912206847Z FROM sensors
querier-1  | 2026-05-16T14:59:56.912207389Z GROUP BY region query_params=Params { } issue_time=2026-05-16T14:59:56.910810722+00:00 partitions=1 parquet_files=1 deduplicated_partitions=0 deduplicated_parquet_files=0 plan_duration_secs=0.0013125 success=false running=true cancelled=false
querier-1  | 2026-05-16T14:59:56.912208180Z 2026-05-16T14:59:56.912141Z  INFO iox_query::query_log: query when="permit" id=26305d6f-5fab-483e-a62e-f61f9ebd6d16 namespace_id=0 namespace_name="influxdb3 oss" query_type="sql" query_text=-- Full-range aggregation across every host and every point. Forces a scan of
querier-1  | 2026-05-16T14:59:56.912209014Z -- every parquet file the querier knows about. Most-uncompacted-friendly:
querier-1  | 2026-05-16T14:59:56.912209764Z -- many small gen1 files = many small reads.
querier-1  | 2026-05-16T14:59:56.912210347Z SELECT region, AVG(temp) AS avg_temp, MAX(humidity) AS max_humid, COUNT(*) AS n
querier-1  | 2026-05-16T14:59:56.912210972Z FROM sensors
querier-1  | 2026-05-16T14:59:56.912211514Z GROUP BY region query_params=Params { } issue_time=2026-05-16T14:59:56.910810722+00:00 partitions=1 parquet_files=1 deduplicated_partitions=0 deduplicated_parquet_files=0 plan_duration_secs=0.0013125 permit_duration_secs=1.7833e-5 success=false running=true cancelled=false
querier-1  | 2026-05-16T14:59:56.912348680Z 2026-05-16T14:59:56.912223Z  INFO iox_query::query_log: query when="success" id=26305d6f-5fab-483e-a62e-f61f9ebd6d16 namespace_id=0 namespace_name="influxdb3 oss" query_type="sql" query_text=-- Full-range aggregation across every host and every point. Forces a scan of
querier-1  | 2026-05-16T14:59:56.912352514Z -- every parquet file the querier knows about. Most-uncompacted-friendly:
querier-1  | 2026-05-16T14:59:56.912353264Z -- many small gen1 files = many small reads.
querier-1  | 2026-05-16T14:59:56.912353930Z SELECT region, AVG(temp) AS avg_temp, MAX(humidity) AS max_humid, COUNT(*) AS n
querier-1  | 2026-05-16T14:59:56.912354555Z FROM sensors
querier-1  | 2026-05-16T14:59:56.912355305Z GROUP BY region query_params=Params { } issue_time=2026-05-16T14:59:56.910810722+00:00 partitions=1 parquet_files=1 deduplicated_partitions=0 deduplicated_parquet_files=0 plan_duration_secs=0.0013125 permit_duration_secs=1.7833e-5 execute_duration_secs=7.7084e-5 end2end_duration_secs=0.001412375 compute_duration_secs=3.0755e-5 max_memory=0 ingester_metrics.latency_to_plan_secs=0.0 ingester_metrics.latency_to_full_data_secs=0.0 ingester_metrics.response_rows=0 ingester_metrics.partition_count=0 ingester_metrics.response_size=0 success=true running=false cancelled=false
querier-1  | 2026-05-16T14:59:56.926906430Z 2026-05-16T14:59:56.926845Z  INFO influxdb3_server::http: handling query_sql database=bench query_str=-- Full-range aggregation across every host and every point. Forces a scan of
querier-1  | 2026-05-16T14:59:56.926914305Z -- every parquet file the querier knows about. Most-uncompacted-friendly:
querier-1  | 2026-05-16T14:59:56.926915430Z -- many small gen1 files = many small reads.
querier-1  | 2026-05-16T14:59:56.926916222Z SELECT region, AVG(temp) AS avg_temp, MAX(humidity) AS max_humid, COUNT(*) AS n
querier-1  | 2026-05-16T14:59:56.926917055Z FROM sensors
querier-1  | 2026-05-16T14:59:56.926917764Z GROUP BY region format=Csv
querier-1  | 2026-05-16T14:59:56.926918472Z 2026-05-16T14:59:56.926862Z  INFO influxdb3_server::query_executor: executing sql query database=bench query=-- Full-range aggregation across every host and every point. Forces a scan of
querier-1  | 2026-05-16T14:59:56.926919389Z -- every parquet file the querier knows about. Most-uncompacted-friendly:
querier-1  | 2026-05-16T14:59:56.926920139Z -- many small gen1 files = many small reads.
querier-1  | 2026-05-16T14:59:56.926920889Z SELECT region, AVG(temp) AS avg_temp, MAX(humidity) AS max_humid, COUNT(*) AS n
querier-1  | 2026-05-16T14:59:56.926921930Z FROM sensors
querier-1  | 2026-05-16T14:59:56.926922639Z GROUP BY region params=None
querier-1  | 2026-05-16T14:59:56.926923389Z 2026-05-16T14:59:56.926882Z  INFO iox_query::query_log: query when="received" id=b3177b43-c9a5-4a6c-b5b4-24399a1dddcc namespace_id=0 namespace_name="influxdb3 oss" query_type="sql" query_text=-- Full-range aggregation across every host and every point. Forces a scan of
querier-1  | 2026-05-16T14:59:56.926924472Z -- every parquet file the querier knows about. Most-uncompacted-friendly:
querier-1  | 2026-05-16T14:59:56.926925180Z -- many small gen1 files = many small reads.
querier-1  | 2026-05-16T14:59:56.926925889Z SELECT region, AVG(temp) AS avg_temp, MAX(humidity) AS max_humid, COUNT(*) AS n
querier-1  | 2026-05-16T14:59:56.926926555Z FROM sensors
querier-1  | 2026-05-16T14:59:56.926927180Z GROUP BY region query_params=Params { } issue_time=2026-05-16T14:59:56.926881430+00:00 success=false running=true cancelled=false
querier-1  | 2026-05-16T14:59:56.928163555Z 2026-05-16T14:59:56.928113Z  INFO iox_query::query_log: query when="planned" id=b3177b43-c9a5-4a6c-b5b4-24399a1dddcc namespace_id=0 namespace_name="influxdb3 oss" query_type="sql" query_text=-- Full-range aggregation across every host and every point. Forces a scan of
querier-1  | 2026-05-16T14:59:56.928167680Z -- every parquet file the querier knows about. Most-uncompacted-friendly:
querier-1  | 2026-05-16T14:59:56.928168597Z -- many small gen1 files = many small reads.
querier-1  | 2026-05-16T14:59:56.928169305Z SELECT region, AVG(temp) AS avg_temp, MAX(humidity) AS max_humid, COUNT(*) AS n
querier-1  | 2026-05-16T14:59:56.928170097Z FROM sensors
querier-1  | 2026-05-16T14:59:56.928170805Z GROUP BY region query_params=Params { } issue_time=2026-05-16T14:59:56.926881430+00:00 partitions=1 parquet_files=1 deduplicated_partitions=0 deduplicated_parquet_files=0 plan_duration_secs=0.001228875 success=false running=true cancelled=false
querier-1  | 2026-05-16T14:59:56.928176930Z 2026-05-16T14:59:56.928123Z  INFO iox_query::query_log: query when="permit" id=b3177b43-c9a5-4a6c-b5b4-24399a1dddcc namespace_id=0 namespace_name="influxdb3 oss" query_type="sql" query_text=-- Full-range aggregation across every host and every point. Forces a scan of
querier-1  | 2026-05-16T14:59:56.928178055Z -- every parquet file the querier knows about. Most-uncompacted-friendly:
querier-1  | 2026-05-16T14:59:56.928178805Z -- many small gen1 files = many small reads.
querier-1  | 2026-05-16T14:59:56.928179514Z SELECT region, AVG(temp) AS avg_temp, MAX(humidity) AS max_humid, COUNT(*) AS n
querier-1  | 2026-05-16T14:59:56.928180139Z FROM sensors
querier-1  | 2026-05-16T14:59:56.928180930Z GROUP BY region query_params=Params { } issue_time=2026-05-16T14:59:56.926881430+00:00 partitions=1 parquet_files=1 deduplicated_partitions=0 deduplicated_parquet_files=0 plan_duration_secs=0.001228875 permit_duration_secs=1.325e-5 success=false running=true cancelled=false
querier-1  | 2026-05-16T14:59:56.928282514Z 2026-05-16T14:59:56.928195Z  INFO iox_query::query_log: query when="success" id=b3177b43-c9a5-4a6c-b5b4-24399a1dddcc namespace_id=0 namespace_name="influxdb3 oss" query_type="sql" query_text=-- Full-range aggregation across every host and every point. Forces a scan of
querier-1  | 2026-05-16T14:59:56.928285930Z -- every parquet file the querier knows about. Most-uncompacted-friendly:
querier-1  | 2026-05-16T14:59:56.928286639Z -- many small gen1 files = many small reads.
querier-1  | 2026-05-16T14:59:56.928287139Z SELECT region, AVG(temp) AS avg_temp, MAX(humidity) AS max_humid, COUNT(*) AS n
querier-1  | 2026-05-16T14:59:56.928287722Z FROM sensors
querier-1  | 2026-05-16T14:59:56.928288222Z GROUP BY region query_params=Params { } issue_time=2026-05-16T14:59:56.926881430+00:00 partitions=1 parquet_files=1 deduplicated_partitions=0 deduplicated_parquet_files=0 plan_duration_secs=0.001228875 permit_duration_secs=1.325e-5 execute_duration_secs=6.525e-5 end2end_duration_secs=0.001314 compute_duration_secs=2.663e-5 max_memory=0 ingester_metrics.latency_to_plan_secs=0.0 ingester_metrics.latency_to_full_data_secs=0.0 ingester_metrics.response_rows=0 ingester_metrics.partition_count=0 ingester_metrics.response_size=0 success=true running=false cancelled=false
querier-1  | 2026-05-16T14:59:56.943115097Z 2026-05-16T14:59:56.943055Z  INFO influxdb3_server::http: handling query_sql database=bench query_str=-- Full-range aggregation across every host and every point. Forces a scan of
querier-1  | 2026-05-16T14:59:56.943121389Z -- every parquet file the querier knows about. Most-uncompacted-friendly:
querier-1  | 2026-05-16T14:59:56.943122097Z -- many small gen1 files = many small reads.
querier-1  | 2026-05-16T14:59:56.943122680Z SELECT region, AVG(temp) AS avg_temp, MAX(humidity) AS max_humid, COUNT(*) AS n
querier-1  | 2026-05-16T14:59:56.943123305Z FROM sensors
querier-1  | 2026-05-16T14:59:56.943123889Z GROUP BY region format=Csv
querier-1  | 2026-05-16T14:59:56.943124472Z 2026-05-16T14:59:56.943073Z  INFO influxdb3_server::query_executor: executing sql query database=bench query=-- Full-range aggregation across every host and every point. Forces a scan of
querier-1  | 2026-05-16T14:59:56.943125222Z -- every parquet file the querier knows about. Most-uncompacted-friendly:
querier-1  | 2026-05-16T14:59:56.943125805Z -- many small gen1 files = many small reads.
querier-1  | 2026-05-16T14:59:56.943126347Z SELECT region, AVG(temp) AS avg_temp, MAX(humidity) AS max_humid, COUNT(*) AS n
querier-1  | 2026-05-16T14:59:56.943142305Z FROM sensors
querier-1  | 2026-05-16T14:59:56.943142930Z GROUP BY region params=None
querier-1  | 2026-05-16T14:59:56.943145264Z 2026-05-16T14:59:56.943095Z  INFO iox_query::query_log: query when="received" id=7ddddd5e-3d7c-4d04-ac9c-6df4d73c7166 namespace_id=0 namespace_name="influxdb3 oss" query_type="sql" query_text=-- Full-range aggregation across every host and every point. Forces a scan of
querier-1  | 2026-05-16T14:59:56.943146222Z -- every parquet file the querier knows about. Most-uncompacted-friendly:
querier-1  | 2026-05-16T14:59:56.943146805Z -- many small gen1 files = many small reads.
querier-1  | 2026-05-16T14:59:56.943147389Z SELECT region, AVG(temp) AS avg_temp, MAX(humidity) AS max_humid, COUNT(*) AS n
querier-1  | 2026-05-16T14:59:56.943147930Z FROM sensors
querier-1  | 2026-05-16T14:59:56.943148514Z GROUP BY region query_params=Params { } issue_time=2026-05-16T14:59:56.943094555+00:00 success=false running=true cancelled=false
querier-1  | 2026-05-16T14:59:56.944330264Z 2026-05-16T14:59:56.944271Z  INFO iox_query::query_log: query when="planned" id=7ddddd5e-3d7c-4d04-ac9c-6df4d73c7166 namespace_id=0 namespace_name="influxdb3 oss" query_type="sql" query_text=-- Full-range aggregation across every host and every point. Forces a scan of
querier-1  | 2026-05-16T14:59:56.944336847Z -- every parquet file the querier knows about. Most-uncompacted-friendly:
querier-1  | 2026-05-16T14:59:56.944337722Z -- many small gen1 files = many small reads.
querier-1  | 2026-05-16T14:59:56.944338347Z SELECT region, AVG(temp) AS avg_temp, MAX(humidity) AS max_humid, COUNT(*) AS n
querier-1  | 2026-05-16T14:59:56.944339014Z FROM sensors
querier-1  | 2026-05-16T14:59:56.944339597Z GROUP BY region query_params=Params { } issue_time=2026-05-16T14:59:56.943094555+00:00 partitions=1 parquet_files=1 deduplicated_partitions=0 deduplicated_parquet_files=0 plan_duration_secs=0.00117325 success=false running=true cancelled=false
querier-1  | 2026-05-16T14:59:56.944340472Z 2026-05-16T14:59:56.944281Z  INFO iox_query::query_log: query when="permit" id=7ddddd5e-3d7c-4d04-ac9c-6df4d73c7166 namespace_id=0 namespace_name="influxdb3 oss" query_type="sql" query_text=-- Full-range aggregation across every host and every point. Forces a scan of
querier-1  | 2026-05-16T14:59:56.944341347Z -- every parquet file the querier knows about. Most-uncompacted-friendly:
querier-1  | 2026-05-16T14:59:56.944341930Z -- many small gen1 files = many small reads.
querier-1  | 2026-05-16T14:59:56.944342555Z SELECT region, AVG(temp) AS avg_temp, MAX(humidity) AS max_humid, COUNT(*) AS n
querier-1  | 2026-05-16T14:59:56.944345055Z FROM sensors
querier-1  | 2026-05-16T14:59:56.944345639Z GROUP BY region query_params=Params { } issue_time=2026-05-16T14:59:56.943094555+00:00 partitions=1 parquet_files=1 deduplicated_partitions=0 deduplicated_parquet_files=0 plan_duration_secs=0.00117325 permit_duration_secs=1.325e-5 success=false running=true cancelled=false
querier-1  | 2026-05-16T14:59:56.944536139Z 2026-05-16T14:59:56.944357Z  INFO iox_query::query_log: query when="success" id=7ddddd5e-3d7c-4d04-ac9c-6df4d73c7166 namespace_id=0 namespace_name="influxdb3 oss" query_type="sql" query_text=-- Full-range aggregation across every host and every point. Forces a scan of
querier-1  | 2026-05-16T14:59:56.944540097Z -- every parquet file the querier knows about. Most-uncompacted-friendly:
querier-1  | 2026-05-16T14:59:56.944555472Z -- many small gen1 files = many small reads.
querier-1  | 2026-05-16T14:59:56.944556889Z SELECT region, AVG(temp) AS avg_temp, MAX(humidity) AS max_humid, COUNT(*) AS n
querier-1  | 2026-05-16T14:59:56.944557555Z FROM sensors
querier-1  | 2026-05-16T14:59:56.944558264Z GROUP BY region query_params=Params { } issue_time=2026-05-16T14:59:56.943094555+00:00 partitions=1 parquet_files=1 deduplicated_partitions=0 deduplicated_parquet_files=0 plan_duration_secs=0.00117325 permit_duration_secs=1.325e-5 execute_duration_secs=6.7834e-5 end2end_duration_secs=0.001261625 compute_duration_secs=2.3838e-5 max_memory=0 ingester_metrics.latency_to_plan_secs=0.0 ingester_metrics.latency_to_full_data_secs=0.0 ingester_metrics.response_rows=0 ingester_metrics.partition_count=0 ingester_metrics.response_size=0 success=true running=false cancelled=false
querier-1  | 2026-05-16T14:59:56.959408180Z 2026-05-16T14:59:56.959344Z  INFO influxdb3_server::http: handling query_sql database=bench query_str=-- Full-range aggregation across every host and every point. Forces a scan of
querier-1  | 2026-05-16T14:59:56.959418389Z -- every parquet file the querier knows about. Most-uncompacted-friendly:
querier-1  | 2026-05-16T14:59:56.959419139Z -- many small gen1 files = many small reads.
querier-1  | 2026-05-16T14:59:56.959419764Z SELECT region, AVG(temp) AS avg_temp, MAX(humidity) AS max_humid, COUNT(*) AS n
querier-1  | 2026-05-16T14:59:56.959420389Z FROM sensors
querier-1  | 2026-05-16T14:59:56.959420930Z GROUP BY region format=Csv
querier-1  | 2026-05-16T14:59:56.959421514Z 2026-05-16T14:59:56.959364Z  INFO influxdb3_server::query_executor: executing sql query database=bench query=-- Full-range aggregation across every host and every point. Forces a scan of
querier-1  | 2026-05-16T14:59:56.959422264Z -- every parquet file the querier knows about. Most-uncompacted-friendly:
querier-1  | 2026-05-16T14:59:56.959422847Z -- many small gen1 files = many small reads.
querier-1  | 2026-05-16T14:59:56.959423389Z SELECT region, AVG(temp) AS avg_temp, MAX(humidity) AS max_humid, COUNT(*) AS n
querier-1  | 2026-05-16T14:59:56.959423972Z FROM sensors
querier-1  | 2026-05-16T14:59:56.959424514Z GROUP BY region params=None
querier-1  | 2026-05-16T14:59:56.959425097Z 2026-05-16T14:59:56.959385Z  INFO iox_query::query_log: query when="received" id=9acd744e-b22e-4f44-a626-0927db77d418 namespace_id=0 namespace_name="influxdb3 oss" query_type="sql" query_text=-- Full-range aggregation across every host and every point. Forces a scan of
querier-1  | 2026-05-16T14:59:56.959426014Z -- every parquet file the querier knows about. Most-uncompacted-friendly:
querier-1  | 2026-05-16T14:59:56.959426597Z -- many small gen1 files = many small reads.
querier-1  | 2026-05-16T14:59:56.959427139Z SELECT region, AVG(temp) AS avg_temp, MAX(humidity) AS max_humid, COUNT(*) AS n
querier-1  | 2026-05-16T14:59:56.959427722Z FROM sensors
querier-1  | 2026-05-16T14:59:56.959428264Z GROUP BY region query_params=Params { } issue_time=2026-05-16T14:59:56.959384097+00:00 success=false running=true cancelled=false
querier-1  | 2026-05-16T14:59:56.960687139Z 2026-05-16T14:59:56.960554Z  INFO iox_query::query_log: query when="planned" id=9acd744e-b22e-4f44-a626-0927db77d418 namespace_id=0 namespace_name="influxdb3 oss" query_type="sql" query_text=-- Full-range aggregation across every host and every point. Forces a scan of
querier-1  | 2026-05-16T14:59:56.960696055Z -- every parquet file the querier knows about. Most-uncompacted-friendly:
querier-1  | 2026-05-16T14:59:56.960703389Z -- many small gen1 files = many small reads.
querier-1  | 2026-05-16T14:59:56.960704264Z SELECT region, AVG(temp) AS avg_temp, MAX(humidity) AS max_humid, COUNT(*) AS n
querier-1  | 2026-05-16T14:59:56.960705055Z FROM sensors
querier-1  | 2026-05-16T14:59:56.960705764Z GROUP BY region query_params=Params { } issue_time=2026-05-16T14:59:56.959384097+00:00 partitions=1 parquet_files=1 deduplicated_partitions=0 deduplicated_parquet_files=0 plan_duration_secs=0.001166333 success=false running=true cancelled=false
querier-1  | 2026-05-16T14:59:56.960706722Z 2026-05-16T14:59:56.960568Z  INFO iox_query::query_log: query when="permit" id=9acd744e-b22e-4f44-a626-0927db77d418 namespace_id=0 namespace_name="influxdb3 oss" query_type="sql" query_text=-- Full-range aggregation across every host and every point. Forces a scan of
querier-1  | 2026-05-16T14:59:56.960707555Z -- every parquet file the querier knows about. Most-uncompacted-friendly:
querier-1  | 2026-05-16T14:59:56.960708180Z -- many small gen1 files = many small reads.
querier-1  | 2026-05-16T14:59:56.960708722Z SELECT region, AVG(temp) AS avg_temp, MAX(humidity) AS max_humid, COUNT(*) AS n
querier-1  | 2026-05-16T14:59:56.960709347Z FROM sensors
querier-1  | 2026-05-16T14:59:56.960709889Z GROUP BY region query_params=Params { } issue_time=2026-05-16T14:59:56.959384097+00:00 partitions=1 parquet_files=1 deduplicated_partitions=0 deduplicated_parquet_files=0 plan_duration_secs=0.001166333 permit_duration_secs=1.7542e-5 success=false running=true cancelled=false
querier-1  | 2026-05-16T14:59:56.960756889Z 2026-05-16T14:59:56.960666Z  INFO iox_query::query_log: query when="success" id=9acd744e-b22e-4f44-a626-0927db77d418 namespace_id=0 namespace_name="influxdb3 oss" query_type="sql" query_text=-- Full-range aggregation across every host and every point. Forces a scan of
querier-1  | 2026-05-16T14:59:56.960762055Z -- every parquet file the querier knows about. Most-uncompacted-friendly:
querier-1  | 2026-05-16T14:59:56.960763055Z -- many small gen1 files = many small reads.
querier-1  | 2026-05-16T14:59:56.960763889Z SELECT region, AVG(temp) AS avg_temp, MAX(humidity) AS max_humid, COUNT(*) AS n
querier-1  | 2026-05-16T14:59:56.960764597Z FROM sensors
querier-1  | 2026-05-16T14:59:56.960765347Z GROUP BY region query_params=Params { } issue_time=2026-05-16T14:59:56.959384097+00:00 partitions=1 parquet_files=1 deduplicated_partitions=0 deduplicated_parquet_files=0 plan_duration_secs=0.001166333 permit_duration_secs=1.7542e-5 execute_duration_secs=9.3625e-5 end2end_duration_secs=0.001281667 compute_duration_secs=1.517e-5 max_memory=0 ingester_metrics.latency_to_plan_secs=0.0 ingester_metrics.latency_to_full_data_secs=0.0 ingester_metrics.response_rows=0 ingester_metrics.partition_count=0 ingester_metrics.response_size=0 success=true running=false cancelled=false
querier-1  | 2026-05-16T14:59:56.975561139Z 2026-05-16T14:59:56.975451Z  INFO influxdb3_server::http: handling query_sql database=bench query_str=-- Full-range aggregation across every host and every point. Forces a scan of
querier-1  | 2026-05-16T14:59:56.975567472Z -- every parquet file the querier knows about. Most-uncompacted-friendly:
querier-1  | 2026-05-16T14:59:56.975568347Z -- many small gen1 files = many small reads.
querier-1  | 2026-05-16T14:59:56.975569055Z SELECT region, AVG(temp) AS avg_temp, MAX(humidity) AS max_humid, COUNT(*) AS n
querier-1  | 2026-05-16T14:59:56.975574180Z FROM sensors
querier-1  | 2026-05-16T14:59:56.975574930Z GROUP BY region format=Csv
querier-1  | 2026-05-16T14:59:56.975575639Z 2026-05-16T14:59:56.975478Z  INFO influxdb3_server::query_executor: executing sql query database=bench query=-- Full-range aggregation across every host and every point. Forces a scan of
querier-1  | 2026-05-16T14:59:56.975577722Z -- every parquet file the querier knows about. Most-uncompacted-friendly:
querier-1  | 2026-05-16T14:59:56.975578305Z -- many small gen1 files = many small reads.
querier-1  | 2026-05-16T14:59:56.975578889Z SELECT region, AVG(temp) AS avg_temp, MAX(humidity) AS max_humid, COUNT(*) AS n
querier-1  | 2026-05-16T14:59:56.975579472Z FROM sensors
querier-1  | 2026-05-16T14:59:56.975580014Z GROUP BY region params=None
querier-1  | 2026-05-16T14:59:56.975580597Z 2026-05-16T14:59:56.975500Z  INFO iox_query::query_log: query when="received" id=c53a1983-a8b2-426e-87c9-dfb6be6d6ed9 namespace_id=0 namespace_name="influxdb3 oss" query_type="sql" query_text=-- Full-range aggregation across every host and every point. Forces a scan of
querier-1  | 2026-05-16T14:59:56.975581555Z -- every parquet file the querier knows about. Most-uncompacted-friendly:
querier-1  | 2026-05-16T14:59:56.975582139Z -- many small gen1 files = many small reads.
querier-1  | 2026-05-16T14:59:56.975582805Z SELECT region, AVG(temp) AS avg_temp, MAX(humidity) AS max_humid, COUNT(*) AS n
querier-1  | 2026-05-16T14:59:56.975583389Z FROM sensors
querier-1  | 2026-05-16T14:59:56.975583930Z GROUP BY region query_params=Params { } issue_time=2026-05-16T14:59:56.975498139+00:00 success=false running=true cancelled=false
querier-1  | 2026-05-16T14:59:56.976692555Z 2026-05-16T14:59:56.976636Z  INFO iox_query::query_log: query when="planned" id=c53a1983-a8b2-426e-87c9-dfb6be6d6ed9 namespace_id=0 namespace_name="influxdb3 oss" query_type="sql" query_text=-- Full-range aggregation across every host and every point. Forces a scan of
querier-1  | 2026-05-16T14:59:56.976698514Z -- every parquet file the querier knows about. Most-uncompacted-friendly:
querier-1  | 2026-05-16T14:59:56.976699597Z -- many small gen1 files = many small reads.
querier-1  | 2026-05-16T14:59:56.976700514Z SELECT region, AVG(temp) AS avg_temp, MAX(humidity) AS max_humid, COUNT(*) AS n
querier-1  | 2026-05-16T14:59:56.976701347Z FROM sensors
querier-1  | 2026-05-16T14:59:56.976702264Z GROUP BY region query_params=Params { } issue_time=2026-05-16T14:59:56.975498139+00:00 partitions=1 parquet_files=1 deduplicated_partitions=0 deduplicated_parquet_files=0 plan_duration_secs=0.001134666 success=false running=true cancelled=false
querier-1  | 2026-05-16T14:59:56.976703347Z 2026-05-16T14:59:56.976650Z  INFO iox_query::query_log: query when="permit" id=c53a1983-a8b2-426e-87c9-dfb6be6d6ed9 namespace_id=0 namespace_name="influxdb3 oss" query_type="sql" query_text=-- Full-range aggregation across every host and every point. Forces a scan of
querier-1  | 2026-05-16T14:59:56.976704472Z -- every parquet file the querier knows about. Most-uncompacted-friendly:
querier-1  | 2026-05-16T14:59:56.976705264Z -- many small gen1 files = many small reads.
querier-1  | 2026-05-16T14:59:56.976706014Z SELECT region, AVG(temp) AS avg_temp, MAX(humidity) AS max_humid, COUNT(*) AS n
querier-1  | 2026-05-16T14:59:56.976706764Z FROM sensors
querier-1  | 2026-05-16T14:59:56.976707514Z GROUP BY region query_params=Params { } issue_time=2026-05-16T14:59:56.975498139+00:00 partitions=1 parquet_files=1 deduplicated_partitions=0 deduplicated_parquet_files=0 plan_duration_secs=0.001134666 permit_duration_secs=1.6917e-5 success=false running=true cancelled=false
querier-1  | 2026-05-16T14:59:56.976853430Z 2026-05-16T14:59:56.976792Z  INFO iox_query::query_log: query when="success" id=c53a1983-a8b2-426e-87c9-dfb6be6d6ed9 namespace_id=0 namespace_name="influxdb3 oss" query_type="sql" query_text=-- Full-range aggregation across every host and every point. Forces a scan of
querier-1  | 2026-05-16T14:59:56.976856764Z -- every parquet file the querier knows about. Most-uncompacted-friendly:
querier-1  | 2026-05-16T14:59:56.976857680Z -- many small gen1 files = many small reads.
querier-1  | 2026-05-16T14:59:56.976858389Z SELECT region, AVG(temp) AS avg_temp, MAX(humidity) AS max_humid, COUNT(*) AS n
querier-1  | 2026-05-16T14:59:56.976859180Z FROM sensors
querier-1  | 2026-05-16T14:59:56.976859889Z GROUP BY region query_params=Params { } issue_time=2026-05-16T14:59:56.975498139+00:00 partitions=1 parquet_files=1 deduplicated_partitions=0 deduplicated_parquet_files=0 plan_duration_secs=0.001134666 permit_duration_secs=1.6917e-5 execute_duration_secs=0.000116167 end2end_duration_secs=0.001292583 compute_duration_secs=8.6224e-5 max_memory=0 ingester_metrics.latency_to_plan_secs=0.0 ingester_metrics.latency_to_full_data_secs=0.0 ingester_metrics.response_rows=0 ingester_metrics.partition_count=0 ingester_metrics.response_size=0 success=true running=false cancelled=false
querier-1  | 2026-05-16T14:59:56.991697722Z 2026-05-16T14:59:56.991633Z  INFO influxdb3_server::http: handling query_sql database=bench query_str=-- Full-range aggregation across every host and every point. Forces a scan of
querier-1  | 2026-05-16T14:59:56.991704347Z -- every parquet file the querier knows about. Most-uncompacted-friendly:
querier-1  | 2026-05-16T14:59:56.991705264Z -- many small gen1 files = many small reads.
querier-1  | 2026-05-16T14:59:56.991705889Z SELECT region, AVG(temp) AS avg_temp, MAX(humidity) AS max_humid, COUNT(*) AS n
querier-1  | 2026-05-16T14:59:56.991706514Z FROM sensors
querier-1  | 2026-05-16T14:59:56.991707097Z GROUP BY region format=Csv
querier-1  | 2026-05-16T14:59:56.991707680Z 2026-05-16T14:59:56.991648Z  INFO influxdb3_server::query_executor: executing sql query database=bench query=-- Full-range aggregation across every host and every point. Forces a scan of
querier-1  | 2026-05-16T14:59:56.991708472Z -- every parquet file the querier knows about. Most-uncompacted-friendly:
querier-1  | 2026-05-16T14:59:56.991709097Z -- many small gen1 files = many small reads.
querier-1  | 2026-05-16T14:59:56.991709680Z SELECT region, AVG(temp) AS avg_temp, MAX(humidity) AS max_humid, COUNT(*) AS n
querier-1  | 2026-05-16T14:59:56.991710305Z FROM sensors
querier-1  | 2026-05-16T14:59:56.991710805Z GROUP BY region params=None
querier-1  | 2026-05-16T14:59:56.991711389Z 2026-05-16T14:59:56.991669Z  INFO iox_query::query_log: query when="received" id=baf80e8d-65cc-42d5-b508-e24c4f3f0611 namespace_id=0 namespace_name="influxdb3 oss" query_type="sql" query_text=-- Full-range aggregation across every host and every point. Forces a scan of
querier-1  | 2026-05-16T14:59:56.991712222Z -- every parquet file the querier knows about. Most-uncompacted-friendly:
querier-1  | 2026-05-16T14:59:56.991712847Z -- many small gen1 files = many small reads.
querier-1  | 2026-05-16T14:59:56.991718139Z SELECT region, AVG(temp) AS avg_temp, MAX(humidity) AS max_humid, COUNT(*) AS n
querier-1  | 2026-05-16T14:59:56.991718805Z FROM sensors
querier-1  | 2026-05-16T14:59:56.991719347Z GROUP BY region query_params=Params { } issue_time=2026-05-16T14:59:56.991668430+00:00 success=false running=true cancelled=false
querier-1  | 2026-05-16T14:59:56.992950514Z 2026-05-16T14:59:56.992891Z  INFO iox_query::query_log: query when="planned" id=baf80e8d-65cc-42d5-b508-e24c4f3f0611 namespace_id=0 namespace_name="influxdb3 oss" query_type="sql" query_text=-- Full-range aggregation across every host and every point. Forces a scan of
querier-1  | 2026-05-16T14:59:56.992957222Z -- every parquet file the querier knows about. Most-uncompacted-friendly:
querier-1  | 2026-05-16T14:59:56.992958139Z -- many small gen1 files = many small reads.
querier-1  | 2026-05-16T14:59:56.992958805Z SELECT region, AVG(temp) AS avg_temp, MAX(humidity) AS max_humid, COUNT(*) AS n
querier-1  | 2026-05-16T14:59:56.992959555Z FROM sensors
querier-1  | 2026-05-16T14:59:56.992960264Z GROUP BY region query_params=Params { } issue_time=2026-05-16T14:59:56.991668430+00:00 partitions=1 parquet_files=1 deduplicated_partitions=0 deduplicated_parquet_files=0 plan_duration_secs=0.001219542 success=false running=true cancelled=false
querier-1  | 2026-05-16T14:59:56.992961264Z 2026-05-16T14:59:56.992901Z  INFO iox_query::query_log: query when="permit" id=baf80e8d-65cc-42d5-b508-e24c4f3f0611 namespace_id=0 namespace_name="influxdb3 oss" query_type="sql" query_text=-- Full-range aggregation across every host and every point. Forces a scan of
querier-1  | 2026-05-16T14:59:56.992962347Z -- every parquet file the querier knows about. Most-uncompacted-friendly:
querier-1  | 2026-05-16T14:59:56.992963097Z -- many small gen1 files = many small reads.
querier-1  | 2026-05-16T14:59:56.992963847Z SELECT region, AVG(temp) AS avg_temp, MAX(humidity) AS max_humid, COUNT(*) AS n
querier-1  | 2026-05-16T14:59:56.992964597Z FROM sensors
querier-1  | 2026-05-16T14:59:56.992965305Z GROUP BY region query_params=Params { } issue_time=2026-05-16T14:59:56.991668430+00:00 partitions=1 parquet_files=1 deduplicated_partitions=0 deduplicated_parquet_files=0 plan_duration_secs=0.001219542 permit_duration_secs=1.2792e-5 success=false running=true cancelled=false
querier-1  | 2026-05-16T14:59:56.993108180Z 2026-05-16T14:59:56.993056Z  INFO iox_query::query_log: query when="success" id=baf80e8d-65cc-42d5-b508-e24c4f3f0611 namespace_id=0 namespace_name="influxdb3 oss" query_type="sql" query_text=-- Full-range aggregation across every host and every point. Forces a scan of
querier-1  | 2026-05-16T14:59:56.993111139Z -- every parquet file the querier knows about. Most-uncompacted-friendly:
querier-1  | 2026-05-16T14:59:56.993111930Z -- many small gen1 files = many small reads.
querier-1  | 2026-05-16T14:59:56.993112597Z SELECT region, AVG(temp) AS avg_temp, MAX(humidity) AS max_humid, COUNT(*) AS n
querier-1  | 2026-05-16T14:59:56.993113264Z FROM sensors
querier-1  | 2026-05-16T14:59:56.993113972Z GROUP BY region query_params=Params { } issue_time=2026-05-16T14:59:56.991668430+00:00 partitions=1 parquet_files=1 deduplicated_partitions=0 deduplicated_parquet_files=0 plan_duration_secs=0.001219542 permit_duration_secs=1.2792e-5 execute_duration_secs=0.000128041 end2end_duration_secs=0.001387042 compute_duration_secs=0.0001106 max_memory=0 ingester_metrics.latency_to_plan_secs=0.0 ingester_metrics.latency_to_full_data_secs=0.0 ingester_metrics.response_rows=0 ingester_metrics.partition_count=0 ingester_metrics.response_size=0 success=true running=false cancelled=false
querier-1  | 2026-05-16T14:59:57.007714639Z 2026-05-16T14:59:57.007637Z  INFO influxdb3_server::http: handling query_sql database=bench query_str=-- Full-range aggregation across every host and every point. Forces a scan of
querier-1  | 2026-05-16T14:59:57.007722680Z -- every parquet file the querier knows about. Most-uncompacted-friendly:
querier-1  | 2026-05-16T14:59:57.007723764Z -- many small gen1 files = many small reads.
querier-1  | 2026-05-16T14:59:57.007724430Z SELECT region, AVG(temp) AS avg_temp, MAX(humidity) AS max_humid, COUNT(*) AS n
querier-1  | 2026-05-16T14:59:57.007725055Z FROM sensors
querier-1  | 2026-05-16T14:59:57.007725555Z GROUP BY region format=Csv
querier-1  | 2026-05-16T14:59:57.007726097Z 2026-05-16T14:59:57.007654Z  INFO influxdb3_server::query_executor: executing sql query database=bench query=-- Full-range aggregation across every host and every point. Forces a scan of
querier-1  | 2026-05-16T14:59:57.007726764Z -- every parquet file the querier knows about. Most-uncompacted-friendly:
querier-1  | 2026-05-16T14:59:57.007727347Z -- many small gen1 files = many small reads.
querier-1  | 2026-05-16T14:59:57.007727847Z SELECT region, AVG(temp) AS avg_temp, MAX(humidity) AS max_humid, COUNT(*) AS n
querier-1  | 2026-05-16T14:59:57.007728389Z FROM sensors
querier-1  | 2026-05-16T14:59:57.007728889Z GROUP BY region params=None
querier-1  | 2026-05-16T14:59:57.007729597Z 2026-05-16T14:59:57.007675Z  INFO iox_query::query_log: query when="received" id=19e4a4af-18f3-4bb2-80dc-63a0a6538c51 namespace_id=0 namespace_name="influxdb3 oss" query_type="sql" query_text=-- Full-range aggregation across every host and every point. Forces a scan of
querier-1  | 2026-05-16T14:59:57.007730514Z -- every parquet file the querier knows about. Most-uncompacted-friendly:
querier-1  | 2026-05-16T14:59:57.007731055Z -- many small gen1 files = many small reads.
querier-1  | 2026-05-16T14:59:57.007731514Z SELECT region, AVG(temp) AS avg_temp, MAX(humidity) AS max_humid, COUNT(*) AS n
querier-1  | 2026-05-16T14:59:57.007732139Z FROM sensors
querier-1  | 2026-05-16T14:59:57.007732597Z GROUP BY region query_params=Params { } issue_time=2026-05-16T14:59:57.007674764+00:00 success=false running=true cancelled=false
querier-1  | 2026-05-16T14:59:57.009059847Z 2026-05-16T14:59:57.009027Z  INFO iox_query::query_log: query when="planned" id=19e4a4af-18f3-4bb2-80dc-63a0a6538c51 namespace_id=0 namespace_name="influxdb3 oss" query_type="sql" query_text=-- Full-range aggregation across every host and every point. Forces a scan of
querier-1  | 2026-05-16T14:59:57.009070722Z -- every parquet file the querier knows about. Most-uncompacted-friendly:
querier-1  | 2026-05-16T14:59:57.009071597Z -- many small gen1 files = many small reads.
querier-1  | 2026-05-16T14:59:57.009072430Z SELECT region, AVG(temp) AS avg_temp, MAX(humidity) AS max_humid, COUNT(*) AS n
querier-1  | 2026-05-16T14:59:57.009073222Z FROM sensors
querier-1  | 2026-05-16T14:59:57.009074014Z GROUP BY region query_params=Params { } issue_time=2026-05-16T14:59:57.007674764+00:00 partitions=1 parquet_files=1 deduplicated_partitions=0 deduplicated_parquet_files=0 plan_duration_secs=0.001347333 success=false running=true cancelled=false
querier-1  | 2026-05-16T14:59:57.009075055Z 2026-05-16T14:59:57.009039Z  INFO iox_query::query_log: query when="permit" id=19e4a4af-18f3-4bb2-80dc-63a0a6538c51 namespace_id=0 namespace_name="influxdb3 oss" query_type="sql" query_text=-- Full-range aggregation across every host and every point. Forces a scan of
querier-1  | 2026-05-16T14:59:57.009083180Z -- every parquet file the querier knows about. Most-uncompacted-friendly:
querier-1  | 2026-05-16T14:59:57.009084014Z -- many small gen1 files = many small reads.
querier-1  | 2026-05-16T14:59:57.009084722Z SELECT region, AVG(temp) AS avg_temp, MAX(humidity) AS max_humid, COUNT(*) AS n
querier-1  | 2026-05-16T14:59:57.009085472Z FROM sensors
querier-1  | 2026-05-16T14:59:57.009086180Z GROUP BY region query_params=Params { } issue_time=2026-05-16T14:59:57.007674764+00:00 partitions=1 parquet_files=1 deduplicated_partitions=0 deduplicated_parquet_files=0 plan_duration_secs=0.001347333 permit_duration_secs=1.6458e-5 success=false running=true cancelled=false
querier-1  | 2026-05-16T14:59:57.009504847Z 2026-05-16T14:59:57.009148Z  INFO iox_query::query_log: query when="success" id=19e4a4af-18f3-4bb2-80dc-63a0a6538c51 namespace_id=0 namespace_name="influxdb3 oss" query_type="sql" query_text=-- Full-range aggregation across every host and every point. Forces a scan of
querier-1  | 2026-05-16T14:59:57.009511180Z -- every parquet file the querier knows about. Most-uncompacted-friendly:
querier-1  | 2026-05-16T14:59:57.009512264Z -- many small gen1 files = many small reads.
querier-1  | 2026-05-16T14:59:57.009513180Z SELECT region, AVG(temp) AS avg_temp, MAX(humidity) AS max_humid, COUNT(*) AS n
querier-1  | 2026-05-16T14:59:57.009514139Z FROM sensors
querier-1  | 2026-05-16T14:59:57.009514889Z GROUP BY region query_params=Params { } issue_time=2026-05-16T14:59:57.007674764+00:00 partitions=1 parquet_files=1 deduplicated_partitions=0 deduplicated_parquet_files=0 plan_duration_secs=0.001347333 permit_duration_secs=1.6458e-5 execute_duration_secs=9.5125e-5 end2end_duration_secs=0.00147225 compute_duration_secs=3.1712e-5 max_memory=0 ingester_metrics.latency_to_plan_secs=0.0 ingester_metrics.latency_to_full_data_secs=0.0 ingester_metrics.response_rows=0 ingester_metrics.partition_count=0 ingester_metrics.response_size=0 success=true running=false cancelled=false
querier-1  | 2026-05-16T14:59:57.024443930Z 2026-05-16T14:59:57.024377Z  INFO influxdb3_server::http: handling query_sql database=bench query_str=-- Full-range aggregation across every host and every point. Forces a scan of
querier-1  | 2026-05-16T14:59:57.024464722Z -- every parquet file the querier knows about. Most-uncompacted-friendly:
querier-1  | 2026-05-16T14:59:57.024466930Z -- many small gen1 files = many small reads.
querier-1  | 2026-05-16T14:59:57.024467805Z SELECT region, AVG(temp) AS avg_temp, MAX(humidity) AS max_humid, COUNT(*) AS n
querier-1  | 2026-05-16T14:59:57.024468597Z FROM sensors
querier-1  | 2026-05-16T14:59:57.024469389Z GROUP BY region format=Csv
querier-1  | 2026-05-16T14:59:57.024470139Z 2026-05-16T14:59:57.024396Z  INFO influxdb3_server::query_executor: executing sql query database=bench query=-- Full-range aggregation across every host and every point. Forces a scan of
querier-1  | 2026-05-16T14:59:57.024471722Z -- every parquet file the querier knows about. Most-uncompacted-friendly:
querier-1  | 2026-05-16T14:59:57.024472514Z -- many small gen1 files = many small reads.
querier-1  | 2026-05-16T14:59:57.024473264Z SELECT region, AVG(temp) AS avg_temp, MAX(humidity) AS max_humid, COUNT(*) AS n
querier-1  | 2026-05-16T14:59:57.024480222Z FROM sensors
querier-1  | 2026-05-16T14:59:57.024480805Z GROUP BY region params=None
querier-1  | 2026-05-16T14:59:57.024481472Z 2026-05-16T14:59:57.024418Z  INFO iox_query::query_log: query when="received" id=248ddece-29e6-4f7e-ad69-85866a235abd namespace_id=0 namespace_name="influxdb3 oss" query_type="sql" query_text=-- Full-range aggregation across every host and every point. Forces a scan of
querier-1  | 2026-05-16T14:59:57.024482389Z -- every parquet file the querier knows about. Most-uncompacted-friendly:
querier-1  | 2026-05-16T14:59:57.024483014Z -- many small gen1 files = many small reads.
querier-1  | 2026-05-16T14:59:57.024483597Z SELECT region, AVG(temp) AS avg_temp, MAX(humidity) AS max_humid, COUNT(*) AS n
querier-1  | 2026-05-16T14:59:57.024484180Z FROM sensors
querier-1  | 2026-05-16T14:59:57.024484764Z GROUP BY region query_params=Params { } issue_time=2026-05-16T14:59:57.024417555+00:00 success=false running=true cancelled=false
querier-1  | 2026-05-16T14:59:57.025641764Z 2026-05-16T14:59:57.025577Z  INFO iox_query::query_log: query when="planned" id=248ddece-29e6-4f7e-ad69-85866a235abd namespace_id=0 namespace_name="influxdb3 oss" query_type="sql" query_text=-- Full-range aggregation across every host and every point. Forces a scan of
querier-1  | 2026-05-16T14:59:57.025649764Z -- every parquet file the querier knows about. Most-uncompacted-friendly:
querier-1  | 2026-05-16T14:59:57.025650805Z -- many small gen1 files = many small reads.
querier-1  | 2026-05-16T14:59:57.025651597Z SELECT region, AVG(temp) AS avg_temp, MAX(humidity) AS max_humid, COUNT(*) AS n
querier-1  | 2026-05-16T14:59:57.025652347Z FROM sensors
querier-1  | 2026-05-16T14:59:57.025653097Z GROUP BY region query_params=Params { } issue_time=2026-05-16T14:59:57.024417555+00:00 partitions=1 parquet_files=1 deduplicated_partitions=0 deduplicated_parquet_files=0 plan_duration_secs=0.001156417 success=false running=true cancelled=false
querier-1  | 2026-05-16T14:59:57.025654180Z 2026-05-16T14:59:57.025591Z  INFO iox_query::query_log: query when="permit" id=248ddece-29e6-4f7e-ad69-85866a235abd namespace_id=0 namespace_name="influxdb3 oss" query_type="sql" query_text=-- Full-range aggregation across every host and every point. Forces a scan of
querier-1  | 2026-05-16T14:59:57.025655264Z -- every parquet file the querier knows about. Most-uncompacted-friendly:
querier-1  | 2026-05-16T14:59:57.025656014Z -- many small gen1 files = many small reads.
querier-1  | 2026-05-16T14:59:57.025656764Z SELECT region, AVG(temp) AS avg_temp, MAX(humidity) AS max_humid, COUNT(*) AS n
querier-1  | 2026-05-16T14:59:57.025657472Z FROM sensors
querier-1  | 2026-05-16T14:59:57.025658222Z GROUP BY region query_params=Params { } issue_time=2026-05-16T14:59:57.024417555+00:00 partitions=1 parquet_files=1 deduplicated_partitions=0 deduplicated_parquet_files=0 plan_duration_secs=0.001156417 permit_duration_secs=1.6667e-5 success=false running=true cancelled=false
querier-1  | 2026-05-16T14:59:57.025823139Z 2026-05-16T14:59:57.025752Z  INFO iox_query::query_log: query when="success" id=248ddece-29e6-4f7e-ad69-85866a235abd namespace_id=0 namespace_name="influxdb3 oss" query_type="sql" query_text=-- Full-range aggregation across every host and every point. Forces a scan of
querier-1  | 2026-05-16T14:59:57.025826055Z -- every parquet file the querier knows about. Most-uncompacted-friendly:
querier-1  | 2026-05-16T14:59:57.025826764Z -- many small gen1 files = many small reads.
querier-1  | 2026-05-16T14:59:57.025830305Z SELECT region, AVG(temp) AS avg_temp, MAX(humidity) AS max_humid, COUNT(*) AS n
querier-1  | 2026-05-16T14:59:57.025831097Z FROM sensors
querier-1  | 2026-05-16T14:59:57.025832972Z GROUP BY region query_params=Params { } issue_time=2026-05-16T14:59:57.024417555+00:00 partitions=1 parquet_files=1 deduplicated_partitions=0 deduplicated_parquet_files=0 plan_duration_secs=0.001156417 permit_duration_secs=1.6667e-5 execute_duration_secs=0.000136583 end2end_duration_secs=0.001332084 compute_duration_secs=0.000109893 max_memory=0 ingester_metrics.latency_to_plan_secs=0.0 ingester_metrics.latency_to_full_data_secs=0.0 ingester_metrics.response_rows=0 ingester_metrics.partition_count=0 ingester_metrics.response_size=0 success=true running=false cancelled=false
querier-1  | 2026-05-16T14:59:57.042064722Z 2026-05-16T14:59:57.042009Z  INFO influxdb3_server::http: handling query_sql database=bench query_str=-- High-cardinality predicate: per-host extremes across a 4-week window.
querier-1  | 2026-05-16T14:59:57.042073430Z -- Benchmarks the per-file pruning path. Compaction should improve this
querier-1  | 2026-05-16T14:59:57.042074472Z -- materially when many gen1 files cover overlapping host sets.
querier-1  | 2026-05-16T14:59:57.042075264Z SELECT host, MAX(pressure) AS max_p, MIN(pressure) AS min_p
querier-1  | 2026-05-16T14:59:57.042076055Z FROM sensors
querier-1  | 2026-05-16T14:59:57.042076722Z WHERE time > now() - INTERVAL '4 weeks'
querier-1  | 2026-05-16T14:59:57.042077472Z GROUP BY host
querier-1  | 2026-05-16T14:59:57.042078055Z ORDER BY max_p DESC
querier-1  | 2026-05-16T14:59:57.042078639Z LIMIT 50 format=Csv
querier-1  | 2026-05-16T14:59:57.042079180Z 2026-05-16T14:59:57.042027Z  INFO influxdb3_server::query_executor: executing sql query database=bench query=-- High-cardinality predicate: per-host extremes across a 4-week window.
querier-1  | 2026-05-16T14:59:57.042079930Z -- Benchmarks the per-file pruning path. Compaction should improve this
querier-1  | 2026-05-16T14:59:57.042080555Z -- materially when many gen1 files cover overlapping host sets.
querier-1  | 2026-05-16T14:59:57.042081139Z SELECT host, MAX(pressure) AS max_p, MIN(pressure) AS min_p
querier-1  | 2026-05-16T14:59:57.042081680Z FROM sensors
querier-1  | 2026-05-16T14:59:57.042082222Z WHERE time > now() - INTERVAL '4 weeks'
querier-1  | 2026-05-16T14:59:57.042082805Z GROUP BY host
querier-1  | 2026-05-16T14:59:57.042083347Z ORDER BY max_p DESC
querier-1  | 2026-05-16T14:59:57.042083889Z LIMIT 50 params=None
querier-1  | 2026-05-16T14:59:57.042111014Z 2026-05-16T14:59:57.042050Z  INFO iox_query::query_log: query when="received" id=7d2697a8-4846-4399-bb53-b78dd51d81c3 namespace_id=0 namespace_name="influxdb3 oss" query_type="sql" query_text=-- High-cardinality predicate: per-host extremes across a 4-week window.
querier-1  | 2026-05-16T14:59:57.042116639Z -- Benchmarks the per-file pruning path. Compaction should improve this
querier-1  | 2026-05-16T14:59:57.042117639Z -- materially when many gen1 files cover overlapping host sets.
querier-1  | 2026-05-16T14:59:57.042118514Z SELECT host, MAX(pressure) AS max_p, MIN(pressure) AS min_p
querier-1  | 2026-05-16T14:59:57.042119264Z FROM sensors
querier-1  | 2026-05-16T14:59:57.042120055Z WHERE time > now() - INTERVAL '4 weeks'
querier-1  | 2026-05-16T14:59:57.042139722Z GROUP BY host
querier-1  | 2026-05-16T14:59:57.042141264Z ORDER BY max_p DESC
querier-1  | 2026-05-16T14:59:57.042141847Z LIMIT 50 query_params=Params { } issue_time=2026-05-16T14:59:57.042049555+00:00 success=false running=true cancelled=false
querier-1  | 2026-05-16T14:59:57.044068722Z 2026-05-16T14:59:57.043996Z  INFO iox_query::query_log: query when="planned" id=7d2697a8-4846-4399-bb53-b78dd51d81c3 namespace_id=0 namespace_name="influxdb3 oss" query_type="sql" query_text=-- High-cardinality predicate: per-host extremes across a 4-week window.
querier-1  | 2026-05-16T14:59:57.044074764Z -- Benchmarks the per-file pruning path. Compaction should improve this
querier-1  | 2026-05-16T14:59:57.044075430Z -- materially when many gen1 files cover overlapping host sets.
querier-1  | 2026-05-16T14:59:57.044076014Z SELECT host, MAX(pressure) AS max_p, MIN(pressure) AS min_p
querier-1  | 2026-05-16T14:59:57.044076555Z FROM sensors
querier-1  | 2026-05-16T14:59:57.044077139Z WHERE time > now() - INTERVAL '4 weeks'
querier-1  | 2026-05-16T14:59:57.044077722Z GROUP BY host
querier-1  | 2026-05-16T14:59:57.044078180Z ORDER BY max_p DESC
querier-1  | 2026-05-16T14:59:57.044078680Z LIMIT 50 query_params=Params { } issue_time=2026-05-16T14:59:57.042049555+00:00 partitions=1 parquet_files=1 deduplicated_partitions=0 deduplicated_parquet_files=0 plan_duration_secs=0.001936375 success=false running=true cancelled=false
querier-1  | 2026-05-16T14:59:57.044079389Z 2026-05-16T14:59:57.044015Z  INFO iox_query::query_log: query when="permit" id=7d2697a8-4846-4399-bb53-b78dd51d81c3 namespace_id=0 namespace_name="influxdb3 oss" query_type="sql" query_text=-- High-cardinality predicate: per-host extremes across a 4-week window.
querier-1  | 2026-05-16T14:59:57.044080097Z -- Benchmarks the per-file pruning path. Compaction should improve this
querier-1  | 2026-05-16T14:59:57.044080639Z -- materially when many gen1 files cover overlapping host sets.
querier-1  | 2026-05-16T14:59:57.044081139Z SELECT host, MAX(pressure) AS max_p, MIN(pressure) AS min_p
querier-1  | 2026-05-16T14:59:57.044081639Z FROM sensors
querier-1  | 2026-05-16T14:59:57.044082139Z WHERE time > now() - INTERVAL '4 weeks'
querier-1  | 2026-05-16T14:59:57.044082639Z GROUP BY host
querier-1  | 2026-05-16T14:59:57.044083097Z ORDER BY max_p DESC
querier-1  | 2026-05-16T14:59:57.044083555Z LIMIT 50 query_params=Params { } issue_time=2026-05-16T14:59:57.042049555+00:00 partitions=1 parquet_files=1 deduplicated_partitions=0 deduplicated_parquet_files=0 plan_duration_secs=0.001936375 permit_duration_secs=2.9e-5 success=false running=true cancelled=false
querier-1  | 2026-05-16T14:59:57.044301680Z 2026-05-16T14:59:57.044250Z  INFO iox_query::query_log: query when="success" id=7d2697a8-4846-4399-bb53-b78dd51d81c3 namespace_id=0 namespace_name="influxdb3 oss" query_type="sql" query_text=-- High-cardinality predicate: per-host extremes across a 4-week window.
querier-1  | 2026-05-16T14:59:57.044307389Z -- Benchmarks the per-file pruning path. Compaction should improve this
querier-1  | 2026-05-16T14:59:57.044308347Z -- materially when many gen1 files cover overlapping host sets.
querier-1  | 2026-05-16T14:59:57.044318222Z SELECT host, MAX(pressure) AS max_p, MIN(pressure) AS min_p
querier-1  | 2026-05-16T14:59:57.044318847Z FROM sensors
querier-1  | 2026-05-16T14:59:57.044325722Z WHERE time > now() - INTERVAL '4 weeks'
querier-1  | 2026-05-16T14:59:57.044326639Z GROUP BY host
querier-1  | 2026-05-16T14:59:57.044327305Z ORDER BY max_p DESC
querier-1  | 2026-05-16T14:59:57.044328055Z LIMIT 50 query_params=Params { } issue_time=2026-05-16T14:59:57.042049555+00:00 partitions=1 parquet_files=1 deduplicated_partitions=0 deduplicated_parquet_files=0 plan_duration_secs=0.001936375 permit_duration_secs=2.9e-5 execute_duration_secs=0.000211834 end2end_duration_secs=0.002199209 compute_duration_secs=0.000140876 max_memory=0 ingester_metrics.latency_to_plan_secs=0.0 ingester_metrics.latency_to_full_data_secs=0.0 ingester_metrics.response_rows=0 ingester_metrics.partition_count=0 ingester_metrics.response_size=0 success=true running=false cancelled=false
querier-1  | 2026-05-16T14:59:57.076348972Z 2026-05-16T14:59:57.076276Z  INFO influxdb3_server::http: handling query_sql database=bench query_str=-- High-cardinality predicate: per-host extremes across a 4-week window.
querier-1  | 2026-05-16T14:59:57.076367930Z -- Benchmarks the per-file pruning path. Compaction should improve this
querier-1  | 2026-05-16T14:59:57.076369139Z -- materially when many gen1 files cover overlapping host sets.
querier-1  | 2026-05-16T14:59:57.076369847Z SELECT host, MAX(pressure) AS max_p, MIN(pressure) AS min_p
querier-1  | 2026-05-16T14:59:57.076370514Z FROM sensors
querier-1  | 2026-05-16T14:59:57.076371097Z WHERE time > now() - INTERVAL '4 weeks'
querier-1  | 2026-05-16T14:59:57.076371847Z GROUP BY host
querier-1  | 2026-05-16T14:59:57.076372680Z ORDER BY max_p DESC
querier-1  | 2026-05-16T14:59:57.076373389Z LIMIT 50 format=Csv
querier-1  | 2026-05-16T14:59:57.076374014Z 2026-05-16T14:59:57.076296Z  INFO influxdb3_server::query_executor: executing sql query database=bench query=-- High-cardinality predicate: per-host extremes across a 4-week window.
querier-1  | 2026-05-16T14:59:57.076374722Z -- Benchmarks the per-file pruning path. Compaction should improve this
querier-1  | 2026-05-16T14:59:57.076375305Z -- materially when many gen1 files cover overlapping host sets.
querier-1  | 2026-05-16T14:59:57.076375889Z SELECT host, MAX(pressure) AS max_p, MIN(pressure) AS min_p
querier-1  | 2026-05-16T14:59:57.076376430Z FROM sensors
querier-1  | 2026-05-16T14:59:57.076376972Z WHERE time > now() - INTERVAL '4 weeks'
querier-1  | 2026-05-16T14:59:57.076377555Z GROUP BY host
querier-1  | 2026-05-16T14:59:57.076378097Z ORDER BY max_p DESC
querier-1  | 2026-05-16T14:59:57.076378639Z LIMIT 50 params=None
querier-1  | 2026-05-16T14:59:57.076379180Z 2026-05-16T14:59:57.076317Z  INFO iox_query::query_log: query when="received" id=a4d58882-1889-439f-a2fc-c6526cab8599 namespace_id=0 namespace_name="influxdb3 oss" query_type="sql" query_text=-- High-cardinality predicate: per-host extremes across a 4-week window.
querier-1  | 2026-05-16T14:59:57.076380180Z -- Benchmarks the per-file pruning path. Compaction should improve this
querier-1  | 2026-05-16T14:59:57.076380764Z -- materially when many gen1 files cover overlapping host sets.
querier-1  | 2026-05-16T14:59:57.076381305Z SELECT host, MAX(pressure) AS max_p, MIN(pressure) AS min_p
querier-1  | 2026-05-16T14:59:57.076381889Z FROM sensors
querier-1  | 2026-05-16T14:59:57.076382389Z WHERE time > now() - INTERVAL '4 weeks'
querier-1  | 2026-05-16T14:59:57.076389222Z GROUP BY host
querier-1  | 2026-05-16T14:59:57.076389847Z ORDER BY max_p DESC
querier-1  | 2026-05-16T14:59:57.076390389Z LIMIT 50 query_params=Params { } issue_time=2026-05-16T14:59:57.076316305+00:00 success=false running=true cancelled=false
querier-1  | 2026-05-16T14:59:57.078176514Z 2026-05-16T14:59:57.078109Z  INFO iox_query::query_log: query when="planned" id=a4d58882-1889-439f-a2fc-c6526cab8599 namespace_id=0 namespace_name="influxdb3 oss" query_type="sql" query_text=-- High-cardinality predicate: per-host extremes across a 4-week window.
querier-1  | 2026-05-16T14:59:57.078186972Z -- Benchmarks the per-file pruning path. Compaction should improve this
querier-1  | 2026-05-16T14:59:57.078188139Z -- materially when many gen1 files cover overlapping host sets.
querier-1  | 2026-05-16T14:59:57.078188972Z SELECT host, MAX(pressure) AS max_p, MIN(pressure) AS min_p
querier-1  | 2026-05-16T14:59:57.078189847Z FROM sensors
querier-1  | 2026-05-16T14:59:57.078190680Z WHERE time > now() - INTERVAL '4 weeks'
querier-1  | 2026-05-16T14:59:57.078191555Z GROUP BY host
querier-1  | 2026-05-16T14:59:57.078192305Z ORDER BY max_p DESC
querier-1  | 2026-05-16T14:59:57.078193014Z LIMIT 50 query_params=Params { } issue_time=2026-05-16T14:59:57.076316305+00:00 partitions=1 parquet_files=1 deduplicated_partitions=0 deduplicated_parquet_files=0 plan_duration_secs=0.001783292 success=false running=true cancelled=false
querier-1  | 2026-05-16T14:59:57.078193972Z 2026-05-16T14:59:57.078124Z  INFO iox_query::query_log: query when="permit" id=a4d58882-1889-439f-a2fc-c6526cab8599 namespace_id=0 namespace_name="influxdb3 oss" query_type="sql" query_text=-- High-cardinality predicate: per-host extremes across a 4-week window.
querier-1  | 2026-05-16T14:59:57.078195139Z -- Benchmarks the per-file pruning path. Compaction should improve this
querier-1  | 2026-05-16T14:59:57.078195847Z -- materially when many gen1 files cover overlapping host sets.
querier-1  | 2026-05-16T14:59:57.078196889Z SELECT host, MAX(pressure) AS max_p, MIN(pressure) AS min_p
querier-1  | 2026-05-16T14:59:57.078197680Z FROM sensors
querier-1  | 2026-05-16T14:59:57.078198347Z WHERE time > now() - INTERVAL '4 weeks'
querier-1  | 2026-05-16T14:59:57.078199055Z GROUP BY host
querier-1  | 2026-05-16T14:59:57.078199722Z ORDER BY max_p DESC
querier-1  | 2026-05-16T14:59:57.078200430Z LIMIT 50 query_params=Params { } issue_time=2026-05-16T14:59:57.076316305+00:00 partitions=1 parquet_files=1 deduplicated_partitions=0 deduplicated_parquet_files=0 plan_duration_secs=0.001783292 permit_duration_secs=2.4667e-5 success=false running=true cancelled=false
querier-1  | 2026-05-16T14:59:57.078415764Z 2026-05-16T14:59:57.078352Z  INFO iox_query::query_log: query when="success" id=a4d58882-1889-439f-a2fc-c6526cab8599 namespace_id=0 namespace_name="influxdb3 oss" query_type="sql" query_text=-- High-cardinality predicate: per-host extremes across a 4-week window.
querier-1  | 2026-05-16T14:59:57.078420180Z -- Benchmarks the per-file pruning path. Compaction should improve this
querier-1  | 2026-05-16T14:59:57.078421180Z -- materially when many gen1 files cover overlapping host sets.
querier-1  | 2026-05-16T14:59:57.078421972Z SELECT host, MAX(pressure) AS max_p, MIN(pressure) AS min_p
querier-1  | 2026-05-16T14:59:57.078422764Z FROM sensors
querier-1  | 2026-05-16T14:59:57.078423472Z WHERE time > now() - INTERVAL '4 weeks'
querier-1  | 2026-05-16T14:59:57.078430222Z GROUP BY host
querier-1  | 2026-05-16T14:59:57.078430889Z ORDER BY max_p DESC
querier-1  | 2026-05-16T14:59:57.078431555Z LIMIT 50 query_params=Params { } issue_time=2026-05-16T14:59:57.076316305+00:00 partitions=1 parquet_files=1 deduplicated_partitions=0 deduplicated_parquet_files=0 plan_duration_secs=0.001783292 permit_duration_secs=2.4667e-5 execute_duration_secs=0.000203625 end2end_duration_secs=0.002034459 compute_duration_secs=0.000117334 max_memory=0 ingester_metrics.latency_to_plan_secs=0.0 ingester_metrics.latency_to_full_data_secs=0.0 ingester_metrics.response_rows=0 ingester_metrics.partition_count=0 ingester_metrics.response_size=0 success=true running=false cancelled=false
querier-1  | 2026-05-16T14:59:57.115383055Z 2026-05-16T14:59:57.115324Z  INFO influxdb3_server::http: handling query_sql database=bench query_str=-- High-cardinality predicate: per-host extremes across a 4-week window.
querier-1  | 2026-05-16T14:59:57.115391930Z -- Benchmarks the per-file pruning path. Compaction should improve this
querier-1  | 2026-05-16T14:59:57.115392972Z -- materially when many gen1 files cover overlapping host sets.
querier-1  | 2026-05-16T14:59:57.115393847Z SELECT host, MAX(pressure) AS max_p, MIN(pressure) AS min_p
querier-1  | 2026-05-16T14:59:57.115394555Z FROM sensors
querier-1  | 2026-05-16T14:59:57.115395264Z WHERE time > now() - INTERVAL '4 weeks'
querier-1  | 2026-05-16T14:59:57.115396139Z GROUP BY host
querier-1  | 2026-05-16T14:59:57.115396889Z ORDER BY max_p DESC
querier-1  | 2026-05-16T14:59:57.115397555Z LIMIT 50 format=Csv
querier-1  | 2026-05-16T14:59:57.115398264Z 2026-05-16T14:59:57.115341Z  INFO influxdb3_server::query_executor: executing sql query database=bench query=-- High-cardinality predicate: per-host extremes across a 4-week window.
querier-1  | 2026-05-16T14:59:57.115399139Z -- Benchmarks the per-file pruning path. Compaction should improve this
querier-1  | 2026-05-16T14:59:57.115399805Z -- materially when many gen1 files cover overlapping host sets.
querier-1  | 2026-05-16T14:59:57.115400514Z SELECT host, MAX(pressure) AS max_p, MIN(pressure) AS min_p
querier-1  | 2026-05-16T14:59:57.115401222Z FROM sensors
querier-1  | 2026-05-16T14:59:57.115401889Z WHERE time > now() - INTERVAL '4 weeks'
querier-1  | 2026-05-16T14:59:57.115402555Z GROUP BY host
querier-1  | 2026-05-16T14:59:57.115403139Z ORDER BY max_p DESC
querier-1  | 2026-05-16T14:59:57.115403680Z LIMIT 50 params=None
querier-1  | 2026-05-16T14:59:57.115404305Z 2026-05-16T14:59:57.115360Z  INFO iox_query::query_log: query when="received" id=f40eb9b8-53a6-4166-83e4-ad2c5cf76607 namespace_id=0 namespace_name="influxdb3 oss" query_type="sql" query_text=-- High-cardinality predicate: per-host extremes across a 4-week window.
querier-1  | 2026-05-16T14:59:57.115405305Z -- Benchmarks the per-file pruning path. Compaction should improve this
querier-1  | 2026-05-16T14:59:57.115405847Z -- materially when many gen1 files cover overlapping host sets.
querier-1  | 2026-05-16T14:59:57.115406347Z SELECT host, MAX(pressure) AS max_p, MIN(pressure) AS min_p
querier-1  | 2026-05-16T14:59:57.115406847Z FROM sensors
querier-1  | 2026-05-16T14:59:57.115407305Z WHERE time > now() - INTERVAL '4 weeks'
querier-1  | 2026-05-16T14:59:57.115412389Z GROUP BY host
querier-1  | 2026-05-16T14:59:57.115412889Z ORDER BY max_p DESC
querier-1  | 2026-05-16T14:59:57.115413347Z LIMIT 50 query_params=Params { } issue_time=2026-05-16T14:59:57.115360097+00:00 success=false running=true cancelled=false
querier-1  | 2026-05-16T14:59:57.117141680Z 2026-05-16T14:59:57.117079Z  INFO iox_query::query_log: query when="planned" id=f40eb9b8-53a6-4166-83e4-ad2c5cf76607 namespace_id=0 namespace_name="influxdb3 oss" query_type="sql" query_text=-- High-cardinality predicate: per-host extremes across a 4-week window.
querier-1  | 2026-05-16T14:59:57.117146972Z -- Benchmarks the per-file pruning path. Compaction should improve this
querier-1  | 2026-05-16T14:59:57.117147930Z -- materially when many gen1 files cover overlapping host sets.
querier-1  | 2026-05-16T14:59:57.117148805Z SELECT host, MAX(pressure) AS max_p, MIN(pressure) AS min_p
querier-1  | 2026-05-16T14:59:57.117149639Z FROM sensors
querier-1  | 2026-05-16T14:59:57.117150347Z WHERE time > now() - INTERVAL '4 weeks'
querier-1  | 2026-05-16T14:59:57.117151139Z GROUP BY host
querier-1  | 2026-05-16T14:59:57.117152055Z ORDER BY max_p DESC
querier-1  | 2026-05-16T14:59:57.117152805Z LIMIT 50 query_params=Params { } issue_time=2026-05-16T14:59:57.115360097+00:00 partitions=1 parquet_files=1 deduplicated_partitions=0 deduplicated_parquet_files=0 plan_duration_secs=0.001715333 success=false running=true cancelled=false
querier-1  | 2026-05-16T14:59:57.117153805Z 2026-05-16T14:59:57.117093Z  INFO iox_query::query_log: query when="permit" id=f40eb9b8-53a6-4166-83e4-ad2c5cf76607 namespace_id=0 namespace_name="influxdb3 oss" query_type="sql" query_text=-- High-cardinality predicate: per-host extremes across a 4-week window.
querier-1  | 2026-05-16T14:59:57.117154847Z -- Benchmarks the per-file pruning path. Compaction should improve this
querier-1  | 2026-05-16T14:59:57.117155639Z -- materially when many gen1 files cover overlapping host sets.
querier-1  | 2026-05-16T14:59:57.117156347Z SELECT host, MAX(pressure) AS max_p, MIN(pressure) AS min_p
querier-1  | 2026-05-16T14:59:57.117157097Z FROM sensors
querier-1  | 2026-05-16T14:59:57.117157764Z WHERE time > now() - INTERVAL '4 weeks'
querier-1  | 2026-05-16T14:59:57.117158472Z GROUP BY host
querier-1  | 2026-05-16T14:59:57.117159139Z ORDER BY max_p DESC
querier-1  | 2026-05-16T14:59:57.117159847Z LIMIT 50 query_params=Params { } issue_time=2026-05-16T14:59:57.115360097+00:00 partitions=1 parquet_files=1 deduplicated_partitions=0 deduplicated_parquet_files=0 plan_duration_secs=0.001715333 permit_duration_secs=1.7875e-5 success=false running=true cancelled=false
querier-1  | 2026-05-16T14:59:57.117363514Z 2026-05-16T14:59:57.117304Z  INFO iox_query::query_log: query when="success" id=f40eb9b8-53a6-4166-83e4-ad2c5cf76607 namespace_id=0 namespace_name="influxdb3 oss" query_type="sql" query_text=-- High-cardinality predicate: per-host extremes across a 4-week window.
querier-1  | 2026-05-16T14:59:57.117366514Z -- Benchmarks the per-file pruning path. Compaction should improve this
querier-1  | 2026-05-16T14:59:57.117367264Z -- materially when many gen1 files cover overlapping host sets.
querier-1  | 2026-05-16T14:59:57.117367930Z SELECT host, MAX(pressure) AS max_p, MIN(pressure) AS min_p
querier-1  | 2026-05-16T14:59:57.117368597Z FROM sensors
querier-1  | 2026-05-16T14:59:57.117369180Z WHERE time > now() - INTERVAL '4 weeks'
querier-1  | 2026-05-16T14:59:57.117373097Z GROUP BY host
querier-1  | 2026-05-16T14:59:57.117373805Z ORDER BY max_p DESC
querier-1  | 2026-05-16T14:59:57.117374555Z LIMIT 50 query_params=Params { } issue_time=2026-05-16T14:59:57.115360097+00:00 partitions=1 parquet_files=1 deduplicated_partitions=0 deduplicated_parquet_files=0 plan_duration_secs=0.001715333 permit_duration_secs=1.7875e-5 execute_duration_secs=0.000181084 end2end_duration_secs=0.00194225 compute_duration_secs=0.000108915 max_memory=0 ingester_metrics.latency_to_plan_secs=0.0 ingester_metrics.latency_to_full_data_secs=0.0 ingester_metrics.response_rows=0 ingester_metrics.partition_count=0 ingester_metrics.response_size=0 success=true running=false cancelled=false
querier-1  | 2026-05-16T14:59:57.147065097Z 2026-05-16T14:59:57.147004Z  INFO influxdb3_server::http: handling query_sql database=bench query_str=-- High-cardinality predicate: per-host extremes across a 4-week window.
querier-1  | 2026-05-16T14:59:57.147073889Z -- Benchmarks the per-file pruning path. Compaction should improve this
querier-1  | 2026-05-16T14:59:57.147074847Z -- materially when many gen1 files cover overlapping host sets.
querier-1  | 2026-05-16T14:59:57.147075514Z SELECT host, MAX(pressure) AS max_p, MIN(pressure) AS min_p
querier-1  | 2026-05-16T14:59:57.147076097Z FROM sensors
querier-1  | 2026-05-16T14:59:57.147076680Z WHERE time > now() - INTERVAL '4 weeks'
querier-1  | 2026-05-16T14:59:57.147077389Z GROUP BY host
querier-1  | 2026-05-16T14:59:57.147077972Z ORDER BY max_p DESC
querier-1  | 2026-05-16T14:59:57.147078514Z LIMIT 50 format=Csv
querier-1  | 2026-05-16T14:59:57.147079097Z 2026-05-16T14:59:57.147019Z  INFO influxdb3_server::query_executor: executing sql query database=bench query=-- High-cardinality predicate: per-host extremes across a 4-week window.
querier-1  | 2026-05-16T14:59:57.147079764Z -- Benchmarks the per-file pruning path. Compaction should improve this
querier-1  | 2026-05-16T14:59:57.147080347Z -- materially when many gen1 files cover overlapping host sets.
querier-1  | 2026-05-16T14:59:57.147080889Z SELECT host, MAX(pressure) AS max_p, MIN(pressure) AS min_p
querier-1  | 2026-05-16T14:59:57.147081472Z FROM sensors
querier-1  | 2026-05-16T14:59:57.147082014Z WHERE time > now() - INTERVAL '4 weeks'
querier-1  | 2026-05-16T14:59:57.147082722Z GROUP BY host
querier-1  | 2026-05-16T14:59:57.147083222Z ORDER BY max_p DESC
querier-1  | 2026-05-16T14:59:57.147083764Z LIMIT 50 params=None
querier-1  | 2026-05-16T14:59:57.147084305Z 2026-05-16T14:59:57.147041Z  INFO iox_query::query_log: query when="received" id=3f857570-ab98-421e-94b0-19710300a2b2 namespace_id=0 namespace_name="influxdb3 oss" query_type="sql" query_text=-- High-cardinality predicate: per-host extremes across a 4-week window.
querier-1  | 2026-05-16T14:59:57.147085305Z -- Benchmarks the per-file pruning path. Compaction should improve this
querier-1  | 2026-05-16T14:59:57.147085889Z -- materially when many gen1 files cover overlapping host sets.
querier-1  | 2026-05-16T14:59:57.147086430Z SELECT host, MAX(pressure) AS max_p, MIN(pressure) AS min_p
querier-1  | 2026-05-16T14:59:57.147087097Z FROM sensors
querier-1  | 2026-05-16T14:59:57.147087639Z WHERE time > now() - INTERVAL '4 weeks'
querier-1  | 2026-05-16T14:59:57.147088180Z GROUP BY host
querier-1  | 2026-05-16T14:59:57.147094847Z ORDER BY max_p DESC
querier-1  | 2026-05-16T14:59:57.147095472Z LIMIT 50 query_params=Params { } issue_time=2026-05-16T14:59:57.147039764+00:00 success=false running=true cancelled=false
querier-1  | 2026-05-16T14:59:57.148855514Z 2026-05-16T14:59:57.148798Z  INFO iox_query::query_log: query when="planned" id=3f857570-ab98-421e-94b0-19710300a2b2 namespace_id=0 namespace_name="influxdb3 oss" query_type="sql" query_text=-- High-cardinality predicate: per-host extremes across a 4-week window.
querier-1  | 2026-05-16T14:59:57.148864514Z -- Benchmarks the per-file pruning path. Compaction should improve this
querier-1  | 2026-05-16T14:59:57.148866139Z -- materially when many gen1 files cover overlapping host sets.
querier-1  | 2026-05-16T14:59:57.148867180Z SELECT host, MAX(pressure) AS max_p, MIN(pressure) AS min_p
querier-1  | 2026-05-16T14:59:57.148868055Z FROM sensors
querier-1  | 2026-05-16T14:59:57.148868805Z WHERE time > now() - INTERVAL '4 weeks'
querier-1  | 2026-05-16T14:59:57.148869680Z GROUP BY host
querier-1  | 2026-05-16T14:59:57.148870555Z ORDER BY max_p DESC
querier-1  | 2026-05-16T14:59:57.148871305Z LIMIT 50 query_params=Params { } issue_time=2026-05-16T14:59:57.147039764+00:00 partitions=1 parquet_files=1 deduplicated_partitions=0 deduplicated_parquet_files=0 plan_duration_secs=0.001754625 success=false running=true cancelled=false
querier-1  | 2026-05-16T14:59:57.148872305Z 2026-05-16T14:59:57.148809Z  INFO iox_query::query_log: query when="permit" id=3f857570-ab98-421e-94b0-19710300a2b2 namespace_id=0 namespace_name="influxdb3 oss" query_type="sql" query_text=-- High-cardinality predicate: per-host extremes across a 4-week window.
querier-1  | 2026-05-16T14:59:57.148873430Z -- Benchmarks the per-file pruning path. Compaction should improve this
querier-1  | 2026-05-16T14:59:57.148874222Z -- materially when many gen1 files cover overlapping host sets.
querier-1  | 2026-05-16T14:59:57.148874930Z SELECT host, MAX(pressure) AS max_p, MIN(pressure) AS min_p
querier-1  | 2026-05-16T14:59:57.148875639Z FROM sensors
querier-1  | 2026-05-16T14:59:57.148876305Z WHERE time > now() - INTERVAL '4 weeks'
querier-1  | 2026-05-16T14:59:57.148877014Z GROUP BY host
querier-1  | 2026-05-16T14:59:57.148877680Z ORDER BY max_p DESC
querier-1  | 2026-05-16T14:59:57.148878347Z LIMIT 50 query_params=Params { } issue_time=2026-05-16T14:59:57.147039764+00:00 partitions=1 parquet_files=1 deduplicated_partitions=0 deduplicated_parquet_files=0 plan_duration_secs=0.001754625 permit_duration_secs=1.5083e-5 success=false running=true cancelled=false
querier-1  | 2026-05-16T14:59:57.149051305Z 2026-05-16T14:59:57.148995Z  INFO iox_query::query_log: query when="success" id=3f857570-ab98-421e-94b0-19710300a2b2 namespace_id=0 namespace_name="influxdb3 oss" query_type="sql" query_text=-- High-cardinality predicate: per-host extremes across a 4-week window.
querier-1  | 2026-05-16T14:59:57.149054680Z -- Benchmarks the per-file pruning path. Compaction should improve this
querier-1  | 2026-05-16T14:59:57.149055597Z -- materially when many gen1 files cover overlapping host sets.
querier-1  | 2026-05-16T14:59:57.149056389Z SELECT host, MAX(pressure) AS max_p, MIN(pressure) AS min_p
querier-1  | 2026-05-16T14:59:57.149057139Z FROM sensors
querier-1  | 2026-05-16T14:59:57.149057805Z WHERE time > now() - INTERVAL '4 weeks'
querier-1  | 2026-05-16T14:59:57.149062597Z GROUP BY host
querier-1  | 2026-05-16T14:59:57.149063430Z ORDER BY max_p DESC
querier-1  | 2026-05-16T14:59:57.149064222Z LIMIT 50 query_params=Params { } issue_time=2026-05-16T14:59:57.147039764+00:00 partitions=1 parquet_files=1 deduplicated_partitions=0 deduplicated_parquet_files=0 plan_duration_secs=0.001754625 permit_duration_secs=1.5083e-5 execute_duration_secs=0.00016275 end2end_duration_secs=0.001954125 compute_duration_secs=0.0001035 max_memory=0 ingester_metrics.latency_to_plan_secs=0.0 ingester_metrics.latency_to_full_data_secs=0.0 ingester_metrics.response_rows=0 ingester_metrics.partition_count=0 ingester_metrics.response_size=0 success=true running=false cancelled=false
querier-1  | 2026-05-16T14:59:57.179847139Z 2026-05-16T14:59:57.179783Z  INFO influxdb3_server::http: handling query_sql database=bench query_str=-- High-cardinality predicate: per-host extremes across a 4-week window.
querier-1  | 2026-05-16T14:59:57.179853722Z -- Benchmarks the per-file pruning path. Compaction should improve this
querier-1  | 2026-05-16T14:59:57.179854430Z -- materially when many gen1 files cover overlapping host sets.
querier-1  | 2026-05-16T14:59:57.179855097Z SELECT host, MAX(pressure) AS max_p, MIN(pressure) AS min_p
querier-1  | 2026-05-16T14:59:57.179855847Z FROM sensors
querier-1  | 2026-05-16T14:59:57.179856430Z WHERE time > now() - INTERVAL '4 weeks'
querier-1  | 2026-05-16T14:59:57.179857055Z GROUP BY host
querier-1  | 2026-05-16T14:59:57.179857639Z ORDER BY max_p DESC
querier-1  | 2026-05-16T14:59:57.179858222Z LIMIT 50 format=Csv
querier-1  | 2026-05-16T14:59:57.179858805Z 2026-05-16T14:59:57.179799Z  INFO influxdb3_server::query_executor: executing sql query database=bench query=-- High-cardinality predicate: per-host extremes across a 4-week window.
querier-1  | 2026-05-16T14:59:57.179859514Z -- Benchmarks the per-file pruning path. Compaction should improve this
querier-1  | 2026-05-16T14:59:57.179860097Z -- materially when many gen1 files cover overlapping host sets.
querier-1  | 2026-05-16T14:59:57.179860847Z SELECT host, MAX(pressure) AS max_p, MIN(pressure) AS min_p
querier-1  | 2026-05-16T14:59:57.179861472Z FROM sensors
querier-1  | 2026-05-16T14:59:57.179862014Z WHERE time > now() - INTERVAL '4 weeks'
querier-1  | 2026-05-16T14:59:57.179862597Z GROUP BY host
querier-1  | 2026-05-16T14:59:57.179863097Z ORDER BY max_p DESC
querier-1  | 2026-05-16T14:59:57.179863639Z LIMIT 50 params=None
querier-1  | 2026-05-16T14:59:57.179864222Z 2026-05-16T14:59:57.179819Z  INFO iox_query::query_log: query when="received" id=29528d7a-8e52-422b-902a-9040966cd426 namespace_id=0 namespace_name="influxdb3 oss" query_type="sql" query_text=-- High-cardinality predicate: per-host extremes across a 4-week window.
querier-1  | 2026-05-16T14:59:57.179865055Z -- Benchmarks the per-file pruning path. Compaction should improve this
querier-1  | 2026-05-16T14:59:57.179865639Z -- materially when many gen1 files cover overlapping host sets.
querier-1  | 2026-05-16T14:59:57.179866222Z SELECT host, MAX(pressure) AS max_p, MIN(pressure) AS min_p
querier-1  | 2026-05-16T14:59:57.179866764Z FROM sensors
querier-1  | 2026-05-16T14:59:57.179867305Z WHERE time > now() - INTERVAL '4 weeks'
querier-1  | 2026-05-16T14:59:57.179867847Z GROUP BY host
querier-1  | 2026-05-16T14:59:57.179875305Z ORDER BY max_p DESC
querier-1  | 2026-05-16T14:59:57.179875930Z LIMIT 50 query_params=Params { } issue_time=2026-05-16T14:59:57.179818555+00:00 success=false running=true cancelled=false
querier-1  | 2026-05-16T14:59:57.181536389Z 2026-05-16T14:59:57.181471Z  INFO iox_query::query_log: query when="planned" id=29528d7a-8e52-422b-902a-9040966cd426 namespace_id=0 namespace_name="influxdb3 oss" query_type="sql" query_text=-- High-cardinality predicate: per-host extremes across a 4-week window.
querier-1  | 2026-05-16T14:59:57.181545930Z -- Benchmarks the per-file pruning path. Compaction should improve this
querier-1  | 2026-05-16T14:59:57.181547430Z -- materially when many gen1 files cover overlapping host sets.
querier-1  | 2026-05-16T14:59:57.181548264Z SELECT host, MAX(pressure) AS max_p, MIN(pressure) AS min_p
querier-1  | 2026-05-16T14:59:57.181549180Z FROM sensors
querier-1  | 2026-05-16T14:59:57.181549972Z WHERE time > now() - INTERVAL '4 weeks'
querier-1  | 2026-05-16T14:59:57.181550847Z GROUP BY host
querier-1  | 2026-05-16T14:59:57.181551555Z ORDER BY max_p DESC
querier-1  | 2026-05-16T14:59:57.181552347Z LIMIT 50 query_params=Params { } issue_time=2026-05-16T14:59:57.179818555+00:00 partitions=1 parquet_files=1 deduplicated_partitions=0 deduplicated_parquet_files=0 plan_duration_secs=0.001648917 success=false running=true cancelled=false
querier-1  | 2026-05-16T14:59:57.181553389Z 2026-05-16T14:59:57.181480Z  INFO iox_query::query_log: query when="permit" id=29528d7a-8e52-422b-902a-9040966cd426 namespace_id=0 namespace_name="influxdb3 oss" query_type="sql" query_text=-- High-cardinality predicate: per-host extremes across a 4-week window.
querier-1  | 2026-05-16T14:59:57.181554555Z -- Benchmarks the per-file pruning path. Compaction should improve this
querier-1  | 2026-05-16T14:59:57.181555305Z -- materially when many gen1 files cover overlapping host sets.
querier-1  | 2026-05-16T14:59:57.181556055Z SELECT host, MAX(pressure) AS max_p, MIN(pressure) AS min_p
querier-1  | 2026-05-16T14:59:57.181556805Z FROM sensors
querier-1  | 2026-05-16T14:59:57.181557514Z WHERE time > now() - INTERVAL '4 weeks'
querier-1  | 2026-05-16T14:59:57.181558222Z GROUP BY host
querier-1  | 2026-05-16T14:59:57.181558930Z ORDER BY max_p DESC
querier-1  | 2026-05-16T14:59:57.181559639Z LIMIT 50 query_params=Params { } issue_time=2026-05-16T14:59:57.179818555+00:00 partitions=1 parquet_files=1 deduplicated_partitions=0 deduplicated_parquet_files=0 plan_duration_secs=0.001648917 permit_duration_secs=1.2958e-5 success=false running=true cancelled=false
querier-1  | 2026-05-16T14:59:57.181777180Z 2026-05-16T14:59:57.181722Z  INFO iox_query::query_log: query when="success" id=29528d7a-8e52-422b-902a-9040966cd426 namespace_id=0 namespace_name="influxdb3 oss" query_type="sql" query_text=-- High-cardinality predicate: per-host extremes across a 4-week window.
querier-1  | 2026-05-16T14:59:57.181780639Z -- Benchmarks the per-file pruning path. Compaction should improve this
querier-1  | 2026-05-16T14:59:57.181781514Z -- materially when many gen1 files cover overlapping host sets.
querier-1  | 2026-05-16T14:59:57.181782264Z SELECT host, MAX(pressure) AS max_p, MIN(pressure) AS min_p
querier-1  | 2026-05-16T14:59:57.181783014Z FROM sensors
querier-1  | 2026-05-16T14:59:57.181783680Z WHERE time > now() - INTERVAL '4 weeks'
querier-1  | 2026-05-16T14:59:57.181787597Z GROUP BY host
querier-1  | 2026-05-16T14:59:57.181788722Z ORDER BY max_p DESC
querier-1  | 2026-05-16T14:59:57.181789389Z LIMIT 50 query_params=Params { } issue_time=2026-05-16T14:59:57.179818555+00:00 partitions=1 parquet_files=1 deduplicated_partitions=0 deduplicated_parquet_files=0 plan_duration_secs=0.001648917 permit_duration_secs=1.2958e-5 execute_duration_secs=0.000211792 end2end_duration_secs=0.001902584 compute_duration_secs=9.0667e-5 max_memory=0 ingester_metrics.latency_to_plan_secs=0.0 ingester_metrics.latency_to_full_data_secs=0.0 ingester_metrics.response_rows=0 ingester_metrics.partition_count=0 ingester_metrics.response_size=0 success=true running=false cancelled=false
querier-1  | 2026-05-16T14:59:57.211312430Z 2026-05-16T14:59:57.211250Z  INFO influxdb3_server::http: handling query_sql database=bench query_str=-- High-cardinality predicate: per-host extremes across a 4-week window.
querier-1  | 2026-05-16T14:59:57.211319347Z -- Benchmarks the per-file pruning path. Compaction should improve this
querier-1  | 2026-05-16T14:59:57.211320180Z -- materially when many gen1 files cover overlapping host sets.
querier-1  | 2026-05-16T14:59:57.211320764Z SELECT host, MAX(pressure) AS max_p, MIN(pressure) AS min_p
querier-1  | 2026-05-16T14:59:57.211321430Z FROM sensors
querier-1  | 2026-05-16T14:59:57.211321972Z WHERE time > now() - INTERVAL '4 weeks'
querier-1  | 2026-05-16T14:59:57.211322722Z GROUP BY host
querier-1  | 2026-05-16T14:59:57.211323264Z ORDER BY max_p DESC
querier-1  | 2026-05-16T14:59:57.211323805Z LIMIT 50 format=Csv
querier-1  | 2026-05-16T14:59:57.211324389Z 2026-05-16T14:59:57.211269Z  INFO influxdb3_server::query_executor: executing sql query database=bench query=-- High-cardinality predicate: per-host extremes across a 4-week window.
querier-1  | 2026-05-16T14:59:57.211325055Z -- Benchmarks the per-file pruning path. Compaction should improve this
querier-1  | 2026-05-16T14:59:57.211325639Z -- materially when many gen1 files cover overlapping host sets.
querier-1  | 2026-05-16T14:59:57.211326222Z SELECT host, MAX(pressure) AS max_p, MIN(pressure) AS min_p
querier-1  | 2026-05-16T14:59:57.211326805Z FROM sensors
querier-1  | 2026-05-16T14:59:57.211327347Z WHERE time > now() - INTERVAL '4 weeks'
querier-1  | 2026-05-16T14:59:57.211327930Z GROUP BY host
querier-1  | 2026-05-16T14:59:57.211328472Z ORDER BY max_p DESC
querier-1  | 2026-05-16T14:59:57.211328972Z LIMIT 50 params=None
querier-1  | 2026-05-16T14:59:57.211329555Z 2026-05-16T14:59:57.211291Z  INFO iox_query::query_log: query when="received" id=d29bd501-7c3f-4b96-9e85-89d4e4814649 namespace_id=0 namespace_name="influxdb3 oss" query_type="sql" query_text=-- High-cardinality predicate: per-host extremes across a 4-week window.
querier-1  | 2026-05-16T14:59:57.211330430Z -- Benchmarks the per-file pruning path. Compaction should improve this
querier-1  | 2026-05-16T14:59:57.211331014Z -- materially when many gen1 files cover overlapping host sets.
querier-1  | 2026-05-16T14:59:57.211331597Z SELECT host, MAX(pressure) AS max_p, MIN(pressure) AS min_p
querier-1  | 2026-05-16T14:59:57.211332139Z FROM sensors
querier-1  | 2026-05-16T14:59:57.211332680Z WHERE time > now() - INTERVAL '4 weeks'
querier-1  | 2026-05-16T14:59:57.211333264Z GROUP BY host
querier-1  | 2026-05-16T14:59:57.211364305Z ORDER BY max_p DESC
querier-1  | 2026-05-16T14:59:57.211364889Z LIMIT 50 query_params=Params { } issue_time=2026-05-16T14:59:57.211289930+00:00 success=false running=true cancelled=false
querier-1  | 2026-05-16T14:59:57.213094430Z 2026-05-16T14:59:57.213027Z  INFO iox_query::query_log: query when="planned" id=d29bd501-7c3f-4b96-9e85-89d4e4814649 namespace_id=0 namespace_name="influxdb3 oss" query_type="sql" query_text=-- High-cardinality predicate: per-host extremes across a 4-week window.
querier-1  | 2026-05-16T14:59:57.213101764Z -- Benchmarks the per-file pruning path. Compaction should improve this
querier-1  | 2026-05-16T14:59:57.213103055Z -- materially when many gen1 files cover overlapping host sets.
querier-1  | 2026-05-16T14:59:57.213103930Z SELECT host, MAX(pressure) AS max_p, MIN(pressure) AS min_p
querier-1  | 2026-05-16T14:59:57.213104764Z FROM sensors
querier-1  | 2026-05-16T14:59:57.213105472Z WHERE time > now() - INTERVAL '4 weeks'
querier-1  | 2026-05-16T14:59:57.213106264Z GROUP BY host
querier-1  | 2026-05-16T14:59:57.213107014Z ORDER BY max_p DESC
querier-1  | 2026-05-16T14:59:57.213107805Z LIMIT 50 query_params=Params { } issue_time=2026-05-16T14:59:57.211289930+00:00 partitions=1 parquet_files=1 deduplicated_partitions=0 deduplicated_parquet_files=0 plan_duration_secs=0.001732667 success=false running=true cancelled=false
querier-1  | 2026-05-16T14:59:57.213108889Z 2026-05-16T14:59:57.213040Z  INFO iox_query::query_log: query when="permit" id=d29bd501-7c3f-4b96-9e85-89d4e4814649 namespace_id=0 namespace_name="influxdb3 oss" query_type="sql" query_text=-- High-cardinality predicate: per-host extremes across a 4-week window.
querier-1  | 2026-05-16T14:59:57.213109972Z -- Benchmarks the per-file pruning path. Compaction should improve this
querier-1  | 2026-05-16T14:59:57.213110764Z -- materially when many gen1 files cover overlapping host sets.
querier-1  | 2026-05-16T14:59:57.213111472Z SELECT host, MAX(pressure) AS max_p, MIN(pressure) AS min_p
querier-1  | 2026-05-16T14:59:57.213112222Z FROM sensors
querier-1  | 2026-05-16T14:59:57.213112889Z WHERE time > now() - INTERVAL '4 weeks'
querier-1  | 2026-05-16T14:59:57.213113597Z GROUP BY host
querier-1  | 2026-05-16T14:59:57.213114264Z ORDER BY max_p DESC
querier-1  | 2026-05-16T14:59:57.213114972Z LIMIT 50 query_params=Params { } issue_time=2026-05-16T14:59:57.211289930+00:00 partitions=1 parquet_files=1 deduplicated_partitions=0 deduplicated_parquet_files=0 plan_duration_secs=0.001732667 permit_duration_secs=1.75e-5 success=false running=true cancelled=false
querier-1  | 2026-05-16T14:59:57.213345972Z 2026-05-16T14:59:57.213287Z  INFO iox_query::query_log: query when="success" id=d29bd501-7c3f-4b96-9e85-89d4e4814649 namespace_id=0 namespace_name="influxdb3 oss" query_type="sql" query_text=-- High-cardinality predicate: per-host extremes across a 4-week window.
querier-1  | 2026-05-16T14:59:57.213349722Z -- Benchmarks the per-file pruning path. Compaction should improve this
querier-1  | 2026-05-16T14:59:57.213350639Z -- materially when many gen1 files cover overlapping host sets.
querier-1  | 2026-05-16T14:59:57.213351389Z SELECT host, MAX(pressure) AS max_p, MIN(pressure) AS min_p
querier-1  | 2026-05-16T14:59:57.213352097Z FROM sensors
querier-1  | 2026-05-16T14:59:57.213352847Z WHERE time > now() - INTERVAL '4 weeks'
querier-1  | 2026-05-16T14:59:57.213370097Z GROUP BY host
querier-1  | 2026-05-16T14:59:57.213370805Z ORDER BY max_p DESC
querier-1  | 2026-05-16T14:59:57.213372097Z LIMIT 50 query_params=Params { } issue_time=2026-05-16T14:59:57.211289930+00:00 partitions=1 parquet_files=1 deduplicated_partitions=0 deduplicated_parquet_files=0 plan_duration_secs=0.001732667 permit_duration_secs=1.75e-5 execute_duration_secs=0.000213083 end2end_duration_secs=0.001996959 compute_duration_secs=9.7793e-5 max_memory=0 ingester_metrics.latency_to_plan_secs=0.0 ingester_metrics.latency_to_full_data_secs=0.0 ingester_metrics.response_rows=0 ingester_metrics.partition_count=0 ingester_metrics.response_size=0 success=true running=false cancelled=false
querier-1  | 2026-05-16T14:59:57.242178014Z 2026-05-16T14:59:57.242115Z  INFO influxdb3_server::http: handling query_sql database=bench query_str=-- High-cardinality predicate: per-host extremes across a 4-week window.
querier-1  | 2026-05-16T14:59:57.242186597Z -- Benchmarks the per-file pruning path. Compaction should improve this
querier-1  | 2026-05-16T14:59:57.242187597Z -- materially when many gen1 files cover overlapping host sets.
querier-1  | 2026-05-16T14:59:57.242188639Z SELECT host, MAX(pressure) AS max_p, MIN(pressure) AS min_p
querier-1  | 2026-05-16T14:59:57.242189389Z FROM sensors
querier-1  | 2026-05-16T14:59:57.242190139Z WHERE time > now() - INTERVAL '4 weeks'
querier-1  | 2026-05-16T14:59:57.242191055Z GROUP BY host
querier-1  | 2026-05-16T14:59:57.242191764Z ORDER BY max_p DESC
querier-1  | 2026-05-16T14:59:57.242192472Z LIMIT 50 format=Csv
querier-1  | 2026-05-16T14:59:57.242193222Z 2026-05-16T14:59:57.242132Z  INFO influxdb3_server::query_executor: executing sql query database=bench query=-- High-cardinality predicate: per-host extremes across a 4-week window.
querier-1  | 2026-05-16T14:59:57.242194097Z -- Benchmarks the per-file pruning path. Compaction should improve this
querier-1  | 2026-05-16T14:59:57.242194805Z -- materially when many gen1 files cover overlapping host sets.
querier-1  | 2026-05-16T14:59:57.242195514Z SELECT host, MAX(pressure) AS max_p, MIN(pressure) AS min_p
querier-1  | 2026-05-16T14:59:57.242196264Z FROM sensors
querier-1  | 2026-05-16T14:59:57.242196972Z WHERE time > now() - INTERVAL '4 weeks'
querier-1  | 2026-05-16T14:59:57.242197639Z GROUP BY host
querier-1  | 2026-05-16T14:59:57.242198389Z ORDER BY max_p DESC
querier-1  | 2026-05-16T14:59:57.242198972Z LIMIT 50 params=None
querier-1  | 2026-05-16T14:59:57.242199639Z 2026-05-16T14:59:57.242153Z  INFO iox_query::query_log: query when="received" id=af21174c-3ca8-41d4-86c1-3b1963678e80 namespace_id=0 namespace_name="influxdb3 oss" query_type="sql" query_text=-- High-cardinality predicate: per-host extremes across a 4-week window.
querier-1  | 2026-05-16T14:59:57.242200639Z -- Benchmarks the per-file pruning path. Compaction should improve this
querier-1  | 2026-05-16T14:59:57.242201180Z -- materially when many gen1 files cover overlapping host sets.
querier-1  | 2026-05-16T14:59:57.242201722Z SELECT host, MAX(pressure) AS max_p, MIN(pressure) AS min_p
querier-1  | 2026-05-16T14:59:57.242202264Z FROM sensors
querier-1  | 2026-05-16T14:59:57.242202764Z WHERE time > now() - INTERVAL '4 weeks'
querier-1  | 2026-05-16T14:59:57.242203264Z GROUP BY host
querier-1  | 2026-05-16T14:59:57.242209889Z ORDER BY max_p DESC
querier-1  | 2026-05-16T14:59:57.242210430Z LIMIT 50 query_params=Params { } issue_time=2026-05-16T14:59:57.242152264+00:00 success=false running=true cancelled=false
querier-1  | 2026-05-16T14:59:57.243849972Z 2026-05-16T14:59:57.243789Z  INFO iox_query::query_log: query when="planned" id=af21174c-3ca8-41d4-86c1-3b1963678e80 namespace_id=0 namespace_name="influxdb3 oss" query_type="sql" query_text=-- High-cardinality predicate: per-host extremes across a 4-week window.
querier-1  | 2026-05-16T14:59:57.243854555Z -- Benchmarks the per-file pruning path. Compaction should improve this
querier-1  | 2026-05-16T14:59:57.243855305Z -- materially when many gen1 files cover overlapping host sets.
querier-1  | 2026-05-16T14:59:57.243856014Z SELECT host, MAX(pressure) AS max_p, MIN(pressure) AS min_p
querier-1  | 2026-05-16T14:59:57.243856639Z FROM sensors
querier-1  | 2026-05-16T14:59:57.243857180Z WHERE time > now() - INTERVAL '4 weeks'
querier-1  | 2026-05-16T14:59:57.243857805Z GROUP BY host
querier-1  | 2026-05-16T14:59:57.243858430Z ORDER BY max_p DESC
querier-1  | 2026-05-16T14:59:57.243859055Z LIMIT 50 query_params=Params { } issue_time=2026-05-16T14:59:57.242152264+00:00 partitions=1 parquet_files=1 deduplicated_partitions=0 deduplicated_parquet_files=0 plan_duration_secs=0.00163325 success=false running=true cancelled=false
querier-1  | 2026-05-16T14:59:57.243859847Z 2026-05-16T14:59:57.243801Z  INFO iox_query::query_log: query when="permit" id=af21174c-3ca8-41d4-86c1-3b1963678e80 namespace_id=0 namespace_name="influxdb3 oss" query_type="sql" query_text=-- High-cardinality predicate: per-host extremes across a 4-week window.
querier-1  | 2026-05-16T14:59:57.243860680Z -- Benchmarks the per-file pruning path. Compaction should improve this
querier-1  | 2026-05-16T14:59:57.243861305Z -- materially when many gen1 files cover overlapping host sets.
querier-1  | 2026-05-16T14:59:57.243861889Z SELECT host, MAX(pressure) AS max_p, MIN(pressure) AS min_p
querier-1  | 2026-05-16T14:59:57.243862514Z FROM sensors
querier-1  | 2026-05-16T14:59:57.243863055Z WHERE time > now() - INTERVAL '4 weeks'
querier-1  | 2026-05-16T14:59:57.243863639Z GROUP BY host
querier-1  | 2026-05-16T14:59:57.243864180Z ORDER BY max_p DESC
querier-1  | 2026-05-16T14:59:57.243864764Z LIMIT 50 query_params=Params { } issue_time=2026-05-16T14:59:57.242152264+00:00 partitions=1 parquet_files=1 deduplicated_partitions=0 deduplicated_parquet_files=0 plan_duration_secs=0.00163325 permit_duration_secs=1.5666e-5 success=false running=true cancelled=false
querier-1  | 2026-05-16T14:59:57.244081764Z 2026-05-16T14:59:57.244028Z  INFO iox_query::query_log: query when="success" id=af21174c-3ca8-41d4-86c1-3b1963678e80 namespace_id=0 namespace_name="influxdb3 oss" query_type="sql" query_text=-- High-cardinality predicate: per-host extremes across a 4-week window.
querier-1  | 2026-05-16T14:59:57.244085180Z -- Benchmarks the per-file pruning path. Compaction should improve this
querier-1  | 2026-05-16T14:59:57.244086055Z -- materially when many gen1 files cover overlapping host sets.
querier-1  | 2026-05-16T14:59:57.244086847Z SELECT host, MAX(pressure) AS max_p, MIN(pressure) AS min_p
querier-1  | 2026-05-16T14:59:57.244087597Z FROM sensors
querier-1  | 2026-05-16T14:59:57.244088264Z WHERE time > now() - INTERVAL '4 weeks'
querier-1  | 2026-05-16T14:59:57.244104014Z GROUP BY host
querier-1  | 2026-05-16T14:59:57.244104639Z ORDER BY max_p DESC
querier-1  | 2026-05-16T14:59:57.244105347Z LIMIT 50 query_params=Params { } issue_time=2026-05-16T14:59:57.242152264+00:00 partitions=1 parquet_files=1 deduplicated_partitions=0 deduplicated_parquet_files=0 plan_duration_secs=0.00163325 permit_duration_secs=1.5666e-5 execute_duration_secs=0.000196084 end2end_duration_secs=0.001875041 compute_duration_secs=9.3126e-5 max_memory=0 ingester_metrics.latency_to_plan_secs=0.0 ingester_metrics.latency_to_full_data_secs=0.0 ingester_metrics.response_rows=0 ingester_metrics.partition_count=0 ingester_metrics.response_size=0 success=true running=false cancelled=false
querier-1  | 2026-05-16T14:59:57.273326097Z 2026-05-16T14:59:57.273262Z  INFO influxdb3_server::http: handling query_sql database=bench query_str=-- High-cardinality predicate: per-host extremes across a 4-week window.
querier-1  | 2026-05-16T14:59:57.273333555Z -- Benchmarks the per-file pruning path. Compaction should improve this
querier-1  | 2026-05-16T14:59:57.273334347Z -- materially when many gen1 files cover overlapping host sets.
querier-1  | 2026-05-16T14:59:57.273334972Z SELECT host, MAX(pressure) AS max_p, MIN(pressure) AS min_p
querier-1  | 2026-05-16T14:59:57.273335555Z FROM sensors
querier-1  | 2026-05-16T14:59:57.273336097Z WHERE time > now() - INTERVAL '4 weeks'
querier-1  | 2026-05-16T14:59:57.273336805Z GROUP BY host
querier-1  | 2026-05-16T14:59:57.273337347Z ORDER BY max_p DESC
querier-1  | 2026-05-16T14:59:57.273337889Z LIMIT 50 format=Csv
querier-1  | 2026-05-16T14:59:57.273338430Z 2026-05-16T14:59:57.273283Z  INFO influxdb3_server::query_executor: executing sql query database=bench query=-- High-cardinality predicate: per-host extremes across a 4-week window.
querier-1  | 2026-05-16T14:59:57.273339180Z -- Benchmarks the per-file pruning path. Compaction should improve this
querier-1  | 2026-05-16T14:59:57.273339764Z -- materially when many gen1 files cover overlapping host sets.
querier-1  | 2026-05-16T14:59:57.273340305Z SELECT host, MAX(pressure) AS max_p, MIN(pressure) AS min_p
querier-1  | 2026-05-16T14:59:57.273340847Z FROM sensors
querier-1  | 2026-05-16T14:59:57.273341389Z WHERE time > now() - INTERVAL '4 weeks'
querier-1  | 2026-05-16T14:59:57.273341930Z GROUP BY host
querier-1  | 2026-05-16T14:59:57.273342472Z ORDER BY max_p DESC
querier-1  | 2026-05-16T14:59:57.273343014Z LIMIT 50 params=None
querier-1  | 2026-05-16T14:59:57.273343597Z 2026-05-16T14:59:57.273304Z  INFO iox_query::query_log: query when="received" id=2ee68248-b888-47fd-a7bf-6486437b936b namespace_id=0 namespace_name="influxdb3 oss" query_type="sql" query_text=-- High-cardinality predicate: per-host extremes across a 4-week window.
querier-1  | 2026-05-16T14:59:57.273344472Z -- Benchmarks the per-file pruning path. Compaction should improve this
querier-1  | 2026-05-16T14:59:57.273345055Z -- materially when many gen1 files cover overlapping host sets.
querier-1  | 2026-05-16T14:59:57.273345597Z SELECT host, MAX(pressure) AS max_p, MIN(pressure) AS min_p
querier-1  | 2026-05-16T14:59:57.273346139Z FROM sensors
querier-1  | 2026-05-16T14:59:57.273346639Z WHERE time > now() - INTERVAL '4 weeks'
querier-1  | 2026-05-16T14:59:57.273347180Z GROUP BY host
querier-1  | 2026-05-16T14:59:57.273364639Z ORDER BY max_p DESC
querier-1  | 2026-05-16T14:59:57.273365889Z LIMIT 50 query_params=Params { } issue_time=2026-05-16T14:59:57.273303764+00:00 success=false running=true cancelled=false
querier-1  | 2026-05-16T14:59:57.275001055Z 2026-05-16T14:59:57.274943Z  INFO iox_query::query_log: query when="planned" id=2ee68248-b888-47fd-a7bf-6486437b936b namespace_id=0 namespace_name="influxdb3 oss" query_type="sql" query_text=-- High-cardinality predicate: per-host extremes across a 4-week window.
querier-1  | 2026-05-16T14:59:57.275008639Z -- Benchmarks the per-file pruning path. Compaction should improve this
querier-1  | 2026-05-16T14:59:57.275010055Z -- materially when many gen1 files cover overlapping host sets.
querier-1  | 2026-05-16T14:59:57.275010889Z SELECT host, MAX(pressure) AS max_p, MIN(pressure) AS min_p
querier-1  | 2026-05-16T14:59:57.275011680Z FROM sensors
querier-1  | 2026-05-16T14:59:57.275012389Z WHERE time > now() - INTERVAL '4 weeks'
querier-1  | 2026-05-16T14:59:57.275013264Z GROUP BY host
querier-1  | 2026-05-16T14:59:57.275014014Z ORDER BY max_p DESC
querier-1  | 2026-05-16T14:59:57.275014764Z LIMIT 50 query_params=Params { } issue_time=2026-05-16T14:59:57.273303764+00:00 partitions=1 parquet_files=1 deduplicated_partitions=0 deduplicated_parquet_files=0 plan_duration_secs=0.001635458 success=false running=true cancelled=false
querier-1  | 2026-05-16T14:59:57.275015805Z 2026-05-16T14:59:57.274953Z  INFO iox_query::query_log: query when="permit" id=2ee68248-b888-47fd-a7bf-6486437b936b namespace_id=0 namespace_name="influxdb3 oss" query_type="sql" query_text=-- High-cardinality predicate: per-host extremes across a 4-week window.
querier-1  | 2026-05-16T14:59:57.275016889Z -- Benchmarks the per-file pruning path. Compaction should improve this
querier-1  | 2026-05-16T14:59:57.275017639Z -- materially when many gen1 files cover overlapping host sets.
querier-1  | 2026-05-16T14:59:57.275018347Z SELECT host, MAX(pressure) AS max_p, MIN(pressure) AS min_p
querier-1  | 2026-05-16T14:59:57.275019055Z FROM sensors
querier-1  | 2026-05-16T14:59:57.275019764Z WHERE time > now() - INTERVAL '4 weeks'
querier-1  | 2026-05-16T14:59:57.275020430Z GROUP BY host
querier-1  | 2026-05-16T14:59:57.275021097Z ORDER BY max_p DESC
querier-1  | 2026-05-16T14:59:57.275021805Z LIMIT 50 query_params=Params { } issue_time=2026-05-16T14:59:57.273303764+00:00 partitions=1 parquet_files=1 deduplicated_partitions=0 deduplicated_parquet_files=0 plan_duration_secs=0.001635458 permit_duration_secs=1.425e-5 success=false running=true cancelled=false
querier-1  | 2026-05-16T14:59:57.275259305Z 2026-05-16T14:59:57.275205Z  INFO iox_query::query_log: query when="success" id=2ee68248-b888-47fd-a7bf-6486437b936b namespace_id=0 namespace_name="influxdb3 oss" query_type="sql" query_text=-- High-cardinality predicate: per-host extremes across a 4-week window.
querier-1  | 2026-05-16T14:59:57.275262764Z -- Benchmarks the per-file pruning path. Compaction should improve this
querier-1  | 2026-05-16T14:59:57.275263639Z -- materially when many gen1 files cover overlapping host sets.
querier-1  | 2026-05-16T14:59:57.275264430Z SELECT host, MAX(pressure) AS max_p, MIN(pressure) AS min_p
querier-1  | 2026-05-16T14:59:57.275265180Z FROM sensors
querier-1  | 2026-05-16T14:59:57.275265889Z WHERE time > now() - INTERVAL '4 weeks'
querier-1  | 2026-05-16T14:59:57.275270222Z GROUP BY host
querier-1  | 2026-05-16T14:59:57.275271014Z ORDER BY max_p DESC
querier-1  | 2026-05-16T14:59:57.275271889Z LIMIT 50 query_params=Params { } issue_time=2026-05-16T14:59:57.273303764+00:00 partitions=1 parquet_files=1 deduplicated_partitions=0 deduplicated_parquet_files=0 plan_duration_secs=0.001635458 permit_duration_secs=1.425e-5 execute_duration_secs=0.000221375 end2end_duration_secs=0.001901125 compute_duration_secs=0.000117836 max_memory=0 ingester_metrics.latency_to_plan_secs=0.0 ingester_metrics.latency_to_full_data_secs=0.0 ingester_metrics.response_rows=0 ingester_metrics.partition_count=0 ingester_metrics.response_size=0 success=true running=false cancelled=false
querier-1  | 2026-05-16T14:59:57.303867639Z 2026-05-16T14:59:57.303803Z  INFO influxdb3_server::http: handling query_sql database=bench query_str=-- High-cardinality predicate: per-host extremes across a 4-week window.
querier-1  | 2026-05-16T14:59:57.303874889Z -- Benchmarks the per-file pruning path. Compaction should improve this
querier-1  | 2026-05-16T14:59:57.303875764Z -- materially when many gen1 files cover overlapping host sets.
querier-1  | 2026-05-16T14:59:57.303876555Z SELECT host, MAX(pressure) AS max_p, MIN(pressure) AS min_p
querier-1  | 2026-05-16T14:59:57.303877305Z FROM sensors
querier-1  | 2026-05-16T14:59:57.303877972Z WHERE time > now() - INTERVAL '4 weeks'
querier-1  | 2026-05-16T14:59:57.303878805Z GROUP BY host
querier-1  | 2026-05-16T14:59:57.303879472Z ORDER BY max_p DESC
querier-1  | 2026-05-16T14:59:57.303880139Z LIMIT 50 format=Csv
querier-1  | 2026-05-16T14:59:57.303880805Z 2026-05-16T14:59:57.303822Z  INFO influxdb3_server::query_executor: executing sql query database=bench query=-- High-cardinality predicate: per-host extremes across a 4-week window.
querier-1  | 2026-05-16T14:59:57.303881722Z -- Benchmarks the per-file pruning path. Compaction should improve this
querier-1  | 2026-05-16T14:59:57.303882430Z -- materially when many gen1 files cover overlapping host sets.
querier-1  | 2026-05-16T14:59:57.303883180Z SELECT host, MAX(pressure) AS max_p, MIN(pressure) AS min_p
querier-1  | 2026-05-16T14:59:57.303883847Z FROM sensors
querier-1  | 2026-05-16T14:59:57.303884514Z WHERE time > now() - INTERVAL '4 weeks'
querier-1  | 2026-05-16T14:59:57.303885180Z GROUP BY host
querier-1  | 2026-05-16T14:59:57.303885847Z ORDER BY max_p DESC
querier-1  | 2026-05-16T14:59:57.303886514Z LIMIT 50 params=None
querier-1  | 2026-05-16T14:59:57.303887180Z 2026-05-16T14:59:57.303842Z  INFO iox_query::query_log: query when="received" id=52d23bf7-2dd7-4000-ae4a-4ae5572e70f6 namespace_id=0 namespace_name="influxdb3 oss" query_type="sql" query_text=-- High-cardinality predicate: per-host extremes across a 4-week window.
querier-1  | 2026-05-16T14:59:57.303888139Z -- Benchmarks the per-file pruning path. Compaction should improve this
querier-1  | 2026-05-16T14:59:57.303888722Z -- materially when many gen1 files cover overlapping host sets.
querier-1  | 2026-05-16T14:59:57.303889347Z SELECT host, MAX(pressure) AS max_p, MIN(pressure) AS min_p
querier-1  | 2026-05-16T14:59:57.303890055Z FROM sensors
querier-1  | 2026-05-16T14:59:57.303890597Z WHERE time > now() - INTERVAL '4 weeks'
querier-1  | 2026-05-16T14:59:57.303891097Z GROUP BY host
querier-1  | 2026-05-16T14:59:57.303908222Z ORDER BY max_p DESC
querier-1  | 2026-05-16T14:59:57.303908722Z LIMIT 50 query_params=Params { } issue_time=2026-05-16T14:59:57.303841097+00:00 success=false running=true cancelled=false
querier-1  | 2026-05-16T14:59:57.305597472Z 2026-05-16T14:59:57.305527Z  INFO iox_query::query_log: query when="planned" id=52d23bf7-2dd7-4000-ae4a-4ae5572e70f6 namespace_id=0 namespace_name="influxdb3 oss" query_type="sql" query_text=-- High-cardinality predicate: per-host extremes across a 4-week window.
querier-1  | 2026-05-16T14:59:57.305601597Z -- Benchmarks the per-file pruning path. Compaction should improve this
querier-1  | 2026-05-16T14:59:57.305602389Z -- materially when many gen1 files cover overlapping host sets.
querier-1  | 2026-05-16T14:59:57.305603055Z SELECT host, MAX(pressure) AS max_p, MIN(pressure) AS min_p
querier-1  | 2026-05-16T14:59:57.305603597Z FROM sensors
querier-1  | 2026-05-16T14:59:57.305604180Z WHERE time > now() - INTERVAL '4 weeks'
querier-1  | 2026-05-16T14:59:57.305604805Z GROUP BY host
querier-1  | 2026-05-16T14:59:57.305605430Z ORDER BY max_p DESC
querier-1  | 2026-05-16T14:59:57.305606014Z LIMIT 50 query_params=Params { } issue_time=2026-05-16T14:59:57.303841097+00:00 partitions=1 parquet_files=1 deduplicated_partitions=0 deduplicated_parquet_files=0 plan_duration_secs=0.001681458 success=false running=true cancelled=false
querier-1  | 2026-05-16T14:59:57.305606764Z 2026-05-16T14:59:57.305538Z  INFO iox_query::query_log: query when="permit" id=52d23bf7-2dd7-4000-ae4a-4ae5572e70f6 namespace_id=0 namespace_name="influxdb3 oss" query_type="sql" query_text=-- High-cardinality predicate: per-host extremes across a 4-week window.
querier-1  | 2026-05-16T14:59:57.305607764Z -- Benchmarks the per-file pruning path. Compaction should improve this
querier-1  | 2026-05-16T14:59:57.305608347Z -- materially when many gen1 files cover overlapping host sets.
querier-1  | 2026-05-16T14:59:57.305608889Z SELECT host, MAX(pressure) AS max_p, MIN(pressure) AS min_p
querier-1  | 2026-05-16T14:59:57.305609472Z FROM sensors
querier-1  | 2026-05-16T14:59:57.305609972Z WHERE time > now() - INTERVAL '4 weeks'
querier-1  | 2026-05-16T14:59:57.305610555Z GROUP BY host
querier-1  | 2026-05-16T14:59:57.305611055Z ORDER BY max_p DESC
querier-1  | 2026-05-16T14:59:57.305611597Z LIMIT 50 query_params=Params { } issue_time=2026-05-16T14:59:57.303841097+00:00 partitions=1 parquet_files=1 deduplicated_partitions=0 deduplicated_parquet_files=0 plan_duration_secs=0.001681458 permit_duration_secs=1.5834e-5 success=false running=true cancelled=false
querier-1  | 2026-05-16T14:59:57.305828389Z 2026-05-16T14:59:57.305770Z  INFO iox_query::query_log: query when="success" id=52d23bf7-2dd7-4000-ae4a-4ae5572e70f6 namespace_id=0 namespace_name="influxdb3 oss" query_type="sql" query_text=-- High-cardinality predicate: per-host extremes across a 4-week window.
querier-1  | 2026-05-16T14:59:57.305831389Z -- Benchmarks the per-file pruning path. Compaction should improve this
querier-1  | 2026-05-16T14:59:57.305832222Z -- materially when many gen1 files cover overlapping host sets.
querier-1  | 2026-05-16T14:59:57.305832972Z SELECT host, MAX(pressure) AS max_p, MIN(pressure) AS min_p
querier-1  | 2026-05-16T14:59:57.305833722Z FROM sensors
querier-1  | 2026-05-16T14:59:57.305834389Z WHERE time > now() - INTERVAL '4 weeks'
querier-1  | 2026-05-16T14:59:57.305838805Z GROUP BY host
querier-1  | 2026-05-16T14:59:57.305839514Z ORDER BY max_p DESC
querier-1  | 2026-05-16T14:59:57.305840222Z LIMIT 50 query_params=Params { } issue_time=2026-05-16T14:59:57.303841097+00:00 partitions=1 parquet_files=1 deduplicated_partitions=0 deduplicated_parquet_files=0 plan_duration_secs=0.001681458 permit_duration_secs=1.5834e-5 execute_duration_secs=0.0002075 end2end_duration_secs=0.0019285 compute_duration_secs=9.725e-5 max_memory=0 ingester_metrics.latency_to_plan_secs=0.0 ingester_metrics.latency_to_full_data_secs=0.0 ingester_metrics.response_rows=0 ingester_metrics.partition_count=0 ingester_metrics.response_size=0 success=true running=false cancelled=false
querier-1  | 2026-05-16T14:59:57.333430639Z 2026-05-16T14:59:57.333366Z  INFO influxdb3_server::http: handling query_sql database=bench query_str=-- High-cardinality predicate: per-host extremes across a 4-week window.
querier-1  | 2026-05-16T14:59:57.333440847Z -- Benchmarks the per-file pruning path. Compaction should improve this
querier-1  | 2026-05-16T14:59:57.333441805Z -- materially when many gen1 files cover overlapping host sets.
querier-1  | 2026-05-16T14:59:57.333442555Z SELECT host, MAX(pressure) AS max_p, MIN(pressure) AS min_p
querier-1  | 2026-05-16T14:59:57.333443305Z FROM sensors
querier-1  | 2026-05-16T14:59:57.333443972Z WHERE time > now() - INTERVAL '4 weeks'
querier-1  | 2026-05-16T14:59:57.333444889Z GROUP BY host
querier-1  | 2026-05-16T14:59:57.333445597Z ORDER BY max_p DESC
querier-1  | 2026-05-16T14:59:57.333446305Z LIMIT 50 format=Csv
querier-1  | 2026-05-16T14:59:57.333447014Z 2026-05-16T14:59:57.333384Z  INFO influxdb3_server::query_executor: executing sql query database=bench query=-- High-cardinality predicate: per-host extremes across a 4-week window.
querier-1  | 2026-05-16T14:59:57.333447847Z -- Benchmarks the per-file pruning path. Compaction should improve this
querier-1  | 2026-05-16T14:59:57.333448514Z -- materially when many gen1 files cover overlapping host sets.
querier-1  | 2026-05-16T14:59:57.333449139Z SELECT host, MAX(pressure) AS max_p, MIN(pressure) AS min_p
querier-1  | 2026-05-16T14:59:57.333449764Z FROM sensors
querier-1  | 2026-05-16T14:59:57.333450347Z WHERE time > now() - INTERVAL '4 weeks'
querier-1  | 2026-05-16T14:59:57.333450930Z GROUP BY host
querier-1  | 2026-05-16T14:59:57.333471514Z ORDER BY max_p DESC
querier-1  | 2026-05-16T14:59:57.333472430Z LIMIT 50 params=None
querier-1  | 2026-05-16T14:59:57.333473180Z 2026-05-16T14:59:57.333406Z  INFO iox_query::query_log: query when="received" id=362280ed-60d7-4de9-8cab-00b217eb7647 namespace_id=0 namespace_name="influxdb3 oss" query_type="sql" query_text=-- High-cardinality predicate: per-host extremes across a 4-week window.
querier-1  | 2026-05-16T14:59:57.333474305Z -- Benchmarks the per-file pruning path. Compaction should improve this
querier-1  | 2026-05-16T14:59:57.333475014Z -- materially when many gen1 files cover overlapping host sets.
querier-1  | 2026-05-16T14:59:57.333475722Z SELECT host, MAX(pressure) AS max_p, MIN(pressure) AS min_p
querier-1  | 2026-05-16T14:59:57.333476430Z FROM sensors
querier-1  | 2026-05-16T14:59:57.333477097Z WHERE time > now() - INTERVAL '4 weeks'
querier-1  | 2026-05-16T14:59:57.333477805Z GROUP BY host
querier-1  | 2026-05-16T14:59:57.333478472Z ORDER BY max_p DESC
querier-1  | 2026-05-16T14:59:57.333485805Z LIMIT 50 query_params=Params { } issue_time=2026-05-16T14:59:57.333405514+00:00 success=false running=true cancelled=false
querier-1  | 2026-05-16T14:59:57.335218305Z 2026-05-16T14:59:57.335153Z  INFO iox_query::query_log: query when="planned" id=362280ed-60d7-4de9-8cab-00b217eb7647 namespace_id=0 namespace_name="influxdb3 oss" query_type="sql" query_text=-- High-cardinality predicate: per-host extremes across a 4-week window.
querier-1  | 2026-05-16T14:59:57.335224055Z -- Benchmarks the per-file pruning path. Compaction should improve this
querier-1  | 2026-05-16T14:59:57.335225180Z -- materially when many gen1 files cover overlapping host sets.
querier-1  | 2026-05-16T14:59:57.335226014Z SELECT host, MAX(pressure) AS max_p, MIN(pressure) AS min_p
querier-1  | 2026-05-16T14:59:57.335226889Z FROM sensors
querier-1  | 2026-05-16T14:59:57.335227597Z WHERE time > now() - INTERVAL '4 weeks'
querier-1  | 2026-05-16T14:59:57.335228472Z GROUP BY host
querier-1  | 2026-05-16T14:59:57.335229180Z ORDER BY max_p DESC
querier-1  | 2026-05-16T14:59:57.335229930Z LIMIT 50 query_params=Params { } issue_time=2026-05-16T14:59:57.333405514+00:00 partitions=1 parquet_files=1 deduplicated_partitions=0 deduplicated_parquet_files=0 plan_duration_secs=0.001743625 success=false running=true cancelled=false
querier-1  | 2026-05-16T14:59:57.335230930Z 2026-05-16T14:59:57.335163Z  INFO iox_query::query_log: query when="permit" id=362280ed-60d7-4de9-8cab-00b217eb7647 namespace_id=0 namespace_name="influxdb3 oss" query_type="sql" query_text=-- High-cardinality predicate: per-host extremes across a 4-week window.
querier-1  | 2026-05-16T14:59:57.335231972Z -- Benchmarks the per-file pruning path. Compaction should improve this
querier-1  | 2026-05-16T14:59:57.335232680Z -- materially when many gen1 files cover overlapping host sets.
querier-1  | 2026-05-16T14:59:57.335233430Z SELECT host, MAX(pressure) AS max_p, MIN(pressure) AS min_p
querier-1  | 2026-05-16T14:59:57.335234222Z FROM sensors
querier-1  | 2026-05-16T14:59:57.335234930Z WHERE time > now() - INTERVAL '4 weeks'
querier-1  | 2026-05-16T14:59:57.335235639Z GROUP BY host
querier-1  | 2026-05-16T14:59:57.335236305Z ORDER BY max_p DESC
querier-1  | 2026-05-16T14:59:57.335236972Z LIMIT 50 query_params=Params { } issue_time=2026-05-16T14:59:57.333405514+00:00 partitions=1 parquet_files=1 deduplicated_partitions=0 deduplicated_parquet_files=0 plan_duration_secs=0.001743625 permit_duration_secs=1.4041e-5 success=false running=true cancelled=false
querier-1  | 2026-05-16T14:59:57.335461597Z 2026-05-16T14:59:57.335411Z  INFO iox_query::query_log: query when="success" id=362280ed-60d7-4de9-8cab-00b217eb7647 namespace_id=0 namespace_name="influxdb3 oss" query_type="sql" query_text=-- High-cardinality predicate: per-host extremes across a 4-week window.
querier-1  | 2026-05-16T14:59:57.335466889Z -- Benchmarks the per-file pruning path. Compaction should improve this
querier-1  | 2026-05-16T14:59:57.335467847Z -- materially when many gen1 files cover overlapping host sets.
querier-1  | 2026-05-16T14:59:57.335468597Z SELECT host, MAX(pressure) AS max_p, MIN(pressure) AS min_p
querier-1  | 2026-05-16T14:59:57.335469347Z FROM sensors
querier-1  | 2026-05-16T14:59:57.335470014Z WHERE time > now() - INTERVAL '4 weeks'
querier-1  | 2026-05-16T14:59:57.335470805Z GROUP BY host
querier-1  | 2026-05-16T14:59:57.335474972Z ORDER BY max_p DESC
querier-1  | 2026-05-16T14:59:57.335475764Z LIMIT 50 query_params=Params { } issue_time=2026-05-16T14:59:57.333405514+00:00 partitions=1 parquet_files=1 deduplicated_partitions=0 deduplicated_parquet_files=0 plan_duration_secs=0.001743625 permit_duration_secs=1.4041e-5 execute_duration_secs=0.000222459 end2end_duration_secs=0.002005458 compute_duration_secs=9.6166e-5 max_memory=0 ingester_metrics.latency_to_plan_secs=0.0 ingester_metrics.latency_to_full_data_secs=0.0 ingester_metrics.response_rows=0 ingester_metrics.partition_count=0 ingester_metrics.response_size=0 success=true running=false cancelled=false
querier-1  | 2026-05-16T14:59:57.364414555Z 2026-05-16T14:59:57.364347Z  INFO influxdb3_server::http: handling query_sql database=bench query_str=-- High-cardinality predicate: per-host extremes across a 4-week window.
querier-1  | 2026-05-16T14:59:57.364421430Z -- Benchmarks the per-file pruning path. Compaction should improve this
querier-1  | 2026-05-16T14:59:57.364422139Z -- materially when many gen1 files cover overlapping host sets.
querier-1  | 2026-05-16T14:59:57.364422722Z SELECT host, MAX(pressure) AS max_p, MIN(pressure) AS min_p
querier-1  | 2026-05-16T14:59:57.364423347Z FROM sensors
querier-1  | 2026-05-16T14:59:57.364423930Z WHERE time > now() - INTERVAL '4 weeks'
querier-1  | 2026-05-16T14:59:57.364424555Z GROUP BY host
querier-1  | 2026-05-16T14:59:57.364425097Z ORDER BY max_p DESC
querier-1  | 2026-05-16T14:59:57.364425639Z LIMIT 50 format=Csv
querier-1  | 2026-05-16T14:59:57.364426180Z 2026-05-16T14:59:57.364365Z  INFO influxdb3_server::query_executor: executing sql query database=bench query=-- High-cardinality predicate: per-host extremes across a 4-week window.
querier-1  | 2026-05-16T14:59:57.364426889Z -- Benchmarks the per-file pruning path. Compaction should improve this
querier-1  | 2026-05-16T14:59:57.364427472Z -- materially when many gen1 files cover overlapping host sets.
querier-1  | 2026-05-16T14:59:57.364428055Z SELECT host, MAX(pressure) AS max_p, MIN(pressure) AS min_p
querier-1  | 2026-05-16T14:59:57.364428597Z FROM sensors
querier-1  | 2026-05-16T14:59:57.364429139Z WHERE time > now() - INTERVAL '4 weeks'
querier-1  | 2026-05-16T14:59:57.364429722Z GROUP BY host
querier-1  | 2026-05-16T14:59:57.364430222Z ORDER BY max_p DESC
querier-1  | 2026-05-16T14:59:57.364430722Z LIMIT 50 params=None
querier-1  | 2026-05-16T14:59:57.364431305Z 2026-05-16T14:59:57.364387Z  INFO iox_query::query_log: query when="received" id=0262b935-e74c-483a-afe3-babcee80f212 namespace_id=0 namespace_name="influxdb3 oss" query_type="sql" query_text=-- High-cardinality predicate: per-host extremes across a 4-week window.
querier-1  | 2026-05-16T14:59:57.364432139Z -- Benchmarks the per-file pruning path. Compaction should improve this
querier-1  | 2026-05-16T14:59:57.364432722Z -- materially when many gen1 files cover overlapping host sets.
querier-1  | 2026-05-16T14:59:57.364433305Z SELECT host, MAX(pressure) AS max_p, MIN(pressure) AS min_p
querier-1  | 2026-05-16T14:59:57.364433847Z FROM sensors
querier-1  | 2026-05-16T14:59:57.364434389Z WHERE time > now() - INTERVAL '4 weeks'
querier-1  | 2026-05-16T14:59:57.364434930Z GROUP BY host
querier-1  | 2026-05-16T14:59:57.364435472Z ORDER BY max_p DESC
querier-1  | 2026-05-16T14:59:57.364441764Z LIMIT 50 query_params=Params { } issue_time=2026-05-16T14:59:57.364386180+00:00 success=false running=true cancelled=false
querier-1  | 2026-05-16T14:59:57.366236472Z 2026-05-16T14:59:57.366178Z  INFO iox_query::query_log: query when="planned" id=0262b935-e74c-483a-afe3-babcee80f212 namespace_id=0 namespace_name="influxdb3 oss" query_type="sql" query_text=-- High-cardinality predicate: per-host extremes across a 4-week window.
querier-1  | 2026-05-16T14:59:57.366242430Z -- Benchmarks the per-file pruning path. Compaction should improve this
querier-1  | 2026-05-16T14:59:57.366243430Z -- materially when many gen1 files cover overlapping host sets.
querier-1  | 2026-05-16T14:59:57.366244347Z SELECT host, MAX(pressure) AS max_p, MIN(pressure) AS min_p
querier-1  | 2026-05-16T14:59:57.366245139Z FROM sensors
querier-1  | 2026-05-16T14:59:57.366245889Z WHERE time > now() - INTERVAL '4 weeks'
querier-1  | 2026-05-16T14:59:57.366246680Z GROUP BY host
querier-1  | 2026-05-16T14:59:57.366247430Z ORDER BY max_p DESC
querier-1  | 2026-05-16T14:59:57.366248180Z LIMIT 50 query_params=Params { } issue_time=2026-05-16T14:59:57.364386180+00:00 partitions=1 parquet_files=1 deduplicated_partitions=0 deduplicated_parquet_files=0 plan_duration_secs=0.001787625 success=false running=true cancelled=false
querier-1  | 2026-05-16T14:59:57.366249180Z 2026-05-16T14:59:57.366188Z  INFO iox_query::query_log: query when="permit" id=0262b935-e74c-483a-afe3-babcee80f212 namespace_id=0 namespace_name="influxdb3 oss" query_type="sql" query_text=-- High-cardinality predicate: per-host extremes across a 4-week window.
querier-1  | 2026-05-16T14:59:57.366250264Z -- Benchmarks the per-file pruning path. Compaction should improve this
querier-1  | 2026-05-16T14:59:57.366251055Z -- materially when many gen1 files cover overlapping host sets.
querier-1  | 2026-05-16T14:59:57.366251764Z SELECT host, MAX(pressure) AS max_p, MIN(pressure) AS min_p
querier-1  | 2026-05-16T14:59:57.366252514Z FROM sensors
querier-1  | 2026-05-16T14:59:57.366253389Z WHERE time > now() - INTERVAL '4 weeks'
querier-1  | 2026-05-16T14:59:57.366254097Z GROUP BY host
querier-1  | 2026-05-16T14:59:57.366254805Z ORDER BY max_p DESC
querier-1  | 2026-05-16T14:59:57.366255514Z LIMIT 50 query_params=Params { } issue_time=2026-05-16T14:59:57.364386180+00:00 partitions=1 parquet_files=1 deduplicated_partitions=0 deduplicated_parquet_files=0 plan_duration_secs=0.001787625 permit_duration_secs=1.4417e-5 success=false running=true cancelled=false
querier-1  | 2026-05-16T14:59:57.366417514Z 2026-05-16T14:59:57.366359Z  INFO iox_query::query_log: query when="success" id=0262b935-e74c-483a-afe3-babcee80f212 namespace_id=0 namespace_name="influxdb3 oss" query_type="sql" query_text=-- High-cardinality predicate: per-host extremes across a 4-week window.
querier-1  | 2026-05-16T14:59:57.366421389Z -- Benchmarks the per-file pruning path. Compaction should improve this
querier-1  | 2026-05-16T14:59:57.366422264Z -- materially when many gen1 files cover overlapping host sets.
querier-1  | 2026-05-16T14:59:57.366423055Z SELECT host, MAX(pressure) AS max_p, MIN(pressure) AS min_p
querier-1  | 2026-05-16T14:59:57.366423805Z FROM sensors
querier-1  | 2026-05-16T14:59:57.366424514Z WHERE time > now() - INTERVAL '4 weeks'
querier-1  | 2026-05-16T14:59:57.366425264Z GROUP BY host
querier-1  | 2026-05-16T14:59:57.366428555Z ORDER BY max_p DESC
querier-1  | 2026-05-16T14:59:57.366429389Z LIMIT 50 query_params=Params { } issue_time=2026-05-16T14:59:57.364386180+00:00 partitions=1 parquet_files=1 deduplicated_partitions=0 deduplicated_parquet_files=0 plan_duration_secs=0.001787625 permit_duration_secs=1.4417e-5 execute_duration_secs=0.000156917 end2end_duration_secs=0.001972417 compute_duration_secs=9.3957e-5 max_memory=0 ingester_metrics.latency_to_plan_secs=0.0 ingester_metrics.latency_to_full_data_secs=0.0 ingester_metrics.response_rows=0 ingester_metrics.partition_count=0 ingester_metrics.response_size=0 success=true running=false cancelled=false
querier-1  | 2026-05-16T14:59:57.395144305Z 2026-05-16T14:59:57.395084Z  INFO influxdb3_server::http: handling query_sql database=bench query_str=-- High-cardinality predicate: per-host extremes across a 4-week window.
querier-1  | 2026-05-16T14:59:57.395150930Z -- Benchmarks the per-file pruning path. Compaction should improve this
querier-1  | 2026-05-16T14:59:57.395151764Z -- materially when many gen1 files cover overlapping host sets.
querier-1  | 2026-05-16T14:59:57.395152514Z SELECT host, MAX(pressure) AS max_p, MIN(pressure) AS min_p
querier-1  | 2026-05-16T14:59:57.395153097Z FROM sensors
querier-1  | 2026-05-16T14:59:57.395153680Z WHERE time > now() - INTERVAL '4 weeks'
querier-1  | 2026-05-16T14:59:57.395154430Z GROUP BY host
querier-1  | 2026-05-16T14:59:57.395155097Z ORDER BY max_p DESC
querier-1  | 2026-05-16T14:59:57.395155639Z LIMIT 50 format=Csv
querier-1  | 2026-05-16T14:59:57.395156180Z 2026-05-16T14:59:57.395101Z  INFO influxdb3_server::query_executor: executing sql query database=bench query=-- High-cardinality predicate: per-host extremes across a 4-week window.
querier-1  | 2026-05-16T14:59:57.395156930Z -- Benchmarks the per-file pruning path. Compaction should improve this
querier-1  | 2026-05-16T14:59:57.395157514Z -- materially when many gen1 files cover overlapping host sets.
querier-1  | 2026-05-16T14:59:57.395158097Z SELECT host, MAX(pressure) AS max_p, MIN(pressure) AS min_p
querier-1  | 2026-05-16T14:59:57.395158639Z FROM sensors
querier-1  | 2026-05-16T14:59:57.395159180Z WHERE time > now() - INTERVAL '4 weeks'
querier-1  | 2026-05-16T14:59:57.395159764Z GROUP BY host
querier-1  | 2026-05-16T14:59:57.395160305Z ORDER BY max_p DESC
querier-1  | 2026-05-16T14:59:57.395160847Z LIMIT 50 params=None
querier-1  | 2026-05-16T14:59:57.395163014Z 2026-05-16T14:59:57.395124Z  INFO iox_query::query_log: query when="received" id=10e6a196-f218-4e11-a4f7-c43e167c1046 namespace_id=0 namespace_name="influxdb3 oss" query_type="sql" query_text=-- High-cardinality predicate: per-host extremes across a 4-week window.
querier-1  | 2026-05-16T14:59:57.395163972Z -- Benchmarks the per-file pruning path. Compaction should improve this
querier-1  | 2026-05-16T14:59:57.395164555Z -- materially when many gen1 files cover overlapping host sets.
querier-1  | 2026-05-16T14:59:57.395165139Z SELECT host, MAX(pressure) AS max_p, MIN(pressure) AS min_p
querier-1  | 2026-05-16T14:59:57.395165722Z FROM sensors
querier-1  | 2026-05-16T14:59:57.395166264Z WHERE time > now() - INTERVAL '4 weeks'
querier-1  | 2026-05-16T14:59:57.395166805Z GROUP BY host
querier-1  | 2026-05-16T14:59:57.395167347Z ORDER BY max_p DESC
querier-1  | 2026-05-16T14:59:57.395174389Z LIMIT 50 query_params=Params { } issue_time=2026-05-16T14:59:57.395123722+00:00 success=false running=true cancelled=false
querier-1  | 2026-05-16T14:59:57.397124347Z 2026-05-16T14:59:57.397011Z  INFO iox_query::query_log: query when="planned" id=10e6a196-f218-4e11-a4f7-c43e167c1046 namespace_id=0 namespace_name="influxdb3 oss" query_type="sql" query_text=-- High-cardinality predicate: per-host extremes across a 4-week window.
querier-1  | 2026-05-16T14:59:57.397132305Z -- Benchmarks the per-file pruning path. Compaction should improve this
querier-1  | 2026-05-16T14:59:57.397133222Z -- materially when many gen1 files cover overlapping host sets.
querier-1  | 2026-05-16T14:59:57.397133972Z SELECT host, MAX(pressure) AS max_p, MIN(pressure) AS min_p
querier-1  | 2026-05-16T14:59:57.397134764Z FROM sensors
querier-1  | 2026-05-16T14:59:57.397135430Z WHERE time > now() - INTERVAL '4 weeks'
querier-1  | 2026-05-16T14:59:57.397136139Z GROUP BY host
querier-1  | 2026-05-16T14:59:57.397136680Z ORDER BY max_p DESC
querier-1  | 2026-05-16T14:59:57.397137264Z LIMIT 50 query_params=Params { } issue_time=2026-05-16T14:59:57.395123722+00:00 partitions=1 parquet_files=1 deduplicated_partitions=0 deduplicated_parquet_files=0 plan_duration_secs=0.001874917 success=false running=true cancelled=false
querier-1  | 2026-05-16T14:59:57.397138097Z 2026-05-16T14:59:57.397029Z  INFO iox_query::query_log: query when="permit" id=10e6a196-f218-4e11-a4f7-c43e167c1046 namespace_id=0 namespace_name="influxdb3 oss" query_type="sql" query_text=-- High-cardinality predicate: per-host extremes across a 4-week window.
querier-1  | 2026-05-16T14:59:57.397138972Z -- Benchmarks the per-file pruning path. Compaction should improve this
querier-1  | 2026-05-16T14:59:57.397139555Z -- materially when many gen1 files cover overlapping host sets.
querier-1  | 2026-05-16T14:59:57.397140139Z SELECT host, MAX(pressure) AS max_p, MIN(pressure) AS min_p
querier-1  | 2026-05-16T14:59:57.397140680Z FROM sensors
querier-1  | 2026-05-16T14:59:57.397141264Z WHERE time > now() - INTERVAL '4 weeks'
querier-1  | 2026-05-16T14:59:57.397141805Z GROUP BY host
querier-1  | 2026-05-16T14:59:57.397142347Z ORDER BY max_p DESC
querier-1  | 2026-05-16T14:59:57.397142930Z LIMIT 50 query_params=Params { } issue_time=2026-05-16T14:59:57.395123722+00:00 partitions=1 parquet_files=1 deduplicated_partitions=0 deduplicated_parquet_files=0 plan_duration_secs=0.001874917 permit_duration_secs=2.9208e-5 success=false running=true cancelled=false
querier-1  | 2026-05-16T14:59:57.397311097Z 2026-05-16T14:59:57.397251Z  INFO iox_query::query_log: query when="success" id=10e6a196-f218-4e11-a4f7-c43e167c1046 namespace_id=0 namespace_name="influxdb3 oss" query_type="sql" query_text=-- High-cardinality predicate: per-host extremes across a 4-week window.
querier-1  | 2026-05-16T14:59:57.397315055Z -- Benchmarks the per-file pruning path. Compaction should improve this
querier-1  | 2026-05-16T14:59:57.397315972Z -- materially when many gen1 files cover overlapping host sets.
querier-1  | 2026-05-16T14:59:57.397316722Z SELECT host, MAX(pressure) AS max_p, MIN(pressure) AS min_p
querier-1  | 2026-05-16T14:59:57.397317472Z FROM sensors
querier-1  | 2026-05-16T14:59:57.397318139Z WHERE time > now() - INTERVAL '4 weeks'
querier-1  | 2026-05-16T14:59:57.397319014Z GROUP BY host
querier-1  | 2026-05-16T14:59:57.397322305Z ORDER BY max_p DESC
querier-1  | 2026-05-16T14:59:57.397323139Z LIMIT 50 query_params=Params { } issue_time=2026-05-16T14:59:57.395123722+00:00 partitions=1 parquet_files=1 deduplicated_partitions=0 deduplicated_parquet_files=0 plan_duration_secs=0.001874917 permit_duration_secs=2.9208e-5 execute_duration_secs=0.000200667 end2end_duration_secs=0.002127333 compute_duration_secs=0.000111625 max_memory=0 ingester_metrics.latency_to_plan_secs=0.0 ingester_metrics.latency_to_full_data_secs=0.0 ingester_metrics.response_rows=0 ingester_metrics.partition_count=0 ingester_metrics.response_size=0 success=true running=false cancelled=false
querier-1  | 2026-05-16T14:59:57.426287791Z 2026-05-16T14:59:57.426224Z  INFO influxdb3_server::http: handling query_sql database=bench query_str=-- High-cardinality predicate: per-host extremes across a 4-week window.
querier-1  | 2026-05-16T14:59:57.426294625Z -- Benchmarks the per-file pruning path. Compaction should improve this
querier-1  | 2026-05-16T14:59:57.426295458Z -- materially when many gen1 files cover overlapping host sets.
querier-1  | 2026-05-16T14:59:57.426296083Z SELECT host, MAX(pressure) AS max_p, MIN(pressure) AS min_p
querier-1  | 2026-05-16T14:59:57.426296708Z FROM sensors
querier-1  | 2026-05-16T14:59:57.426297250Z WHERE time > now() - INTERVAL '4 weeks'
querier-1  | 2026-05-16T14:59:57.426298000Z GROUP BY host
querier-1  | 2026-05-16T14:59:57.426298541Z ORDER BY max_p DESC
querier-1  | 2026-05-16T14:59:57.426299083Z LIMIT 50 format=Csv
querier-1  | 2026-05-16T14:59:57.426299666Z 2026-05-16T14:59:57.426243Z  INFO influxdb3_server::query_executor: executing sql query database=bench query=-- High-cardinality predicate: per-host extremes across a 4-week window.
querier-1  | 2026-05-16T14:59:57.426300375Z -- Benchmarks the per-file pruning path. Compaction should improve this
querier-1  | 2026-05-16T14:59:57.426300958Z -- materially when many gen1 files cover overlapping host sets.
querier-1  | 2026-05-16T14:59:57.426301541Z SELECT host, MAX(pressure) AS max_p, MIN(pressure) AS min_p
querier-1  | 2026-05-16T14:59:57.426302125Z FROM sensors
querier-1  | 2026-05-16T14:59:57.426302625Z WHERE time > now() - INTERVAL '4 weeks'
querier-1  | 2026-05-16T14:59:57.426303166Z GROUP BY host
querier-1  | 2026-05-16T14:59:57.426303666Z ORDER BY max_p DESC
querier-1  | 2026-05-16T14:59:57.426304208Z LIMIT 50 params=None
querier-1  | 2026-05-16T14:59:57.426304750Z 2026-05-16T14:59:57.426266Z  INFO iox_query::query_log: query when="received" id=48896a3b-bc60-4d20-a90b-95e0c86b806f namespace_id=0 namespace_name="influxdb3 oss" query_type="sql" query_text=-- High-cardinality predicate: per-host extremes across a 4-week window.
querier-1  | 2026-05-16T14:59:57.426305541Z -- Benchmarks the per-file pruning path. Compaction should improve this
querier-1  | 2026-05-16T14:59:57.426306125Z -- materially when many gen1 files cover overlapping host sets.
querier-1  | 2026-05-16T14:59:57.426306833Z SELECT host, MAX(pressure) AS max_p, MIN(pressure) AS min_p
querier-1  | 2026-05-16T14:59:57.426307375Z FROM sensors
querier-1  | 2026-05-16T14:59:57.426307916Z WHERE time > now() - INTERVAL '4 weeks'
querier-1  | 2026-05-16T14:59:57.426308458Z GROUP BY host
querier-1  | 2026-05-16T14:59:57.426308958Z ORDER BY max_p DESC
querier-1  | 2026-05-16T14:59:57.426312958Z LIMIT 50 query_params=Params { } issue_time=2026-05-16T14:59:57.426264875+00:00 success=false running=true cancelled=false
querier-1  | 2026-05-16T14:59:57.428031541Z 2026-05-16T14:59:57.427963Z  INFO iox_query::query_log: query when="planned" id=48896a3b-bc60-4d20-a90b-95e0c86b806f namespace_id=0 namespace_name="influxdb3 oss" query_type="sql" query_text=-- High-cardinality predicate: per-host extremes across a 4-week window.
querier-1  | 2026-05-16T14:59:57.428036500Z -- Benchmarks the per-file pruning path. Compaction should improve this
querier-1  | 2026-05-16T14:59:57.428037500Z -- materially when many gen1 files cover overlapping host sets.
querier-1  | 2026-05-16T14:59:57.428038291Z SELECT host, MAX(pressure) AS max_p, MIN(pressure) AS min_p
querier-1  | 2026-05-16T14:59:57.428039041Z FROM sensors
querier-1  | 2026-05-16T14:59:57.428039708Z WHERE time > now() - INTERVAL '4 weeks'
querier-1  | 2026-05-16T14:59:57.428040500Z GROUP BY host
querier-1  | 2026-05-16T14:59:57.428041166Z ORDER BY max_p DESC
querier-1  | 2026-05-16T14:59:57.428041875Z LIMIT 50 query_params=Params { } issue_time=2026-05-16T14:59:57.426264875+00:00 partitions=1 parquet_files=1 deduplicated_partitions=0 deduplicated_parquet_files=0 plan_duration_secs=0.001694458 success=false running=true cancelled=false
querier-1  | 2026-05-16T14:59:57.428042875Z 2026-05-16T14:59:57.427976Z  INFO iox_query::query_log: query when="permit" id=48896a3b-bc60-4d20-a90b-95e0c86b806f namespace_id=0 namespace_name="influxdb3 oss" query_type="sql" query_text=-- High-cardinality predicate: per-host extremes across a 4-week window.
querier-1  | 2026-05-16T14:59:57.428043875Z -- Benchmarks the per-file pruning path. Compaction should improve this
querier-1  | 2026-05-16T14:59:57.428044583Z -- materially when many gen1 files cover overlapping host sets.
querier-1  | 2026-05-16T14:59:57.428045291Z SELECT host, MAX(pressure) AS max_p, MIN(pressure) AS min_p
querier-1  | 2026-05-16T14:59:57.428046000Z FROM sensors
querier-1  | 2026-05-16T14:59:57.428046666Z WHERE time > now() - INTERVAL '4 weeks'
querier-1  | 2026-05-16T14:59:57.428047375Z GROUP BY host
querier-1  | 2026-05-16T14:59:57.428048041Z ORDER BY max_p DESC
querier-1  | 2026-05-16T14:59:57.428048750Z LIMIT 50 query_params=Params { } issue_time=2026-05-16T14:59:57.426264875+00:00 partitions=1 parquet_files=1 deduplicated_partitions=0 deduplicated_parquet_files=0 plan_duration_secs=0.001694458 permit_duration_secs=1.6708e-5 success=false running=true cancelled=false
querier-1  | 2026-05-16T14:59:57.428230875Z 2026-05-16T14:59:57.428156Z  INFO iox_query::query_log: query when="success" id=48896a3b-bc60-4d20-a90b-95e0c86b806f namespace_id=0 namespace_name="influxdb3 oss" query_type="sql" query_text=-- High-cardinality predicate: per-host extremes across a 4-week window.
querier-1  | 2026-05-16T14:59:57.428233916Z -- Benchmarks the per-file pruning path. Compaction should improve this
querier-1  | 2026-05-16T14:59:57.428234750Z -- materially when many gen1 files cover overlapping host sets.
querier-1  | 2026-05-16T14:59:57.428235541Z SELECT host, MAX(pressure) AS max_p, MIN(pressure) AS min_p
querier-1  | 2026-05-16T14:59:57.428236291Z FROM sensors
querier-1  | 2026-05-16T14:59:57.428236958Z WHERE time > now() - INTERVAL '4 weeks'
querier-1  | 2026-05-16T14:59:57.428237583Z GROUP BY host
querier-1  | 2026-05-16T14:59:57.428243500Z ORDER BY max_p DESC
querier-1  | 2026-05-16T14:59:57.428244166Z LIMIT 50 query_params=Params { } issue_time=2026-05-16T14:59:57.426264875+00:00 partitions=1 parquet_files=1 deduplicated_partitions=0 deduplicated_parquet_files=0 plan_duration_secs=0.001694458 permit_duration_secs=1.6708e-5 execute_duration_secs=0.00016575 end2end_duration_secs=0.001891333 compute_duration_secs=9.8918e-5 max_memory=0 ingester_metrics.latency_to_plan_secs=0.0 ingester_metrics.latency_to_full_data_secs=0.0 ingester_metrics.response_rows=0 ingester_metrics.partition_count=0 ingester_metrics.response_size=0 success=true running=false cancelled=false
querier-1  | 2026-05-16T14:59:57.457651708Z 2026-05-16T14:59:57.457584Z  INFO influxdb3_server::http: handling query_sql database=bench query_str=-- High-cardinality predicate: per-host extremes across a 4-week window.
querier-1  | 2026-05-16T14:59:57.457660666Z -- Benchmarks the per-file pruning path. Compaction should improve this
querier-1  | 2026-05-16T14:59:57.457661666Z -- materially when many gen1 files cover overlapping host sets.
querier-1  | 2026-05-16T14:59:57.457662625Z SELECT host, MAX(pressure) AS max_p, MIN(pressure) AS min_p
querier-1  | 2026-05-16T14:59:57.457663375Z FROM sensors
querier-1  | 2026-05-16T14:59:57.457664125Z WHERE time > now() - INTERVAL '4 weeks'
querier-1  | 2026-05-16T14:59:57.457665000Z GROUP BY host
querier-1  | 2026-05-16T14:59:57.457665708Z ORDER BY max_p DESC
querier-1  | 2026-05-16T14:59:57.457666416Z LIMIT 50 format=Csv
querier-1  | 2026-05-16T14:59:57.457667125Z 2026-05-16T14:59:57.457600Z  INFO influxdb3_server::query_executor: executing sql query database=bench query=-- High-cardinality predicate: per-host extremes across a 4-week window.
querier-1  | 2026-05-16T14:59:57.457667958Z -- Benchmarks the per-file pruning path. Compaction should improve this
querier-1  | 2026-05-16T14:59:57.457668625Z -- materially when many gen1 files cover overlapping host sets.
querier-1  | 2026-05-16T14:59:57.457669250Z SELECT host, MAX(pressure) AS max_p, MIN(pressure) AS min_p
querier-1  | 2026-05-16T14:59:57.457669916Z FROM sensors
querier-1  | 2026-05-16T14:59:57.457670583Z WHERE time > now() - INTERVAL '4 weeks'
querier-1  | 2026-05-16T14:59:57.457671291Z GROUP BY host
querier-1  | 2026-05-16T14:59:57.457671916Z ORDER BY max_p DESC
querier-1  | 2026-05-16T14:59:57.457672583Z LIMIT 50 params=None
querier-1  | 2026-05-16T14:59:57.457673291Z 2026-05-16T14:59:57.457620Z  INFO iox_query::query_log: query when="received" id=41eb1cbc-4487-454f-adc7-20276e19398a namespace_id=0 namespace_name="influxdb3 oss" query_type="sql" query_text=-- High-cardinality predicate: per-host extremes across a 4-week window.
querier-1  | 2026-05-16T14:59:57.457674333Z -- Benchmarks the per-file pruning path. Compaction should improve this
querier-1  | 2026-05-16T14:59:57.457675083Z -- materially when many gen1 files cover overlapping host sets.
querier-1  | 2026-05-16T14:59:57.457675791Z SELECT host, MAX(pressure) AS max_p, MIN(pressure) AS min_p
querier-1  | 2026-05-16T14:59:57.457676500Z FROM sensors
querier-1  | 2026-05-16T14:59:57.457677166Z WHERE time > now() - INTERVAL '4 weeks'
querier-1  | 2026-05-16T14:59:57.457677833Z GROUP BY host
querier-1  | 2026-05-16T14:59:57.457678500Z ORDER BY max_p DESC
querier-1  | 2026-05-16T14:59:57.457685458Z LIMIT 50 query_params=Params { } issue_time=2026-05-16T14:59:57.457619375+00:00 success=false running=true cancelled=false
querier-1  | 2026-05-16T14:59:57.459407125Z 2026-05-16T14:59:57.459348Z  INFO iox_query::query_log: query when="planned" id=41eb1cbc-4487-454f-adc7-20276e19398a namespace_id=0 namespace_name="influxdb3 oss" query_type="sql" query_text=-- High-cardinality predicate: per-host extremes across a 4-week window.
querier-1  | 2026-05-16T14:59:57.459411625Z -- Benchmarks the per-file pruning path. Compaction should improve this
querier-1  | 2026-05-16T14:59:57.459412541Z -- materially when many gen1 files cover overlapping host sets.
querier-1  | 2026-05-16T14:59:57.459413291Z SELECT host, MAX(pressure) AS max_p, MIN(pressure) AS min_p
querier-1  | 2026-05-16T14:59:57.459414000Z FROM sensors
querier-1  | 2026-05-16T14:59:57.459414708Z WHERE time > now() - INTERVAL '4 weeks'
querier-1  | 2026-05-16T14:59:57.459415458Z GROUP BY host
querier-1  | 2026-05-16T14:59:57.459416208Z ORDER BY max_p DESC
querier-1  | 2026-05-16T14:59:57.459416875Z LIMIT 50 query_params=Params { } issue_time=2026-05-16T14:59:57.457619375+00:00 partitions=1 parquet_files=1 deduplicated_partitions=0 deduplicated_parquet_files=0 plan_duration_secs=0.001724291 success=false running=true cancelled=false
querier-1  | 2026-05-16T14:59:57.459419208Z 2026-05-16T14:59:57.459362Z  INFO iox_query::query_log: query when="permit" id=41eb1cbc-4487-454f-adc7-20276e19398a namespace_id=0 namespace_name="influxdb3 oss" query_type="sql" query_text=-- High-cardinality predicate: per-host extremes across a 4-week window.
querier-1  | 2026-05-16T14:59:57.459420208Z -- Benchmarks the per-file pruning path. Compaction should improve this
querier-1  | 2026-05-16T14:59:57.459420958Z -- materially when many gen1 files cover overlapping host sets.
querier-1  | 2026-05-16T14:59:57.459421666Z SELECT host, MAX(pressure) AS max_p, MIN(pressure) AS min_p
querier-1  | 2026-05-16T14:59:57.459422416Z FROM sensors
querier-1  | 2026-05-16T14:59:57.459423083Z WHERE time > now() - INTERVAL '4 weeks'
querier-1  | 2026-05-16T14:59:57.459423791Z GROUP BY host
querier-1  | 2026-05-16T14:59:57.459424458Z ORDER BY max_p DESC
querier-1  | 2026-05-16T14:59:57.459425125Z LIMIT 50 query_params=Params { } issue_time=2026-05-16T14:59:57.457619375+00:00 partitions=1 parquet_files=1 deduplicated_partitions=0 deduplicated_parquet_files=0 plan_duration_secs=0.001724291 permit_duration_secs=1.8875e-5 success=false running=true cancelled=false
querier-1  | 2026-05-16T14:59:57.459679958Z 2026-05-16T14:59:57.459611Z  INFO iox_query::query_log: query when="success" id=41eb1cbc-4487-454f-adc7-20276e19398a namespace_id=0 namespace_name="influxdb3 oss" query_type="sql" query_text=-- High-cardinality predicate: per-host extremes across a 4-week window.
querier-1  | 2026-05-16T14:59:57.459684583Z -- Benchmarks the per-file pruning path. Compaction should improve this
querier-1  | 2026-05-16T14:59:57.459685458Z -- materially when many gen1 files cover overlapping host sets.
querier-1  | 2026-05-16T14:59:57.459686250Z SELECT host, MAX(pressure) AS max_p, MIN(pressure) AS min_p
querier-1  | 2026-05-16T14:59:57.459687083Z FROM sensors
querier-1  | 2026-05-16T14:59:57.459687750Z WHERE time > now() - INTERVAL '4 weeks'
querier-1  | 2026-05-16T14:59:57.459688541Z GROUP BY host
querier-1  | 2026-05-16T14:59:57.459691666Z ORDER BY max_p DESC
querier-1  | 2026-05-16T14:59:57.459692458Z LIMIT 50 query_params=Params { } issue_time=2026-05-16T14:59:57.457619375+00:00 partitions=1 parquet_files=1 deduplicated_partitions=0 deduplicated_parquet_files=0 plan_duration_secs=0.001724291 permit_duration_secs=1.8875e-5 execute_duration_secs=0.000217084 end2end_duration_secs=0.001991166 compute_duration_secs=9.4e-5 max_memory=0 ingester_metrics.latency_to_plan_secs=0.0 ingester_metrics.latency_to_full_data_secs=0.0 ingester_metrics.response_rows=0 ingester_metrics.partition_count=0 ingester_metrics.response_size=0 success=true running=false cancelled=false
querier-1  | 2026-05-16T14:59:57.488307416Z 2026-05-16T14:59:57.488243Z  INFO influxdb3_server::http: handling query_sql database=bench query_str=-- High-cardinality predicate: per-host extremes across a 4-week window.
querier-1  | 2026-05-16T14:59:57.488314708Z -- Benchmarks the per-file pruning path. Compaction should improve this
querier-1  | 2026-05-16T14:59:57.488315625Z -- materially when many gen1 files cover overlapping host sets.
querier-1  | 2026-05-16T14:59:57.488316416Z SELECT host, MAX(pressure) AS max_p, MIN(pressure) AS min_p
querier-1  | 2026-05-16T14:59:57.488317166Z FROM sensors
querier-1  | 2026-05-16T14:59:57.488318916Z WHERE time > now() - INTERVAL '4 weeks'
querier-1  | 2026-05-16T14:59:57.488319875Z GROUP BY host
querier-1  | 2026-05-16T14:59:57.488320583Z ORDER BY max_p DESC
querier-1  | 2026-05-16T14:59:57.488321291Z LIMIT 50 format=Csv
querier-1  | 2026-05-16T14:59:57.488322000Z 2026-05-16T14:59:57.488260Z  INFO influxdb3_server::query_executor: executing sql query database=bench query=-- High-cardinality predicate: per-host extremes across a 4-week window.
querier-1  | 2026-05-16T14:59:57.488322916Z -- Benchmarks the per-file pruning path. Compaction should improve this
querier-1  | 2026-05-16T14:59:57.488323625Z -- materially when many gen1 files cover overlapping host sets.
querier-1  | 2026-05-16T14:59:57.488324375Z SELECT host, MAX(pressure) AS max_p, MIN(pressure) AS min_p
querier-1  | 2026-05-16T14:59:57.488325083Z FROM sensors
querier-1  | 2026-05-16T14:59:57.488325750Z WHERE time > now() - INTERVAL '4 weeks'
querier-1  | 2026-05-16T14:59:57.488326416Z GROUP BY host
querier-1  | 2026-05-16T14:59:57.488326958Z ORDER BY max_p DESC
querier-1  | 2026-05-16T14:59:57.488327541Z LIMIT 50 params=None
querier-1  | 2026-05-16T14:59:57.488328166Z 2026-05-16T14:59:57.488281Z  INFO iox_query::query_log: query when="received" id=6a6dfcd7-3f70-4f25-9b46-90f220d86092 namespace_id=0 namespace_name="influxdb3 oss" query_type="sql" query_text=-- High-cardinality predicate: per-host extremes across a 4-week window.
querier-1  | 2026-05-16T14:59:57.488329041Z -- Benchmarks the per-file pruning path. Compaction should improve this
querier-1  | 2026-05-16T14:59:57.488329583Z -- materially when many gen1 files cover overlapping host sets.
querier-1  | 2026-05-16T14:59:57.488330083Z SELECT host, MAX(pressure) AS max_p, MIN(pressure) AS min_p
querier-1  | 2026-05-16T14:59:57.488330625Z FROM sensors
querier-1  | 2026-05-16T14:59:57.488331083Z WHERE time > now() - INTERVAL '4 weeks'
querier-1  | 2026-05-16T14:59:57.488331583Z GROUP BY host
querier-1  | 2026-05-16T14:59:57.488332041Z ORDER BY max_p DESC
querier-1  | 2026-05-16T14:59:57.488332541Z LIMIT 50 query_params=Params { } issue_time=2026-05-16T14:59:57.488280708+00:00 success=false running=true cancelled=false
querier-1  | 2026-05-16T14:59:57.489987583Z 2026-05-16T14:59:57.489931Z  INFO iox_query::query_log: query when="planned" id=6a6dfcd7-3f70-4f25-9b46-90f220d86092 namespace_id=0 namespace_name="influxdb3 oss" query_type="sql" query_text=-- High-cardinality predicate: per-host extremes across a 4-week window.
querier-1  | 2026-05-16T14:59:57.489993333Z -- Benchmarks the per-file pruning path. Compaction should improve this
querier-1  | 2026-05-16T14:59:57.489994333Z -- materially when many gen1 files cover overlapping host sets.
querier-1  | 2026-05-16T14:59:57.489995125Z SELECT host, MAX(pressure) AS max_p, MIN(pressure) AS min_p
querier-1  | 2026-05-16T14:59:57.489995875Z FROM sensors
querier-1  | 2026-05-16T14:59:57.489996583Z WHERE time > now() - INTERVAL '4 weeks'
querier-1  | 2026-05-16T14:59:57.489997416Z GROUP BY host
querier-1  | 2026-05-16T14:59:57.489998125Z ORDER BY max_p DESC
querier-1  | 2026-05-16T14:59:57.489998791Z LIMIT 50 query_params=Params { } issue_time=2026-05-16T14:59:57.488280708+00:00 partitions=1 parquet_files=1 deduplicated_partitions=0 deduplicated_parquet_files=0 plan_duration_secs=0.001646292 success=false running=true cancelled=false
querier-1  | 2026-05-16T14:59:57.489999791Z 2026-05-16T14:59:57.489941Z  INFO iox_query::query_log: query when="permit" id=6a6dfcd7-3f70-4f25-9b46-90f220d86092 namespace_id=0 namespace_name="influxdb3 oss" query_type="sql" query_text=-- High-cardinality predicate: per-host extremes across a 4-week window.
querier-1  | 2026-05-16T14:59:57.490000791Z -- Benchmarks the per-file pruning path. Compaction should improve this
querier-1  | 2026-05-16T14:59:57.490001541Z -- materially when many gen1 files cover overlapping host sets.
querier-1  | 2026-05-16T14:59:57.490002291Z SELECT host, MAX(pressure) AS max_p, MIN(pressure) AS min_p
querier-1  | 2026-05-16T14:59:57.490003041Z FROM sensors
querier-1  | 2026-05-16T14:59:57.490003750Z WHERE time > now() - INTERVAL '4 weeks'
querier-1  | 2026-05-16T14:59:57.490004458Z GROUP BY host
querier-1  | 2026-05-16T14:59:57.490005125Z ORDER BY max_p DESC
querier-1  | 2026-05-16T14:59:57.490005791Z LIMIT 50 query_params=Params { } issue_time=2026-05-16T14:59:57.488280708+00:00 partitions=1 parquet_files=1 deduplicated_partitions=0 deduplicated_parquet_files=0 plan_duration_secs=0.001646292 permit_duration_secs=1.3958e-5 success=false running=true cancelled=false
querier-1  | 2026-05-16T14:59:57.490232916Z 2026-05-16T14:59:57.490177Z  INFO iox_query::query_log: query when="success" id=6a6dfcd7-3f70-4f25-9b46-90f220d86092 namespace_id=0 namespace_name="influxdb3 oss" query_type="sql" query_text=-- High-cardinality predicate: per-host extremes across a 4-week window.
querier-1  | 2026-05-16T14:59:57.490237541Z -- Benchmarks the per-file pruning path. Compaction should improve this
querier-1  | 2026-05-16T14:59:57.490238708Z -- materially when many gen1 files cover overlapping host sets.
querier-1  | 2026-05-16T14:59:57.490239791Z SELECT host, MAX(pressure) AS max_p, MIN(pressure) AS min_p
querier-1  | 2026-05-16T14:59:57.490240625Z FROM sensors
querier-1  | 2026-05-16T14:59:57.490241375Z WHERE time > now() - INTERVAL '4 weeks'
querier-1  | 2026-05-16T14:59:57.490242250Z GROUP BY host
querier-1  | 2026-05-16T14:59:57.490246083Z ORDER BY max_p DESC
querier-1  | 2026-05-16T14:59:57.490246833Z LIMIT 50 query_params=Params { } issue_time=2026-05-16T14:59:57.488280708+00:00 partitions=1 parquet_files=1 deduplicated_partitions=0 deduplicated_parquet_files=0 plan_duration_secs=0.001646292 permit_duration_secs=1.3958e-5 execute_duration_secs=0.000198292 end2end_duration_secs=0.001896208 compute_duration_secs=0.000102292 max_memory=0 ingester_metrics.latency_to_plan_secs=0.0 ingester_metrics.latency_to_full_data_secs=0.0 ingester_metrics.response_rows=0 ingester_metrics.partition_count=0 ingester_metrics.response_size=0 success=true running=false cancelled=false
querier-1  | 2026-05-16T14:59:57.518979250Z 2026-05-16T14:59:57.518919Z  INFO influxdb3_server::http: handling query_sql database=bench query_str=-- High-cardinality predicate: per-host extremes across a 4-week window.
querier-1  | 2026-05-16T14:59:57.518986916Z -- Benchmarks the per-file pruning path. Compaction should improve this
querier-1  | 2026-05-16T14:59:57.518987750Z -- materially when many gen1 files cover overlapping host sets.
querier-1  | 2026-05-16T14:59:57.518988375Z SELECT host, MAX(pressure) AS max_p, MIN(pressure) AS min_p
querier-1  | 2026-05-16T14:59:57.518988958Z FROM sensors
querier-1  | 2026-05-16T14:59:57.518989500Z WHERE time > now() - INTERVAL '4 weeks'
querier-1  | 2026-05-16T14:59:57.518990250Z GROUP BY host
querier-1  | 2026-05-16T14:59:57.518990791Z ORDER BY max_p DESC
querier-1  | 2026-05-16T14:59:57.518991333Z LIMIT 50 format=Csv
querier-1  | 2026-05-16T14:59:57.518991875Z 2026-05-16T14:59:57.518934Z  INFO influxdb3_server::query_executor: executing sql query database=bench query=-- High-cardinality predicate: per-host extremes across a 4-week window.
querier-1  | 2026-05-16T14:59:57.518992583Z -- Benchmarks the per-file pruning path. Compaction should improve this
querier-1  | 2026-05-16T14:59:57.518993166Z -- materially when many gen1 files cover overlapping host sets.
querier-1  | 2026-05-16T14:59:57.518993750Z SELECT host, MAX(pressure) AS max_p, MIN(pressure) AS min_p
querier-1  | 2026-05-16T14:59:57.518994333Z FROM sensors
querier-1  | 2026-05-16T14:59:57.518994875Z WHERE time > now() - INTERVAL '4 weeks'
querier-1  | 2026-05-16T14:59:57.518995458Z GROUP BY host
querier-1  | 2026-05-16T14:59:57.518995958Z ORDER BY max_p DESC
querier-1  | 2026-05-16T14:59:57.518996500Z LIMIT 50 params=None
querier-1  | 2026-05-16T14:59:57.518997083Z 2026-05-16T14:59:57.518955Z  INFO iox_query::query_log: query when="received" id=301e3c48-aafb-474e-921d-6bac6fbf2367 namespace_id=0 namespace_name="influxdb3 oss" query_type="sql" query_text=-- High-cardinality predicate: per-host extremes across a 4-week window.
querier-1  | 2026-05-16T14:59:57.518997916Z -- Benchmarks the per-file pruning path. Compaction should improve this
querier-1  | 2026-05-16T14:59:57.518998458Z -- materially when many gen1 files cover overlapping host sets.
querier-1  | 2026-05-16T14:59:57.518998958Z SELECT host, MAX(pressure) AS max_p, MIN(pressure) AS min_p
querier-1  | 2026-05-16T14:59:57.518999458Z FROM sensors
querier-1  | 2026-05-16T14:59:57.518999916Z WHERE time > now() - INTERVAL '4 weeks'
querier-1  | 2026-05-16T14:59:57.519000375Z GROUP BY host
querier-1  | 2026-05-16T14:59:57.519000875Z ORDER BY max_p DESC
querier-1  | 2026-05-16T14:59:57.519001333Z LIMIT 50 query_params=Params { } issue_time=2026-05-16T14:59:57.518954708+00:00 success=false running=true cancelled=false
querier-1  | 2026-05-16T14:59:57.520618458Z 2026-05-16T14:59:57.520554Z  INFO iox_query::query_log: query when="planned" id=301e3c48-aafb-474e-921d-6bac6fbf2367 namespace_id=0 namespace_name="influxdb3 oss" query_type="sql" query_text=-- High-cardinality predicate: per-host extremes across a 4-week window.
querier-1  | 2026-05-16T14:59:57.520623458Z -- Benchmarks the per-file pruning path. Compaction should improve this
querier-1  | 2026-05-16T14:59:57.520624333Z -- materially when many gen1 files cover overlapping host sets.
querier-1  | 2026-05-16T14:59:57.520624916Z SELECT host, MAX(pressure) AS max_p, MIN(pressure) AS min_p
querier-1  | 2026-05-16T14:59:57.520625500Z FROM sensors
querier-1  | 2026-05-16T14:59:57.520626083Z WHERE time > now() - INTERVAL '4 weeks'
querier-1  | 2026-05-16T14:59:57.520626708Z GROUP BY host
querier-1  | 2026-05-16T14:59:57.520627250Z ORDER BY max_p DESC
querier-1  | 2026-05-16T14:59:57.520627791Z LIMIT 50 query_params=Params { } issue_time=2026-05-16T14:59:57.518954708+00:00 partitions=1 parquet_files=1 deduplicated_partitions=0 deduplicated_parquet_files=0 plan_duration_secs=0.001595917 success=false running=true cancelled=false
querier-1  | 2026-05-16T14:59:57.520628583Z 2026-05-16T14:59:57.520563Z  INFO iox_query::query_log: query when="permit" id=301e3c48-aafb-474e-921d-6bac6fbf2367 namespace_id=0 namespace_name="influxdb3 oss" query_type="sql" query_text=-- High-cardinality predicate: per-host extremes across a 4-week window.
querier-1  | 2026-05-16T14:59:57.520629416Z -- Benchmarks the per-file pruning path. Compaction should improve this
querier-1  | 2026-05-16T14:59:57.520630000Z -- materially when many gen1 files cover overlapping host sets.
querier-1  | 2026-05-16T14:59:57.520630583Z SELECT host, MAX(pressure) AS max_p, MIN(pressure) AS min_p
querier-1  | 2026-05-16T14:59:57.520631166Z FROM sensors
querier-1  | 2026-05-16T14:59:57.520631625Z WHERE time > now() - INTERVAL '4 weeks'
querier-1  | 2026-05-16T14:59:57.520632208Z GROUP BY host
querier-1  | 2026-05-16T14:59:57.520632750Z ORDER BY max_p DESC
querier-1  | 2026-05-16T14:59:57.520633291Z LIMIT 50 query_params=Params { } issue_time=2026-05-16T14:59:57.518954708+00:00 partitions=1 parquet_files=1 deduplicated_partitions=0 deduplicated_parquet_files=0 plan_duration_secs=0.001595917 permit_duration_secs=1.2625e-5 success=false running=true cancelled=false
querier-1  | 2026-05-16T14:59:57.520865208Z 2026-05-16T14:59:57.520812Z  INFO iox_query::query_log: query when="success" id=301e3c48-aafb-474e-921d-6bac6fbf2367 namespace_id=0 namespace_name="influxdb3 oss" query_type="sql" query_text=-- High-cardinality predicate: per-host extremes across a 4-week window.
querier-1  | 2026-05-16T14:59:57.520868166Z -- Benchmarks the per-file pruning path. Compaction should improve this
querier-1  | 2026-05-16T14:59:57.520869125Z -- materially when many gen1 files cover overlapping host sets.
querier-1  | 2026-05-16T14:59:57.520869875Z SELECT host, MAX(pressure) AS max_p, MIN(pressure) AS min_p
querier-1  | 2026-05-16T14:59:57.520870625Z FROM sensors
querier-1  | 2026-05-16T14:59:57.520871333Z WHERE time > now() - INTERVAL '4 weeks'
querier-1  | 2026-05-16T14:59:57.520872166Z GROUP BY host
querier-1  | 2026-05-16T14:59:57.520872833Z ORDER BY max_p DESC
querier-1  | 2026-05-16T14:59:57.520890250Z LIMIT 50 query_params=Params { } issue_time=2026-05-16T14:59:57.518954708+00:00 partitions=1 parquet_files=1 deduplicated_partitions=0 deduplicated_parquet_files=0 plan_duration_secs=0.001595917 permit_duration_secs=1.2625e-5 execute_duration_secs=0.000217458 end2end_duration_secs=0.001856833 compute_duration_secs=9.9626e-5 max_memory=0 ingester_metrics.latency_to_plan_secs=0.0 ingester_metrics.latency_to_full_data_secs=0.0 ingester_metrics.response_rows=0 ingester_metrics.partition_count=0 ingester_metrics.response_size=0 success=true running=false cancelled=false
querier-1  | 2026-05-16T14:59:57.549678416Z 2026-05-16T14:59:57.549614Z  INFO influxdb3_server::http: handling query_sql database=bench query_str=-- 6-hour downsampling over an 8-week window. Touches most parquet files
querier-1  | 2026-05-16T14:59:57.549685166Z -- since timestamps span the entire generated range; aggregation work is
querier-1  | 2026-05-16T14:59:57.549686125Z -- dominated by group-by and merge across many files. 6h bins keep result
querier-1  | 2026-05-16T14:59:57.549686916Z -- cardinality manageable while still exercising the full date range.
querier-1  | 2026-05-16T14:59:57.549687666Z SELECT
querier-1  | 2026-05-16T14:59:57.549688458Z     DATE_BIN(INTERVAL '6 hours', time) AS bucket,
querier-1  | 2026-05-16T14:59:57.549689166Z     region,
querier-1  | 2026-05-16T14:59:57.549689875Z     AVG(temp) AS avg_temp,
querier-1  | 2026-05-16T14:59:57.549690625Z     APPROX_PERCENTILE_CONT(humidity, 0.95) AS p95_humidity
querier-1  | 2026-05-16T14:59:57.549691416Z FROM sensors
querier-1  | 2026-05-16T14:59:57.549692083Z WHERE time > now() - INTERVAL '8 weeks'
querier-1  | 2026-05-16T14:59:57.549692958Z GROUP BY bucket, region
querier-1  | 2026-05-16T14:59:57.549693625Z ORDER BY bucket, region format=Csv
querier-1  | 2026-05-16T14:59:57.549694375Z 2026-05-16T14:59:57.549629Z  INFO influxdb3_server::query_executor: executing sql query database=bench query=-- 6-hour downsampling over an 8-week window. Touches most parquet files
querier-1  | 2026-05-16T14:59:57.549695333Z -- since timestamps span the entire generated range; aggregation work is
querier-1  | 2026-05-16T14:59:57.549696041Z -- dominated by group-by and merge across many files. 6h bins keep result
querier-1  | 2026-05-16T14:59:57.549696833Z -- cardinality manageable while still exercising the full date range.
querier-1  | 2026-05-16T14:59:57.549697583Z SELECT
querier-1  | 2026-05-16T14:59:57.549698250Z     DATE_BIN(INTERVAL '6 hours', time) AS bucket,
querier-1  | 2026-05-16T14:59:57.549698958Z     region,
querier-1  | 2026-05-16T14:59:57.549699625Z     AVG(temp) AS avg_temp,
querier-1  | 2026-05-16T14:59:57.549700291Z     APPROX_PERCENTILE_CONT(humidity, 0.95) AS p95_humidity
querier-1  | 2026-05-16T14:59:57.549701000Z FROM sensors
querier-1  | 2026-05-16T14:59:57.549701625Z WHERE time > now() - INTERVAL '8 weeks'
querier-1  | 2026-05-16T14:59:57.549702291Z GROUP BY bucket, region
querier-1  | 2026-05-16T14:59:57.549702875Z ORDER BY bucket, region params=None
querier-1  | 2026-05-16T14:59:57.549703583Z 2026-05-16T14:59:57.549651Z  INFO iox_query::query_log: query when="received" id=117979b6-f560-4805-a9ca-c235f262d39f namespace_id=0 namespace_name="influxdb3 oss" query_type="sql" query_text=-- 6-hour downsampling over an 8-week window. Touches most parquet files
querier-1  | 2026-05-16T14:59:57.549712125Z -- since timestamps span the entire generated range; aggregation work is
querier-1  | 2026-05-16T14:59:57.549712708Z -- dominated by group-by and merge across many files. 6h bins keep result
querier-1  | 2026-05-16T14:59:57.549713250Z -- cardinality manageable while still exercising the full date range.
querier-1  | 2026-05-16T14:59:57.549713791Z SELECT
querier-1  | 2026-05-16T14:59:57.549714291Z     DATE_BIN(INTERVAL '6 hours', time) AS bucket,
querier-1  | 2026-05-16T14:59:57.549714791Z     region,
querier-1  | 2026-05-16T14:59:57.549715250Z     AVG(temp) AS avg_temp,
querier-1  | 2026-05-16T14:59:57.549715750Z     APPROX_PERCENTILE_CONT(humidity, 0.95) AS p95_humidity
querier-1  | 2026-05-16T14:59:57.549716250Z FROM sensors
querier-1  | 2026-05-16T14:59:57.549716708Z WHERE time > now() - INTERVAL '8 weeks'
querier-1  | 2026-05-16T14:59:57.549717208Z GROUP BY bucket, region
querier-1  | 2026-05-16T14:59:57.549717833Z ORDER BY bucket, region query_params=Params { } issue_time=2026-05-16T14:59:57.549650333+00:00 success=false running=true cancelled=false
querier-1  | 2026-05-16T14:59:57.551581916Z 2026-05-16T14:59:57.551525Z  INFO iox_query::query_log: query when="planned" id=117979b6-f560-4805-a9ca-c235f262d39f namespace_id=0 namespace_name="influxdb3 oss" query_type="sql" query_text=-- 6-hour downsampling over an 8-week window. Touches most parquet files
querier-1  | 2026-05-16T14:59:57.551587541Z -- since timestamps span the entire generated range; aggregation work is
querier-1  | 2026-05-16T14:59:57.551588333Z -- dominated by group-by and merge across many files. 6h bins keep result
querier-1  | 2026-05-16T14:59:57.551588958Z -- cardinality manageable while still exercising the full date range.
querier-1  | 2026-05-16T14:59:57.551589583Z SELECT
querier-1  | 2026-05-16T14:59:57.551590208Z     DATE_BIN(INTERVAL '6 hours', time) AS bucket,
querier-1  | 2026-05-16T14:59:57.551590791Z     region,
querier-1  | 2026-05-16T14:59:57.551591333Z     AVG(temp) AS avg_temp,
querier-1  | 2026-05-16T14:59:57.551592041Z     APPROX_PERCENTILE_CONT(humidity, 0.95) AS p95_humidity
querier-1  | 2026-05-16T14:59:57.551592666Z FROM sensors
querier-1  | 2026-05-16T14:59:57.551593208Z WHERE time > now() - INTERVAL '8 weeks'
querier-1  | 2026-05-16T14:59:57.551593875Z GROUP BY bucket, region
querier-1  | 2026-05-16T14:59:57.551594500Z ORDER BY bucket, region query_params=Params { } issue_time=2026-05-16T14:59:57.549650333+00:00 partitions=1 parquet_files=1 deduplicated_partitions=0 deduplicated_parquet_files=0 plan_duration_secs=0.001871458 success=false running=true cancelled=false
querier-1  | 2026-05-16T14:59:57.551595333Z 2026-05-16T14:59:57.551534Z  INFO iox_query::query_log: query when="permit" id=117979b6-f560-4805-a9ca-c235f262d39f namespace_id=0 namespace_name="influxdb3 oss" query_type="sql" query_text=-- 6-hour downsampling over an 8-week window. Touches most parquet files
querier-1  | 2026-05-16T14:59:57.551596416Z -- since timestamps span the entire generated range; aggregation work is
querier-1  | 2026-05-16T14:59:57.551597166Z -- dominated by group-by and merge across many files. 6h bins keep result
querier-1  | 2026-05-16T14:59:57.551597916Z -- cardinality manageable while still exercising the full date range.
querier-1  | 2026-05-16T14:59:57.551602500Z SELECT
querier-1  | 2026-05-16T14:59:57.551603250Z     DATE_BIN(INTERVAL '6 hours', time) AS bucket,
querier-1  | 2026-05-16T14:59:57.551604041Z     region,
querier-1  | 2026-05-16T14:59:57.551604750Z     AVG(temp) AS avg_temp,
querier-1  | 2026-05-16T14:59:57.551605416Z     APPROX_PERCENTILE_CONT(humidity, 0.95) AS p95_humidity
querier-1  | 2026-05-16T14:59:57.551606166Z FROM sensors
querier-1  | 2026-05-16T14:59:57.551606750Z WHERE time > now() - INTERVAL '8 weeks'
querier-1  | 2026-05-16T14:59:57.551607500Z GROUP BY bucket, region
querier-1  | 2026-05-16T14:59:57.551608250Z ORDER BY bucket, region query_params=Params { } issue_time=2026-05-16T14:59:57.549650333+00:00 partitions=1 parquet_files=1 deduplicated_partitions=0 deduplicated_parquet_files=0 plan_duration_secs=0.001871458 permit_duration_secs=1.2667e-5 success=false running=true cancelled=false
querier-1  | 2026-05-16T14:59:57.551762333Z 2026-05-16T14:59:57.551714Z  INFO iox_query::query_log: query when="success" id=117979b6-f560-4805-a9ca-c235f262d39f namespace_id=0 namespace_name="influxdb3 oss" query_type="sql" query_text=-- 6-hour downsampling over an 8-week window. Touches most parquet files
querier-1  | 2026-05-16T14:59:57.551765458Z -- since timestamps span the entire generated range; aggregation work is
querier-1  | 2026-05-16T14:59:57.551766416Z -- dominated by group-by and merge across many files. 6h bins keep result
querier-1  | 2026-05-16T14:59:57.551767250Z -- cardinality manageable while still exercising the full date range.
querier-1  | 2026-05-16T14:59:57.551768083Z SELECT
querier-1  | 2026-05-16T14:59:57.551768916Z     DATE_BIN(INTERVAL '6 hours', time) AS bucket,
querier-1  | 2026-05-16T14:59:57.551769708Z     region,
querier-1  | 2026-05-16T14:59:57.551770416Z     AVG(temp) AS avg_temp,
querier-1  | 2026-05-16T14:59:57.551771166Z     APPROX_PERCENTILE_CONT(humidity, 0.95) AS p95_humidity
querier-1  | 2026-05-16T14:59:57.551771916Z FROM sensors
querier-1  | 2026-05-16T14:59:57.551772625Z WHERE time > now() - INTERVAL '8 weeks'
querier-1  | 2026-05-16T14:59:57.551773375Z GROUP BY bucket, region
querier-1  | 2026-05-16T14:59:57.551774125Z ORDER BY bucket, region query_params=Params { } issue_time=2026-05-16T14:59:57.549650333+00:00 partitions=1 parquet_files=1 deduplicated_partitions=0 deduplicated_parquet_files=0 plan_duration_secs=0.001871458 permit_duration_secs=1.2667e-5 execute_duration_secs=0.00016 end2end_duration_secs=0.002063875 compute_duration_secs=0.000115459 max_memory=0 ingester_metrics.latency_to_plan_secs=0.0 ingester_metrics.latency_to_full_data_secs=0.0 ingester_metrics.response_rows=0 ingester_metrics.partition_count=0 ingester_metrics.response_size=0 success=true running=false cancelled=false
querier-1  | 2026-05-16T14:59:57.595740416Z 2026-05-16T14:59:57.595665Z  INFO influxdb3_server::http: handling query_sql database=bench query_str=-- 6-hour downsampling over an 8-week window. Touches most parquet files
querier-1  | 2026-05-16T14:59:57.595756625Z -- since timestamps span the entire generated range; aggregation work is
querier-1  | 2026-05-16T14:59:57.595757333Z -- dominated by group-by and merge across many files. 6h bins keep result
querier-1  | 2026-05-16T14:59:57.595757875Z -- cardinality manageable while still exercising the full date range.
querier-1  | 2026-05-16T14:59:57.595763291Z SELECT
querier-1  | 2026-05-16T14:59:57.595763833Z     DATE_BIN(INTERVAL '6 hours', time) AS bucket,
querier-1  | 2026-05-16T14:59:57.595764375Z     region,
querier-1  | 2026-05-16T14:59:57.595764916Z     AVG(temp) AS avg_temp,
querier-1  | 2026-05-16T14:59:57.595765416Z     APPROX_PERCENTILE_CONT(humidity, 0.95) AS p95_humidity
querier-1  | 2026-05-16T14:59:57.595765916Z FROM sensors
querier-1  | 2026-05-16T14:59:57.595766416Z WHERE time > now() - INTERVAL '8 weeks'
querier-1  | 2026-05-16T14:59:57.595767083Z GROUP BY bucket, region
querier-1  | 2026-05-16T14:59:57.595767541Z ORDER BY bucket, region format=Csv
querier-1  | 2026-05-16T14:59:57.595768041Z 2026-05-16T14:59:57.595685Z  INFO influxdb3_server::query_executor: executing sql query database=bench query=-- 6-hour downsampling over an 8-week window. Touches most parquet files
querier-1  | 2026-05-16T14:59:57.595768708Z -- since timestamps span the entire generated range; aggregation work is
querier-1  | 2026-05-16T14:59:57.595769208Z -- dominated by group-by and merge across many files. 6h bins keep result
querier-1  | 2026-05-16T14:59:57.595769750Z -- cardinality manageable while still exercising the full date range.
querier-1  | 2026-05-16T14:59:57.595770291Z SELECT
querier-1  | 2026-05-16T14:59:57.595770750Z     DATE_BIN(INTERVAL '6 hours', time) AS bucket,
querier-1  | 2026-05-16T14:59:57.595771250Z     region,
querier-1  | 2026-05-16T14:59:57.595771708Z     AVG(temp) AS avg_temp,
querier-1  | 2026-05-16T14:59:57.595772208Z     APPROX_PERCENTILE_CONT(humidity, 0.95) AS p95_humidity
querier-1  | 2026-05-16T14:59:57.595772666Z FROM sensors
querier-1  | 2026-05-16T14:59:57.595773166Z WHERE time > now() - INTERVAL '8 weeks'
querier-1  | 2026-05-16T14:59:57.595773625Z GROUP BY bucket, region
querier-1  | 2026-05-16T14:59:57.595774083Z ORDER BY bucket, region params=None
querier-1  | 2026-05-16T14:59:57.595774625Z 2026-05-16T14:59:57.595704Z  INFO iox_query::query_log: query when="received" id=b795c06d-5b0c-4c80-a872-a7b740dea0dd namespace_id=0 namespace_name="influxdb3 oss" query_type="sql" query_text=-- 6-hour downsampling over an 8-week window. Touches most parquet files
querier-1  | 2026-05-16T14:59:57.595775333Z -- since timestamps span the entire generated range; aggregation work is
querier-1  | 2026-05-16T14:59:57.595775875Z -- dominated by group-by and merge across many files. 6h bins keep result
querier-1  | 2026-05-16T14:59:57.595776375Z -- cardinality manageable while still exercising the full date range.
querier-1  | 2026-05-16T14:59:57.595776916Z SELECT
querier-1  | 2026-05-16T14:59:57.595777375Z     DATE_BIN(INTERVAL '6 hours', time) AS bucket,
querier-1  | 2026-05-16T14:59:57.595777875Z     region,
querier-1  | 2026-05-16T14:59:57.595778333Z     AVG(temp) AS avg_temp,
querier-1  | 2026-05-16T14:59:57.595778791Z     APPROX_PERCENTILE_CONT(humidity, 0.95) AS p95_humidity
querier-1  | 2026-05-16T14:59:57.595779291Z FROM sensors
querier-1  | 2026-05-16T14:59:57.595779750Z WHERE time > now() - INTERVAL '8 weeks'
querier-1  | 2026-05-16T14:59:57.595780250Z GROUP BY bucket, region
querier-1  | 2026-05-16T14:59:57.595781166Z ORDER BY bucket, region query_params=Params { } issue_time=2026-05-16T14:59:57.595704+00:00 success=false running=true cancelled=false
querier-1  | 2026-05-16T14:59:57.597444750Z 2026-05-16T14:59:57.597384Z  INFO iox_query::query_log: query when="planned" id=b795c06d-5b0c-4c80-a872-a7b740dea0dd namespace_id=0 namespace_name="influxdb3 oss" query_type="sql" query_text=-- 6-hour downsampling over an 8-week window. Touches most parquet files
querier-1  | 2026-05-16T14:59:57.597450791Z -- since timestamps span the entire generated range; aggregation work is
querier-1  | 2026-05-16T14:59:57.597451708Z -- dominated by group-by and merge across many files. 6h bins keep result
querier-1  | 2026-05-16T14:59:57.597452375Z -- cardinality manageable while still exercising the full date range.
querier-1  | 2026-05-16T14:59:57.597453000Z SELECT
querier-1  | 2026-05-16T14:59:57.597453625Z     DATE_BIN(INTERVAL '6 hours', time) AS bucket,
querier-1  | 2026-05-16T14:59:57.597454208Z     region,
querier-1  | 2026-05-16T14:59:57.597454833Z     AVG(temp) AS avg_temp,
querier-1  | 2026-05-16T14:59:57.597455416Z     APPROX_PERCENTILE_CONT(humidity, 0.95) AS p95_humidity
querier-1  | 2026-05-16T14:59:57.597456041Z FROM sensors
querier-1  | 2026-05-16T14:59:57.597456583Z WHERE time > now() - INTERVAL '8 weeks'
querier-1  | 2026-05-16T14:59:57.597457208Z GROUP BY bucket, region
querier-1  | 2026-05-16T14:59:57.597457791Z ORDER BY bucket, region query_params=Params { } issue_time=2026-05-16T14:59:57.595704+00:00 partitions=1 parquet_files=1 deduplicated_partitions=0 deduplicated_parquet_files=0 plan_duration_secs=0.001676708 success=false running=true cancelled=false
querier-1  | 2026-05-16T14:59:57.597458583Z 2026-05-16T14:59:57.597395Z  INFO iox_query::query_log: query when="permit" id=b795c06d-5b0c-4c80-a872-a7b740dea0dd namespace_id=0 namespace_name="influxdb3 oss" query_type="sql" query_text=-- 6-hour downsampling over an 8-week window. Touches most parquet files
querier-1  | 2026-05-16T14:59:57.597459416Z -- since timestamps span the entire generated range; aggregation work is
querier-1  | 2026-05-16T14:59:57.597460041Z -- dominated by group-by and merge across many files. 6h bins keep result
querier-1  | 2026-05-16T14:59:57.597460625Z -- cardinality manageable while still exercising the full date range.
querier-1  | 2026-05-16T14:59:57.597461208Z SELECT
querier-1  | 2026-05-16T14:59:57.597461750Z     DATE_BIN(INTERVAL '6 hours', time) AS bucket,
querier-1  | 2026-05-16T14:59:57.597462333Z     region,
querier-1  | 2026-05-16T14:59:57.597462916Z     AVG(temp) AS avg_temp,
querier-1  | 2026-05-16T14:59:57.597463458Z     APPROX_PERCENTILE_CONT(humidity, 0.95) AS p95_humidity
querier-1  | 2026-05-16T14:59:57.597464041Z FROM sensors
querier-1  | 2026-05-16T14:59:57.597464541Z WHERE time > now() - INTERVAL '8 weeks'
querier-1  | 2026-05-16T14:59:57.597465125Z GROUP BY bucket, region
querier-1  | 2026-05-16T14:59:57.597465708Z ORDER BY bucket, region query_params=Params { } issue_time=2026-05-16T14:59:57.595704+00:00 partitions=1 parquet_files=1 deduplicated_partitions=0 deduplicated_parquet_files=0 plan_duration_secs=0.001676708 permit_duration_secs=1.4917e-5 success=false running=true cancelled=false
querier-1  | 2026-05-16T14:59:57.597707458Z 2026-05-16T14:59:57.597651Z  INFO iox_query::query_log: query when="success" id=b795c06d-5b0c-4c80-a872-a7b740dea0dd namespace_id=0 namespace_name="influxdb3 oss" query_type="sql" query_text=-- 6-hour downsampling over an 8-week window. Touches most parquet files
querier-1  | 2026-05-16T14:59:57.597712875Z -- since timestamps span the entire generated range; aggregation work is
querier-1  | 2026-05-16T14:59:57.597713666Z -- dominated by group-by and merge across many files. 6h bins keep result
querier-1  | 2026-05-16T14:59:57.597714416Z -- cardinality manageable while still exercising the full date range.
querier-1  | 2026-05-16T14:59:57.597715083Z SELECT
querier-1  | 2026-05-16T14:59:57.597715750Z     DATE_BIN(INTERVAL '6 hours', time) AS bucket,
querier-1  | 2026-05-16T14:59:57.597716500Z     region,
querier-1  | 2026-05-16T14:59:57.597717166Z     AVG(temp) AS avg_temp,
querier-1  | 2026-05-16T14:59:57.597717833Z     APPROX_PERCENTILE_CONT(humidity, 0.95) AS p95_humidity
querier-1  | 2026-05-16T14:59:57.597718541Z FROM sensors
querier-1  | 2026-05-16T14:59:57.597719208Z WHERE time > now() - INTERVAL '8 weeks'
querier-1  | 2026-05-16T14:59:57.597719958Z GROUP BY bucket, region
querier-1  | 2026-05-16T14:59:57.597720708Z ORDER BY bucket, region query_params=Params { } issue_time=2026-05-16T14:59:57.595704+00:00 partitions=1 parquet_files=1 deduplicated_partitions=0 deduplicated_parquet_files=0 plan_duration_secs=0.001676708 permit_duration_secs=1.4917e-5 execute_duration_secs=0.000224791 end2end_duration_secs=0.001946083 compute_duration_secs=0.000138001 max_memory=0 ingester_metrics.latency_to_plan_secs=0.0 ingester_metrics.latency_to_full_data_secs=0.0 ingester_metrics.response_rows=0 ingester_metrics.partition_count=0 ingester_metrics.response_size=0 success=true running=false cancelled=false
querier-1  | 2026-05-16T14:59:57.642055416Z 2026-05-16T14:59:57.641992Z  INFO influxdb3_server::http: handling query_sql database=bench query_str=-- 6-hour downsampling over an 8-week window. Touches most parquet files
querier-1  | 2026-05-16T14:59:57.642061916Z -- since timestamps span the entire generated range; aggregation work is
querier-1  | 2026-05-16T14:59:57.642062791Z -- dominated by group-by and merge across many files. 6h bins keep result
querier-1  | 2026-05-16T14:59:57.642063625Z -- cardinality manageable while still exercising the full date range.
querier-1  | 2026-05-16T14:59:57.642064375Z SELECT
querier-1  | 2026-05-16T14:59:57.642065041Z     DATE_BIN(INTERVAL '6 hours', time) AS bucket,
querier-1  | 2026-05-16T14:59:57.642065875Z     region,
querier-1  | 2026-05-16T14:59:57.642066541Z     AVG(temp) AS avg_temp,
querier-1  | 2026-05-16T14:59:57.642067291Z     APPROX_PERCENTILE_CONT(humidity, 0.95) AS p95_humidity
querier-1  | 2026-05-16T14:59:57.642068000Z FROM sensors
querier-1  | 2026-05-16T14:59:57.642068708Z WHERE time > now() - INTERVAL '8 weeks'
querier-1  | 2026-05-16T14:59:57.642069541Z GROUP BY bucket, region
querier-1  | 2026-05-16T14:59:57.642070250Z ORDER BY bucket, region format=Csv
querier-1  | 2026-05-16T14:59:57.642070916Z 2026-05-16T14:59:57.642007Z  INFO influxdb3_server::query_executor: executing sql query database=bench query=-- 6-hour downsampling over an 8-week window. Touches most parquet files
querier-1  | 2026-05-16T14:59:57.642071750Z -- since timestamps span the entire generated range; aggregation work is
querier-1  | 2026-05-16T14:59:57.642072416Z -- dominated by group-by and merge across many files. 6h bins keep result
querier-1  | 2026-05-16T14:59:57.642079625Z -- cardinality manageable while still exercising the full date range.
querier-1  | 2026-05-16T14:59:57.642080208Z SELECT
querier-1  | 2026-05-16T14:59:57.642080666Z     DATE_BIN(INTERVAL '6 hours', time) AS bucket,
querier-1  | 2026-05-16T14:59:57.642081166Z     region,
querier-1  | 2026-05-16T14:59:57.642081625Z     AVG(temp) AS avg_temp,
querier-1  | 2026-05-16T14:59:57.642082125Z     APPROX_PERCENTILE_CONT(humidity, 0.95) AS p95_humidity
querier-1  | 2026-05-16T14:59:57.642082666Z FROM sensors
querier-1  | 2026-05-16T14:59:57.642083125Z WHERE time > now() - INTERVAL '8 weeks'
querier-1  | 2026-05-16T14:59:57.642083625Z GROUP BY bucket, region
querier-1  | 2026-05-16T14:59:57.642084083Z ORDER BY bucket, region params=None
querier-1  | 2026-05-16T14:59:57.642084583Z 2026-05-16T14:59:57.642028Z  INFO iox_query::query_log: query when="received" id=2e557955-e43c-4a20-9af4-73822764ad41 namespace_id=0 namespace_name="influxdb3 oss" query_type="sql" query_text=-- 6-hour downsampling over an 8-week window. Touches most parquet files
querier-1  | 2026-05-16T14:59:57.642085375Z -- since timestamps span the entire generated range; aggregation work is
querier-1  | 2026-05-16T14:59:57.642085916Z -- dominated by group-by and merge across many files. 6h bins keep result
querier-1  | 2026-05-16T14:59:57.642086416Z -- cardinality manageable while still exercising the full date range.
querier-1  | 2026-05-16T14:59:57.642086958Z SELECT
querier-1  | 2026-05-16T14:59:57.642087416Z     DATE_BIN(INTERVAL '6 hours', time) AS bucket,
querier-1  | 2026-05-16T14:59:57.642087916Z     region,
querier-1  | 2026-05-16T14:59:57.642088375Z     AVG(temp) AS avg_temp,
querier-1  | 2026-05-16T14:59:57.642088833Z     APPROX_PERCENTILE_CONT(humidity, 0.95) AS p95_humidity
querier-1  | 2026-05-16T14:59:57.642089333Z FROM sensors
querier-1  | 2026-05-16T14:59:57.642089791Z WHERE time > now() - INTERVAL '8 weeks'
querier-1  | 2026-05-16T14:59:57.642090291Z GROUP BY bucket, region
querier-1  | 2026-05-16T14:59:57.642090958Z ORDER BY bucket, region query_params=Params { } issue_time=2026-05-16T14:59:57.642028+00:00 success=false running=true cancelled=false
querier-1  | 2026-05-16T14:59:57.643750625Z 2026-05-16T14:59:57.643683Z  INFO iox_query::query_log: query when="planned" id=2e557955-e43c-4a20-9af4-73822764ad41 namespace_id=0 namespace_name="influxdb3 oss" query_type="sql" query_text=-- 6-hour downsampling over an 8-week window. Touches most parquet files
querier-1  | 2026-05-16T14:59:57.643756916Z -- since timestamps span the entire generated range; aggregation work is
querier-1  | 2026-05-16T14:59:57.643757916Z -- dominated by group-by and merge across many files. 6h bins keep result
querier-1  | 2026-05-16T14:59:57.643758708Z -- cardinality manageable while still exercising the full date range.
querier-1  | 2026-05-16T14:59:57.643759500Z SELECT
querier-1  | 2026-05-16T14:59:57.643760250Z     DATE_BIN(INTERVAL '6 hours', time) AS bucket,
querier-1  | 2026-05-16T14:59:57.643761041Z     region,
querier-1  | 2026-05-16T14:59:57.643761750Z     AVG(temp) AS avg_temp,
querier-1  | 2026-05-16T14:59:57.643762458Z     APPROX_PERCENTILE_CONT(humidity, 0.95) AS p95_humidity
querier-1  | 2026-05-16T14:59:57.643766125Z FROM sensors
querier-1  | 2026-05-16T14:59:57.643766875Z WHERE time > now() - INTERVAL '8 weeks'
querier-1  | 2026-05-16T14:59:57.643767708Z GROUP BY bucket, region
querier-1  | 2026-05-16T14:59:57.643768458Z ORDER BY bucket, region query_params=Params { } issue_time=2026-05-16T14:59:57.642028+00:00 partitions=1 parquet_files=1 deduplicated_partitions=0 deduplicated_parquet_files=0 plan_duration_secs=0.001650875 success=false running=true cancelled=false
querier-1  | 2026-05-16T14:59:57.643769416Z 2026-05-16T14:59:57.643700Z  INFO iox_query::query_log: query when="permit" id=2e557955-e43c-4a20-9af4-73822764ad41 namespace_id=0 namespace_name="influxdb3 oss" query_type="sql" query_text=-- 6-hour downsampling over an 8-week window. Touches most parquet files
querier-1  | 2026-05-16T14:59:57.643770500Z -- since timestamps span the entire generated range; aggregation work is
querier-1  | 2026-05-16T14:59:57.643771250Z -- dominated by group-by and merge across many files. 6h bins keep result
querier-1  | 2026-05-16T14:59:57.643771958Z -- cardinality manageable while still exercising the full date range.
querier-1  | 2026-05-16T14:59:57.643772708Z SELECT
querier-1  | 2026-05-16T14:59:57.643773333Z     DATE_BIN(INTERVAL '6 hours', time) AS bucket,
querier-1  | 2026-05-16T14:59:57.643774083Z     region,
querier-1  | 2026-05-16T14:59:57.643776500Z     AVG(temp) AS avg_temp,
querier-1  | 2026-05-16T14:59:57.643777208Z     APPROX_PERCENTILE_CONT(humidity, 0.95) AS p95_humidity
querier-1  | 2026-05-16T14:59:57.643777958Z FROM sensors
querier-1  | 2026-05-16T14:59:57.643778625Z WHERE time > now() - INTERVAL '8 weeks'
querier-1  | 2026-05-16T14:59:57.643779291Z GROUP BY bucket, region
querier-1  | 2026-05-16T14:59:57.643780000Z ORDER BY bucket, region query_params=Params { } issue_time=2026-05-16T14:59:57.642028+00:00 partitions=1 parquet_files=1 deduplicated_partitions=0 deduplicated_parquet_files=0 plan_duration_secs=0.001650875 permit_duration_secs=2.1166e-5 success=false running=true cancelled=false
querier-1  | 2026-05-16T14:59:57.644005291Z 2026-05-16T14:59:57.643949Z  INFO iox_query::query_log: query when="success" id=2e557955-e43c-4a20-9af4-73822764ad41 namespace_id=0 namespace_name="influxdb3 oss" query_type="sql" query_text=-- 6-hour downsampling over an 8-week window. Touches most parquet files
querier-1  | 2026-05-16T14:59:57.644008875Z -- since timestamps span the entire generated range; aggregation work is
querier-1  | 2026-05-16T14:59:57.644009833Z -- dominated by group-by and merge across many files. 6h bins keep result
querier-1  | 2026-05-16T14:59:57.644010625Z -- cardinality manageable while still exercising the full date range.
querier-1  | 2026-05-16T14:59:57.644011291Z SELECT
querier-1  | 2026-05-16T14:59:57.644011958Z     DATE_BIN(INTERVAL '6 hours', time) AS bucket,
querier-1  | 2026-05-16T14:59:57.644012875Z     region,
querier-1  | 2026-05-16T14:59:57.644013541Z     AVG(temp) AS avg_temp,
querier-1  | 2026-05-16T14:59:57.644014416Z     APPROX_PERCENTILE_CONT(humidity, 0.95) AS p95_humidity
querier-1  | 2026-05-16T14:59:57.644015125Z FROM sensors
querier-1  | 2026-05-16T14:59:57.644015791Z WHERE time > now() - INTERVAL '8 weeks'
querier-1  | 2026-05-16T14:59:57.644016583Z GROUP BY bucket, region
querier-1  | 2026-05-16T14:59:57.644020500Z ORDER BY bucket, region query_params=Params { } issue_time=2026-05-16T14:59:57.642028+00:00 partitions=1 parquet_files=1 deduplicated_partitions=0 deduplicated_parquet_files=0 plan_duration_secs=0.001650875 permit_duration_secs=2.1166e-5 execute_duration_secs=0.000220209 end2end_duration_secs=0.001919958 compute_duration_secs=0.000136291 max_memory=0 ingester_metrics.latency_to_plan_secs=0.0 ingester_metrics.latency_to_full_data_secs=0.0 ingester_metrics.response_rows=0 ingester_metrics.partition_count=0 ingester_metrics.response_size=0 success=true running=false cancelled=false
querier-1  | 2026-05-16T14:59:57.688550083Z 2026-05-16T14:59:57.688483Z  INFO influxdb3_server::http: handling query_sql database=bench query_str=-- 6-hour downsampling over an 8-week window. Touches most parquet files
querier-1  | 2026-05-16T14:59:57.688558250Z -- since timestamps span the entire generated range; aggregation work is
querier-1  | 2026-05-16T14:59:57.688559458Z -- dominated by group-by and merge across many files. 6h bins keep result
querier-1  | 2026-05-16T14:59:57.688560291Z -- cardinality manageable while still exercising the full date range.
querier-1  | 2026-05-16T14:59:57.688561041Z SELECT
querier-1  | 2026-05-16T14:59:57.688561875Z     DATE_BIN(INTERVAL '6 hours', time) AS bucket,
querier-1  | 2026-05-16T14:59:57.688562625Z     region,
querier-1  | 2026-05-16T14:59:57.688563208Z     AVG(temp) AS avg_temp,
querier-1  | 2026-05-16T14:59:57.688563833Z     APPROX_PERCENTILE_CONT(humidity, 0.95) AS p95_humidity
querier-1  | 2026-05-16T14:59:57.688564541Z FROM sensors
querier-1  | 2026-05-16T14:59:57.688565208Z WHERE time > now() - INTERVAL '8 weeks'
querier-1  | 2026-05-16T14:59:57.688566083Z GROUP BY bucket, region
querier-1  | 2026-05-16T14:59:57.688566791Z ORDER BY bucket, region format=Csv
querier-1  | 2026-05-16T14:59:57.688567541Z 2026-05-16T14:59:57.688498Z  INFO influxdb3_server::query_executor: executing sql query database=bench query=-- 6-hour downsampling over an 8-week window. Touches most parquet files
querier-1  | 2026-05-16T14:59:57.688568458Z -- since timestamps span the entire generated range; aggregation work is
querier-1  | 2026-05-16T14:59:57.688569208Z -- dominated by group-by and merge across many files. 6h bins keep result
querier-1  | 2026-05-16T14:59:57.688570000Z -- cardinality manageable while still exercising the full date range.
querier-1  | 2026-05-16T14:59:57.688570750Z SELECT
querier-1  | 2026-05-16T14:59:57.688571375Z     DATE_BIN(INTERVAL '6 hours', time) AS bucket,
querier-1  | 2026-05-16T14:59:57.688572083Z     region,
querier-1  | 2026-05-16T14:59:57.688572750Z     AVG(temp) AS avg_temp,
querier-1  | 2026-05-16T14:59:57.688573416Z     APPROX_PERCENTILE_CONT(humidity, 0.95) AS p95_humidity
querier-1  | 2026-05-16T14:59:57.688574166Z FROM sensors
querier-1  | 2026-05-16T14:59:57.688574833Z WHERE time > now() - INTERVAL '8 weeks'
querier-1  | 2026-05-16T14:59:57.688575541Z GROUP BY bucket, region
querier-1  | 2026-05-16T14:59:57.688576208Z ORDER BY bucket, region params=None
querier-1  | 2026-05-16T14:59:57.688576916Z 2026-05-16T14:59:57.688520Z  INFO iox_query::query_log: query when="received" id=e168eef4-c64e-4010-8919-c4130c61c5d9 namespace_id=0 namespace_name="influxdb3 oss" query_type="sql" query_text=-- 6-hour downsampling over an 8-week window. Touches most parquet files
querier-1  | 2026-05-16T14:59:57.688584250Z -- since timestamps span the entire generated range; aggregation work is
querier-1  | 2026-05-16T14:59:57.688585041Z -- dominated by group-by and merge across many files. 6h bins keep result
querier-1  | 2026-05-16T14:59:57.688585791Z -- cardinality manageable while still exercising the full date range.
querier-1  | 2026-05-16T14:59:57.688586541Z SELECT
querier-1  | 2026-05-16T14:59:57.688587208Z     DATE_BIN(INTERVAL '6 hours', time) AS bucket,
querier-1  | 2026-05-16T14:59:57.688587916Z     region,
querier-1  | 2026-05-16T14:59:57.688588583Z     AVG(temp) AS avg_temp,
querier-1  | 2026-05-16T14:59:57.688589291Z     APPROX_PERCENTILE_CONT(humidity, 0.95) AS p95_humidity
querier-1  | 2026-05-16T14:59:57.688590000Z FROM sensors
querier-1  | 2026-05-16T14:59:57.688590708Z WHERE time > now() - INTERVAL '8 weeks'
querier-1  | 2026-05-16T14:59:57.688591416Z GROUP BY bucket, region
querier-1  | 2026-05-16T14:59:57.688592291Z ORDER BY bucket, region query_params=Params { } issue_time=2026-05-16T14:59:57.688519583+00:00 success=false running=true cancelled=false
querier-1  | 2026-05-16T14:59:57.690371708Z 2026-05-16T14:59:57.690312Z  INFO iox_query::query_log: query when="planned" id=e168eef4-c64e-4010-8919-c4130c61c5d9 namespace_id=0 namespace_name="influxdb3 oss" query_type="sql" query_text=-- 6-hour downsampling over an 8-week window. Touches most parquet files
querier-1  | 2026-05-16T14:59:57.690377375Z -- since timestamps span the entire generated range; aggregation work is
querier-1  | 2026-05-16T14:59:57.690378458Z -- dominated by group-by and merge across many files. 6h bins keep result
querier-1  | 2026-05-16T14:59:57.690379208Z -- cardinality manageable while still exercising the full date range.
querier-1  | 2026-05-16T14:59:57.690379875Z SELECT
querier-1  | 2026-05-16T14:59:57.690380583Z     DATE_BIN(INTERVAL '6 hours', time) AS bucket,
querier-1  | 2026-05-16T14:59:57.690381333Z     region,
querier-1  | 2026-05-16T14:59:57.690382000Z     AVG(temp) AS avg_temp,
querier-1  | 2026-05-16T14:59:57.690382750Z     APPROX_PERCENTILE_CONT(humidity, 0.95) AS p95_humidity
querier-1  | 2026-05-16T14:59:57.690383458Z FROM sensors
querier-1  | 2026-05-16T14:59:57.690384166Z WHERE time > now() - INTERVAL '8 weeks'
querier-1  | 2026-05-16T14:59:57.690384958Z GROUP BY bucket, region
querier-1  | 2026-05-16T14:59:57.690385750Z ORDER BY bucket, region query_params=Params { } issue_time=2026-05-16T14:59:57.688519583+00:00 partitions=1 parquet_files=1 deduplicated_partitions=0 deduplicated_parquet_files=0 plan_duration_secs=0.001788625 success=false running=true cancelled=false
querier-1  | 2026-05-16T14:59:57.690386750Z 2026-05-16T14:59:57.690323Z  INFO iox_query::query_log: query when="permit" id=e168eef4-c64e-4010-8919-c4130c61c5d9 namespace_id=0 namespace_name="influxdb3 oss" query_type="sql" query_text=-- 6-hour downsampling over an 8-week window. Touches most parquet files
querier-1  | 2026-05-16T14:59:57.690387833Z -- since timestamps span the entire generated range; aggregation work is
querier-1  | 2026-05-16T14:59:57.690388583Z -- dominated by group-by and merge across many files. 6h bins keep result
querier-1  | 2026-05-16T14:59:57.690389333Z -- cardinality manageable while still exercising the full date range.
querier-1  | 2026-05-16T14:59:57.690393541Z SELECT
querier-1  | 2026-05-16T14:59:57.690394291Z     DATE_BIN(INTERVAL '6 hours', time) AS bucket,
querier-1  | 2026-05-16T14:59:57.690395041Z     region,
querier-1  | 2026-05-16T14:59:57.690395666Z     AVG(temp) AS avg_temp,
querier-1  | 2026-05-16T14:59:57.690396375Z     APPROX_PERCENTILE_CONT(humidity, 0.95) AS p95_humidity
querier-1  | 2026-05-16T14:59:57.690397083Z FROM sensors
querier-1  | 2026-05-16T14:59:57.690397750Z WHERE time > now() - INTERVAL '8 weeks'
querier-1  | 2026-05-16T14:59:57.690398458Z GROUP BY bucket, region
querier-1  | 2026-05-16T14:59:57.690399166Z ORDER BY bucket, region query_params=Params { } issue_time=2026-05-16T14:59:57.688519583+00:00 partitions=1 parquet_files=1 deduplicated_partitions=0 deduplicated_parquet_files=0 plan_duration_secs=0.001788625 permit_duration_secs=1.5042e-5 success=false running=true cancelled=false
querier-1  | 2026-05-16T14:59:57.690618250Z 2026-05-16T14:59:57.690554Z  INFO iox_query::query_log: query when="success" id=e168eef4-c64e-4010-8919-c4130c61c5d9 namespace_id=0 namespace_name="influxdb3 oss" query_type="sql" query_text=-- 6-hour downsampling over an 8-week window. Touches most parquet files
querier-1  | 2026-05-16T14:59:57.690623250Z -- since timestamps span the entire generated range; aggregation work is
querier-1  | 2026-05-16T14:59:57.690624250Z -- dominated by group-by and merge across many files. 6h bins keep result
querier-1  | 2026-05-16T14:59:57.690625083Z -- cardinality manageable while still exercising the full date range.
querier-1  | 2026-05-16T14:59:57.690625916Z SELECT
querier-1  | 2026-05-16T14:59:57.690626625Z     DATE_BIN(INTERVAL '6 hours', time) AS bucket,
querier-1  | 2026-05-16T14:59:57.690627375Z     region,
querier-1  | 2026-05-16T14:59:57.690628041Z     AVG(temp) AS avg_temp,
querier-1  | 2026-05-16T14:59:57.690628791Z     APPROX_PERCENTILE_CONT(humidity, 0.95) AS p95_humidity
querier-1  | 2026-05-16T14:59:57.690629500Z FROM sensors
querier-1  | 2026-05-16T14:59:57.690630208Z WHERE time > now() - INTERVAL '8 weeks'
querier-1  | 2026-05-16T14:59:57.690631041Z GROUP BY bucket, region
querier-1  | 2026-05-16T14:59:57.690631958Z ORDER BY bucket, region query_params=Params { } issue_time=2026-05-16T14:59:57.688519583+00:00 partitions=1 parquet_files=1 deduplicated_partitions=0 deduplicated_parquet_files=0 plan_duration_secs=0.001788625 permit_duration_secs=1.5042e-5 execute_duration_secs=0.000215625 end2end_duration_secs=0.002033792 compute_duration_secs=0.000185208 max_memory=0 ingester_metrics.latency_to_plan_secs=0.0 ingester_metrics.latency_to_full_data_secs=0.0 ingester_metrics.response_rows=0 ingester_metrics.partition_count=0 ingester_metrics.response_size=0 success=true running=false cancelled=false
querier-1  | 2026-05-16T14:59:57.734945541Z 2026-05-16T14:59:57.734877Z  INFO influxdb3_server::http: handling query_sql database=bench query_str=-- 6-hour downsampling over an 8-week window. Touches most parquet files
querier-1  | 2026-05-16T14:59:57.734954875Z -- since timestamps span the entire generated range; aggregation work is
querier-1  | 2026-05-16T14:59:57.734955708Z -- dominated by group-by and merge across many files. 6h bins keep result
querier-1  | 2026-05-16T14:59:57.734956375Z -- cardinality manageable while still exercising the full date range.
querier-1  | 2026-05-16T14:59:57.734963041Z SELECT
querier-1  | 2026-05-16T14:59:57.734963666Z     DATE_BIN(INTERVAL '6 hours', time) AS bucket,
querier-1  | 2026-05-16T14:59:57.734964291Z     region,
querier-1  | 2026-05-16T14:59:57.734964833Z     AVG(temp) AS avg_temp,
querier-1  | 2026-05-16T14:59:57.734965416Z     APPROX_PERCENTILE_CONT(humidity, 0.95) AS p95_humidity
querier-1  | 2026-05-16T14:59:57.734966000Z FROM sensors
querier-1  | 2026-05-16T14:59:57.734966541Z WHERE time > now() - INTERVAL '8 weeks'
querier-1  | 2026-05-16T14:59:57.734967291Z GROUP BY bucket, region
querier-1  | 2026-05-16T14:59:57.734967875Z ORDER BY bucket, region format=Csv
querier-1  | 2026-05-16T14:59:57.734968416Z 2026-05-16T14:59:57.734896Z  INFO influxdb3_server::query_executor: executing sql query database=bench query=-- 6-hour downsampling over an 8-week window. Touches most parquet files
querier-1  | 2026-05-16T14:59:57.734969166Z -- since timestamps span the entire generated range; aggregation work is
querier-1  | 2026-05-16T14:59:57.734969708Z -- dominated by group-by and merge across many files. 6h bins keep result
querier-1  | 2026-05-16T14:59:57.734970333Z -- cardinality manageable while still exercising the full date range.
querier-1  | 2026-05-16T14:59:57.734970916Z SELECT
querier-1  | 2026-05-16T14:59:57.734971416Z     DATE_BIN(INTERVAL '6 hours', time) AS bucket,
querier-1  | 2026-05-16T14:59:57.734972250Z     region,
querier-1  | 2026-05-16T14:59:57.734972791Z     AVG(temp) AS avg_temp,
querier-1  | 2026-05-16T14:59:57.734973333Z     APPROX_PERCENTILE_CONT(humidity, 0.95) AS p95_humidity
querier-1  | 2026-05-16T14:59:57.734973916Z FROM sensors
querier-1  | 2026-05-16T14:59:57.734974416Z WHERE time > now() - INTERVAL '8 weeks'
querier-1  | 2026-05-16T14:59:57.734975041Z GROUP BY bucket, region
querier-1  | 2026-05-16T14:59:57.734975541Z ORDER BY bucket, region params=None
querier-1  | 2026-05-16T14:59:57.734976125Z 2026-05-16T14:59:57.734921Z  INFO iox_query::query_log: query when="received" id=14b31a23-30ac-434a-ba77-306d2828f50c namespace_id=0 namespace_name="influxdb3 oss" query_type="sql" query_text=-- 6-hour downsampling over an 8-week window. Touches most parquet files
querier-1  | 2026-05-16T14:59:57.734978458Z -- since timestamps span the entire generated range; aggregation work is
querier-1  | 2026-05-16T14:59:57.734979166Z -- dominated by group-by and merge across many files. 6h bins keep result
querier-1  | 2026-05-16T14:59:57.734979791Z -- cardinality manageable while still exercising the full date range.
querier-1  | 2026-05-16T14:59:57.734980375Z SELECT
querier-1  | 2026-05-16T14:59:57.734980875Z     DATE_BIN(INTERVAL '6 hours', time) AS bucket,
querier-1  | 2026-05-16T14:59:57.734981625Z     region,
querier-1  | 2026-05-16T14:59:57.734982125Z     AVG(temp) AS avg_temp,
querier-1  | 2026-05-16T14:59:57.734982708Z     APPROX_PERCENTILE_CONT(humidity, 0.95) AS p95_humidity
querier-1  | 2026-05-16T14:59:57.734983208Z FROM sensors
querier-1  | 2026-05-16T14:59:57.734983666Z WHERE time > now() - INTERVAL '8 weeks'
querier-1  | 2026-05-16T14:59:57.734984208Z GROUP BY bucket, region
querier-1  | 2026-05-16T14:59:57.734985708Z ORDER BY bucket, region query_params=Params { } issue_time=2026-05-16T14:59:57.734920166+00:00 success=false running=true cancelled=false
querier-1  | 2026-05-16T14:59:57.736766208Z 2026-05-16T14:59:57.736628Z  INFO iox_query::query_log: query when="planned" id=14b31a23-30ac-434a-ba77-306d2828f50c namespace_id=0 namespace_name="influxdb3 oss" query_type="sql" query_text=-- 6-hour downsampling over an 8-week window. Touches most parquet files
querier-1  | 2026-05-16T14:59:57.736771916Z -- since timestamps span the entire generated range; aggregation work is
querier-1  | 2026-05-16T14:59:57.736772583Z -- dominated by group-by and merge across many files. 6h bins keep result
querier-1  | 2026-05-16T14:59:57.736773166Z -- cardinality manageable while still exercising the full date range.
querier-1  | 2026-05-16T14:59:57.736773750Z SELECT
querier-1  | 2026-05-16T14:59:57.736774291Z     DATE_BIN(INTERVAL '6 hours', time) AS bucket,
querier-1  | 2026-05-16T14:59:57.736774833Z     region,
querier-1  | 2026-05-16T14:59:57.736776583Z     AVG(temp) AS avg_temp,
querier-1  | 2026-05-16T14:59:57.736777083Z     APPROX_PERCENTILE_CONT(humidity, 0.95) AS p95_humidity
querier-1  | 2026-05-16T14:59:57.736777625Z FROM sensors
querier-1  | 2026-05-16T14:59:57.736778083Z WHERE time > now() - INTERVAL '8 weeks'
querier-1  | 2026-05-16T14:59:57.736778750Z GROUP BY bucket, region
querier-1  | 2026-05-16T14:59:57.736779291Z ORDER BY bucket, region query_params=Params { } issue_time=2026-05-16T14:59:57.734920166+00:00 partitions=1 parquet_files=1 deduplicated_partitions=0 deduplicated_parquet_files=0 plan_duration_secs=0.001704959 success=false running=true cancelled=false
querier-1  | 2026-05-16T14:59:57.736779958Z 2026-05-16T14:59:57.736639Z  INFO iox_query::query_log: query when="permit" id=14b31a23-30ac-434a-ba77-306d2828f50c namespace_id=0 namespace_name="influxdb3 oss" query_type="sql" query_text=-- 6-hour downsampling over an 8-week window. Touches most parquet files
querier-1  | 2026-05-16T14:59:57.736780750Z -- since timestamps span the entire generated range; aggregation work is
querier-1  | 2026-05-16T14:59:57.736781250Z -- dominated by group-by and merge across many files. 6h bins keep result
querier-1  | 2026-05-16T14:59:57.736781791Z -- cardinality manageable while still exercising the full date range.
querier-1  | 2026-05-16T14:59:57.736782291Z SELECT
querier-1  | 2026-05-16T14:59:57.736782750Z     DATE_BIN(INTERVAL '6 hours', time) AS bucket,
querier-1  | 2026-05-16T14:59:57.736783250Z     region,
querier-1  | 2026-05-16T14:59:57.736783750Z     AVG(temp) AS avg_temp,
querier-1  | 2026-05-16T14:59:57.736784208Z     APPROX_PERCENTILE_CONT(humidity, 0.95) AS p95_humidity
querier-1  | 2026-05-16T14:59:57.736784708Z FROM sensors
querier-1  | 2026-05-16T14:59:57.736785166Z WHERE time > now() - INTERVAL '8 weeks'
querier-1  | 2026-05-16T14:59:57.736785625Z GROUP BY bucket, region
querier-1  | 2026-05-16T14:59:57.736786166Z ORDER BY bucket, region query_params=Params { } issue_time=2026-05-16T14:59:57.734920166+00:00 partitions=1 parquet_files=1 deduplicated_partitions=0 deduplicated_parquet_files=0 plan_duration_secs=0.001704959 permit_duration_secs=1.4375e-5 success=false running=true cancelled=false
querier-1  | 2026-05-16T14:59:57.736947333Z 2026-05-16T14:59:57.736889Z  INFO iox_query::query_log: query when="success" id=14b31a23-30ac-434a-ba77-306d2828f50c namespace_id=0 namespace_name="influxdb3 oss" query_type="sql" query_text=-- 6-hour downsampling over an 8-week window. Touches most parquet files
querier-1  | 2026-05-16T14:59:57.736954541Z -- since timestamps span the entire generated range; aggregation work is
querier-1  | 2026-05-16T14:59:57.736955583Z -- dominated by group-by and merge across many files. 6h bins keep result
querier-1  | 2026-05-16T14:59:57.736956416Z -- cardinality manageable while still exercising the full date range.
querier-1  | 2026-05-16T14:59:57.736957166Z SELECT
querier-1  | 2026-05-16T14:59:57.736957916Z     DATE_BIN(INTERVAL '6 hours', time) AS bucket,
querier-1  | 2026-05-16T14:59:57.736958666Z     region,
querier-1  | 2026-05-16T14:59:57.736959333Z     AVG(temp) AS avg_temp,
querier-1  | 2026-05-16T14:59:57.736960083Z     APPROX_PERCENTILE_CONT(humidity, 0.95) AS p95_humidity
querier-1  | 2026-05-16T14:59:57.736960875Z FROM sensors
querier-1  | 2026-05-16T14:59:57.736961583Z WHERE time > now() - INTERVAL '8 weeks'
querier-1  | 2026-05-16T14:59:57.736962375Z GROUP BY bucket, region
querier-1  | 2026-05-16T14:59:57.736963166Z ORDER BY bucket, region query_params=Params { } issue_time=2026-05-16T14:59:57.734920166+00:00 partitions=1 parquet_files=1 deduplicated_partitions=0 deduplicated_parquet_files=0 plan_duration_secs=0.001704959 permit_duration_secs=1.4375e-5 execute_duration_secs=0.000222333 end2end_duration_secs=0.001967625 compute_duration_secs=0.000153669 max_memory=0 ingester_metrics.latency_to_plan_secs=0.0 ingester_metrics.latency_to_full_data_secs=0.0 ingester_metrics.response_rows=0 ingester_metrics.partition_count=0 ingester_metrics.response_size=0 success=true running=false cancelled=false
querier-1  | 2026-05-16T14:59:57.780669208Z 2026-05-16T14:59:57.780593Z  INFO influxdb3_server::http: handling query_sql database=bench query_str=-- 6-hour downsampling over an 8-week window. Touches most parquet files
querier-1  | 2026-05-16T14:59:57.780677125Z -- since timestamps span the entire generated range; aggregation work is
querier-1  | 2026-05-16T14:59:57.780678000Z -- dominated by group-by and merge across many files. 6h bins keep result
querier-1  | 2026-05-16T14:59:57.780679000Z -- cardinality manageable while still exercising the full date range.
querier-1  | 2026-05-16T14:59:57.780679791Z SELECT
querier-1  | 2026-05-16T14:59:57.780680500Z     DATE_BIN(INTERVAL '6 hours', time) AS bucket,
querier-1  | 2026-05-16T14:59:57.780681291Z     region,
querier-1  | 2026-05-16T14:59:57.780682041Z     AVG(temp) AS avg_temp,
querier-1  | 2026-05-16T14:59:57.780682750Z     APPROX_PERCENTILE_CONT(humidity, 0.95) AS p95_humidity
querier-1  | 2026-05-16T14:59:57.780683541Z FROM sensors
querier-1  | 2026-05-16T14:59:57.780684375Z WHERE time > now() - INTERVAL '8 weeks'
querier-1  | 2026-05-16T14:59:57.780685291Z GROUP BY bucket, region
querier-1  | 2026-05-16T14:59:57.780685916Z ORDER BY bucket, region format=Csv
querier-1  | 2026-05-16T14:59:57.780686666Z 2026-05-16T14:59:57.780612Z  INFO influxdb3_server::query_executor: executing sql query database=bench query=-- 6-hour downsampling over an 8-week window. Touches most parquet files
querier-1  | 2026-05-16T14:59:57.780687541Z -- since timestamps span the entire generated range; aggregation work is
querier-1  | 2026-05-16T14:59:57.780688291Z -- dominated by group-by and merge across many files. 6h bins keep result
querier-1  | 2026-05-16T14:59:57.780695250Z -- cardinality manageable while still exercising the full date range.
querier-1  | 2026-05-16T14:59:57.780696083Z SELECT
querier-1  | 2026-05-16T14:59:57.780696750Z     DATE_BIN(INTERVAL '6 hours', time) AS bucket,
querier-1  | 2026-05-16T14:59:57.780697500Z     region,
querier-1  | 2026-05-16T14:59:57.780698208Z     AVG(temp) AS avg_temp,
querier-1  | 2026-05-16T14:59:57.780698916Z     APPROX_PERCENTILE_CONT(humidity, 0.95) AS p95_humidity
querier-1  | 2026-05-16T14:59:57.780699625Z FROM sensors
querier-1  | 2026-05-16T14:59:57.780700250Z WHERE time > now() - INTERVAL '8 weeks'
querier-1  | 2026-05-16T14:59:57.780701000Z GROUP BY bucket, region
querier-1  | 2026-05-16T14:59:57.780701833Z ORDER BY bucket, region params=None
querier-1  | 2026-05-16T14:59:57.780702500Z 2026-05-16T14:59:57.780634Z  INFO iox_query::query_log: query when="received" id=02e70e07-e21d-43a6-85a3-e9eec1dbe9da namespace_id=0 namespace_name="influxdb3 oss" query_type="sql" query_text=-- 6-hour downsampling over an 8-week window. Touches most parquet files
querier-1  | 2026-05-16T14:59:57.780703875Z -- since timestamps span the entire generated range; aggregation work is
querier-1  | 2026-05-16T14:59:57.780704666Z -- dominated by group-by and merge across many files. 6h bins keep result
querier-1  | 2026-05-16T14:59:57.780705375Z -- cardinality manageable while still exercising the full date range.
querier-1  | 2026-05-16T14:59:57.780706125Z SELECT
querier-1  | 2026-05-16T14:59:57.780706750Z     DATE_BIN(INTERVAL '6 hours', time) AS bucket,
querier-1  | 2026-05-16T14:59:57.780707416Z     region,
querier-1  | 2026-05-16T14:59:57.780708083Z     AVG(temp) AS avg_temp,
querier-1  | 2026-05-16T14:59:57.780708708Z     APPROX_PERCENTILE_CONT(humidity, 0.95) AS p95_humidity
querier-1  | 2026-05-16T14:59:57.780709416Z FROM sensors
querier-1  | 2026-05-16T14:59:57.780710041Z WHERE time > now() - INTERVAL '8 weeks'
querier-1  | 2026-05-16T14:59:57.780710750Z GROUP BY bucket, region
querier-1  | 2026-05-16T14:59:57.780711625Z ORDER BY bucket, region query_params=Params { } issue_time=2026-05-16T14:59:57.780633291+00:00 success=false running=true cancelled=false
querier-1  | 2026-05-16T14:59:57.782485833Z 2026-05-16T14:59:57.782419Z  INFO iox_query::query_log: query when="planned" id=02e70e07-e21d-43a6-85a3-e9eec1dbe9da namespace_id=0 namespace_name="influxdb3 oss" query_type="sql" query_text=-- 6-hour downsampling over an 8-week window. Touches most parquet files
querier-1  | 2026-05-16T14:59:57.782492416Z -- since timestamps span the entire generated range; aggregation work is
querier-1  | 2026-05-16T14:59:57.782493458Z -- dominated by group-by and merge across many files. 6h bins keep result
querier-1  | 2026-05-16T14:59:57.782494333Z -- cardinality manageable while still exercising the full date range.
querier-1  | 2026-05-16T14:59:57.782495125Z SELECT
querier-1  | 2026-05-16T14:59:57.782495791Z     DATE_BIN(INTERVAL '6 hours', time) AS bucket,
querier-1  | 2026-05-16T14:59:57.782496375Z     region,
querier-1  | 2026-05-16T14:59:57.782496958Z     AVG(temp) AS avg_temp,
querier-1  | 2026-05-16T14:59:57.782497500Z     APPROX_PERCENTILE_CONT(humidity, 0.95) AS p95_humidity
querier-1  | 2026-05-16T14:59:57.782501625Z FROM sensors
querier-1  | 2026-05-16T14:59:57.782502208Z WHERE time > now() - INTERVAL '8 weeks'
querier-1  | 2026-05-16T14:59:57.782502833Z GROUP BY bucket, region
querier-1  | 2026-05-16T14:59:57.782503458Z ORDER BY bucket, region query_params=Params { } issue_time=2026-05-16T14:59:57.780633291+00:00 partitions=1 parquet_files=1 deduplicated_partitions=0 deduplicated_parquet_files=0 plan_duration_secs=0.001779625 success=false running=true cancelled=false
querier-1  | 2026-05-16T14:59:57.782504250Z 2026-05-16T14:59:57.782449Z  INFO iox_query::query_log: query when="permit" id=02e70e07-e21d-43a6-85a3-e9eec1dbe9da namespace_id=0 namespace_name="influxdb3 oss" query_type="sql" query_text=-- 6-hour downsampling over an 8-week window. Touches most parquet files
querier-1  | 2026-05-16T14:59:57.782505166Z -- since timestamps span the entire generated range; aggregation work is
querier-1  | 2026-05-16T14:59:57.782505750Z -- dominated by group-by and merge across many files. 6h bins keep result
querier-1  | 2026-05-16T14:59:57.782506333Z -- cardinality manageable while still exercising the full date range.
querier-1  | 2026-05-16T14:59:57.782506916Z SELECT
querier-1  | 2026-05-16T14:59:57.782507458Z     DATE_BIN(INTERVAL '6 hours', time) AS bucket,
querier-1  | 2026-05-16T14:59:57.782508041Z     region,
querier-1  | 2026-05-16T14:59:57.782508541Z     AVG(temp) AS avg_temp,
querier-1  | 2026-05-16T14:59:57.782509083Z     APPROX_PERCENTILE_CONT(humidity, 0.95) AS p95_humidity
querier-1  | 2026-05-16T14:59:57.782509666Z FROM sensors
querier-1  | 2026-05-16T14:59:57.782510166Z WHERE time > now() - INTERVAL '8 weeks'
querier-1  | 2026-05-16T14:59:57.782510708Z GROUP BY bucket, region
querier-1  | 2026-05-16T14:59:57.782511291Z ORDER BY bucket, region query_params=Params { } issue_time=2026-05-16T14:59:57.780633291+00:00 partitions=1 parquet_files=1 deduplicated_partitions=0 deduplicated_parquet_files=0 plan_duration_secs=0.001779625 permit_duration_secs=3.625e-5 success=false running=true cancelled=false
querier-1  | 2026-05-16T14:59:57.782725208Z 2026-05-16T14:59:57.782665Z  INFO iox_query::query_log: query when="success" id=02e70e07-e21d-43a6-85a3-e9eec1dbe9da namespace_id=0 namespace_name="influxdb3 oss" query_type="sql" query_text=-- 6-hour downsampling over an 8-week window. Touches most parquet files
querier-1  | 2026-05-16T14:59:57.782729208Z -- since timestamps span the entire generated range; aggregation work is
querier-1  | 2026-05-16T14:59:57.782731083Z -- dominated by group-by and merge across many files. 6h bins keep result
querier-1  | 2026-05-16T14:59:57.782731916Z -- cardinality manageable while still exercising the full date range.
querier-1  | 2026-05-16T14:59:57.782732666Z SELECT
querier-1  | 2026-05-16T14:59:57.782733416Z     DATE_BIN(INTERVAL '6 hours', time) AS bucket,
querier-1  | 2026-05-16T14:59:57.782734166Z     region,
querier-1  | 2026-05-16T14:59:57.782734875Z     AVG(temp) AS avg_temp,
querier-1  | 2026-05-16T14:59:57.782735666Z     APPROX_PERCENTILE_CONT(humidity, 0.95) AS p95_humidity
querier-1  | 2026-05-16T14:59:57.782736416Z FROM sensors
querier-1  | 2026-05-16T14:59:57.782737125Z WHERE time > now() - INTERVAL '8 weeks'
querier-1  | 2026-05-16T14:59:57.782739708Z GROUP BY bucket, region
querier-1  | 2026-05-16T14:59:57.782740375Z ORDER BY bucket, region query_params=Params { } issue_time=2026-05-16T14:59:57.780633291+00:00 partitions=1 parquet_files=1 deduplicated_partitions=0 deduplicated_parquet_files=0 plan_duration_secs=0.001779625 permit_duration_secs=3.625e-5 execute_duration_secs=0.000188125 end2end_duration_secs=0.002031 compute_duration_secs=0.00014796 max_memory=0 ingester_metrics.latency_to_plan_secs=0.0 ingester_metrics.latency_to_full_data_secs=0.0 ingester_metrics.response_rows=0 ingester_metrics.partition_count=0 ingester_metrics.response_size=0 success=true running=false cancelled=false
querier-1  | 2026-05-16T14:59:57.828229250Z 2026-05-16T14:59:57.828164Z  INFO influxdb3_server::http: handling query_sql database=bench query_str=-- 6-hour downsampling over an 8-week window. Touches most parquet files
querier-1  | 2026-05-16T14:59:57.828237125Z -- since timestamps span the entire generated range; aggregation work is
querier-1  | 2026-05-16T14:59:57.828238041Z -- dominated by group-by and merge across many files. 6h bins keep result
querier-1  | 2026-05-16T14:59:57.828238708Z -- cardinality manageable while still exercising the full date range.
querier-1  | 2026-05-16T14:59:57.828239333Z SELECT
querier-1  | 2026-05-16T14:59:57.828239916Z     DATE_BIN(INTERVAL '6 hours', time) AS bucket,
querier-1  | 2026-05-16T14:59:57.828240500Z     region,
querier-1  | 2026-05-16T14:59:57.828241083Z     AVG(temp) AS avg_temp,
querier-1  | 2026-05-16T14:59:57.828241666Z     APPROX_PERCENTILE_CONT(humidity, 0.95) AS p95_humidity
querier-1  | 2026-05-16T14:59:57.828242500Z FROM sensors
querier-1  | 2026-05-16T14:59:57.828243083Z WHERE time > now() - INTERVAL '8 weeks'
querier-1  | 2026-05-16T14:59:57.828243833Z GROUP BY bucket, region
querier-1  | 2026-05-16T14:59:57.828244375Z ORDER BY bucket, region format=Csv
querier-1  | 2026-05-16T14:59:57.828245000Z 2026-05-16T14:59:57.828181Z  INFO influxdb3_server::query_executor: executing sql query database=bench query=-- 6-hour downsampling over an 8-week window. Touches most parquet files
querier-1  | 2026-05-16T14:59:57.828245708Z -- since timestamps span the entire generated range; aggregation work is
querier-1  | 2026-05-16T14:59:57.828246291Z -- dominated by group-by and merge across many files. 6h bins keep result
querier-1  | 2026-05-16T14:59:57.828246916Z -- cardinality manageable while still exercising the full date range.
querier-1  | 2026-05-16T14:59:57.828247500Z SELECT
querier-1  | 2026-05-16T14:59:57.828248041Z     DATE_BIN(INTERVAL '6 hours', time) AS bucket,
querier-1  | 2026-05-16T14:59:57.828248625Z     region,
querier-1  | 2026-05-16T14:59:57.828249166Z     AVG(temp) AS avg_temp,
querier-1  | 2026-05-16T14:59:57.828249750Z     APPROX_PERCENTILE_CONT(humidity, 0.95) AS p95_humidity
querier-1  | 2026-05-16T14:59:57.828250291Z FROM sensors
querier-1  | 2026-05-16T14:59:57.828250791Z WHERE time > now() - INTERVAL '8 weeks'
querier-1  | 2026-05-16T14:59:57.828251333Z GROUP BY bucket, region
querier-1  | 2026-05-16T14:59:57.828251833Z ORDER BY bucket, region params=None
querier-1  | 2026-05-16T14:59:57.828252333Z 2026-05-16T14:59:57.828204Z  INFO iox_query::query_log: query when="received" id=21e1f28c-9c0f-4b3d-b1b9-ad6fadc21fb0 namespace_id=0 namespace_name="influxdb3 oss" query_type="sql" query_text=-- 6-hour downsampling over an 8-week window. Touches most parquet files
querier-1  | 2026-05-16T14:59:57.828256375Z -- since timestamps span the entire generated range; aggregation work is
querier-1  | 2026-05-16T14:59:57.828256958Z -- dominated by group-by and merge across many files. 6h bins keep result
querier-1  | 2026-05-16T14:59:57.828257458Z -- cardinality manageable while still exercising the full date range.
querier-1  | 2026-05-16T14:59:57.828258000Z SELECT
querier-1  | 2026-05-16T14:59:57.828258458Z     DATE_BIN(INTERVAL '6 hours', time) AS bucket,
querier-1  | 2026-05-16T14:59:57.828259000Z     region,
querier-1  | 2026-05-16T14:59:57.828259458Z     AVG(temp) AS avg_temp,
querier-1  | 2026-05-16T14:59:57.828259958Z     APPROX_PERCENTILE_CONT(humidity, 0.95) AS p95_humidity
querier-1  | 2026-05-16T14:59:57.828260458Z FROM sensors
querier-1  | 2026-05-16T14:59:57.828260958Z WHERE time > now() - INTERVAL '8 weeks'
querier-1  | 2026-05-16T14:59:57.828261458Z GROUP BY bucket, region
querier-1  | 2026-05-16T14:59:57.828262083Z ORDER BY bucket, region query_params=Params { } issue_time=2026-05-16T14:59:57.828203083+00:00 success=false running=true cancelled=false
querier-1  | 2026-05-16T14:59:57.829952666Z 2026-05-16T14:59:57.829891Z  INFO iox_query::query_log: query when="planned" id=21e1f28c-9c0f-4b3d-b1b9-ad6fadc21fb0 namespace_id=0 namespace_name="influxdb3 oss" query_type="sql" query_text=-- 6-hour downsampling over an 8-week window. Touches most parquet files
querier-1  | 2026-05-16T14:59:57.829958416Z -- since timestamps span the entire generated range; aggregation work is
querier-1  | 2026-05-16T14:59:57.829959625Z -- dominated by group-by and merge across many files. 6h bins keep result
querier-1  | 2026-05-16T14:59:57.829960500Z -- cardinality manageable while still exercising the full date range.
querier-1  | 2026-05-16T14:59:57.829961250Z SELECT
querier-1  | 2026-05-16T14:59:57.829962000Z     DATE_BIN(INTERVAL '6 hours', time) AS bucket,
querier-1  | 2026-05-16T14:59:57.829962791Z     region,
querier-1  | 2026-05-16T14:59:57.829963416Z     AVG(temp) AS avg_temp,
querier-1  | 2026-05-16T14:59:57.829964041Z     APPROX_PERCENTILE_CONT(humidity, 0.95) AS p95_humidity
querier-1  | 2026-05-16T14:59:57.829964708Z FROM sensors
querier-1  | 2026-05-16T14:59:57.829965291Z WHERE time > now() - INTERVAL '8 weeks'
querier-1  | 2026-05-16T14:59:57.829966083Z GROUP BY bucket, region
querier-1  | 2026-05-16T14:59:57.829966833Z ORDER BY bucket, region query_params=Params { } issue_time=2026-05-16T14:59:57.828203083+00:00 partitions=1 parquet_files=1 deduplicated_partitions=0 deduplicated_parquet_files=0 plan_duration_secs=0.001684708 success=false running=true cancelled=false
querier-1  | 2026-05-16T14:59:57.829967791Z 2026-05-16T14:59:57.829905Z  INFO iox_query::query_log: query when="permit" id=21e1f28c-9c0f-4b3d-b1b9-ad6fadc21fb0 namespace_id=0 namespace_name="influxdb3 oss" query_type="sql" query_text=-- 6-hour downsampling over an 8-week window. Touches most parquet files
querier-1  | 2026-05-16T14:59:57.829968833Z -- since timestamps span the entire generated range; aggregation work is
querier-1  | 2026-05-16T14:59:57.829969583Z -- dominated by group-by and merge across many files. 6h bins keep result
querier-1  | 2026-05-16T14:59:57.829970333Z -- cardinality manageable while still exercising the full date range.
querier-1  | 2026-05-16T14:59:57.829973708Z SELECT
querier-1  | 2026-05-16T14:59:57.829975083Z     DATE_BIN(INTERVAL '6 hours', time) AS bucket,
querier-1  | 2026-05-16T14:59:57.829975833Z     region,
querier-1  | 2026-05-16T14:59:57.829976500Z     AVG(temp) AS avg_temp,
querier-1  | 2026-05-16T14:59:57.829977208Z     APPROX_PERCENTILE_CONT(humidity, 0.95) AS p95_humidity
querier-1  | 2026-05-16T14:59:57.829977916Z FROM sensors
querier-1  | 2026-05-16T14:59:57.829978583Z WHERE time > now() - INTERVAL '8 weeks'
querier-1  | 2026-05-16T14:59:57.829979291Z GROUP BY bucket, region
querier-1  | 2026-05-16T14:59:57.829980000Z ORDER BY bucket, region query_params=Params { } issue_time=2026-05-16T14:59:57.828203083+00:00 partitions=1 parquet_files=1 deduplicated_partitions=0 deduplicated_parquet_files=0 plan_duration_secs=0.001684708 permit_duration_secs=1.7667e-5 success=false running=true cancelled=false
querier-1  | 2026-05-16T14:59:57.830238416Z 2026-05-16T14:59:57.830180Z  INFO iox_query::query_log: query when="success" id=21e1f28c-9c0f-4b3d-b1b9-ad6fadc21fb0 namespace_id=0 namespace_name="influxdb3 oss" query_type="sql" query_text=-- 6-hour downsampling over an 8-week window. Touches most parquet files
querier-1  | 2026-05-16T14:59:57.830242625Z -- since timestamps span the entire generated range; aggregation work is
querier-1  | 2026-05-16T14:59:57.830243750Z -- dominated by group-by and merge across many files. 6h bins keep result
querier-1  | 2026-05-16T14:59:57.830244583Z -- cardinality manageable while still exercising the full date range.
querier-1  | 2026-05-16T14:59:57.830245375Z SELECT
querier-1  | 2026-05-16T14:59:57.830246166Z     DATE_BIN(INTERVAL '6 hours', time) AS bucket,
querier-1  | 2026-05-16T14:59:57.830246916Z     region,
querier-1  | 2026-05-16T14:59:57.830247666Z     AVG(temp) AS avg_temp,
querier-1  | 2026-05-16T14:59:57.830248375Z     APPROX_PERCENTILE_CONT(humidity, 0.95) AS p95_humidity
querier-1  | 2026-05-16T14:59:57.830249083Z FROM sensors
querier-1  | 2026-05-16T14:59:57.830249791Z WHERE time > now() - INTERVAL '8 weeks'
querier-1  | 2026-05-16T14:59:57.830250583Z GROUP BY bucket, region
querier-1  | 2026-05-16T14:59:57.830251375Z ORDER BY bucket, region query_params=Params { } issue_time=2026-05-16T14:59:57.828203083+00:00 partitions=1 parquet_files=1 deduplicated_partitions=0 deduplicated_parquet_files=0 plan_duration_secs=0.001684708 permit_duration_secs=1.7667e-5 execute_duration_secs=0.000238875 end2end_duration_secs=0.001975833 compute_duration_secs=0.000143125 max_memory=0 ingester_metrics.latency_to_plan_secs=0.0 ingester_metrics.latency_to_full_data_secs=0.0 ingester_metrics.response_rows=0 ingester_metrics.partition_count=0 ingester_metrics.response_size=0 success=true running=false cancelled=false
querier-1  | 2026-05-16T14:59:57.873626375Z 2026-05-16T14:59:57.873559Z  INFO influxdb3_server::http: handling query_sql database=bench query_str=-- 6-hour downsampling over an 8-week window. Touches most parquet files
querier-1  | 2026-05-16T14:59:57.873632583Z -- since timestamps span the entire generated range; aggregation work is
querier-1  | 2026-05-16T14:59:57.873633458Z -- dominated by group-by and merge across many files. 6h bins keep result
querier-1  | 2026-05-16T14:59:57.873634125Z -- cardinality manageable while still exercising the full date range.
querier-1  | 2026-05-16T14:59:57.873638833Z SELECT
querier-1  | 2026-05-16T14:59:57.873639458Z     DATE_BIN(INTERVAL '6 hours', time) AS bucket,
querier-1  | 2026-05-16T14:59:57.873640041Z     region,
querier-1  | 2026-05-16T14:59:57.873640625Z     AVG(temp) AS avg_temp,
querier-1  | 2026-05-16T14:59:57.873641208Z     APPROX_PERCENTILE_CONT(humidity, 0.95) AS p95_humidity
querier-1  | 2026-05-16T14:59:57.873641833Z FROM sensors
querier-1  | 2026-05-16T14:59:57.873642375Z WHERE time > now() - INTERVAL '8 weeks'
querier-1  | 2026-05-16T14:59:57.873643125Z GROUP BY bucket, region
querier-1  | 2026-05-16T14:59:57.873643666Z ORDER BY bucket, region format=Csv
querier-1  | 2026-05-16T14:59:57.873644250Z 2026-05-16T14:59:57.873573Z  INFO influxdb3_server::query_executor: executing sql query database=bench query=-- 6-hour downsampling over an 8-week window. Touches most parquet files
querier-1  | 2026-05-16T14:59:57.873645041Z -- since timestamps span the entire generated range; aggregation work is
querier-1  | 2026-05-16T14:59:57.873645625Z -- dominated by group-by and merge across many files. 6h bins keep result
querier-1  | 2026-05-16T14:59:57.873646208Z -- cardinality manageable while still exercising the full date range.
querier-1  | 2026-05-16T14:59:57.873646833Z SELECT
querier-1  | 2026-05-16T14:59:57.873647333Z     DATE_BIN(INTERVAL '6 hours', time) AS bucket,
querier-1  | 2026-05-16T14:59:57.873647916Z     region,
querier-1  | 2026-05-16T14:59:57.873648458Z     AVG(temp) AS avg_temp,
querier-1  | 2026-05-16T14:59:57.873648958Z     APPROX_PERCENTILE_CONT(humidity, 0.95) AS p95_humidity
querier-1  | 2026-05-16T14:59:57.873649541Z FROM sensors
querier-1  | 2026-05-16T14:59:57.873650041Z WHERE time > now() - INTERVAL '8 weeks'
querier-1  | 2026-05-16T14:59:57.873650625Z GROUP BY bucket, region
querier-1  | 2026-05-16T14:59:57.873651166Z ORDER BY bucket, region params=None
querier-1  | 2026-05-16T14:59:57.873651791Z 2026-05-16T14:59:57.873594Z  INFO iox_query::query_log: query when="received" id=4a254eef-e8ac-46df-9ed7-101bfa87989b namespace_id=0 namespace_name="influxdb3 oss" query_type="sql" query_text=-- 6-hour downsampling over an 8-week window. Touches most parquet files
querier-1  | 2026-05-16T14:59:57.873652750Z -- since timestamps span the entire generated range; aggregation work is
querier-1  | 2026-05-16T14:59:57.873653333Z -- dominated by group-by and merge across many files. 6h bins keep result
querier-1  | 2026-05-16T14:59:57.873653916Z -- cardinality manageable while still exercising the full date range.
querier-1  | 2026-05-16T14:59:57.873654500Z SELECT
querier-1  | 2026-05-16T14:59:57.873655041Z     DATE_BIN(INTERVAL '6 hours', time) AS bucket,
querier-1  | 2026-05-16T14:59:57.873655625Z     region,
querier-1  | 2026-05-16T14:59:57.873656166Z     AVG(temp) AS avg_temp,
querier-1  | 2026-05-16T14:59:57.873656666Z     APPROX_PERCENTILE_CONT(humidity, 0.95) AS p95_humidity
querier-1  | 2026-05-16T14:59:57.873657250Z FROM sensors
querier-1  | 2026-05-16T14:59:57.873657791Z WHERE time > now() - INTERVAL '8 weeks'
querier-1  | 2026-05-16T14:59:57.873658375Z GROUP BY bucket, region
querier-1  | 2026-05-16T14:59:57.873660208Z ORDER BY bucket, region query_params=Params { } issue_time=2026-05-16T14:59:57.873593166+00:00 success=false running=true cancelled=false
querier-1  | 2026-05-16T14:59:57.875386125Z 2026-05-16T14:59:57.875329Z  INFO iox_query::query_log: query when="planned" id=4a254eef-e8ac-46df-9ed7-101bfa87989b namespace_id=0 namespace_name="influxdb3 oss" query_type="sql" query_text=-- 6-hour downsampling over an 8-week window. Touches most parquet files
querier-1  | 2026-05-16T14:59:57.875396291Z -- since timestamps span the entire generated range; aggregation work is
querier-1  | 2026-05-16T14:59:57.875397916Z -- dominated by group-by and merge across many files. 6h bins keep result
querier-1  | 2026-05-16T14:59:57.875398916Z -- cardinality manageable while still exercising the full date range.
querier-1  | 2026-05-16T14:59:57.875399750Z SELECT
querier-1  | 2026-05-16T14:59:57.875400666Z     DATE_BIN(INTERVAL '6 hours', time) AS bucket,
querier-1  | 2026-05-16T14:59:57.875401458Z     region,
querier-1  | 2026-05-16T14:59:57.875402166Z     AVG(temp) AS avg_temp,
querier-1  | 2026-05-16T14:59:57.875402916Z     APPROX_PERCENTILE_CONT(humidity, 0.95) AS p95_humidity
querier-1  | 2026-05-16T14:59:57.875403750Z FROM sensors
querier-1  | 2026-05-16T14:59:57.875404458Z WHERE time > now() - INTERVAL '8 weeks'
querier-1  | 2026-05-16T14:59:57.875405291Z GROUP BY bucket, region
querier-1  | 2026-05-16T14:59:57.875406041Z ORDER BY bucket, region query_params=Params { } issue_time=2026-05-16T14:59:57.873593166+00:00 partitions=1 parquet_files=1 deduplicated_partitions=0 deduplicated_parquet_files=0 plan_duration_secs=0.001733042 success=false running=true cancelled=false
querier-1  | 2026-05-16T14:59:57.875407125Z 2026-05-16T14:59:57.875339Z  INFO iox_query::query_log: query when="permit" id=4a254eef-e8ac-46df-9ed7-101bfa87989b namespace_id=0 namespace_name="influxdb3 oss" query_type="sql" query_text=-- 6-hour downsampling over an 8-week window. Touches most parquet files
querier-1  | 2026-05-16T14:59:57.875408333Z -- since timestamps span the entire generated range; aggregation work is
querier-1  | 2026-05-16T14:59:57.875408958Z -- dominated by group-by and merge across many files. 6h bins keep result
querier-1  | 2026-05-16T14:59:57.875409583Z -- cardinality manageable while still exercising the full date range.
querier-1  | 2026-05-16T14:59:57.875410208Z SELECT
querier-1  | 2026-05-16T14:59:57.875410750Z     DATE_BIN(INTERVAL '6 hours', time) AS bucket,
querier-1  | 2026-05-16T14:59:57.875411333Z     region,
querier-1  | 2026-05-16T14:59:57.875411875Z     AVG(temp) AS avg_temp,
querier-1  | 2026-05-16T14:59:57.875412416Z     APPROX_PERCENTILE_CONT(humidity, 0.95) AS p95_humidity
querier-1  | 2026-05-16T14:59:57.875413041Z FROM sensors
querier-1  | 2026-05-16T14:59:57.875413583Z WHERE time > now() - INTERVAL '8 weeks'
querier-1  | 2026-05-16T14:59:57.875414166Z GROUP BY bucket, region
querier-1  | 2026-05-16T14:59:57.875414750Z ORDER BY bucket, region query_params=Params { } issue_time=2026-05-16T14:59:57.873593166+00:00 partitions=1 parquet_files=1 deduplicated_partitions=0 deduplicated_parquet_files=0 plan_duration_secs=0.001733042 permit_duration_secs=1.3208e-5 success=false running=true cancelled=false
querier-1  | 2026-05-16T14:59:57.875591541Z 2026-05-16T14:59:57.875539Z  INFO iox_query::query_log: query when="success" id=4a254eef-e8ac-46df-9ed7-101bfa87989b namespace_id=0 namespace_name="influxdb3 oss" query_type="sql" query_text=-- 6-hour downsampling over an 8-week window. Touches most parquet files
querier-1  | 2026-05-16T14:59:57.875598541Z -- since timestamps span the entire generated range; aggregation work is
querier-1  | 2026-05-16T14:59:57.875599458Z -- dominated by group-by and merge across many files. 6h bins keep result
querier-1  | 2026-05-16T14:59:57.875600291Z -- cardinality manageable while still exercising the full date range.
querier-1  | 2026-05-16T14:59:57.875601041Z SELECT
querier-1  | 2026-05-16T14:59:57.875601750Z     DATE_BIN(INTERVAL '6 hours', time) AS bucket,
querier-1  | 2026-05-16T14:59:57.875602541Z     region,
querier-1  | 2026-05-16T14:59:57.875603208Z     AVG(temp) AS avg_temp,
querier-1  | 2026-05-16T14:59:57.875603875Z     APPROX_PERCENTILE_CONT(humidity, 0.95) AS p95_humidity
querier-1  | 2026-05-16T14:59:57.875604625Z FROM sensors
querier-1  | 2026-05-16T14:59:57.875605291Z WHERE time > now() - INTERVAL '8 weeks'
querier-1  | 2026-05-16T14:59:57.875606041Z GROUP BY bucket, region
querier-1  | 2026-05-16T14:59:57.875606875Z ORDER BY bucket, region query_params=Params { } issue_time=2026-05-16T14:59:57.873593166+00:00 partitions=1 parquet_files=1 deduplicated_partitions=0 deduplicated_parquet_files=0 plan_duration_secs=0.001733042 permit_duration_secs=1.3208e-5 execute_duration_secs=0.000183834 end2end_duration_secs=0.001945875 compute_duration_secs=0.000122374 max_memory=0 ingester_metrics.latency_to_plan_secs=0.0 ingester_metrics.latency_to_full_data_secs=0.0 ingester_metrics.response_rows=0 ingester_metrics.partition_count=0 ingester_metrics.response_size=0 success=true running=false cancelled=false
querier-1  | 2026-05-16T14:59:57.920002500Z 2026-05-16T14:59:57.919941Z  INFO influxdb3_server::http: handling query_sql database=bench query_str=-- 6-hour downsampling over an 8-week window. Touches most parquet files
querier-1  | 2026-05-16T14:59:57.920010291Z -- since timestamps span the entire generated range; aggregation work is
querier-1  | 2026-05-16T14:59:57.920011208Z -- dominated by group-by and merge across many files. 6h bins keep result
querier-1  | 2026-05-16T14:59:57.920012000Z -- cardinality manageable while still exercising the full date range.
querier-1  | 2026-05-16T14:59:57.920012791Z SELECT
querier-1  | 2026-05-16T14:59:57.920013500Z     DATE_BIN(INTERVAL '6 hours', time) AS bucket,
querier-1  | 2026-05-16T14:59:57.920014291Z     region,
querier-1  | 2026-05-16T14:59:57.920014958Z     AVG(temp) AS avg_temp,
querier-1  | 2026-05-16T14:59:57.920015708Z     APPROX_PERCENTILE_CONT(humidity, 0.95) AS p95_humidity
querier-1  | 2026-05-16T14:59:57.920016458Z FROM sensors
querier-1  | 2026-05-16T14:59:57.920017166Z WHERE time > now() - INTERVAL '8 weeks'
querier-1  | 2026-05-16T14:59:57.920018083Z GROUP BY bucket, region
querier-1  | 2026-05-16T14:59:57.920018750Z ORDER BY bucket, region format=Csv
querier-1  | 2026-05-16T14:59:57.920019500Z 2026-05-16T14:59:57.919958Z  INFO influxdb3_server::query_executor: executing sql query database=bench query=-- 6-hour downsampling over an 8-week window. Touches most parquet files
querier-1  | 2026-05-16T14:59:57.920020375Z -- since timestamps span the entire generated range; aggregation work is
querier-1  | 2026-05-16T14:59:57.920026416Z -- dominated by group-by and merge across many files. 6h bins keep result
querier-1  | 2026-05-16T14:59:57.920027250Z -- cardinality manageable while still exercising the full date range.
querier-1  | 2026-05-16T14:59:57.920028000Z SELECT
querier-1  | 2026-05-16T14:59:57.920028666Z     DATE_BIN(INTERVAL '6 hours', time) AS bucket,
querier-1  | 2026-05-16T14:59:57.920029375Z     region,
querier-1  | 2026-05-16T14:59:57.920030041Z     AVG(temp) AS avg_temp,
querier-1  | 2026-05-16T14:59:57.920030708Z     APPROX_PERCENTILE_CONT(humidity, 0.95) AS p95_humidity
querier-1  | 2026-05-16T14:59:57.920031541Z FROM sensors
querier-1  | 2026-05-16T14:59:57.920032208Z WHERE time > now() - INTERVAL '8 weeks'
querier-1  | 2026-05-16T14:59:57.920032916Z GROUP BY bucket, region
querier-1  | 2026-05-16T14:59:57.920033583Z ORDER BY bucket, region params=None
querier-1  | 2026-05-16T14:59:57.920034333Z 2026-05-16T14:59:57.919979Z  INFO iox_query::query_log: query when="received" id=c7f4f187-b95d-4bd6-aea9-43f1353c0432 namespace_id=0 namespace_name="influxdb3 oss" query_type="sql" query_text=-- 6-hour downsampling over an 8-week window. Touches most parquet files
querier-1  | 2026-05-16T14:59:57.920035458Z -- since timestamps span the entire generated range; aggregation work is
querier-1  | 2026-05-16T14:59:57.920036208Z -- dominated by group-by and merge across many files. 6h bins keep result
querier-1  | 2026-05-16T14:59:57.920036958Z -- cardinality manageable while still exercising the full date range.
querier-1  | 2026-05-16T14:59:57.920037666Z SELECT
querier-1  | 2026-05-16T14:59:57.920038250Z     DATE_BIN(INTERVAL '6 hours', time) AS bucket,
querier-1  | 2026-05-16T14:59:57.920038875Z     region,
querier-1  | 2026-05-16T14:59:57.920039458Z     AVG(temp) AS avg_temp,
querier-1  | 2026-05-16T14:59:57.920040041Z     APPROX_PERCENTILE_CONT(humidity, 0.95) AS p95_humidity
querier-1  | 2026-05-16T14:59:57.920040625Z FROM sensors
querier-1  | 2026-05-16T14:59:57.920041125Z WHERE time > now() - INTERVAL '8 weeks'
querier-1  | 2026-05-16T14:59:57.920041625Z GROUP BY bucket, region
querier-1  | 2026-05-16T14:59:57.920042208Z ORDER BY bucket, region query_params=Params { } issue_time=2026-05-16T14:59:57.919978250+00:00 success=false running=true cancelled=false
querier-1  | 2026-05-16T14:59:57.921892166Z 2026-05-16T14:59:57.921817Z  INFO iox_query::query_log: query when="planned" id=c7f4f187-b95d-4bd6-aea9-43f1353c0432 namespace_id=0 namespace_name="influxdb3 oss" query_type="sql" query_text=-- 6-hour downsampling over an 8-week window. Touches most parquet files
querier-1  | 2026-05-16T14:59:57.921899000Z -- since timestamps span the entire generated range; aggregation work is
querier-1  | 2026-05-16T14:59:57.921901583Z -- dominated by group-by and merge across many files. 6h bins keep result
querier-1  | 2026-05-16T14:59:57.921902458Z -- cardinality manageable while still exercising the full date range.
querier-1  | 2026-05-16T14:59:57.921903250Z SELECT
querier-1  | 2026-05-16T14:59:57.921904000Z     DATE_BIN(INTERVAL '6 hours', time) AS bucket,
querier-1  | 2026-05-16T14:59:57.921904916Z     region,
querier-1  | 2026-05-16T14:59:57.921905625Z     AVG(temp) AS avg_temp,
querier-1  | 2026-05-16T14:59:57.921909583Z     APPROX_PERCENTILE_CONT(humidity, 0.95) AS p95_humidity
querier-1  | 2026-05-16T14:59:57.921910416Z FROM sensors
querier-1  | 2026-05-16T14:59:57.921911083Z WHERE time > now() - INTERVAL '8 weeks'
querier-1  | 2026-05-16T14:59:57.921911916Z GROUP BY bucket, region
querier-1  | 2026-05-16T14:59:57.921912666Z ORDER BY bucket, region query_params=Params { } issue_time=2026-05-16T14:59:57.919978250+00:00 partitions=1 parquet_files=1 deduplicated_partitions=0 deduplicated_parquet_files=0 plan_duration_secs=0.001834125 success=false running=true cancelled=false
querier-1  | 2026-05-16T14:59:57.921913625Z 2026-05-16T14:59:57.921838Z  INFO iox_query::query_log: query when="permit" id=c7f4f187-b95d-4bd6-aea9-43f1353c0432 namespace_id=0 namespace_name="influxdb3 oss" query_type="sql" query_text=-- 6-hour downsampling over an 8-week window. Touches most parquet files
querier-1  | 2026-05-16T14:59:57.921914666Z -- since timestamps span the entire generated range; aggregation work is
querier-1  | 2026-05-16T14:59:57.921915416Z -- dominated by group-by and merge across many files. 6h bins keep result
querier-1  | 2026-05-16T14:59:57.921916208Z -- cardinality manageable while still exercising the full date range.
querier-1  | 2026-05-16T14:59:57.921916916Z SELECT
querier-1  | 2026-05-16T14:59:57.921917583Z     DATE_BIN(INTERVAL '6 hours', time) AS bucket,
querier-1  | 2026-05-16T14:59:57.921918291Z     region,
querier-1  | 2026-05-16T14:59:57.921918958Z     AVG(temp) AS avg_temp,
querier-1  | 2026-05-16T14:59:57.921919625Z     APPROX_PERCENTILE_CONT(humidity, 0.95) AS p95_humidity
querier-1  | 2026-05-16T14:59:57.921920333Z FROM sensors
querier-1  | 2026-05-16T14:59:57.921921000Z WHERE time > now() - INTERVAL '8 weeks'
querier-1  | 2026-05-16T14:59:57.921921708Z GROUP BY bucket, region
querier-1  | 2026-05-16T14:59:57.921922416Z ORDER BY bucket, region query_params=Params { } issue_time=2026-05-16T14:59:57.919978250+00:00 partitions=1 parquet_files=1 deduplicated_partitions=0 deduplicated_parquet_files=0 plan_duration_secs=0.001834125 permit_duration_secs=2.4958e-5 success=false running=true cancelled=false
querier-1  | 2026-05-16T14:59:57.922154000Z 2026-05-16T14:59:57.922103Z  INFO iox_query::query_log: query when="success" id=c7f4f187-b95d-4bd6-aea9-43f1353c0432 namespace_id=0 namespace_name="influxdb3 oss" query_type="sql" query_text=-- 6-hour downsampling over an 8-week window. Touches most parquet files
querier-1  | 2026-05-16T14:59:57.922157041Z -- since timestamps span the entire generated range; aggregation work is
querier-1  | 2026-05-16T14:59:57.922157916Z -- dominated by group-by and merge across many files. 6h bins keep result
querier-1  | 2026-05-16T14:59:57.922158708Z -- cardinality manageable while still exercising the full date range.
querier-1  | 2026-05-16T14:59:57.922159416Z SELECT
querier-1  | 2026-05-16T14:59:57.922160166Z     DATE_BIN(INTERVAL '6 hours', time) AS bucket,
querier-1  | 2026-05-16T14:59:57.922160875Z     region,
querier-1  | 2026-05-16T14:59:57.922161583Z     AVG(temp) AS avg_temp,
querier-1  | 2026-05-16T14:59:57.922164000Z     APPROX_PERCENTILE_CONT(humidity, 0.95) AS p95_humidity
querier-1  | 2026-05-16T14:59:57.922164750Z FROM sensors
querier-1  | 2026-05-16T14:59:57.922165541Z WHERE time > now() - INTERVAL '8 weeks'
querier-1  | 2026-05-16T14:59:57.922168958Z GROUP BY bucket, region
querier-1  | 2026-05-16T14:59:57.922169750Z ORDER BY bucket, region query_params=Params { } issue_time=2026-05-16T14:59:57.919978250+00:00 partitions=1 parquet_files=1 deduplicated_partitions=0 deduplicated_parquet_files=0 plan_duration_secs=0.001834125 permit_duration_secs=2.4958e-5 execute_duration_secs=0.000234667 end2end_duration_secs=0.002124291 compute_duration_secs=0.000144958 max_memory=0 ingester_metrics.latency_to_plan_secs=0.0 ingester_metrics.latency_to_full_data_secs=0.0 ingester_metrics.response_rows=0 ingester_metrics.partition_count=0 ingester_metrics.response_size=0 success=true running=false cancelled=false
querier-1  | 2026-05-16T14:59:57.967450333Z 2026-05-16T14:59:57.967375Z  INFO influxdb3_server::http: handling query_sql database=bench query_str=-- 6-hour downsampling over an 8-week window. Touches most parquet files
querier-1  | 2026-05-16T14:59:57.967458000Z -- since timestamps span the entire generated range; aggregation work is
querier-1  | 2026-05-16T14:59:57.967459166Z -- dominated by group-by and merge across many files. 6h bins keep result
querier-1  | 2026-05-16T14:59:57.967460000Z -- cardinality manageable while still exercising the full date range.
querier-1  | 2026-05-16T14:59:57.967460833Z SELECT
querier-1  | 2026-05-16T14:59:57.967461500Z     DATE_BIN(INTERVAL '6 hours', time) AS bucket,
querier-1  | 2026-05-16T14:59:57.967462333Z     region,
querier-1  | 2026-05-16T14:59:57.967463125Z     AVG(temp) AS avg_temp,
querier-1  | 2026-05-16T14:59:57.967463833Z     APPROX_PERCENTILE_CONT(humidity, 0.95) AS p95_humidity
querier-1  | 2026-05-16T14:59:57.967464500Z FROM sensors
querier-1  | 2026-05-16T14:59:57.967465083Z WHERE time > now() - INTERVAL '8 weeks'
querier-1  | 2026-05-16T14:59:57.967465916Z GROUP BY bucket, region
querier-1  | 2026-05-16T14:59:57.967466541Z ORDER BY bucket, region format=Csv
querier-1  | 2026-05-16T14:59:57.967467291Z 2026-05-16T14:59:57.967395Z  INFO influxdb3_server::query_executor: executing sql query database=bench query=-- 6-hour downsampling over an 8-week window. Touches most parquet files
querier-1  | 2026-05-16T14:59:57.967468208Z -- since timestamps span the entire generated range; aggregation work is
querier-1  | 2026-05-16T14:59:57.967468958Z -- dominated by group-by and merge across many files. 6h bins keep result
querier-1  | 2026-05-16T14:59:57.967469708Z -- cardinality manageable while still exercising the full date range.
querier-1  | 2026-05-16T14:59:57.967470416Z SELECT
querier-1  | 2026-05-16T14:59:57.967471083Z     DATE_BIN(INTERVAL '6 hours', time) AS bucket,
querier-1  | 2026-05-16T14:59:57.967471791Z     region,
querier-1  | 2026-05-16T14:59:57.967472458Z     AVG(temp) AS avg_temp,
querier-1  | 2026-05-16T14:59:57.967473125Z     APPROX_PERCENTILE_CONT(humidity, 0.95) AS p95_humidity
querier-1  | 2026-05-16T14:59:57.967473833Z FROM sensors
querier-1  | 2026-05-16T14:59:57.967474458Z WHERE time > now() - INTERVAL '8 weeks'
querier-1  | 2026-05-16T14:59:57.967475166Z GROUP BY bucket, region
querier-1  | 2026-05-16T14:59:57.967475791Z ORDER BY bucket, region params=None
querier-1  | 2026-05-16T14:59:57.967476541Z 2026-05-16T14:59:57.967416Z  INFO iox_query::query_log: query when="received" id=76c1d22a-b094-4f6d-b243-0b89ea858984 namespace_id=0 namespace_name="influxdb3 oss" query_type="sql" query_text=-- 6-hour downsampling over an 8-week window. Touches most parquet files
querier-1  | 2026-05-16T14:59:57.967483958Z -- since timestamps span the entire generated range; aggregation work is
querier-1  | 2026-05-16T14:59:57.967484750Z -- dominated by group-by and merge across many files. 6h bins keep result
querier-1  | 2026-05-16T14:59:57.967485500Z -- cardinality manageable while still exercising the full date range.
querier-1  | 2026-05-16T14:59:57.967486208Z SELECT
querier-1  | 2026-05-16T14:59:57.967486875Z     DATE_BIN(INTERVAL '6 hours', time) AS bucket,
querier-1  | 2026-05-16T14:59:57.967487541Z     region,
querier-1  | 2026-05-16T14:59:57.967488166Z     AVG(temp) AS avg_temp,
querier-1  | 2026-05-16T14:59:57.967488875Z     APPROX_PERCENTILE_CONT(humidity, 0.95) AS p95_humidity
querier-1  | 2026-05-16T14:59:57.967489541Z FROM sensors
querier-1  | 2026-05-16T14:59:57.967490166Z WHERE time > now() - INTERVAL '8 weeks'
querier-1  | 2026-05-16T14:59:57.967490875Z GROUP BY bucket, region
querier-1  | 2026-05-16T14:59:57.967491791Z ORDER BY bucket, region query_params=Params { } issue_time=2026-05-16T14:59:57.967415750+00:00 success=false running=true cancelled=false
querier-1  | 2026-05-16T14:59:57.969334833Z 2026-05-16T14:59:57.969267Z  INFO iox_query::query_log: query when="planned" id=76c1d22a-b094-4f6d-b243-0b89ea858984 namespace_id=0 namespace_name="influxdb3 oss" query_type="sql" query_text=-- 6-hour downsampling over an 8-week window. Touches most parquet files
querier-1  | 2026-05-16T14:59:57.969342750Z -- since timestamps span the entire generated range; aggregation work is
querier-1  | 2026-05-16T14:59:57.969343583Z -- dominated by group-by and merge across many files. 6h bins keep result
querier-1  | 2026-05-16T14:59:57.969344250Z -- cardinality manageable while still exercising the full date range.
querier-1  | 2026-05-16T14:59:57.969345000Z SELECT
querier-1  | 2026-05-16T14:59:57.969345583Z     DATE_BIN(INTERVAL '6 hours', time) AS bucket,
querier-1  | 2026-05-16T14:59:57.969346208Z     region,
querier-1  | 2026-05-16T14:59:57.969346791Z     AVG(temp) AS avg_temp,
querier-1  | 2026-05-16T14:59:57.969347375Z     APPROX_PERCENTILE_CONT(humidity, 0.95) AS p95_humidity
querier-1  | 2026-05-16T14:59:57.969348000Z FROM sensors
querier-1  | 2026-05-16T14:59:57.969348541Z WHERE time > now() - INTERVAL '8 weeks'
querier-1  | 2026-05-16T14:59:57.969349208Z GROUP BY bucket, region
querier-1  | 2026-05-16T14:59:57.969349833Z ORDER BY bucket, region query_params=Params { } issue_time=2026-05-16T14:59:57.967415750+00:00 partitions=1 parquet_files=1 deduplicated_partitions=0 deduplicated_parquet_files=0 plan_duration_secs=0.001847333 success=false running=true cancelled=false
querier-1  | 2026-05-16T14:59:57.969350625Z 2026-05-16T14:59:57.969280Z  INFO iox_query::query_log: query when="permit" id=76c1d22a-b094-4f6d-b243-0b89ea858984 namespace_id=0 namespace_name="influxdb3 oss" query_type="sql" query_text=-- 6-hour downsampling over an 8-week window. Touches most parquet files
querier-1  | 2026-05-16T14:59:57.969351500Z -- since timestamps span the entire generated range; aggregation work is
querier-1  | 2026-05-16T14:59:57.969352166Z -- dominated by group-by and merge across many files. 6h bins keep result
querier-1  | 2026-05-16T14:59:57.969356000Z -- cardinality manageable while still exercising the full date range.
querier-1  | 2026-05-16T14:59:57.969356666Z SELECT
querier-1  | 2026-05-16T14:59:57.969357208Z     DATE_BIN(INTERVAL '6 hours', time) AS bucket,
querier-1  | 2026-05-16T14:59:57.969357791Z     region,
querier-1  | 2026-05-16T14:59:57.969358333Z     AVG(temp) AS avg_temp,
querier-1  | 2026-05-16T14:59:57.969358875Z     APPROX_PERCENTILE_CONT(humidity, 0.95) AS p95_humidity
querier-1  | 2026-05-16T14:59:57.969359458Z FROM sensors
querier-1  | 2026-05-16T14:59:57.969360000Z WHERE time > now() - INTERVAL '8 weeks'
querier-1  | 2026-05-16T14:59:57.969360583Z GROUP BY bucket, region
querier-1  | 2026-05-16T14:59:57.969361125Z ORDER BY bucket, region query_params=Params { } issue_time=2026-05-16T14:59:57.967415750+00:00 partitions=1 parquet_files=1 deduplicated_partitions=0 deduplicated_parquet_files=0 plan_duration_secs=0.001847333 permit_duration_secs=1.6583e-5 success=false running=true cancelled=false
querier-1  | 2026-05-16T14:59:57.969530291Z 2026-05-16T14:59:57.969461Z  INFO iox_query::query_log: query when="success" id=76c1d22a-b094-4f6d-b243-0b89ea858984 namespace_id=0 namespace_name="influxdb3 oss" query_type="sql" query_text=-- 6-hour downsampling over an 8-week window. Touches most parquet files
querier-1  | 2026-05-16T14:59:57.969536125Z -- since timestamps span the entire generated range; aggregation work is
querier-1  | 2026-05-16T14:59:57.969537125Z -- dominated by group-by and merge across many files. 6h bins keep result
querier-1  | 2026-05-16T14:59:57.969537750Z -- cardinality manageable while still exercising the full date range.
querier-1  | 2026-05-16T14:59:57.969538458Z SELECT
querier-1  | 2026-05-16T14:59:57.969539083Z     DATE_BIN(INTERVAL '6 hours', time) AS bucket,
querier-1  | 2026-05-16T14:59:57.969539708Z     region,
querier-1  | 2026-05-16T14:59:57.969540250Z     AVG(temp) AS avg_temp,
querier-1  | 2026-05-16T14:59:57.969540791Z     APPROX_PERCENTILE_CONT(humidity, 0.95) AS p95_humidity
querier-1  | 2026-05-16T14:59:57.969541416Z FROM sensors
querier-1  | 2026-05-16T14:59:57.969541958Z WHERE time > now() - INTERVAL '8 weeks'
querier-1  | 2026-05-16T14:59:57.969542583Z GROUP BY bucket, region
querier-1  | 2026-05-16T14:59:57.969543250Z ORDER BY bucket, region query_params=Params { } issue_time=2026-05-16T14:59:57.967415750+00:00 partitions=1 parquet_files=1 deduplicated_partitions=0 deduplicated_parquet_files=0 plan_duration_secs=0.001847333 permit_duration_secs=1.6583e-5 execute_duration_secs=0.000156834 end2end_duration_secs=0.002045291 compute_duration_secs=9.5503e-5 max_memory=0 ingester_metrics.latency_to_plan_secs=0.0 ingester_metrics.latency_to_full_data_secs=0.0 ingester_metrics.response_rows=0 ingester_metrics.partition_count=0 ingester_metrics.response_size=0 success=true running=false cancelled=false
querier-1  | 2026-05-16T14:59:58.013403416Z 2026-05-16T14:59:58.013367Z  INFO influxdb3_server::http: handling query_sql database=bench query_str=-- 6-hour downsampling over an 8-week window. Touches most parquet files
querier-1  | 2026-05-16T14:59:58.013409916Z -- since timestamps span the entire generated range; aggregation work is
querier-1  | 2026-05-16T14:59:58.013410750Z -- dominated by group-by and merge across many files. 6h bins keep result
querier-1  | 2026-05-16T14:59:58.013411541Z -- cardinality manageable while still exercising the full date range.
querier-1  | 2026-05-16T14:59:58.013419791Z SELECT
querier-1  | 2026-05-16T14:59:58.013420625Z     DATE_BIN(INTERVAL '6 hours', time) AS bucket,
querier-1  | 2026-05-16T14:59:58.013421291Z     region,
querier-1  | 2026-05-16T14:59:58.013421875Z     AVG(temp) AS avg_temp,
querier-1  | 2026-05-16T14:59:58.013422458Z     APPROX_PERCENTILE_CONT(humidity, 0.95) AS p95_humidity
querier-1  | 2026-05-16T14:59:58.013423083Z FROM sensors
querier-1  | 2026-05-16T14:59:58.013423666Z WHERE time > now() - INTERVAL '8 weeks'
querier-1  | 2026-05-16T14:59:58.013424416Z GROUP BY bucket, region
querier-1  | 2026-05-16T14:59:58.013425000Z ORDER BY bucket, region format=Csv
querier-1  | 2026-05-16T14:59:58.013425583Z 2026-05-16T14:59:58.013386Z  INFO influxdb3_server::query_executor: executing sql query database=bench query=-- 6-hour downsampling over an 8-week window. Touches most parquet files
querier-1  | 2026-05-16T14:59:58.013426333Z -- since timestamps span the entire generated range; aggregation work is
querier-1  | 2026-05-16T14:59:58.013426916Z -- dominated by group-by and merge across many files. 6h bins keep result
querier-1  | 2026-05-16T14:59:58.013427541Z -- cardinality manageable while still exercising the full date range.
querier-1  | 2026-05-16T14:59:58.013428125Z SELECT
querier-1  | 2026-05-16T14:59:58.013428708Z     DATE_BIN(INTERVAL '6 hours', time) AS bucket,
querier-1  | 2026-05-16T14:59:58.013430500Z     region,
querier-1  | 2026-05-16T14:59:58.013431166Z     AVG(temp) AS avg_temp,
querier-1  | 2026-05-16T14:59:58.013431750Z     APPROX_PERCENTILE_CONT(humidity, 0.95) AS p95_humidity
querier-1  | 2026-05-16T14:59:58.013432333Z FROM sensors
querier-1  | 2026-05-16T14:59:58.013432875Z WHERE time > now() - INTERVAL '8 weeks'
querier-1  | 2026-05-16T14:59:58.013433458Z GROUP BY bucket, region
querier-1  | 2026-05-16T14:59:58.013434000Z ORDER BY bucket, region params=None
querier-1  | 2026-05-16T14:59:58.013436875Z 2026-05-16T14:59:58.013410Z  INFO iox_query::query_log: query when="received" id=3a4df92d-9bed-4c88-93cf-7ad1b6b4f74f namespace_id=0 namespace_name="influxdb3 oss" query_type="sql" query_text=-- 6-hour downsampling over an 8-week window. Touches most parquet files
querier-1  | 2026-05-16T14:59:58.013459291Z -- since timestamps span the entire generated range; aggregation work is
querier-1  | 2026-05-16T14:59:58.013459875Z -- dominated by group-by and merge across many files. 6h bins keep result
querier-1  | 2026-05-16T14:59:58.013460541Z -- cardinality manageable while still exercising the full date range.
querier-1  | 2026-05-16T14:59:58.013462791Z SELECT
querier-1  | 2026-05-16T14:59:58.013463500Z     DATE_BIN(INTERVAL '6 hours', time) AS bucket,
querier-1  | 2026-05-16T14:59:58.013464208Z     region,
querier-1  | 2026-05-16T14:59:58.013464875Z     AVG(temp) AS avg_temp,
querier-1  | 2026-05-16T14:59:58.013465541Z     APPROX_PERCENTILE_CONT(humidity, 0.95) AS p95_humidity
querier-1  | 2026-05-16T14:59:58.013466250Z FROM sensors
querier-1  | 2026-05-16T14:59:58.013466875Z WHERE time > now() - INTERVAL '8 weeks'
querier-1  | 2026-05-16T14:59:58.013467583Z GROUP BY bucket, region
querier-1  | 2026-05-16T14:59:58.013470125Z ORDER BY bucket, region query_params=Params { } issue_time=2026-05-16T14:59:58.013408666+00:00 success=false running=true cancelled=false
querier-1  | 2026-05-16T14:59:58.015779083Z 2026-05-16T14:59:58.015709Z  INFO iox_query::query_log: query when="planned" id=3a4df92d-9bed-4c88-93cf-7ad1b6b4f74f namespace_id=0 namespace_name="influxdb3 oss" query_type="sql" query_text=-- 6-hour downsampling over an 8-week window. Touches most parquet files
querier-1  | 2026-05-16T14:59:58.015788458Z -- since timestamps span the entire generated range; aggregation work is
querier-1  | 2026-05-16T14:59:58.015789625Z -- dominated by group-by and merge across many files. 6h bins keep result
querier-1  | 2026-05-16T14:59:58.015790333Z -- cardinality manageable while still exercising the full date range.
querier-1  | 2026-05-16T14:59:58.015790958Z SELECT
querier-1  | 2026-05-16T14:59:58.015791625Z     DATE_BIN(INTERVAL '6 hours', time) AS bucket,
querier-1  | 2026-05-16T14:59:58.015792250Z     region,
querier-1  | 2026-05-16T14:59:58.015792833Z     AVG(temp) AS avg_temp,
querier-1  | 2026-05-16T14:59:58.015793375Z     APPROX_PERCENTILE_CONT(humidity, 0.95) AS p95_humidity
querier-1  | 2026-05-16T14:59:58.015794000Z FROM sensors
querier-1  | 2026-05-16T14:59:58.015794541Z WHERE time > now() - INTERVAL '8 weeks'
querier-1  | 2026-05-16T14:59:58.015795208Z GROUP BY bucket, region
querier-1  | 2026-05-16T14:59:58.015795750Z ORDER BY bucket, region query_params=Params { } issue_time=2026-05-16T14:59:58.013408666+00:00 partitions=1 parquet_files=1 deduplicated_partitions=0 deduplicated_parquet_files=0 plan_duration_secs=0.0022955 success=false running=true cancelled=false
querier-1  | 2026-05-16T14:59:58.015796583Z 2026-05-16T14:59:58.015725Z  INFO iox_query::query_log: query when="permit" id=3a4df92d-9bed-4c88-93cf-7ad1b6b4f74f namespace_id=0 namespace_name="influxdb3 oss" query_type="sql" query_text=-- 6-hour downsampling over an 8-week window. Touches most parquet files
querier-1  | 2026-05-16T14:59:58.015797458Z -- since timestamps span the entire generated range; aggregation work is
querier-1  | 2026-05-16T14:59:58.015798041Z -- dominated by group-by and merge across many files. 6h bins keep result
querier-1  | 2026-05-16T14:59:58.015798666Z -- cardinality manageable while still exercising the full date range.
querier-1  | 2026-05-16T14:59:58.015799250Z SELECT
querier-1  | 2026-05-16T14:59:58.015799791Z     DATE_BIN(INTERVAL '6 hours', time) AS bucket,
querier-1  | 2026-05-16T14:59:58.015800333Z     region,
querier-1  | 2026-05-16T14:59:58.015800875Z     AVG(temp) AS avg_temp,
querier-1  | 2026-05-16T14:59:58.015801375Z     APPROX_PERCENTILE_CONT(humidity, 0.95) AS p95_humidity
querier-1  | 2026-05-16T14:59:58.015801916Z FROM sensors
querier-1  | 2026-05-16T14:59:58.015802500Z WHERE time > now() - INTERVAL '8 weeks'
querier-1  | 2026-05-16T14:59:58.015803083Z GROUP BY bucket, region
querier-1  | 2026-05-16T14:59:58.015803666Z ORDER BY bucket, region query_params=Params { } issue_time=2026-05-16T14:59:58.013408666+00:00 partitions=1 parquet_files=1 deduplicated_partitions=0 deduplicated_parquet_files=0 plan_duration_secs=0.0022955 permit_duration_secs=2.075e-5 success=false running=true cancelled=false
querier-1  | 2026-05-16T14:59:58.016011166Z 2026-05-16T14:59:58.015954Z  INFO iox_query::query_log: query when="success" id=3a4df92d-9bed-4c88-93cf-7ad1b6b4f74f namespace_id=0 namespace_name="influxdb3 oss" query_type="sql" query_text=-- 6-hour downsampling over an 8-week window. Touches most parquet files
querier-1  | 2026-05-16T14:59:58.016019333Z -- since timestamps span the entire generated range; aggregation work is
querier-1  | 2026-05-16T14:59:58.016020291Z -- dominated by group-by and merge across many files. 6h bins keep result
querier-1  | 2026-05-16T14:59:58.016020958Z -- cardinality manageable while still exercising the full date range.
querier-1  | 2026-05-16T14:59:58.016021583Z SELECT
querier-1  | 2026-05-16T14:59:58.016022166Z     DATE_BIN(INTERVAL '6 hours', time) AS bucket,
querier-1  | 2026-05-16T14:59:58.016022791Z     region,
querier-1  | 2026-05-16T14:59:58.016023333Z     AVG(temp) AS avg_temp,
querier-1  | 2026-05-16T14:59:58.016023875Z     APPROX_PERCENTILE_CONT(humidity, 0.95) AS p95_humidity
querier-1  | 2026-05-16T14:59:58.016024583Z FROM sensors
querier-1  | 2026-05-16T14:59:58.016025250Z WHERE time > now() - INTERVAL '8 weeks'
querier-1  | 2026-05-16T14:59:58.016026041Z GROUP BY bucket, region
querier-1  | 2026-05-16T14:59:58.016026833Z ORDER BY bucket, region query_params=Params { } issue_time=2026-05-16T14:59:58.013408666+00:00 partitions=1 parquet_files=1 deduplicated_partitions=0 deduplicated_parquet_files=0 plan_duration_secs=0.0022955 permit_duration_secs=2.075e-5 execute_duration_secs=0.000200709 end2end_duration_secs=0.002544334 compute_duration_secs=0.000149334 max_memory=0 ingester_metrics.latency_to_plan_secs=0.0 ingester_metrics.latency_to_full_data_secs=0.0 ingester_metrics.response_rows=0 ingester_metrics.partition_count=0 ingester_metrics.response_size=0 success=true running=false cancelled=false
querier-1  | 2026-05-16T14:59:58.060633000Z 2026-05-16T14:59:58.060571Z  INFO influxdb3_server::http: handling query_sql database=bench query_str=-- 6-hour downsampling over an 8-week window. Touches most parquet files
querier-1  | 2026-05-16T14:59:58.060642166Z -- since timestamps span the entire generated range; aggregation work is
querier-1  | 2026-05-16T14:59:58.060643291Z -- dominated by group-by and merge across many files. 6h bins keep result
querier-1  | 2026-05-16T14:59:58.060645500Z -- cardinality manageable while still exercising the full date range.
querier-1  | 2026-05-16T14:59:58.060646375Z SELECT
querier-1  | 2026-05-16T14:59:58.060647125Z     DATE_BIN(INTERVAL '6 hours', time) AS bucket,
querier-1  | 2026-05-16T14:59:58.060647916Z     region,
querier-1  | 2026-05-16T14:59:58.060648666Z     AVG(temp) AS avg_temp,
querier-1  | 2026-05-16T14:59:58.060649375Z     APPROX_PERCENTILE_CONT(humidity, 0.95) AS p95_humidity
querier-1  | 2026-05-16T14:59:58.060650166Z FROM sensors
querier-1  | 2026-05-16T14:59:58.060650875Z WHERE time > now() - INTERVAL '8 weeks'
querier-1  | 2026-05-16T14:59:58.060651791Z GROUP BY bucket, region
querier-1  | 2026-05-16T14:59:58.060652541Z ORDER BY bucket, region format=Csv
querier-1  | 2026-05-16T14:59:58.060653333Z 2026-05-16T14:59:58.060587Z  INFO influxdb3_server::query_executor: executing sql query database=bench query=-- 6-hour downsampling over an 8-week window. Touches most parquet files
querier-1  | 2026-05-16T14:59:58.060654291Z -- since timestamps span the entire generated range; aggregation work is
querier-1  | 2026-05-16T14:59:58.060661666Z -- dominated by group-by and merge across many files. 6h bins keep result
querier-1  | 2026-05-16T14:59:58.060662333Z -- cardinality manageable while still exercising the full date range.
querier-1  | 2026-05-16T14:59:58.060663000Z SELECT
querier-1  | 2026-05-16T14:59:58.060663541Z     DATE_BIN(INTERVAL '6 hours', time) AS bucket,
querier-1  | 2026-05-16T14:59:58.060664166Z     region,
querier-1  | 2026-05-16T14:59:58.060664708Z     AVG(temp) AS avg_temp,
querier-1  | 2026-05-16T14:59:58.060665291Z     APPROX_PERCENTILE_CONT(humidity, 0.95) AS p95_humidity
querier-1  | 2026-05-16T14:59:58.060665875Z FROM sensors
querier-1  | 2026-05-16T14:59:58.060666416Z WHERE time > now() - INTERVAL '8 weeks'
querier-1  | 2026-05-16T14:59:58.060667000Z GROUP BY bucket, region
querier-1  | 2026-05-16T14:59:58.060667541Z ORDER BY bucket, region params=None
querier-1  | 2026-05-16T14:59:58.060669083Z 2026-05-16T14:59:58.060608Z  INFO iox_query::query_log: query when="received" id=a82949c9-8577-4c36-9018-e5fc1d10c585 namespace_id=0 namespace_name="influxdb3 oss" query_type="sql" query_text=-- 6-hour downsampling over an 8-week window. Touches most parquet files
querier-1  | 2026-05-16T14:59:58.060670166Z -- since timestamps span the entire generated range; aggregation work is
querier-1  | 2026-05-16T14:59:58.060670791Z -- dominated by group-by and merge across many files. 6h bins keep result
querier-1  | 2026-05-16T14:59:58.060671416Z -- cardinality manageable while still exercising the full date range.
querier-1  | 2026-05-16T14:59:58.060672041Z SELECT
querier-1  | 2026-05-16T14:59:58.060672541Z     DATE_BIN(INTERVAL '6 hours', time) AS bucket,
querier-1  | 2026-05-16T14:59:58.060673125Z     region,
querier-1  | 2026-05-16T14:59:58.060673625Z     AVG(temp) AS avg_temp,
querier-1  | 2026-05-16T14:59:58.060674166Z     APPROX_PERCENTILE_CONT(humidity, 0.95) AS p95_humidity
querier-1  | 2026-05-16T14:59:58.060674708Z FROM sensors
querier-1  | 2026-05-16T14:59:58.060675250Z WHERE time > now() - INTERVAL '8 weeks'
querier-1  | 2026-05-16T14:59:58.060675833Z GROUP BY bucket, region
querier-1  | 2026-05-16T14:59:58.060676375Z ORDER BY bucket, region query_params=Params { } issue_time=2026-05-16T14:59:58.060607458+00:00 success=false running=true cancelled=false
querier-1  | 2026-05-16T14:59:58.062434791Z 2026-05-16T14:59:58.062378Z  INFO iox_query::query_log: query when="planned" id=a82949c9-8577-4c36-9018-e5fc1d10c585 namespace_id=0 namespace_name="influxdb3 oss" query_type="sql" query_text=-- 6-hour downsampling over an 8-week window. Touches most parquet files
querier-1  | 2026-05-16T14:59:58.062445375Z -- since timestamps span the entire generated range; aggregation work is
querier-1  | 2026-05-16T14:59:58.062446750Z -- dominated by group-by and merge across many files. 6h bins keep result
querier-1  | 2026-05-16T14:59:58.062447666Z -- cardinality manageable while still exercising the full date range.
querier-1  | 2026-05-16T14:59:58.062448541Z SELECT
querier-1  | 2026-05-16T14:59:58.062449333Z     DATE_BIN(INTERVAL '6 hours', time) AS bucket,
querier-1  | 2026-05-16T14:59:58.062450083Z     region,
querier-1  | 2026-05-16T14:59:58.062451041Z     AVG(temp) AS avg_temp,
querier-1  | 2026-05-16T14:59:58.062455166Z     APPROX_PERCENTILE_CONT(humidity, 0.95) AS p95_humidity
querier-1  | 2026-05-16T14:59:58.062456458Z FROM sensors
querier-1  | 2026-05-16T14:59:58.062457166Z WHERE time > now() - INTERVAL '8 weeks'
querier-1  | 2026-05-16T14:59:58.062458000Z GROUP BY bucket, region
querier-1  | 2026-05-16T14:59:58.062458833Z ORDER BY bucket, region query_params=Params { } issue_time=2026-05-16T14:59:58.060607458+00:00 partitions=1 parquet_files=1 deduplicated_partitions=0 deduplicated_parquet_files=0 plan_duration_secs=0.00176675 success=false running=true cancelled=false
querier-1  | 2026-05-16T14:59:58.062459833Z 2026-05-16T14:59:58.062387Z  INFO iox_query::query_log: query when="permit" id=a82949c9-8577-4c36-9018-e5fc1d10c585 namespace_id=0 namespace_name="influxdb3 oss" query_type="sql" query_text=-- 6-hour downsampling over an 8-week window. Touches most parquet files
querier-1  | 2026-05-16T14:59:58.062460916Z -- since timestamps span the entire generated range; aggregation work is
querier-1  | 2026-05-16T14:59:58.062461666Z -- dominated by group-by and merge across many files. 6h bins keep result
querier-1  | 2026-05-16T14:59:58.062462416Z -- cardinality manageable while still exercising the full date range.
querier-1  | 2026-05-16T14:59:58.062463166Z SELECT
querier-1  | 2026-05-16T14:59:58.062463875Z     DATE_BIN(INTERVAL '6 hours', time) AS bucket,
querier-1  | 2026-05-16T14:59:58.062464583Z     region,
querier-1  | 2026-05-16T14:59:58.062465291Z     AVG(temp) AS avg_temp,
querier-1  | 2026-05-16T14:59:58.062465958Z     APPROX_PERCENTILE_CONT(humidity, 0.95) AS p95_humidity
querier-1  | 2026-05-16T14:59:58.062466666Z FROM sensors
querier-1  | 2026-05-16T14:59:58.062467375Z WHERE time > now() - INTERVAL '8 weeks'
querier-1  | 2026-05-16T14:59:58.062468083Z GROUP BY bucket, region
querier-1  | 2026-05-16T14:59:58.062468833Z ORDER BY bucket, region query_params=Params { } issue_time=2026-05-16T14:59:58.060607458+00:00 partitions=1 parquet_files=1 deduplicated_partitions=0 deduplicated_parquet_files=0 plan_duration_secs=0.00176675 permit_duration_secs=1.325e-5 success=false running=true cancelled=false
querier-1  | 2026-05-16T14:59:58.062711166Z 2026-05-16T14:59:58.062651Z  INFO iox_query::query_log: query when="success" id=a82949c9-8577-4c36-9018-e5fc1d10c585 namespace_id=0 namespace_name="influxdb3 oss" query_type="sql" query_text=-- 6-hour downsampling over an 8-week window. Touches most parquet files
querier-1  | 2026-05-16T14:59:58.062714291Z -- since timestamps span the entire generated range; aggregation work is
querier-1  | 2026-05-16T14:59:58.062715125Z -- dominated by group-by and merge across many files. 6h bins keep result
querier-1  | 2026-05-16T14:59:58.062715916Z -- cardinality manageable while still exercising the full date range.
querier-1  | 2026-05-16T14:59:58.062716708Z SELECT
querier-1  | 2026-05-16T14:59:58.062717375Z     DATE_BIN(INTERVAL '6 hours', time) AS bucket,
querier-1  | 2026-05-16T14:59:58.062718083Z     region,
querier-1  | 2026-05-16T14:59:58.062718750Z     AVG(temp) AS avg_temp,
querier-1  | 2026-05-16T14:59:58.062719458Z     APPROX_PERCENTILE_CONT(humidity, 0.95) AS p95_humidity
querier-1  | 2026-05-16T14:59:58.062720125Z FROM sensors
querier-1  | 2026-05-16T14:59:58.062720791Z WHERE time > now() - INTERVAL '8 weeks'
querier-1  | 2026-05-16T14:59:58.062723458Z GROUP BY bucket, region
querier-1  | 2026-05-16T14:59:58.062724458Z ORDER BY bucket, region query_params=Params { } issue_time=2026-05-16T14:59:58.060607458+00:00 partitions=1 parquet_files=1 deduplicated_partitions=0 deduplicated_parquet_files=0 plan_duration_secs=0.00176675 permit_duration_secs=1.325e-5 execute_duration_secs=0.000232458 end2end_duration_secs=0.002042625 compute_duration_secs=0.000146586 max_memory=0 ingester_metrics.latency_to_plan_secs=0.0 ingester_metrics.latency_to_full_data_secs=0.0 ingester_metrics.response_rows=0 ingester_metrics.partition_count=0 ingester_metrics.response_size=0 success=true running=false cancelled=false
querier-1  | 2026-05-16T14:59:58.107651917Z 2026-05-16T14:59:58.107586Z  INFO influxdb3_server::http: handling query_sql database=bench query_str=-- 6-hour downsampling over an 8-week window. Touches most parquet files
querier-1  | 2026-05-16T14:59:58.107659000Z -- since timestamps span the entire generated range; aggregation work is
querier-1  | 2026-05-16T14:59:58.107659875Z -- dominated by group-by and merge across many files. 6h bins keep result
querier-1  | 2026-05-16T14:59:58.107660792Z -- cardinality manageable while still exercising the full date range.
querier-1  | 2026-05-16T14:59:58.107661583Z SELECT
querier-1  | 2026-05-16T14:59:58.107662375Z     DATE_BIN(INTERVAL '6 hours', time) AS bucket,
querier-1  | 2026-05-16T14:59:58.107663125Z     region,
querier-1  | 2026-05-16T14:59:58.107663833Z     AVG(temp) AS avg_temp,
querier-1  | 2026-05-16T14:59:58.107664542Z     APPROX_PERCENTILE_CONT(humidity, 0.95) AS p95_humidity
querier-1  | 2026-05-16T14:59:58.107665292Z FROM sensors
querier-1  | 2026-05-16T14:59:58.107665958Z WHERE time > now() - INTERVAL '8 weeks'
querier-1  | 2026-05-16T14:59:58.107666875Z GROUP BY bucket, region
querier-1  | 2026-05-16T14:59:58.107667583Z ORDER BY bucket, region format=Csv
querier-1  | 2026-05-16T14:59:58.107668333Z 2026-05-16T14:59:58.107604Z  INFO influxdb3_server::query_executor: executing sql query database=bench query=-- 6-hour downsampling over an 8-week window. Touches most parquet files
querier-1  | 2026-05-16T14:59:58.107669250Z -- since timestamps span the entire generated range; aggregation work is
querier-1  | 2026-05-16T14:59:58.107670042Z -- dominated by group-by and merge across many files. 6h bins keep result
querier-1  | 2026-05-16T14:59:58.107670792Z -- cardinality manageable while still exercising the full date range.
querier-1  | 2026-05-16T14:59:58.107671542Z SELECT
querier-1  | 2026-05-16T14:59:58.107672167Z     DATE_BIN(INTERVAL '6 hours', time) AS bucket,
querier-1  | 2026-05-16T14:59:58.107672917Z     region,
querier-1  | 2026-05-16T14:59:58.107673583Z     AVG(temp) AS avg_temp,
querier-1  | 2026-05-16T14:59:58.107674250Z     APPROX_PERCENTILE_CONT(humidity, 0.95) AS p95_humidity
querier-1  | 2026-05-16T14:59:58.107674958Z FROM sensors
querier-1  | 2026-05-16T14:59:58.107675625Z WHERE time > now() - INTERVAL '8 weeks'
querier-1  | 2026-05-16T14:59:58.107676292Z GROUP BY bucket, region
querier-1  | 2026-05-16T14:59:58.107676958Z ORDER BY bucket, region params=None
querier-1  | 2026-05-16T14:59:58.107677667Z 2026-05-16T14:59:58.107624Z  INFO iox_query::query_log: query when="received" id=db38d58d-00aa-441b-b07a-56157ffc0795 namespace_id=0 namespace_name="influxdb3 oss" query_type="sql" query_text=-- 6-hour downsampling over an 8-week window. Touches most parquet files
querier-1  | 2026-05-16T14:59:58.107682042Z -- since timestamps span the entire generated range; aggregation work is
querier-1  | 2026-05-16T14:59:58.107682833Z -- dominated by group-by and merge across many files. 6h bins keep result
querier-1  | 2026-05-16T14:59:58.107683583Z -- cardinality manageable while still exercising the full date range.
querier-1  | 2026-05-16T14:59:58.107684292Z SELECT
querier-1  | 2026-05-16T14:59:58.107684917Z     DATE_BIN(INTERVAL '6 hours', time) AS bucket,
querier-1  | 2026-05-16T14:59:58.107685625Z     region,
querier-1  | 2026-05-16T14:59:58.107686208Z     AVG(temp) AS avg_temp,
querier-1  | 2026-05-16T14:59:58.107686792Z     APPROX_PERCENTILE_CONT(humidity, 0.95) AS p95_humidity
querier-1  | 2026-05-16T14:59:58.107688625Z FROM sensors
querier-1  | 2026-05-16T14:59:58.107689167Z WHERE time > now() - INTERVAL '8 weeks'
querier-1  | 2026-05-16T14:59:58.107689708Z GROUP BY bucket, region
querier-1  | 2026-05-16T14:59:58.107690417Z ORDER BY bucket, region query_params=Params { } issue_time=2026-05-16T14:59:58.107623667+00:00 success=false running=true cancelled=false
querier-1  | 2026-05-16T14:59:58.109778875Z 2026-05-16T14:59:58.109711Z  INFO iox_query::query_log: query when="planned" id=db38d58d-00aa-441b-b07a-56157ffc0795 namespace_id=0 namespace_name="influxdb3 oss" query_type="sql" query_text=-- 6-hour downsampling over an 8-week window. Touches most parquet files
querier-1  | 2026-05-16T14:59:58.109784917Z -- since timestamps span the entire generated range; aggregation work is
querier-1  | 2026-05-16T14:59:58.109785833Z -- dominated by group-by and merge across many files. 6h bins keep result
querier-1  | 2026-05-16T14:59:58.109786625Z -- cardinality manageable while still exercising the full date range.
querier-1  | 2026-05-16T14:59:58.109787417Z SELECT
querier-1  | 2026-05-16T14:59:58.109788125Z     DATE_BIN(INTERVAL '6 hours', time) AS bucket,
querier-1  | 2026-05-16T14:59:58.109788875Z     region,
querier-1  | 2026-05-16T14:59:58.109789583Z     AVG(temp) AS avg_temp,
querier-1  | 2026-05-16T14:59:58.109790292Z     APPROX_PERCENTILE_CONT(humidity, 0.95) AS p95_humidity
querier-1  | 2026-05-16T14:59:58.109791000Z FROM sensors
querier-1  | 2026-05-16T14:59:58.109791708Z WHERE time > now() - INTERVAL '8 weeks'
querier-1  | 2026-05-16T14:59:58.109792583Z GROUP BY bucket, region
querier-1  | 2026-05-16T14:59:58.109793292Z ORDER BY bucket, region query_params=Params { } issue_time=2026-05-16T14:59:58.107623667+00:00 partitions=1 parquet_files=1 deduplicated_partitions=0 deduplicated_parquet_files=0 plan_duration_secs=0.002082833 success=false running=true cancelled=false
querier-1  | 2026-05-16T14:59:58.109794292Z 2026-05-16T14:59:58.109730Z  INFO iox_query::query_log: query when="permit" id=db38d58d-00aa-441b-b07a-56157ffc0795 namespace_id=0 namespace_name="influxdb3 oss" query_type="sql" query_text=-- 6-hour downsampling over an 8-week window. Touches most parquet files
querier-1  | 2026-05-16T14:59:58.109795333Z -- since timestamps span the entire generated range; aggregation work is
querier-1  | 2026-05-16T14:59:58.109796083Z -- dominated by group-by and merge across many files. 6h bins keep result
querier-1  | 2026-05-16T14:59:58.109799375Z -- cardinality manageable while still exercising the full date range.
querier-1  | 2026-05-16T14:59:58.109800167Z SELECT
querier-1  | 2026-05-16T14:59:58.109800917Z     DATE_BIN(INTERVAL '6 hours', time) AS bucket,
querier-1  | 2026-05-16T14:59:58.109801625Z     region,
querier-1  | 2026-05-16T14:59:58.109802292Z     AVG(temp) AS avg_temp,
querier-1  | 2026-05-16T14:59:58.109803000Z     APPROX_PERCENTILE_CONT(humidity, 0.95) AS p95_humidity
querier-1  | 2026-05-16T14:59:58.109803792Z FROM sensors
querier-1  | 2026-05-16T14:59:58.109804417Z WHERE time > now() - INTERVAL '8 weeks'
querier-1  | 2026-05-16T14:59:58.109805125Z GROUP BY bucket, region
querier-1  | 2026-05-16T14:59:58.109805875Z ORDER BY bucket, region query_params=Params { } issue_time=2026-05-16T14:59:58.107623667+00:00 partitions=1 parquet_files=1 deduplicated_partitions=0 deduplicated_parquet_files=0 plan_duration_secs=0.002082833 permit_duration_secs=2.3083e-5 success=false running=true cancelled=false
querier-1  | 2026-05-16T14:59:58.110097208Z 2026-05-16T14:59:58.110043Z  INFO iox_query::query_log: query when="success" id=db38d58d-00aa-441b-b07a-56157ffc0795 namespace_id=0 namespace_name="influxdb3 oss" query_type="sql" query_text=-- 6-hour downsampling over an 8-week window. Touches most parquet files
querier-1  | 2026-05-16T14:59:58.110102125Z -- since timestamps span the entire generated range; aggregation work is
querier-1  | 2026-05-16T14:59:58.110103250Z -- dominated by group-by and merge across many files. 6h bins keep result
querier-1  | 2026-05-16T14:59:58.110104125Z -- cardinality manageable while still exercising the full date range.
querier-1  | 2026-05-16T14:59:58.110104958Z SELECT
querier-1  | 2026-05-16T14:59:58.110105667Z     DATE_BIN(INTERVAL '6 hours', time) AS bucket,
querier-1  | 2026-05-16T14:59:58.110106417Z     region,
querier-1  | 2026-05-16T14:59:58.110107167Z     AVG(temp) AS avg_temp,
querier-1  | 2026-05-16T14:59:58.110107958Z     APPROX_PERCENTILE_CONT(humidity, 0.95) AS p95_humidity
querier-1  | 2026-05-16T14:59:58.110108708Z FROM sensors
querier-1  | 2026-05-16T14:59:58.110109417Z WHERE time > now() - INTERVAL '8 weeks'
querier-1  | 2026-05-16T14:59:58.110110250Z GROUP BY bucket, region
querier-1  | 2026-05-16T14:59:58.110111000Z ORDER BY bucket, region query_params=Params { } issue_time=2026-05-16T14:59:58.107623667+00:00 partitions=1 parquet_files=1 deduplicated_partitions=0 deduplicated_parquet_files=0 plan_duration_secs=0.002082833 permit_duration_secs=2.3083e-5 execute_duration_secs=0.000288584 end2end_duration_secs=0.00241925 compute_duration_secs=0.000151501 max_memory=0 ingester_metrics.latency_to_plan_secs=0.0 ingester_metrics.latency_to_full_data_secs=0.0 ingester_metrics.response_rows=0 ingester_metrics.partition_count=0 ingester_metrics.response_size=0 success=true running=false cancelled=false
querier-1  | 2026-05-16T14:59:58.154057750Z 2026-05-16T14:59:58.153994Z  INFO influxdb3_server::http: handling query_sql database=bench query_str=-- 6-hour downsampling over an 8-week window. Touches most parquet files
querier-1  | 2026-05-16T14:59:58.154067958Z -- since timestamps span the entire generated range; aggregation work is
querier-1  | 2026-05-16T14:59:58.154069583Z -- dominated by group-by and merge across many files. 6h bins keep result
querier-1  | 2026-05-16T14:59:58.154070458Z -- cardinality manageable while still exercising the full date range.
querier-1  | 2026-05-16T14:59:58.154089625Z SELECT
querier-1  | 2026-05-16T14:59:58.154090250Z     DATE_BIN(INTERVAL '6 hours', time) AS bucket,
querier-1  | 2026-05-16T14:59:58.154090917Z     region,
querier-1  | 2026-05-16T14:59:58.154091375Z     AVG(temp) AS avg_temp,
querier-1  | 2026-05-16T14:59:58.154091917Z     APPROX_PERCENTILE_CONT(humidity, 0.95) AS p95_humidity
querier-1  | 2026-05-16T14:59:58.154092417Z FROM sensors
querier-1  | 2026-05-16T14:59:58.154092958Z WHERE time > now() - INTERVAL '8 weeks'
querier-1  | 2026-05-16T14:59:58.154093625Z GROUP BY bucket, region
querier-1  | 2026-05-16T14:59:58.154094083Z ORDER BY bucket, region format=Csv
querier-1  | 2026-05-16T14:59:58.154094583Z 2026-05-16T14:59:58.154010Z  INFO influxdb3_server::query_executor: executing sql query database=bench query=-- 6-hour downsampling over an 8-week window. Touches most parquet files
querier-1  | 2026-05-16T14:59:58.154095208Z -- since timestamps span the entire generated range; aggregation work is
querier-1  | 2026-05-16T14:59:58.154095708Z -- dominated by group-by and merge across many files. 6h bins keep result
querier-1  | 2026-05-16T14:59:58.154096250Z -- cardinality manageable while still exercising the full date range.
querier-1  | 2026-05-16T14:59:58.154096792Z SELECT
querier-1  | 2026-05-16T14:59:58.154097292Z     DATE_BIN(INTERVAL '6 hours', time) AS bucket,
querier-1  | 2026-05-16T14:59:58.154097792Z     region,
querier-1  | 2026-05-16T14:59:58.154098250Z     AVG(temp) AS avg_temp,
querier-1  | 2026-05-16T14:59:58.154098750Z     APPROX_PERCENTILE_CONT(humidity, 0.95) AS p95_humidity
querier-1  | 2026-05-16T14:59:58.154099250Z FROM sensors
querier-1  | 2026-05-16T14:59:58.154099792Z WHERE time > now() - INTERVAL '8 weeks'
querier-1  | 2026-05-16T14:59:58.154100333Z GROUP BY bucket, region
querier-1  | 2026-05-16T14:59:58.154100792Z ORDER BY bucket, region params=None
querier-1  | 2026-05-16T14:59:58.154101292Z 2026-05-16T14:59:58.154031Z  INFO iox_query::query_log: query when="received" id=e35b65a2-679d-49c8-b36a-2d79945feb73 namespace_id=0 namespace_name="influxdb3 oss" query_type="sql" query_text=-- 6-hour downsampling over an 8-week window. Touches most parquet files
querier-1  | 2026-05-16T14:59:58.154102167Z -- since timestamps span the entire generated range; aggregation work is
querier-1  | 2026-05-16T14:59:58.154102708Z -- dominated by group-by and merge across many files. 6h bins keep result
querier-1  | 2026-05-16T14:59:58.154103208Z -- cardinality manageable while still exercising the full date range.
querier-1  | 2026-05-16T14:59:58.154103708Z SELECT
querier-1  | 2026-05-16T14:59:58.154104208Z     DATE_BIN(INTERVAL '6 hours', time) AS bucket,
querier-1  | 2026-05-16T14:59:58.154104667Z     region,
querier-1  | 2026-05-16T14:59:58.154105125Z     AVG(temp) AS avg_temp,
querier-1  | 2026-05-16T14:59:58.154105625Z     APPROX_PERCENTILE_CONT(humidity, 0.95) AS p95_humidity
querier-1  | 2026-05-16T14:59:58.154106125Z FROM sensors
querier-1  | 2026-05-16T14:59:58.154106583Z WHERE time > now() - INTERVAL '8 weeks'
querier-1  | 2026-05-16T14:59:58.154107083Z GROUP BY bucket, region
querier-1  | 2026-05-16T14:59:58.154109167Z ORDER BY bucket, region query_params=Params { } issue_time=2026-05-16T14:59:58.154030375+00:00 success=false running=true cancelled=false
querier-1  | 2026-05-16T14:59:58.155869042Z 2026-05-16T14:59:58.155800Z  INFO iox_query::query_log: query when="planned" id=e35b65a2-679d-49c8-b36a-2d79945feb73 namespace_id=0 namespace_name="influxdb3 oss" query_type="sql" query_text=-- 6-hour downsampling over an 8-week window. Touches most parquet files
querier-1  | 2026-05-16T14:59:58.155876542Z -- since timestamps span the entire generated range; aggregation work is
querier-1  | 2026-05-16T14:59:58.155878042Z -- dominated by group-by and merge across many files. 6h bins keep result
querier-1  | 2026-05-16T14:59:58.155878917Z -- cardinality manageable while still exercising the full date range.
querier-1  | 2026-05-16T14:59:58.155881000Z SELECT
querier-1  | 2026-05-16T14:59:58.155881833Z     DATE_BIN(INTERVAL '6 hours', time) AS bucket,
querier-1  | 2026-05-16T14:59:58.155882667Z     region,
querier-1  | 2026-05-16T14:59:58.155883375Z     AVG(temp) AS avg_temp,
querier-1  | 2026-05-16T14:59:58.155884125Z     APPROX_PERCENTILE_CONT(humidity, 0.95) AS p95_humidity
querier-1  | 2026-05-16T14:59:58.155884875Z FROM sensors
querier-1  | 2026-05-16T14:59:58.155885542Z WHERE time > now() - INTERVAL '8 weeks'
querier-1  | 2026-05-16T14:59:58.155886375Z GROUP BY bucket, region
querier-1  | 2026-05-16T14:59:58.155887125Z ORDER BY bucket, region query_params=Params { } issue_time=2026-05-16T14:59:58.154030375+00:00 partitions=1 parquet_files=1 deduplicated_partitions=0 deduplicated_parquet_files=0 plan_duration_secs=0.001766 success=false running=true cancelled=false
querier-1  | 2026-05-16T14:59:58.155888208Z 2026-05-16T14:59:58.155811Z  INFO iox_query::query_log: query when="permit" id=e35b65a2-679d-49c8-b36a-2d79945feb73 namespace_id=0 namespace_name="influxdb3 oss" query_type="sql" query_text=-- 6-hour downsampling over an 8-week window. Touches most parquet files
querier-1  | 2026-05-16T14:59:58.155889375Z -- since timestamps span the entire generated range; aggregation work is
querier-1  | 2026-05-16T14:59:58.155890167Z -- dominated by group-by and merge across many files. 6h bins keep result
querier-1  | 2026-05-16T14:59:58.155890958Z -- cardinality manageable while still exercising the full date range.
querier-1  | 2026-05-16T14:59:58.155891708Z SELECT
querier-1  | 2026-05-16T14:59:58.155892417Z     DATE_BIN(INTERVAL '6 hours', time) AS bucket,
querier-1  | 2026-05-16T14:59:58.155893167Z     region,
querier-1  | 2026-05-16T14:59:58.155893833Z     AVG(temp) AS avg_temp,
querier-1  | 2026-05-16T14:59:58.155894500Z     APPROX_PERCENTILE_CONT(humidity, 0.95) AS p95_humidity
querier-1  | 2026-05-16T14:59:58.155895292Z FROM sensors
querier-1  | 2026-05-16T14:59:58.155895917Z WHERE time > now() - INTERVAL '8 weeks'
querier-1  | 2026-05-16T14:59:58.155896625Z GROUP BY bucket, region
querier-1  | 2026-05-16T14:59:58.155897375Z ORDER BY bucket, region query_params=Params { } issue_time=2026-05-16T14:59:58.154030375+00:00 partitions=1 parquet_files=1 deduplicated_partitions=0 deduplicated_parquet_files=0 plan_duration_secs=0.001766 permit_duration_secs=1.475e-5 success=false running=true cancelled=false
querier-1  | 2026-05-16T14:59:58.156135375Z 2026-05-16T14:59:58.156078Z  INFO iox_query::query_log: query when="success" id=e35b65a2-679d-49c8-b36a-2d79945feb73 namespace_id=0 namespace_name="influxdb3 oss" query_type="sql" query_text=-- 6-hour downsampling over an 8-week window. Touches most parquet files
querier-1  | 2026-05-16T14:59:58.156142500Z -- since timestamps span the entire generated range; aggregation work is
querier-1  | 2026-05-16T14:59:58.156143292Z -- dominated by group-by and merge across many files. 6h bins keep result
querier-1  | 2026-05-16T14:59:58.156143958Z -- cardinality manageable while still exercising the full date range.
querier-1  | 2026-05-16T14:59:58.156144625Z SELECT
querier-1  | 2026-05-16T14:59:58.156145250Z     DATE_BIN(INTERVAL '6 hours', time) AS bucket,
querier-1  | 2026-05-16T14:59:58.156145875Z     region,
querier-1  | 2026-05-16T14:59:58.156146500Z     AVG(temp) AS avg_temp,
querier-1  | 2026-05-16T14:59:58.156147125Z     APPROX_PERCENTILE_CONT(humidity, 0.95) AS p95_humidity
querier-1  | 2026-05-16T14:59:58.156147792Z FROM sensors
querier-1  | 2026-05-16T14:59:58.156148375Z WHERE time > now() - INTERVAL '8 weeks'
querier-1  | 2026-05-16T14:59:58.156149042Z GROUP BY bucket, region
querier-1  | 2026-05-16T14:59:58.156149708Z ORDER BY bucket, region query_params=Params { } issue_time=2026-05-16T14:59:58.154030375+00:00 partitions=1 parquet_files=1 deduplicated_partitions=0 deduplicated_parquet_files=0 plan_duration_secs=0.001766 permit_duration_secs=1.475e-5 execute_duration_secs=0.000233583 end2end_duration_secs=0.002045875 compute_duration_secs=0.000146207 max_memory=0 ingester_metrics.latency_to_plan_secs=0.0 ingester_metrics.latency_to_full_data_secs=0.0 ingester_metrics.response_rows=0 ingester_metrics.partition_count=0 ingester_metrics.response_size=0 success=true running=false cancelled=false
querier-1  | 2026-05-16T14:59:58.200143625Z 2026-05-16T14:59:58.200084Z  INFO influxdb3_server::http: handling query_sql database=bench query_str=-- 6-hour downsampling over an 8-week window. Touches most parquet files
querier-1  | 2026-05-16T14:59:58.200150833Z -- since timestamps span the entire generated range; aggregation work is
querier-1  | 2026-05-16T14:59:58.200151708Z -- dominated by group-by and merge across many files. 6h bins keep result
querier-1  | 2026-05-16T14:59:58.200152333Z -- cardinality manageable while still exercising the full date range.
querier-1  | 2026-05-16T14:59:58.200152917Z SELECT
querier-1  | 2026-05-16T14:59:58.200153458Z     DATE_BIN(INTERVAL '6 hours', time) AS bucket,
querier-1  | 2026-05-16T14:59:58.200154083Z     region,
querier-1  | 2026-05-16T14:59:58.200154625Z     AVG(temp) AS avg_temp,
querier-1  | 2026-05-16T14:59:58.200155167Z     APPROX_PERCENTILE_CONT(humidity, 0.95) AS p95_humidity
querier-1  | 2026-05-16T14:59:58.200155792Z FROM sensors
querier-1  | 2026-05-16T14:59:58.200156333Z WHERE time > now() - INTERVAL '8 weeks'
querier-1  | 2026-05-16T14:59:58.200157042Z GROUP BY bucket, region
querier-1  | 2026-05-16T14:59:58.200157583Z ORDER BY bucket, region format=Csv
querier-1  | 2026-05-16T14:59:58.200158167Z 2026-05-16T14:59:58.200103Z  INFO influxdb3_server::query_executor: executing sql query database=bench query=-- 6-hour downsampling over an 8-week window. Touches most parquet files
querier-1  | 2026-05-16T14:59:58.200158875Z -- since timestamps span the entire generated range; aggregation work is
querier-1  | 2026-05-16T14:59:58.200164792Z -- dominated by group-by and merge across many files. 6h bins keep result
querier-1  | 2026-05-16T14:59:58.200165458Z -- cardinality manageable while still exercising the full date range.
querier-1  | 2026-05-16T14:59:58.200166083Z SELECT
querier-1  | 2026-05-16T14:59:58.200166583Z     DATE_BIN(INTERVAL '6 hours', time) AS bucket,
querier-1  | 2026-05-16T14:59:58.200167167Z     region,
querier-1  | 2026-05-16T14:59:58.200167708Z     AVG(temp) AS avg_temp,
querier-1  | 2026-05-16T14:59:58.200168208Z     APPROX_PERCENTILE_CONT(humidity, 0.95) AS p95_humidity
querier-1  | 2026-05-16T14:59:58.200168792Z FROM sensors
querier-1  | 2026-05-16T14:59:58.200169292Z WHERE time > now() - INTERVAL '8 weeks'
querier-1  | 2026-05-16T14:59:58.200169833Z GROUP BY bucket, region
querier-1  | 2026-05-16T14:59:58.200170375Z ORDER BY bucket, region params=None
querier-1  | 2026-05-16T14:59:58.200172917Z 2026-05-16T14:59:58.200124Z  INFO iox_query::query_log: query when="received" id=ba54060b-b1bf-4fce-9c55-fbcfa3f59114 namespace_id=0 namespace_name="influxdb3 oss" query_type="sql" query_text=-- 6-hour downsampling over an 8-week window. Touches most parquet files
querier-1  | 2026-05-16T14:59:58.200173875Z -- since timestamps span the entire generated range; aggregation work is
querier-1  | 2026-05-16T14:59:58.200174500Z -- dominated by group-by and merge across many files. 6h bins keep result
querier-1  | 2026-05-16T14:59:58.200175083Z -- cardinality manageable while still exercising the full date range.
querier-1  | 2026-05-16T14:59:58.200175667Z SELECT
querier-1  | 2026-05-16T14:59:58.200176125Z     DATE_BIN(INTERVAL '6 hours', time) AS bucket,
querier-1  | 2026-05-16T14:59:58.200176667Z     region,
querier-1  | 2026-05-16T14:59:58.200177083Z     AVG(temp) AS avg_temp,
querier-1  | 2026-05-16T14:59:58.200177542Z     APPROX_PERCENTILE_CONT(humidity, 0.95) AS p95_humidity
querier-1  | 2026-05-16T14:59:58.200178042Z FROM sensors
querier-1  | 2026-05-16T14:59:58.200178500Z WHERE time > now() - INTERVAL '8 weeks'
querier-1  | 2026-05-16T14:59:58.200178958Z GROUP BY bucket, region
querier-1  | 2026-05-16T14:59:58.200179458Z ORDER BY bucket, region query_params=Params { } issue_time=2026-05-16T14:59:58.200123625+00:00 success=false running=true cancelled=false
querier-1  | 2026-05-16T14:59:58.201970958Z 2026-05-16T14:59:58.201912Z  INFO iox_query::query_log: query when="planned" id=ba54060b-b1bf-4fce-9c55-fbcfa3f59114 namespace_id=0 namespace_name="influxdb3 oss" query_type="sql" query_text=-- 6-hour downsampling over an 8-week window. Touches most parquet files
querier-1  | 2026-05-16T14:59:58.201975542Z -- since timestamps span the entire generated range; aggregation work is
querier-1  | 2026-05-16T14:59:58.201976458Z -- dominated by group-by and merge across many files. 6h bins keep result
querier-1  | 2026-05-16T14:59:58.201977208Z -- cardinality manageable while still exercising the full date range.
querier-1  | 2026-05-16T14:59:58.201978042Z SELECT
querier-1  | 2026-05-16T14:59:58.201978708Z     DATE_BIN(INTERVAL '6 hours', time) AS bucket,
querier-1  | 2026-05-16T14:59:58.201979542Z     region,
querier-1  | 2026-05-16T14:59:58.201980250Z     AVG(temp) AS avg_temp,
querier-1  | 2026-05-16T14:59:58.201983917Z     APPROX_PERCENTILE_CONT(humidity, 0.95) AS p95_humidity
querier-1  | 2026-05-16T14:59:58.201984750Z FROM sensors
querier-1  | 2026-05-16T14:59:58.201985417Z WHERE time > now() - INTERVAL '8 weeks'
querier-1  | 2026-05-16T14:59:58.201986208Z GROUP BY bucket, region
querier-1  | 2026-05-16T14:59:58.201986917Z ORDER BY bucket, region query_params=Params { } issue_time=2026-05-16T14:59:58.200123625+00:00 partitions=1 parquet_files=1 deduplicated_partitions=0 deduplicated_parquet_files=0 plan_duration_secs=0.001783958 success=false running=true cancelled=false
querier-1  | 2026-05-16T14:59:58.201987875Z 2026-05-16T14:59:58.201924Z  INFO iox_query::query_log: query when="permit" id=ba54060b-b1bf-4fce-9c55-fbcfa3f59114 namespace_id=0 namespace_name="influxdb3 oss" query_type="sql" query_text=-- 6-hour downsampling over an 8-week window. Touches most parquet files
querier-1  | 2026-05-16T14:59:58.201988875Z -- since timestamps span the entire generated range; aggregation work is
querier-1  | 2026-05-16T14:59:58.201989583Z -- dominated by group-by and merge across many files. 6h bins keep result
querier-1  | 2026-05-16T14:59:58.201990333Z -- cardinality manageable while still exercising the full date range.
querier-1  | 2026-05-16T14:59:58.201991042Z SELECT
querier-1  | 2026-05-16T14:59:58.201991667Z     DATE_BIN(INTERVAL '6 hours', time) AS bucket,
querier-1  | 2026-05-16T14:59:58.201992375Z     region,
querier-1  | 2026-05-16T14:59:58.201993042Z     AVG(temp) AS avg_temp,
querier-1  | 2026-05-16T14:59:58.201993708Z     APPROX_PERCENTILE_CONT(humidity, 0.95) AS p95_humidity
querier-1  | 2026-05-16T14:59:58.201994375Z FROM sensors
querier-1  | 2026-05-16T14:59:58.201995000Z WHERE time > now() - INTERVAL '8 weeks'
querier-1  | 2026-05-16T14:59:58.201995708Z GROUP BY bucket, region
querier-1  | 2026-05-16T14:59:58.201996458Z ORDER BY bucket, region query_params=Params { } issue_time=2026-05-16T14:59:58.200123625+00:00 partitions=1 parquet_files=1 deduplicated_partitions=0 deduplicated_parquet_files=0 plan_duration_secs=0.001783958 permit_duration_secs=1.675e-5 success=false running=true cancelled=false
querier-1  | 2026-05-16T14:59:58.202184208Z 2026-05-16T14:59:58.202130Z  INFO iox_query::query_log: query when="success" id=ba54060b-b1bf-4fce-9c55-fbcfa3f59114 namespace_id=0 namespace_name="influxdb3 oss" query_type="sql" query_text=-- 6-hour downsampling over an 8-week window. Touches most parquet files
querier-1  | 2026-05-16T14:59:58.202188458Z -- since timestamps span the entire generated range; aggregation work is
querier-1  | 2026-05-16T14:59:58.202189625Z -- dominated by group-by and merge across many files. 6h bins keep result
querier-1  | 2026-05-16T14:59:58.202190417Z -- cardinality manageable while still exercising the full date range.
querier-1  | 2026-05-16T14:59:58.202191208Z SELECT
querier-1  | 2026-05-16T14:59:58.202191958Z     DATE_BIN(INTERVAL '6 hours', time) AS bucket,
querier-1  | 2026-05-16T14:59:58.202192708Z     region,
querier-1  | 2026-05-16T14:59:58.202193375Z     AVG(temp) AS avg_temp,
querier-1  | 2026-05-16T14:59:58.202194083Z     APPROX_PERCENTILE_CONT(humidity, 0.95) AS p95_humidity
querier-1  | 2026-05-16T14:59:58.202194833Z FROM sensors
querier-1  | 2026-05-16T14:59:58.202195458Z WHERE time > now() - INTERVAL '8 weeks'
querier-1  | 2026-05-16T14:59:58.202200000Z GROUP BY bucket, region
querier-1  | 2026-05-16T14:59:58.202201417Z ORDER BY bucket, region query_params=Params { } issue_time=2026-05-16T14:59:58.200123625+00:00 partitions=1 parquet_files=1 deduplicated_partitions=0 deduplicated_parquet_files=0 plan_duration_secs=0.001783958 permit_duration_secs=1.675e-5 execute_duration_secs=0.000189625 end2end_duration_secs=0.002006167 compute_duration_secs=0.000133877 max_memory=0 ingester_metrics.latency_to_plan_secs=0.0 ingester_metrics.latency_to_full_data_secs=0.0 ingester_metrics.response_rows=0 ingester_metrics.partition_count=0 ingester_metrics.response_size=0 success=true running=false cancelled=false
querier-1  | 2026-05-16T14:59:58.247371875Z 2026-05-16T14:59:58.247312Z  INFO influxdb3_server::http: handling query_sql database=bench query_str=-- 6-hour downsampling over an 8-week window. Touches most parquet files
querier-1  | 2026-05-16T14:59:58.247378208Z -- since timestamps span the entire generated range; aggregation work is
querier-1  | 2026-05-16T14:59:58.247379083Z -- dominated by group-by and merge across many files. 6h bins keep result
querier-1  | 2026-05-16T14:59:58.247379708Z -- cardinality manageable while still exercising the full date range.
querier-1  | 2026-05-16T14:59:58.247380333Z SELECT
querier-1  | 2026-05-16T14:59:58.247380917Z     DATE_BIN(INTERVAL '6 hours', time) AS bucket,
querier-1  | 2026-05-16T14:59:58.247381583Z     region,
querier-1  | 2026-05-16T14:59:58.247382208Z     AVG(temp) AS avg_temp,
querier-1  | 2026-05-16T14:59:58.247382750Z     APPROX_PERCENTILE_CONT(humidity, 0.95) AS p95_humidity
querier-1  | 2026-05-16T14:59:58.247383375Z FROM sensors
querier-1  | 2026-05-16T14:59:58.247383958Z WHERE time > now() - INTERVAL '8 weeks'
querier-1  | 2026-05-16T14:59:58.247384583Z GROUP BY bucket, region
querier-1  | 2026-05-16T14:59:58.247385083Z ORDER BY bucket, region format=Csv
querier-1  | 2026-05-16T14:59:58.247385667Z 2026-05-16T14:59:58.247330Z  INFO influxdb3_server::query_executor: executing sql query database=bench query=-- 6-hour downsampling over an 8-week window. Touches most parquet files
querier-1  | 2026-05-16T14:59:58.247386375Z -- since timestamps span the entire generated range; aggregation work is
querier-1  | 2026-05-16T14:59:58.247386958Z -- dominated by group-by and merge across many files. 6h bins keep result
querier-1  | 2026-05-16T14:59:58.247387542Z -- cardinality manageable while still exercising the full date range.
querier-1  | 2026-05-16T14:59:58.247388125Z SELECT
querier-1  | 2026-05-16T14:59:58.247388667Z     DATE_BIN(INTERVAL '6 hours', time) AS bucket,
querier-1  | 2026-05-16T14:59:58.247389250Z     region,
querier-1  | 2026-05-16T14:59:58.247389792Z     AVG(temp) AS avg_temp,
querier-1  | 2026-05-16T14:59:58.247390333Z     APPROX_PERCENTILE_CONT(humidity, 0.95) AS p95_humidity
querier-1  | 2026-05-16T14:59:58.247390875Z FROM sensors
querier-1  | 2026-05-16T14:59:58.247391417Z WHERE time > now() - INTERVAL '8 weeks'
querier-1  | 2026-05-16T14:59:58.247392000Z GROUP BY bucket, region
querier-1  | 2026-05-16T14:59:58.247392542Z ORDER BY bucket, region params=None
querier-1  | 2026-05-16T14:59:58.247394667Z 2026-05-16T14:59:58.247355Z  INFO iox_query::query_log: query when="received" id=27bf9007-e7b5-47d4-b452-9ee013c6a35d namespace_id=0 namespace_name="influxdb3 oss" query_type="sql" query_text=-- 6-hour downsampling over an 8-week window. Touches most parquet files
querier-1  | 2026-05-16T14:59:58.247415458Z -- since timestamps span the entire generated range; aggregation work is
querier-1  | 2026-05-16T14:59:58.247416250Z -- dominated by group-by and merge across many files. 6h bins keep result
querier-1  | 2026-05-16T14:59:58.247417042Z -- cardinality manageable while still exercising the full date range.
querier-1  | 2026-05-16T14:59:58.247417792Z SELECT
querier-1  | 2026-05-16T14:59:58.247418417Z     DATE_BIN(INTERVAL '6 hours', time) AS bucket,
querier-1  | 2026-05-16T14:59:58.247419125Z     region,
querier-1  | 2026-05-16T14:59:58.247419792Z     AVG(temp) AS avg_temp,
querier-1  | 2026-05-16T14:59:58.247420625Z     APPROX_PERCENTILE_CONT(humidity, 0.95) AS p95_humidity
querier-1  | 2026-05-16T14:59:58.247421458Z FROM sensors
querier-1  | 2026-05-16T14:59:58.247422125Z WHERE time > now() - INTERVAL '8 weeks'
querier-1  | 2026-05-16T14:59:58.247422792Z GROUP BY bucket, region
querier-1  | 2026-05-16T14:59:58.247423500Z ORDER BY bucket, region query_params=Params { } issue_time=2026-05-16T14:59:58.247354042+00:00 success=false running=true cancelled=false
querier-1  | 2026-05-16T14:59:58.249232250Z 2026-05-16T14:59:58.249169Z  INFO iox_query::query_log: query when="planned" id=27bf9007-e7b5-47d4-b452-9ee013c6a35d namespace_id=0 namespace_name="influxdb3 oss" query_type="sql" query_text=-- 6-hour downsampling over an 8-week window. Touches most parquet files
querier-1  | 2026-05-16T14:59:58.249236583Z -- since timestamps span the entire generated range; aggregation work is
querier-1  | 2026-05-16T14:59:58.249237458Z -- dominated by group-by and merge across many files. 6h bins keep result
querier-1  | 2026-05-16T14:59:58.249239875Z -- cardinality manageable while still exercising the full date range.
querier-1  | 2026-05-16T14:59:58.249240667Z SELECT
querier-1  | 2026-05-16T14:59:58.249241333Z     DATE_BIN(INTERVAL '6 hours', time) AS bucket,
querier-1  | 2026-05-16T14:59:58.249242042Z     region,
querier-1  | 2026-05-16T14:59:58.249242708Z     AVG(temp) AS avg_temp,
querier-1  | 2026-05-16T14:59:58.249243333Z     APPROX_PERCENTILE_CONT(humidity, 0.95) AS p95_humidity
querier-1  | 2026-05-16T14:59:58.249244042Z FROM sensors
querier-1  | 2026-05-16T14:59:58.249244708Z WHERE time > now() - INTERVAL '8 weeks'
querier-1  | 2026-05-16T14:59:58.249245458Z GROUP BY bucket, region
querier-1  | 2026-05-16T14:59:58.249246167Z ORDER BY bucket, region query_params=Params { } issue_time=2026-05-16T14:59:58.247354042+00:00 partitions=1 parquet_files=1 deduplicated_partitions=0 deduplicated_parquet_files=0 plan_duration_secs=0.001811666 success=false running=true cancelled=false
querier-1  | 2026-05-16T14:59:58.249247208Z 2026-05-16T14:59:58.249196Z  INFO iox_query::query_log: query when="permit" id=27bf9007-e7b5-47d4-b452-9ee013c6a35d namespace_id=0 namespace_name="influxdb3 oss" query_type="sql" query_text=-- 6-hour downsampling over an 8-week window. Touches most parquet files
querier-1  | 2026-05-16T14:59:58.249248208Z -- since timestamps span the entire generated range; aggregation work is
querier-1  | 2026-05-16T14:59:58.249248958Z -- dominated by group-by and merge across many files. 6h bins keep result
querier-1  | 2026-05-16T14:59:58.249252083Z -- cardinality manageable while still exercising the full date range.
querier-1  | 2026-05-16T14:59:58.249252875Z SELECT
querier-1  | 2026-05-16T14:59:58.249253500Z     DATE_BIN(INTERVAL '6 hours', time) AS bucket,
querier-1  | 2026-05-16T14:59:58.249254208Z     region,
querier-1  | 2026-05-16T14:59:58.249254875Z     AVG(temp) AS avg_temp,
querier-1  | 2026-05-16T14:59:58.249255542Z     APPROX_PERCENTILE_CONT(humidity, 0.95) AS p95_humidity
querier-1  | 2026-05-16T14:59:58.249256250Z FROM sensors
querier-1  | 2026-05-16T14:59:58.249256875Z WHERE time > now() - INTERVAL '8 weeks'
querier-1  | 2026-05-16T14:59:58.249257583Z GROUP BY bucket, region
querier-1  | 2026-05-16T14:59:58.249258292Z ORDER BY bucket, region query_params=Params { } issue_time=2026-05-16T14:59:58.247354042+00:00 partitions=1 parquet_files=1 deduplicated_partitions=0 deduplicated_parquet_files=0 plan_duration_secs=0.001811666 permit_duration_secs=2.9375e-5 success=false running=true cancelled=false
querier-1  | 2026-05-16T14:59:58.249553375Z 2026-05-16T14:59:58.249485Z  INFO iox_query::query_log: query when="success" id=27bf9007-e7b5-47d4-b452-9ee013c6a35d namespace_id=0 namespace_name="influxdb3 oss" query_type="sql" query_text=-- 6-hour downsampling over an 8-week window. Touches most parquet files
querier-1  | 2026-05-16T14:59:58.249560042Z -- since timestamps span the entire generated range; aggregation work is
querier-1  | 2026-05-16T14:59:58.249561333Z -- dominated by group-by and merge across many files. 6h bins keep result
querier-1  | 2026-05-16T14:59:58.249562250Z -- cardinality manageable while still exercising the full date range.
querier-1  | 2026-05-16T14:59:58.249563125Z SELECT
querier-1  | 2026-05-16T14:59:58.249563917Z     DATE_BIN(INTERVAL '6 hours', time) AS bucket,
querier-1  | 2026-05-16T14:59:58.249564625Z     region,
querier-1  | 2026-05-16T14:59:58.249565333Z     AVG(temp) AS avg_temp,
querier-1  | 2026-05-16T14:59:58.249566042Z     APPROX_PERCENTILE_CONT(humidity, 0.95) AS p95_humidity
querier-1  | 2026-05-16T14:59:58.249566750Z FROM sensors
querier-1  | 2026-05-16T14:59:58.249567458Z WHERE time > now() - INTERVAL '8 weeks'
querier-1  | 2026-05-16T14:59:58.249568292Z GROUP BY bucket, region
querier-1  | 2026-05-16T14:59:58.249569167Z ORDER BY bucket, region query_params=Params { } issue_time=2026-05-16T14:59:58.247354042+00:00 partitions=1 parquet_files=1 deduplicated_partitions=0 deduplicated_parquet_files=0 plan_duration_secs=0.001811666 permit_duration_secs=2.9375e-5 execute_duration_secs=0.000229959 end2end_duration_secs=0.002130666 compute_duration_secs=0.000135043 max_memory=0 ingester_metrics.latency_to_plan_secs=0.0 ingester_metrics.latency_to_full_data_secs=0.0 ingester_metrics.response_rows=0 ingester_metrics.partition_count=0 ingester_metrics.response_size=0 success=true running=false cancelled=false
querier-1  | 2026-05-16T14:59:58.297379875Z 2026-05-16T14:59:58.297302Z  INFO influxdb3_server::http: handling query_sql database=bench query_str=-- 1-week recent window — exercises the gen1-heavy tail. Most recent data
querier-1  | 2026-05-16T14:59:58.297389125Z -- still sits in many small gen1 files; compaction should already be
querier-1  | 2026-05-16T14:59:58.297390458Z -- promoting older portions of this window to gen2/3.
querier-1  | 2026-05-16T14:59:58.297396875Z SELECT region, AVG(temp), COUNT(*)
querier-1  | 2026-05-16T14:59:58.297397708Z FROM sensors
querier-1  | 2026-05-16T14:59:58.297398542Z WHERE time > now() - INTERVAL '1 week'
querier-1  | 2026-05-16T14:59:58.297399500Z GROUP BY region format=Csv
querier-1  | 2026-05-16T14:59:58.297400292Z 2026-05-16T14:59:58.297320Z  INFO influxdb3_server::query_executor: executing sql query database=bench query=-- 1-week recent window — exercises the gen1-heavy tail. Most recent data
querier-1  | 2026-05-16T14:59:58.297401083Z -- still sits in many small gen1 files; compaction should already be
querier-1  | 2026-05-16T14:59:58.297401708Z -- promoting older portions of this window to gen2/3.
querier-1  | 2026-05-16T14:59:58.297402292Z SELECT region, AVG(temp), COUNT(*)
querier-1  | 2026-05-16T14:59:58.297402875Z FROM sensors
querier-1  | 2026-05-16T14:59:58.297403417Z WHERE time > now() - INTERVAL '1 week'
querier-1  | 2026-05-16T14:59:58.297404000Z GROUP BY region params=None
querier-1  | 2026-05-16T14:59:58.297405458Z 2026-05-16T14:59:58.297346Z  INFO iox_query::query_log: query when="received" id=0d2194c6-a3f1-4191-b9b3-defa7871a97b namespace_id=0 namespace_name="influxdb3 oss" query_type="sql" query_text=-- 1-week recent window — exercises the gen1-heavy tail. Most recent data
querier-1  | 2026-05-16T14:59:58.297406708Z -- still sits in many small gen1 files; compaction should already be
querier-1  | 2026-05-16T14:59:58.297407333Z -- promoting older portions of this window to gen2/3.
querier-1  | 2026-05-16T14:59:58.297407917Z SELECT region, AVG(temp), COUNT(*)
querier-1  | 2026-05-16T14:59:58.297408500Z FROM sensors
querier-1  | 2026-05-16T14:59:58.297409083Z WHERE time > now() - INTERVAL '1 week'
querier-1  | 2026-05-16T14:59:58.297409958Z GROUP BY region query_params=Params { } issue_time=2026-05-16T14:59:58.297345625+00:00 success=false running=true cancelled=false
querier-1  | 2026-05-16T14:59:58.298832417Z 2026-05-16T14:59:58.298772Z  INFO iox_query::query_log: query when="planned" id=0d2194c6-a3f1-4191-b9b3-defa7871a97b namespace_id=0 namespace_name="influxdb3 oss" query_type="sql" query_text=-- 1-week recent window — exercises the gen1-heavy tail. Most recent data
querier-1  | 2026-05-16T14:59:58.298840292Z -- still sits in many small gen1 files; compaction should already be
querier-1  | 2026-05-16T14:59:58.298841250Z -- promoting older portions of this window to gen2/3.
querier-1  | 2026-05-16T14:59:58.298842083Z SELECT region, AVG(temp), COUNT(*)
querier-1  | 2026-05-16T14:59:58.298842625Z FROM sensors
querier-1  | 2026-05-16T14:59:58.298843208Z WHERE time > now() - INTERVAL '1 week'
querier-1  | 2026-05-16T14:59:58.298843875Z GROUP BY region query_params=Params { } issue_time=2026-05-16T14:59:58.297345625+00:00 partitions=1 parquet_files=1 deduplicated_partitions=0 deduplicated_parquet_files=0 plan_duration_secs=0.001422667 success=false running=true cancelled=false
querier-1  | 2026-05-16T14:59:58.298844833Z 2026-05-16T14:59:58.298788Z  INFO iox_query::query_log: query when="permit" id=0d2194c6-a3f1-4191-b9b3-defa7871a97b namespace_id=0 namespace_name="influxdb3 oss" query_type="sql" query_text=-- 1-week recent window — exercises the gen1-heavy tail. Most recent data
querier-1  | 2026-05-16T14:59:58.298859500Z -- still sits in many small gen1 files; compaction should already be
querier-1  | 2026-05-16T14:59:58.298864250Z -- promoting older portions of this window to gen2/3.
querier-1  | 2026-05-16T14:59:58.298864917Z SELECT region, AVG(temp), COUNT(*)
querier-1  | 2026-05-16T14:59:58.298865417Z FROM sensors
querier-1  | 2026-05-16T14:59:58.298865875Z WHERE time > now() - INTERVAL '1 week'
querier-1  | 2026-05-16T14:59:58.298866417Z GROUP BY region query_params=Params { } issue_time=2026-05-16T14:59:58.297345625+00:00 partitions=1 parquet_files=1 deduplicated_partitions=0 deduplicated_parquet_files=0 plan_duration_secs=0.001422667 permit_duration_secs=1.9958e-5 success=false running=true cancelled=false
querier-1  | 2026-05-16T14:59:58.298935958Z 2026-05-16T14:59:58.298872Z  INFO iox_query::query_log: query when="success" id=0d2194c6-a3f1-4191-b9b3-defa7871a97b namespace_id=0 namespace_name="influxdb3 oss" query_type="sql" query_text=-- 1-week recent window — exercises the gen1-heavy tail. Most recent data
querier-1  | 2026-05-16T14:59:58.298939417Z -- still sits in many small gen1 files; compaction should already be
querier-1  | 2026-05-16T14:59:58.298940208Z -- promoting older portions of this window to gen2/3.
querier-1  | 2026-05-16T14:59:58.298940792Z SELECT region, AVG(temp), COUNT(*)
querier-1  | 2026-05-16T14:59:58.298941292Z FROM sensors
querier-1  | 2026-05-16T14:59:58.298941792Z WHERE time > now() - INTERVAL '1 week'
querier-1  | 2026-05-16T14:59:58.298943167Z GROUP BY region query_params=Params { } issue_time=2026-05-16T14:59:58.297345625+00:00 partitions=1 parquet_files=1 deduplicated_partitions=0 deduplicated_parquet_files=0 plan_duration_secs=0.001422667 permit_duration_secs=1.9958e-5 execute_duration_secs=7.8667e-5 end2end_duration_secs=0.001525708 compute_duration_secs=4e-9 max_memory=0 ingester_metrics.latency_to_plan_secs=0.0 ingester_metrics.latency_to_full_data_secs=0.0 ingester_metrics.response_rows=0 ingester_metrics.partition_count=0 ingester_metrics.response_size=0 success=true running=false cancelled=false
querier-1  | 2026-05-16T14:59:58.328369333Z 2026-05-16T14:59:58.328283Z  INFO influxdb3_server::http: handling query_sql database=bench query_str=-- 1-week recent window — exercises the gen1-heavy tail. Most recent data
querier-1  | 2026-05-16T14:59:58.328383750Z -- still sits in many small gen1 files; compaction should already be
querier-1  | 2026-05-16T14:59:58.328384792Z -- promoting older portions of this window to gen2/3.
querier-1  | 2026-05-16T14:59:58.328385542Z SELECT region, AVG(temp), COUNT(*)
querier-1  | 2026-05-16T14:59:58.328386167Z FROM sensors
querier-1  | 2026-05-16T14:59:58.328386750Z WHERE time > now() - INTERVAL '1 week'
querier-1  | 2026-05-16T14:59:58.328387542Z GROUP BY region format=Csv
querier-1  | 2026-05-16T14:59:58.328388167Z 2026-05-16T14:59:58.328302Z  INFO influxdb3_server::query_executor: executing sql query database=bench query=-- 1-week recent window — exercises the gen1-heavy tail. Most recent data
querier-1  | 2026-05-16T14:59:58.328389125Z -- still sits in many small gen1 files; compaction should already be
querier-1  | 2026-05-16T14:59:58.328389792Z -- promoting older portions of this window to gen2/3.
querier-1  | 2026-05-16T14:59:58.328390375Z SELECT region, AVG(temp), COUNT(*)
querier-1  | 2026-05-16T14:59:58.328390958Z FROM sensors
querier-1  | 2026-05-16T14:59:58.328391500Z WHERE time > now() - INTERVAL '1 week'
querier-1  | 2026-05-16T14:59:58.328392083Z GROUP BY region params=None
querier-1  | 2026-05-16T14:59:58.328399042Z 2026-05-16T14:59:58.328326Z  INFO iox_query::query_log: query when="received" id=734127a0-3b5a-45fb-8d96-084e1b56bf4f namespace_id=0 namespace_name="influxdb3 oss" query_type="sql" query_text=-- 1-week recent window — exercises the gen1-heavy tail. Most recent data
querier-1  | 2026-05-16T14:59:58.328400542Z -- still sits in many small gen1 files; compaction should already be
querier-1  | 2026-05-16T14:59:58.328401167Z -- promoting older portions of this window to gen2/3.
querier-1  | 2026-05-16T14:59:58.328401708Z SELECT region, AVG(temp), COUNT(*)
querier-1  | 2026-05-16T14:59:58.328402292Z FROM sensors
querier-1  | 2026-05-16T14:59:58.328402792Z WHERE time > now() - INTERVAL '1 week'
querier-1  | 2026-05-16T14:59:58.328403417Z GROUP BY region query_params=Params { } issue_time=2026-05-16T14:59:58.328324750+00:00 success=false running=true cancelled=false
querier-1  | 2026-05-16T14:59:58.329962417Z 2026-05-16T14:59:58.329878Z  INFO iox_query::query_log: query when="planned" id=734127a0-3b5a-45fb-8d96-084e1b56bf4f namespace_id=0 namespace_name="influxdb3 oss" query_type="sql" query_text=-- 1-week recent window — exercises the gen1-heavy tail. Most recent data
querier-1  | 2026-05-16T14:59:58.329973583Z -- still sits in many small gen1 files; compaction should already be
querier-1  | 2026-05-16T14:59:58.329974458Z -- promoting older portions of this window to gen2/3.
querier-1  | 2026-05-16T14:59:58.329975083Z SELECT region, AVG(temp), COUNT(*)
querier-1  | 2026-05-16T14:59:58.329975917Z FROM sensors
querier-1  | 2026-05-16T14:59:58.329976458Z WHERE time > now() - INTERVAL '1 week'
querier-1  | 2026-05-16T14:59:58.329977208Z GROUP BY region query_params=Params { } issue_time=2026-05-16T14:59:58.328324750+00:00 partitions=1 parquet_files=1 deduplicated_partitions=0 deduplicated_parquet_files=0 plan_duration_secs=0.001548458 success=false running=true cancelled=false
querier-1  | 2026-05-16T14:59:58.329978083Z 2026-05-16T14:59:58.329895Z  INFO iox_query::query_log: query when="permit" id=734127a0-3b5a-45fb-8d96-084e1b56bf4f namespace_id=0 namespace_name="influxdb3 oss" query_type="sql" query_text=-- 1-week recent window — exercises the gen1-heavy tail. Most recent data
querier-1  | 2026-05-16T14:59:58.329978958Z -- still sits in many small gen1 files; compaction should already be
querier-1  | 2026-05-16T14:59:58.329979583Z -- promoting older portions of this window to gen2/3.
querier-1  | 2026-05-16T14:59:58.329980167Z SELECT region, AVG(temp), COUNT(*)
querier-1  | 2026-05-16T14:59:58.329980792Z FROM sensors
querier-1  | 2026-05-16T14:59:58.329981375Z WHERE time > now() - INTERVAL '1 week'
querier-1  | 2026-05-16T14:59:58.329981958Z GROUP BY region query_params=Params { } issue_time=2026-05-16T14:59:58.328324750+00:00 partitions=1 parquet_files=1 deduplicated_partitions=0 deduplicated_parquet_files=0 plan_duration_secs=0.001548458 permit_duration_secs=2.2e-5 success=false running=true cancelled=false
querier-1  | 2026-05-16T14:59:58.330368583Z 2026-05-16T14:59:58.330151Z  INFO iox_query::query_log: query when="success" id=734127a0-3b5a-45fb-8d96-084e1b56bf4f namespace_id=0 namespace_name="influxdb3 oss" query_type="sql" query_text=-- 1-week recent window — exercises the gen1-heavy tail. Most recent data
querier-1  | 2026-05-16T14:59:58.330374417Z -- still sits in many small gen1 files; compaction should already be
querier-1  | 2026-05-16T14:59:58.330381542Z -- promoting older portions of this window to gen2/3.
querier-1  | 2026-05-16T14:59:58.330382458Z SELECT region, AVG(temp), COUNT(*)
querier-1  | 2026-05-16T14:59:58.330383083Z FROM sensors
querier-1  | 2026-05-16T14:59:58.330383667Z WHERE time > now() - INTERVAL '1 week'
querier-1  | 2026-05-16T14:59:58.330386292Z GROUP BY region query_params=Params { } issue_time=2026-05-16T14:59:58.328324750+00:00 partitions=1 parquet_files=1 deduplicated_partitions=0 deduplicated_parquet_files=0 plan_duration_secs=0.001548458 permit_duration_secs=2.2e-5 execute_duration_secs=0.000242917 end2end_duration_secs=0.001825125 compute_duration_secs=0.000140233 max_memory=0 ingester_metrics.latency_to_plan_secs=0.0 ingester_metrics.latency_to_full_data_secs=0.0 ingester_metrics.response_rows=0 ingester_metrics.partition_count=0 ingester_metrics.response_size=0 success=true running=false cancelled=false
querier-1  | 2026-05-16T14:59:58.356787208Z 2026-05-16T14:59:58.356713Z  INFO influxdb3_server::http: handling query_sql database=bench query_str=-- 1-week recent window — exercises the gen1-heavy tail. Most recent data
querier-1  | 2026-05-16T14:59:58.356797750Z -- still sits in many small gen1 files; compaction should already be
querier-1  | 2026-05-16T14:59:58.356799333Z -- promoting older portions of this window to gen2/3.
querier-1  | 2026-05-16T14:59:58.356800375Z SELECT region, AVG(temp), COUNT(*)
querier-1  | 2026-05-16T14:59:58.356801167Z FROM sensors
querier-1  | 2026-05-16T14:59:58.356801917Z WHERE time > now() - INTERVAL '1 week'
querier-1  | 2026-05-16T14:59:58.356802917Z GROUP BY region format=Csv
querier-1  | 2026-05-16T14:59:58.356803625Z 2026-05-16T14:59:58.356732Z  INFO influxdb3_server::query_executor: executing sql query database=bench query=-- 1-week recent window — exercises the gen1-heavy tail. Most recent data
querier-1  | 2026-05-16T14:59:58.356804583Z -- still sits in many small gen1 files; compaction should already be
querier-1  | 2026-05-16T14:59:58.356805333Z -- promoting older portions of this window to gen2/3.
querier-1  | 2026-05-16T14:59:58.356806083Z SELECT region, AVG(temp), COUNT(*)
querier-1  | 2026-05-16T14:59:58.356806792Z FROM sensors
querier-1  | 2026-05-16T14:59:58.356807542Z WHERE time > now() - INTERVAL '1 week'
querier-1  | 2026-05-16T14:59:58.356808250Z GROUP BY region params=None
querier-1  | 2026-05-16T14:59:58.356809000Z 2026-05-16T14:59:58.356753Z  INFO iox_query::query_log: query when="received" id=a10f3e24-f4bf-4277-a2e4-d128de8623f7 namespace_id=0 namespace_name="influxdb3 oss" query_type="sql" query_text=-- 1-week recent window — exercises the gen1-heavy tail. Most recent data
querier-1  | 2026-05-16T14:59:58.356810250Z -- still sits in many small gen1 files; compaction should already be
querier-1  | 2026-05-16T14:59:58.356810958Z -- promoting older portions of this window to gen2/3.
querier-1  | 2026-05-16T14:59:58.356811625Z SELECT region, AVG(temp), COUNT(*)
querier-1  | 2026-05-16T14:59:58.356812333Z FROM sensors
querier-1  | 2026-05-16T14:59:58.356813000Z WHERE time > now() - INTERVAL '1 week'
querier-1  | 2026-05-16T14:59:58.356813792Z GROUP BY region query_params=Params { } issue_time=2026-05-16T14:59:58.356751792+00:00 success=false running=true cancelled=false
querier-1  | 2026-05-16T14:59:58.358203208Z 2026-05-16T14:59:58.358142Z  INFO iox_query::query_log: query when="planned" id=a10f3e24-f4bf-4277-a2e4-d128de8623f7 namespace_id=0 namespace_name="influxdb3 oss" query_type="sql" query_text=-- 1-week recent window — exercises the gen1-heavy tail. Most recent data
querier-1  | 2026-05-16T14:59:58.358217875Z -- still sits in many small gen1 files; compaction should already be
querier-1  | 2026-05-16T14:59:58.358220042Z -- promoting older portions of this window to gen2/3.
querier-1  | 2026-05-16T14:59:58.358221000Z SELECT region, AVG(temp), COUNT(*)
querier-1  | 2026-05-16T14:59:58.358221792Z FROM sensors
querier-1  | 2026-05-16T14:59:58.358222500Z WHERE time > now() - INTERVAL '1 week'
querier-1  | 2026-05-16T14:59:58.358223292Z GROUP BY region query_params=Params { } issue_time=2026-05-16T14:59:58.356751792+00:00 partitions=1 parquet_files=1 deduplicated_partitions=0 deduplicated_parquet_files=0 plan_duration_secs=0.001387291 success=false running=true cancelled=false
querier-1  | 2026-05-16T14:59:58.358224083Z 2026-05-16T14:59:58.358159Z  INFO iox_query::query_log: query when="permit" id=a10f3e24-f4bf-4277-a2e4-d128de8623f7 namespace_id=0 namespace_name="influxdb3 oss" query_type="sql" query_text=-- 1-week recent window — exercises the gen1-heavy tail. Most recent data
querier-1  | 2026-05-16T14:59:58.358225000Z -- still sits in many small gen1 files; compaction should already be
querier-1  | 2026-05-16T14:59:58.358225583Z -- promoting older portions of this window to gen2/3.
querier-1  | 2026-05-16T14:59:58.358226167Z SELECT region, AVG(temp), COUNT(*)
querier-1  | 2026-05-16T14:59:58.358226708Z FROM sensors
querier-1  | 2026-05-16T14:59:58.358227250Z WHERE time > now() - INTERVAL '1 week'
querier-1  | 2026-05-16T14:59:58.358227875Z GROUP BY region query_params=Params { } issue_time=2026-05-16T14:59:58.356751792+00:00 partitions=1 parquet_files=1 deduplicated_partitions=0 deduplicated_parquet_files=0 plan_duration_secs=0.001387291 permit_duration_secs=2.0292e-5 success=false running=true cancelled=false
querier-1  | 2026-05-16T14:59:58.358305542Z 2026-05-16T14:59:58.358239Z  INFO iox_query::query_log: query when="success" id=a10f3e24-f4bf-4277-a2e4-d128de8623f7 namespace_id=0 namespace_name="influxdb3 oss" query_type="sql" query_text=-- 1-week recent window — exercises the gen1-heavy tail. Most recent data
querier-1  | 2026-05-16T14:59:58.358313042Z -- still sits in many small gen1 files; compaction should already be
querier-1  | 2026-05-16T14:59:58.358313917Z -- promoting older portions of this window to gen2/3.
querier-1  | 2026-05-16T14:59:58.358314792Z SELECT region, AVG(temp), COUNT(*)
querier-1  | 2026-05-16T14:59:58.358315542Z FROM sensors
querier-1  | 2026-05-16T14:59:58.358316250Z WHERE time > now() - INTERVAL '1 week'
querier-1  | 2026-05-16T14:59:58.358317500Z GROUP BY region query_params=Params { } issue_time=2026-05-16T14:59:58.356751792+00:00 partitions=1 parquet_files=1 deduplicated_partitions=0 deduplicated_parquet_files=0 plan_duration_secs=0.001387291 permit_duration_secs=2.0292e-5 execute_duration_secs=7.4667e-5 end2end_duration_secs=0.001486458 compute_duration_secs=2.8835e-5 max_memory=0 ingester_metrics.latency_to_plan_secs=0.0 ingester_metrics.latency_to_full_data_secs=0.0 ingester_metrics.response_rows=0 ingester_metrics.partition_count=0 ingester_metrics.response_size=0 success=true running=false cancelled=false
querier-1  | 2026-05-16T14:59:58.383070250Z 2026-05-16T14:59:58.383007Z  INFO influxdb3_server::http: handling query_sql database=bench query_str=-- 1-week recent window — exercises the gen1-heavy tail. Most recent data
querier-1  | 2026-05-16T14:59:58.383094375Z -- still sits in many small gen1 files; compaction should already be
querier-1  | 2026-05-16T14:59:58.383095292Z -- promoting older portions of this window to gen2/3.
querier-1  | 2026-05-16T14:59:58.383095875Z SELECT region, AVG(temp), COUNT(*)
querier-1  | 2026-05-16T14:59:58.383096375Z FROM sensors
querier-1  | 2026-05-16T14:59:58.383096917Z WHERE time > now() - INTERVAL '1 week'
querier-1  | 2026-05-16T14:59:58.383097500Z GROUP BY region format=Csv
querier-1  | 2026-05-16T14:59:58.383098083Z 2026-05-16T14:59:58.383025Z  INFO influxdb3_server::query_executor: executing sql query database=bench query=-- 1-week recent window — exercises the gen1-heavy tail. Most recent data
querier-1  | 2026-05-16T14:59:58.383098750Z -- still sits in many small gen1 files; compaction should already be
querier-1  | 2026-05-16T14:59:58.383099292Z -- promoting older portions of this window to gen2/3.
querier-1  | 2026-05-16T14:59:58.383099792Z SELECT region, AVG(temp), COUNT(*)
querier-1  | 2026-05-16T14:59:58.383100250Z FROM sensors
querier-1  | 2026-05-16T14:59:58.383100750Z WHERE time > now() - INTERVAL '1 week'
querier-1  | 2026-05-16T14:59:58.383101250Z GROUP BY region params=None
querier-1  | 2026-05-16T14:59:58.383101792Z 2026-05-16T14:59:58.383044Z  INFO iox_query::query_log: query when="received" id=b0c3bfbf-2976-4201-b2fe-20182cd7c157 namespace_id=0 namespace_name="influxdb3 oss" query_type="sql" query_text=-- 1-week recent window — exercises the gen1-heavy tail. Most recent data
querier-1  | 2026-05-16T14:59:58.383102667Z -- still sits in many small gen1 files; compaction should already be
querier-1  | 2026-05-16T14:59:58.383103208Z -- promoting older portions of this window to gen2/3.
querier-1  | 2026-05-16T14:59:58.383103708Z SELECT region, AVG(temp), COUNT(*)
querier-1  | 2026-05-16T14:59:58.383104167Z FROM sensors
querier-1  | 2026-05-16T14:59:58.383104750Z WHERE time > now() - INTERVAL '1 week'
querier-1  | 2026-05-16T14:59:58.383105250Z GROUP BY region query_params=Params { } issue_time=2026-05-16T14:59:58.383043792+00:00 success=false running=true cancelled=false
querier-1  | 2026-05-16T14:59:58.384427375Z 2026-05-16T14:59:58.384373Z  INFO iox_query::query_log: query when="planned" id=b0c3bfbf-2976-4201-b2fe-20182cd7c157 namespace_id=0 namespace_name="influxdb3 oss" query_type="sql" query_text=-- 1-week recent window — exercises the gen1-heavy tail. Most recent data
querier-1  | 2026-05-16T14:59:58.384432417Z -- still sits in many small gen1 files; compaction should already be
querier-1  | 2026-05-16T14:59:58.384433250Z -- promoting older portions of this window to gen2/3.
querier-1  | 2026-05-16T14:59:58.384434000Z SELECT region, AVG(temp), COUNT(*)
querier-1  | 2026-05-16T14:59:58.384434750Z FROM sensors
querier-1  | 2026-05-16T14:59:58.384435458Z WHERE time > now() - INTERVAL '1 week'
querier-1  | 2026-05-16T14:59:58.384436292Z GROUP BY region query_params=Params { } issue_time=2026-05-16T14:59:58.383043792+00:00 partitions=1 parquet_files=1 deduplicated_partitions=0 deduplicated_parquet_files=0 plan_duration_secs=0.001326125 success=false running=true cancelled=false
querier-1  | 2026-05-16T14:59:58.384447042Z 2026-05-16T14:59:58.384383Z  INFO iox_query::query_log: query when="permit" id=b0c3bfbf-2976-4201-b2fe-20182cd7c157 namespace_id=0 namespace_name="influxdb3 oss" query_type="sql" query_text=-- 1-week recent window — exercises the gen1-heavy tail. Most recent data
querier-1  | 2026-05-16T14:59:58.384451125Z -- still sits in many small gen1 files; compaction should already be
querier-1  | 2026-05-16T14:59:58.384451792Z -- promoting older portions of this window to gen2/3.
querier-1  | 2026-05-16T14:59:58.384452375Z SELECT region, AVG(temp), COUNT(*)
querier-1  | 2026-05-16T14:59:58.384452917Z FROM sensors
querier-1  | 2026-05-16T14:59:58.384453417Z WHERE time > now() - INTERVAL '1 week'
querier-1  | 2026-05-16T14:59:58.384454083Z GROUP BY region query_params=Params { } issue_time=2026-05-16T14:59:58.383043792+00:00 partitions=1 parquet_files=1 deduplicated_partitions=0 deduplicated_parquet_files=0 plan_duration_secs=0.001326125 permit_duration_secs=1.3666e-5 success=false running=true cancelled=false
querier-1  | 2026-05-16T14:59:58.384508333Z 2026-05-16T14:59:58.384458Z  INFO iox_query::query_log: query when="success" id=b0c3bfbf-2976-4201-b2fe-20182cd7c157 namespace_id=0 namespace_name="influxdb3 oss" query_type="sql" query_text=-- 1-week recent window — exercises the gen1-heavy tail. Most recent data
querier-1  | 2026-05-16T14:59:58.384510667Z -- still sits in many small gen1 files; compaction should already be
querier-1  | 2026-05-16T14:59:58.384511292Z -- promoting older portions of this window to gen2/3.
querier-1  | 2026-05-16T14:59:58.384511875Z SELECT region, AVG(temp), COUNT(*)
querier-1  | 2026-05-16T14:59:58.384512417Z FROM sensors
querier-1  | 2026-05-16T14:59:58.384512917Z WHERE time > now() - INTERVAL '1 week'
querier-1  | 2026-05-16T14:59:58.384513583Z GROUP BY region query_params=Params { } issue_time=2026-05-16T14:59:58.383043792+00:00 partitions=1 parquet_files=1 deduplicated_partitions=0 deduplicated_parquet_files=0 plan_duration_secs=0.001326125 permit_duration_secs=1.3666e-5 execute_duration_secs=7.0167e-5 end2end_duration_secs=0.001413916 compute_duration_secs=4e-9 max_memory=0 ingester_metrics.latency_to_plan_secs=0.0 ingester_metrics.latency_to_full_data_secs=0.0 ingester_metrics.response_rows=0 ingester_metrics.partition_count=0 ingester_metrics.response_size=0 success=true running=false cancelled=false
querier-1  | 2026-05-16T14:59:58.408984792Z 2026-05-16T14:59:58.408924Z  INFO influxdb3_server::http: handling query_sql database=bench query_str=-- 1-week recent window — exercises the gen1-heavy tail. Most recent data
querier-1  | 2026-05-16T14:59:58.408991792Z -- still sits in many small gen1 files; compaction should already be
querier-1  | 2026-05-16T14:59:58.408992583Z -- promoting older portions of this window to gen2/3.
querier-1  | 2026-05-16T14:59:58.408993208Z SELECT region, AVG(temp), COUNT(*)
querier-1  | 2026-05-16T14:59:58.408993750Z FROM sensors
querier-1  | 2026-05-16T14:59:58.408994333Z WHERE time > now() - INTERVAL '1 week'
querier-1  | 2026-05-16T14:59:58.408995042Z GROUP BY region format=Csv
querier-1  | 2026-05-16T14:59:58.408995667Z 2026-05-16T14:59:58.408940Z  INFO influxdb3_server::query_executor: executing sql query database=bench query=-- 1-week recent window — exercises the gen1-heavy tail. Most recent data
querier-1  | 2026-05-16T14:59:58.408996417Z -- still sits in many small gen1 files; compaction should already be
querier-1  | 2026-05-16T14:59:58.408997000Z -- promoting older portions of this window to gen2/3.
querier-1  | 2026-05-16T14:59:58.409003125Z SELECT region, AVG(temp), COUNT(*)
querier-1  | 2026-05-16T14:59:58.409003750Z FROM sensors
querier-1  | 2026-05-16T14:59:58.409004250Z WHERE time > now() - INTERVAL '1 week'
querier-1  | 2026-05-16T14:59:58.409004833Z GROUP BY region params=None
querier-1  | 2026-05-16T14:59:58.409006208Z 2026-05-16T14:59:58.408962Z  INFO iox_query::query_log: query when="received" id=c447eef3-6352-4e53-a236-10dd3b23cb74 namespace_id=0 namespace_name="influxdb3 oss" query_type="sql" query_text=-- 1-week recent window — exercises the gen1-heavy tail. Most recent data
querier-1  | 2026-05-16T14:59:58.409007125Z -- still sits in many small gen1 files; compaction should already be
querier-1  | 2026-05-16T14:59:58.409007667Z -- promoting older portions of this window to gen2/3.
querier-1  | 2026-05-16T14:59:58.409008250Z SELECT region, AVG(temp), COUNT(*)
querier-1  | 2026-05-16T14:59:58.409008792Z FROM sensors
querier-1  | 2026-05-16T14:59:58.409009333Z WHERE time > now() - INTERVAL '1 week'
querier-1  | 2026-05-16T14:59:58.409009875Z GROUP BY region query_params=Params { } issue_time=2026-05-16T14:59:58.408961250+00:00 success=false running=true cancelled=false
querier-1  | 2026-05-16T14:59:58.410496083Z 2026-05-16T14:59:58.410349Z  INFO iox_query::query_log: query when="planned" id=c447eef3-6352-4e53-a236-10dd3b23cb74 namespace_id=0 namespace_name="influxdb3 oss" query_type="sql" query_text=-- 1-week recent window — exercises the gen1-heavy tail. Most recent data
querier-1  | 2026-05-16T14:59:58.410505708Z -- still sits in many small gen1 files; compaction should already be
querier-1  | 2026-05-16T14:59:58.410506458Z -- promoting older portions of this window to gen2/3.
querier-1  | 2026-05-16T14:59:58.410507167Z SELECT region, AVG(temp), COUNT(*)
querier-1  | 2026-05-16T14:59:58.410507708Z FROM sensors
querier-1  | 2026-05-16T14:59:58.410508250Z WHERE time > now() - INTERVAL '1 week'
querier-1  | 2026-05-16T14:59:58.410508917Z GROUP BY region query_params=Params { } issue_time=2026-05-16T14:59:58.408961250+00:00 partitions=1 parquet_files=1 deduplicated_partitions=0 deduplicated_parquet_files=0 plan_duration_secs=0.001384875 success=false running=true cancelled=false
querier-1  | 2026-05-16T14:59:58.410509667Z 2026-05-16T14:59:58.410359Z  INFO iox_query::query_log: query when="permit" id=c447eef3-6352-4e53-a236-10dd3b23cb74 namespace_id=0 namespace_name="influxdb3 oss" query_type="sql" query_text=-- 1-week recent window — exercises the gen1-heavy tail. Most recent data
querier-1  | 2026-05-16T14:59:58.410510458Z -- still sits in many small gen1 files; compaction should already be
querier-1  | 2026-05-16T14:59:58.410511083Z -- promoting older portions of this window to gen2/3.
querier-1  | 2026-05-16T14:59:58.410511625Z SELECT region, AVG(temp), COUNT(*)
querier-1  | 2026-05-16T14:59:58.410512208Z FROM sensors
querier-1  | 2026-05-16T14:59:58.410512708Z WHERE time > now() - INTERVAL '1 week'
querier-1  | 2026-05-16T14:59:58.410513292Z GROUP BY region query_params=Params { } issue_time=2026-05-16T14:59:58.408961250+00:00 partitions=1 parquet_files=1 deduplicated_partitions=0 deduplicated_parquet_files=0 plan_duration_secs=0.001384875 permit_duration_secs=1.3292e-5 success=false running=true cancelled=false
querier-1  | 2026-05-16T14:59:58.410612500Z 2026-05-16T14:59:58.410436Z  INFO iox_query::query_log: query when="success" id=c447eef3-6352-4e53-a236-10dd3b23cb74 namespace_id=0 namespace_name="influxdb3 oss" query_type="sql" query_text=-- 1-week recent window — exercises the gen1-heavy tail. Most recent data
querier-1  | 2026-05-16T14:59:58.410633750Z -- still sits in many small gen1 files; compaction should already be
querier-1  | 2026-05-16T14:59:58.410634833Z -- promoting older portions of this window to gen2/3.
querier-1  | 2026-05-16T14:59:58.410635667Z SELECT region, AVG(temp), COUNT(*)
querier-1  | 2026-05-16T14:59:58.410636500Z FROM sensors
querier-1  | 2026-05-16T14:59:58.410637208Z WHERE time > now() - INTERVAL '1 week'
querier-1  | 2026-05-16T14:59:58.410638125Z GROUP BY region query_params=Params { } issue_time=2026-05-16T14:59:58.408961250+00:00 partitions=1 parquet_files=1 deduplicated_partitions=0 deduplicated_parquet_files=0 plan_duration_secs=0.001384875 permit_duration_secs=1.3292e-5 execute_duration_secs=6.9416e-5 end2end_duration_secs=0.001473875 compute_duration_secs=2.6419e-5 max_memory=0 ingester_metrics.latency_to_plan_secs=0.0 ingester_metrics.latency_to_full_data_secs=0.0 ingester_metrics.response_rows=0 ingester_metrics.partition_count=0 ingester_metrics.response_size=0 success=true running=false cancelled=false
querier-1  | 2026-05-16T14:59:58.435480625Z 2026-05-16T14:59:58.435420Z  INFO influxdb3_server::http: handling query_sql database=bench query_str=-- 1-week recent window — exercises the gen1-heavy tail. Most recent data
querier-1  | 2026-05-16T14:59:58.435487917Z -- still sits in many small gen1 files; compaction should already be
querier-1  | 2026-05-16T14:59:58.435488792Z -- promoting older portions of this window to gen2/3.
querier-1  | 2026-05-16T14:59:58.435489417Z SELECT region, AVG(temp), COUNT(*)
querier-1  | 2026-05-16T14:59:58.435490042Z FROM sensors
querier-1  | 2026-05-16T14:59:58.435490625Z WHERE time > now() - INTERVAL '1 week'
querier-1  | 2026-05-16T14:59:58.435491375Z GROUP BY region format=Csv
querier-1  | 2026-05-16T14:59:58.435492000Z 2026-05-16T14:59:58.435433Z  INFO influxdb3_server::query_executor: executing sql query database=bench query=-- 1-week recent window — exercises the gen1-heavy tail. Most recent data
querier-1  | 2026-05-16T14:59:58.435492750Z -- still sits in many small gen1 files; compaction should already be
querier-1  | 2026-05-16T14:59:58.435493375Z -- promoting older portions of this window to gen2/3.
querier-1  | 2026-05-16T14:59:58.435493958Z SELECT region, AVG(temp), COUNT(*)
querier-1  | 2026-05-16T14:59:58.435494500Z FROM sensors
querier-1  | 2026-05-16T14:59:58.435495042Z WHERE time > now() - INTERVAL '1 week'
querier-1  | 2026-05-16T14:59:58.435495625Z GROUP BY region params=None
querier-1  | 2026-05-16T14:59:58.435498000Z 2026-05-16T14:59:58.435466Z  INFO iox_query::query_log: query when="received" id=399e9d69-62dd-445c-8ef6-4e35966aed97 namespace_id=0 namespace_name="influxdb3 oss" query_type="sql" query_text=-- 1-week recent window — exercises the gen1-heavy tail. Most recent data
querier-1  | 2026-05-16T14:59:58.435499167Z -- still sits in many small gen1 files; compaction should already be
querier-1  | 2026-05-16T14:59:58.435499750Z -- promoting older portions of this window to gen2/3.
querier-1  | 2026-05-16T14:59:58.435500333Z SELECT region, AVG(temp), COUNT(*)
querier-1  | 2026-05-16T14:59:58.435500917Z FROM sensors
querier-1  | 2026-05-16T14:59:58.435509875Z WHERE time > now() - INTERVAL '1 week'
querier-1  | 2026-05-16T14:59:58.435510583Z GROUP BY region query_params=Params { } issue_time=2026-05-16T14:59:58.435465542+00:00 success=false running=true cancelled=false
querier-1  | 2026-05-16T14:59:58.436758458Z 2026-05-16T14:59:58.436701Z  INFO iox_query::query_log: query when="planned" id=399e9d69-62dd-445c-8ef6-4e35966aed97 namespace_id=0 namespace_name="influxdb3 oss" query_type="sql" query_text=-- 1-week recent window — exercises the gen1-heavy tail. Most recent data
querier-1  | 2026-05-16T14:59:58.436765750Z -- still sits in many small gen1 files; compaction should already be
querier-1  | 2026-05-16T14:59:58.436767042Z -- promoting older portions of this window to gen2/3.
querier-1  | 2026-05-16T14:59:58.436767833Z SELECT region, AVG(temp), COUNT(*)
querier-1  | 2026-05-16T14:59:58.436768458Z FROM sensors
querier-1  | 2026-05-16T14:59:58.436769125Z WHERE time > now() - INTERVAL '1 week'
querier-1  | 2026-05-16T14:59:58.436769875Z GROUP BY region query_params=Params { } issue_time=2026-05-16T14:59:58.435465542+00:00 partitions=1 parquet_files=1 deduplicated_partitions=0 deduplicated_parquet_files=0 plan_duration_secs=0.00123225 success=false running=true cancelled=false
querier-1  | 2026-05-16T14:59:58.436770708Z 2026-05-16T14:59:58.436710Z  INFO iox_query::query_log: query when="permit" id=399e9d69-62dd-445c-8ef6-4e35966aed97 namespace_id=0 namespace_name="influxdb3 oss" query_type="sql" query_text=-- 1-week recent window — exercises the gen1-heavy tail. Most recent data
querier-1  | 2026-05-16T14:59:58.436771583Z -- still sits in many small gen1 files; compaction should already be
querier-1  | 2026-05-16T14:59:58.436772167Z -- promoting older portions of this window to gen2/3.
querier-1  | 2026-05-16T14:59:58.436772750Z SELECT region, AVG(temp), COUNT(*)
querier-1  | 2026-05-16T14:59:58.436773333Z FROM sensors
querier-1  | 2026-05-16T14:59:58.436773833Z WHERE time > now() - INTERVAL '1 week'
querier-1  | 2026-05-16T14:59:58.436774458Z GROUP BY region query_params=Params { } issue_time=2026-05-16T14:59:58.435465542+00:00 partitions=1 parquet_files=1 deduplicated_partitions=0 deduplicated_parquet_files=0 plan_duration_secs=0.00123225 permit_duration_secs=1.2333e-5 success=false running=true cancelled=false
querier-1  | 2026-05-16T14:59:58.436845833Z 2026-05-16T14:59:58.436784Z  INFO iox_query::query_log: query when="success" id=399e9d69-62dd-445c-8ef6-4e35966aed97 namespace_id=0 namespace_name="influxdb3 oss" query_type="sql" query_text=-- 1-week recent window — exercises the gen1-heavy tail. Most recent data
querier-1  | 2026-05-16T14:59:58.436849292Z -- still sits in many small gen1 files; compaction should already be
querier-1  | 2026-05-16T14:59:58.436850083Z -- promoting older portions of this window to gen2/3.
querier-1  | 2026-05-16T14:59:58.436850792Z SELECT region, AVG(temp), COUNT(*)
querier-1  | 2026-05-16T14:59:58.436851500Z FROM sensors
querier-1  | 2026-05-16T14:59:58.436852208Z WHERE time > now() - INTERVAL '1 week'
querier-1  | 2026-05-16T14:59:58.436853042Z GROUP BY region query_params=Params { } issue_time=2026-05-16T14:59:58.435465542+00:00 partitions=1 parquet_files=1 deduplicated_partitions=0 deduplicated_parquet_files=0 plan_duration_secs=0.00123225 permit_duration_secs=1.2333e-5 execute_duration_secs=6.7042e-5 end2end_duration_secs=0.00131825 compute_duration_secs=2.4004e-5 max_memory=0 ingester_metrics.latency_to_plan_secs=0.0 ingester_metrics.latency_to_full_data_secs=0.0 ingester_metrics.response_rows=0 ingester_metrics.partition_count=0 ingester_metrics.response_size=0 success=true running=false cancelled=false
querier-1  | 2026-05-16T14:59:58.461734958Z 2026-05-16T14:59:58.461680Z  INFO influxdb3_server::http: handling query_sql database=bench query_str=-- 1-week recent window — exercises the gen1-heavy tail. Most recent data
querier-1  | 2026-05-16T14:59:58.461740083Z -- still sits in many small gen1 files; compaction should already be
querier-1  | 2026-05-16T14:59:58.461740833Z -- promoting older portions of this window to gen2/3.
querier-1  | 2026-05-16T14:59:58.461741417Z SELECT region, AVG(temp), COUNT(*)
querier-1  | 2026-05-16T14:59:58.461742000Z FROM sensors
querier-1  | 2026-05-16T14:59:58.461742542Z WHERE time > now() - INTERVAL '1 week'
querier-1  | 2026-05-16T14:59:58.461743333Z GROUP BY region format=Csv
querier-1  | 2026-05-16T14:59:58.461743875Z 2026-05-16T14:59:58.461697Z  INFO influxdb3_server::query_executor: executing sql query database=bench query=-- 1-week recent window — exercises the gen1-heavy tail. Most recent data
querier-1  | 2026-05-16T14:59:58.461744625Z -- still sits in many small gen1 files; compaction should already be
querier-1  | 2026-05-16T14:59:58.461745208Z -- promoting older portions of this window to gen2/3.
querier-1  | 2026-05-16T14:59:58.461745750Z SELECT region, AVG(temp), COUNT(*)
querier-1  | 2026-05-16T14:59:58.461746292Z FROM sensors
querier-1  | 2026-05-16T14:59:58.461746833Z WHERE time > now() - INTERVAL '1 week'
querier-1  | 2026-05-16T14:59:58.461747375Z GROUP BY region params=None
querier-1  | 2026-05-16T14:59:58.461748000Z 2026-05-16T14:59:58.461714Z  INFO iox_query::query_log: query when="received" id=00ab7d8a-22b7-4224-a518-c85493cabd2e namespace_id=0 namespace_name="influxdb3 oss" query_type="sql" query_text=-- 1-week recent window — exercises the gen1-heavy tail. Most recent data
querier-1  | 2026-05-16T14:59:58.461748833Z -- still sits in many small gen1 files; compaction should already be
querier-1  | 2026-05-16T14:59:58.461749417Z -- promoting older portions of this window to gen2/3.
querier-1  | 2026-05-16T14:59:58.461749958Z SELECT region, AVG(temp), COUNT(*)
querier-1  | 2026-05-16T14:59:58.461750458Z FROM sensors
querier-1  | 2026-05-16T14:59:58.461751000Z WHERE time > now() - INTERVAL '1 week'
querier-1  | 2026-05-16T14:59:58.461751583Z GROUP BY region query_params=Params { } issue_time=2026-05-16T14:59:58.461713125+00:00 success=false running=true cancelled=false
querier-1  | 2026-05-16T14:59:58.463050625Z 2026-05-16T14:59:58.462993Z  INFO iox_query::query_log: query when="planned" id=00ab7d8a-22b7-4224-a518-c85493cabd2e namespace_id=0 namespace_name="influxdb3 oss" query_type="sql" query_text=-- 1-week recent window — exercises the gen1-heavy tail. Most recent data
querier-1  | 2026-05-16T14:59:58.463055000Z -- still sits in many small gen1 files; compaction should already be
querier-1  | 2026-05-16T14:59:58.463055792Z -- promoting older portions of this window to gen2/3.
querier-1  | 2026-05-16T14:59:58.463056458Z SELECT region, AVG(temp), COUNT(*)
querier-1  | 2026-05-16T14:59:58.463057000Z FROM sensors
querier-1  | 2026-05-16T14:59:58.463057583Z WHERE time > now() - INTERVAL '1 week'
querier-1  | 2026-05-16T14:59:58.463058250Z GROUP BY region query_params=Params { } issue_time=2026-05-16T14:59:58.461713125+00:00 partitions=1 parquet_files=1 deduplicated_partitions=0 deduplicated_parquet_files=0 plan_duration_secs=0.001277583 success=false running=true cancelled=false
querier-1  | 2026-05-16T14:59:58.463063792Z 2026-05-16T14:59:58.463003Z  INFO iox_query::query_log: query when="permit" id=00ab7d8a-22b7-4224-a518-c85493cabd2e namespace_id=0 namespace_name="influxdb3 oss" query_type="sql" query_text=-- 1-week recent window — exercises the gen1-heavy tail. Most recent data
querier-1  | 2026-05-16T14:59:58.463064750Z -- still sits in many small gen1 files; compaction should already be
querier-1  | 2026-05-16T14:59:58.463065375Z -- promoting older portions of this window to gen2/3.
querier-1  | 2026-05-16T14:59:58.463065958Z SELECT region, AVG(temp), COUNT(*)
querier-1  | 2026-05-16T14:59:58.463066458Z FROM sensors
querier-1  | 2026-05-16T14:59:58.463067000Z WHERE time > now() - INTERVAL '1 week'
querier-1  | 2026-05-16T14:59:58.463067625Z GROUP BY region query_params=Params { } issue_time=2026-05-16T14:59:58.461713125+00:00 partitions=1 parquet_files=1 deduplicated_partitions=0 deduplicated_parquet_files=0 plan_duration_secs=0.001277583 permit_duration_secs=1.2625e-5 success=false running=true cancelled=false
querier-1  | 2026-05-16T14:59:58.463179833Z 2026-05-16T14:59:58.463084Z  INFO iox_query::query_log: query when="success" id=00ab7d8a-22b7-4224-a518-c85493cabd2e namespace_id=0 namespace_name="influxdb3 oss" query_type="sql" query_text=-- 1-week recent window — exercises the gen1-heavy tail. Most recent data
querier-1  | 2026-05-16T14:59:58.463183250Z -- still sits in many small gen1 files; compaction should already be
querier-1  | 2026-05-16T14:59:58.463184083Z -- promoting older portions of this window to gen2/3.
querier-1  | 2026-05-16T14:59:58.463184750Z SELECT region, AVG(temp), COUNT(*)
querier-1  | 2026-05-16T14:59:58.463185333Z FROM sensors
querier-1  | 2026-05-16T14:59:58.463185917Z WHERE time > now() - INTERVAL '1 week'
querier-1  | 2026-05-16T14:59:58.463186667Z GROUP BY region query_params=Params { } issue_time=2026-05-16T14:59:58.461713125+00:00 partitions=1 parquet_files=1 deduplicated_partitions=0 deduplicated_parquet_files=0 plan_duration_secs=0.001277583 permit_duration_secs=1.2625e-5 execute_duration_secs=7.325e-5 end2end_duration_secs=0.001370542 compute_duration_secs=2.6465e-5 max_memory=0 ingester_metrics.latency_to_plan_secs=0.0 ingester_metrics.latency_to_full_data_secs=0.0 ingester_metrics.response_rows=0 ingester_metrics.partition_count=0 ingester_metrics.response_size=0 success=true running=false cancelled=false
querier-1  | 2026-05-16T14:59:58.487925792Z 2026-05-16T14:59:58.487862Z  INFO influxdb3_server::http: handling query_sql database=bench query_str=-- 1-week recent window — exercises the gen1-heavy tail. Most recent data
querier-1  | 2026-05-16T14:59:58.487933667Z -- still sits in many small gen1 files; compaction should already be
querier-1  | 2026-05-16T14:59:58.487934417Z -- promoting older portions of this window to gen2/3.
querier-1  | 2026-05-16T14:59:58.487935000Z SELECT region, AVG(temp), COUNT(*)
querier-1  | 2026-05-16T14:59:58.487935583Z FROM sensors
querier-1  | 2026-05-16T14:59:58.487936125Z WHERE time > now() - INTERVAL '1 week'
querier-1  | 2026-05-16T14:59:58.487936833Z GROUP BY region format=Csv
querier-1  | 2026-05-16T14:59:58.487937500Z 2026-05-16T14:59:58.487881Z  INFO influxdb3_server::query_executor: executing sql query database=bench query=-- 1-week recent window — exercises the gen1-heavy tail. Most recent data
querier-1  | 2026-05-16T14:59:58.487957042Z -- still sits in many small gen1 files; compaction should already be
querier-1  | 2026-05-16T14:59:58.487957625Z -- promoting older portions of this window to gen2/3.
querier-1  | 2026-05-16T14:59:58.487958125Z SELECT region, AVG(temp), COUNT(*)
querier-1  | 2026-05-16T14:59:58.487958625Z FROM sensors
querier-1  | 2026-05-16T14:59:58.487959083Z WHERE time > now() - INTERVAL '1 week'
querier-1  | 2026-05-16T14:59:58.487959583Z GROUP BY region params=None
querier-1  | 2026-05-16T14:59:58.487960125Z 2026-05-16T14:59:58.487904Z  INFO iox_query::query_log: query when="received" id=2dd99aa6-a602-4d30-8fca-76ef733c561b namespace_id=0 namespace_name="influxdb3 oss" query_type="sql" query_text=-- 1-week recent window — exercises the gen1-heavy tail. Most recent data
querier-1  | 2026-05-16T14:59:58.487960875Z -- still sits in many small gen1 files; compaction should already be
querier-1  | 2026-05-16T14:59:58.487961375Z -- promoting older portions of this window to gen2/3.
querier-1  | 2026-05-16T14:59:58.487961917Z SELECT region, AVG(temp), COUNT(*)
querier-1  | 2026-05-16T14:59:58.487962375Z FROM sensors
querier-1  | 2026-05-16T14:59:58.487962833Z WHERE time > now() - INTERVAL '1 week'
querier-1  | 2026-05-16T14:59:58.487963333Z GROUP BY region query_params=Params { } issue_time=2026-05-16T14:59:58.487903833+00:00 success=false running=true cancelled=false
querier-1  | 2026-05-16T14:59:58.489358958Z 2026-05-16T14:59:58.489304Z  INFO iox_query::query_log: query when="planned" id=2dd99aa6-a602-4d30-8fca-76ef733c561b namespace_id=0 namespace_name="influxdb3 oss" query_type="sql" query_text=-- 1-week recent window — exercises the gen1-heavy tail. Most recent data
querier-1  | 2026-05-16T14:59:58.489363833Z -- still sits in many small gen1 files; compaction should already be
querier-1  | 2026-05-16T14:59:58.489364708Z -- promoting older portions of this window to gen2/3.
querier-1  | 2026-05-16T14:59:58.489365500Z SELECT region, AVG(temp), COUNT(*)
querier-1  | 2026-05-16T14:59:58.489366250Z FROM sensors
querier-1  | 2026-05-16T14:59:58.489366958Z WHERE time > now() - INTERVAL '1 week'
querier-1  | 2026-05-16T14:59:58.489367708Z GROUP BY region query_params=Params { } issue_time=2026-05-16T14:59:58.487903833+00:00 partitions=1 parquet_files=1 deduplicated_partitions=0 deduplicated_parquet_files=0 plan_duration_secs=0.001397917 success=false running=true cancelled=false
querier-1  | 2026-05-16T14:59:58.489368708Z 2026-05-16T14:59:58.489315Z  INFO iox_query::query_log: query when="permit" id=2dd99aa6-a602-4d30-8fca-76ef733c561b namespace_id=0 namespace_name="influxdb3 oss" query_type="sql" query_text=-- 1-week recent window — exercises the gen1-heavy tail. Most recent data
querier-1  | 2026-05-16T14:59:58.489369750Z -- still sits in many small gen1 files; compaction should already be
querier-1  | 2026-05-16T14:59:58.489370500Z -- promoting older portions of this window to gen2/3.
querier-1  | 2026-05-16T14:59:58.489371250Z SELECT region, AVG(temp), COUNT(*)
querier-1  | 2026-05-16T14:59:58.489371958Z FROM sensors
querier-1  | 2026-05-16T14:59:58.489372625Z WHERE time > now() - INTERVAL '1 week'
querier-1  | 2026-05-16T14:59:58.489373458Z GROUP BY region query_params=Params { } issue_time=2026-05-16T14:59:58.487903833+00:00 partitions=1 parquet_files=1 deduplicated_partitions=0 deduplicated_parquet_files=0 plan_duration_secs=0.001397917 permit_duration_secs=1.3375e-5 success=false running=true cancelled=false
querier-1  | 2026-05-16T14:59:58.489457625Z 2026-05-16T14:59:58.489390Z  INFO iox_query::query_log: query when="success" id=2dd99aa6-a602-4d30-8fca-76ef733c561b namespace_id=0 namespace_name="influxdb3 oss" query_type="sql" query_text=-- 1-week recent window — exercises the gen1-heavy tail. Most recent data
querier-1  | 2026-05-16T14:59:58.489463833Z -- still sits in many small gen1 files; compaction should already be
querier-1  | 2026-05-16T14:59:58.489465125Z -- promoting older portions of this window to gen2/3.
querier-1  | 2026-05-16T14:59:58.489466083Z SELECT region, AVG(temp), COUNT(*)
querier-1  | 2026-05-16T14:59:58.489466917Z FROM sensors
querier-1  | 2026-05-16T14:59:58.489469708Z WHERE time > now() - INTERVAL '1 week'
querier-1  | 2026-05-16T14:59:58.489470667Z GROUP BY region query_params=Params { } issue_time=2026-05-16T14:59:58.487903833+00:00 partitions=1 parquet_files=1 deduplicated_partitions=0 deduplicated_parquet_files=0 plan_duration_secs=0.001397917 permit_duration_secs=1.3375e-5 execute_duration_secs=6.8333e-5 end2end_duration_secs=0.001485667 compute_duration_secs=1.2711e-5 max_memory=0 ingester_metrics.latency_to_plan_secs=0.0 ingester_metrics.latency_to_full_data_secs=0.0 ingester_metrics.response_rows=0 ingester_metrics.partition_count=0 ingester_metrics.response_size=0 success=true running=false cancelled=false
querier-1  | 2026-05-16T14:59:58.513766292Z 2026-05-16T14:59:58.513704Z  INFO influxdb3_server::http: handling query_sql database=bench query_str=-- 1-week recent window — exercises the gen1-heavy tail. Most recent data
querier-1  | 2026-05-16T14:59:58.513774375Z -- still sits in many small gen1 files; compaction should already be
querier-1  | 2026-05-16T14:59:58.513775417Z -- promoting older portions of this window to gen2/3.
querier-1  | 2026-05-16T14:59:58.513776125Z SELECT region, AVG(temp), COUNT(*)
querier-1  | 2026-05-16T14:59:58.513776750Z FROM sensors
querier-1  | 2026-05-16T14:59:58.513777375Z WHERE time > now() - INTERVAL '1 week'
querier-1  | 2026-05-16T14:59:58.513778000Z GROUP BY region format=Csv
querier-1  | 2026-05-16T14:59:58.513778625Z 2026-05-16T14:59:58.513721Z  INFO influxdb3_server::query_executor: executing sql query database=bench query=-- 1-week recent window — exercises the gen1-heavy tail. Most recent data
querier-1  | 2026-05-16T14:59:58.513779417Z -- still sits in many small gen1 files; compaction should already be
querier-1  | 2026-05-16T14:59:58.513780000Z -- promoting older portions of this window to gen2/3.
querier-1  | 2026-05-16T14:59:58.513780583Z SELECT region, AVG(temp), COUNT(*)
querier-1  | 2026-05-16T14:59:58.513781125Z FROM sensors
querier-1  | 2026-05-16T14:59:58.513781625Z WHERE time > now() - INTERVAL '1 week'
querier-1  | 2026-05-16T14:59:58.513782167Z GROUP BY region params=None
querier-1  | 2026-05-16T14:59:58.513782792Z 2026-05-16T14:59:58.513742Z  INFO iox_query::query_log: query when="received" id=04cc5556-fdd9-4754-b051-b75b4233377f namespace_id=0 namespace_name="influxdb3 oss" query_type="sql" query_text=-- 1-week recent window — exercises the gen1-heavy tail. Most recent data
querier-1  | 2026-05-16T14:59:58.513783792Z -- still sits in many small gen1 files; compaction should already be
querier-1  | 2026-05-16T14:59:58.513791583Z -- promoting older portions of this window to gen2/3.
querier-1  | 2026-05-16T14:59:58.513792167Z SELECT region, AVG(temp), COUNT(*)
querier-1  | 2026-05-16T14:59:58.513792667Z FROM sensors
querier-1  | 2026-05-16T14:59:58.513793125Z WHERE time > now() - INTERVAL '1 week'
querier-1  | 2026-05-16T14:59:58.513793625Z GROUP BY region query_params=Params { } issue_time=2026-05-16T14:59:58.513741583+00:00 success=false running=true cancelled=false
querier-1  | 2026-05-16T14:59:58.515065750Z 2026-05-16T14:59:58.515012Z  INFO iox_query::query_log: query when="planned" id=04cc5556-fdd9-4754-b051-b75b4233377f namespace_id=0 namespace_name="influxdb3 oss" query_type="sql" query_text=-- 1-week recent window — exercises the gen1-heavy tail. Most recent data
querier-1  | 2026-05-16T14:59:58.515070458Z -- still sits in many small gen1 files; compaction should already be
querier-1  | 2026-05-16T14:59:58.515071417Z -- promoting older portions of this window to gen2/3.
querier-1  | 2026-05-16T14:59:58.515072208Z SELECT region, AVG(temp), COUNT(*)
querier-1  | 2026-05-16T14:59:58.515072917Z FROM sensors
querier-1  | 2026-05-16T14:59:58.515073625Z WHERE time > now() - INTERVAL '1 week'
querier-1  | 2026-05-16T14:59:58.515074500Z GROUP BY region query_params=Params { } issue_time=2026-05-16T14:59:58.513741583+00:00 partitions=1 parquet_files=1 deduplicated_partitions=0 deduplicated_parquet_files=0 plan_duration_secs=0.001267084 success=false running=true cancelled=false
querier-1  | 2026-05-16T14:59:58.515075500Z 2026-05-16T14:59:58.515022Z  INFO iox_query::query_log: query when="permit" id=04cc5556-fdd9-4754-b051-b75b4233377f namespace_id=0 namespace_name="influxdb3 oss" query_type="sql" query_text=-- 1-week recent window — exercises the gen1-heavy tail. Most recent data
querier-1  | 2026-05-16T14:59:58.515076583Z -- still sits in many small gen1 files; compaction should already be
querier-1  | 2026-05-16T14:59:58.515077292Z -- promoting older portions of this window to gen2/3.
querier-1  | 2026-05-16T14:59:58.515078042Z SELECT region, AVG(temp), COUNT(*)
querier-1  | 2026-05-16T14:59:58.515078750Z FROM sensors
querier-1  | 2026-05-16T14:59:58.515079500Z WHERE time > now() - INTERVAL '1 week'
querier-1  | 2026-05-16T14:59:58.515080250Z GROUP BY region query_params=Params { } issue_time=2026-05-16T14:59:58.513741583+00:00 partitions=1 parquet_files=1 deduplicated_partitions=0 deduplicated_parquet_files=0 plan_duration_secs=0.001267084 permit_duration_secs=1.3666e-5 success=false running=true cancelled=false
querier-1  | 2026-05-16T14:59:58.515201792Z 2026-05-16T14:59:58.515097Z  INFO iox_query::query_log: query when="success" id=04cc5556-fdd9-4754-b051-b75b4233377f namespace_id=0 namespace_name="influxdb3 oss" query_type="sql" query_text=-- 1-week recent window — exercises the gen1-heavy tail. Most recent data
querier-1  | 2026-05-16T14:59:58.515209583Z -- still sits in many small gen1 files; compaction should already be
querier-1  | 2026-05-16T14:59:58.515210292Z -- promoting older portions of this window to gen2/3.
querier-1  | 2026-05-16T14:59:58.515210792Z SELECT region, AVG(temp), COUNT(*)
querier-1  | 2026-05-16T14:59:58.515211292Z FROM sensors
querier-1  | 2026-05-16T14:59:58.515211792Z WHERE time > now() - INTERVAL '1 week'
querier-1  | 2026-05-16T14:59:58.515212500Z GROUP BY region query_params=Params { } issue_time=2026-05-16T14:59:58.513741583+00:00 partitions=1 parquet_files=1 deduplicated_partitions=0 deduplicated_parquet_files=0 plan_duration_secs=0.001267084 permit_duration_secs=1.3666e-5 execute_duration_secs=6.9875e-5 end2end_duration_secs=0.001354709 compute_duration_secs=2.0461e-5 max_memory=0 ingester_metrics.latency_to_plan_secs=0.0 ingester_metrics.latency_to_full_data_secs=0.0 ingester_metrics.response_rows=0 ingester_metrics.partition_count=0 ingester_metrics.response_size=0 success=true running=false cancelled=false
querier-1  | 2026-05-16T14:59:58.539848458Z 2026-05-16T14:59:58.539784Z  INFO influxdb3_server::http: handling query_sql database=bench query_str=-- 1-week recent window — exercises the gen1-heavy tail. Most recent data
querier-1  | 2026-05-16T14:59:58.539855208Z -- still sits in many small gen1 files; compaction should already be
querier-1  | 2026-05-16T14:59:58.539856250Z -- promoting older portions of this window to gen2/3.
querier-1  | 2026-05-16T14:59:58.539857083Z SELECT region, AVG(temp), COUNT(*)
querier-1  | 2026-05-16T14:59:58.539857750Z FROM sensors
querier-1  | 2026-05-16T14:59:58.539858500Z WHERE time > now() - INTERVAL '1 week'
querier-1  | 2026-05-16T14:59:58.539859417Z GROUP BY region format=Csv
querier-1  | 2026-05-16T14:59:58.539860208Z 2026-05-16T14:59:58.539802Z  INFO influxdb3_server::query_executor: executing sql query database=bench query=-- 1-week recent window — exercises the gen1-heavy tail. Most recent data
querier-1  | 2026-05-16T14:59:58.539861167Z -- still sits in many small gen1 files; compaction should already be
querier-1  | 2026-05-16T14:59:58.539861875Z -- promoting older portions of this window to gen2/3.
querier-1  | 2026-05-16T14:59:58.539862833Z SELECT region, AVG(temp), COUNT(*)
querier-1  | 2026-05-16T14:59:58.539863542Z FROM sensors
querier-1  | 2026-05-16T14:59:58.539864167Z WHERE time > now() - INTERVAL '1 week'
querier-1  | 2026-05-16T14:59:58.539864917Z GROUP BY region params=None
querier-1  | 2026-05-16T14:59:58.539865625Z 2026-05-16T14:59:58.539823Z  INFO iox_query::query_log: query when="received" id=2e7aab9d-3a11-4f18-ad31-a531f27069b0 namespace_id=0 namespace_name="influxdb3 oss" query_type="sql" query_text=-- 1-week recent window — exercises the gen1-heavy tail. Most recent data
querier-1  | 2026-05-16T14:59:58.539866917Z -- still sits in many small gen1 files; compaction should already be
querier-1  | 2026-05-16T14:59:58.539867625Z -- promoting older portions of this window to gen2/3.
querier-1  | 2026-05-16T14:59:58.539868292Z SELECT region, AVG(temp), COUNT(*)
querier-1  | 2026-05-16T14:59:58.539868958Z FROM sensors
querier-1  | 2026-05-16T14:59:58.539869583Z WHERE time > now() - INTERVAL '1 week'
querier-1  | 2026-05-16T14:59:58.539870250Z GROUP BY region query_params=Params { } issue_time=2026-05-16T14:59:58.539822458+00:00 success=false running=true cancelled=false
querier-1  | 2026-05-16T14:59:58.541281417Z 2026-05-16T14:59:58.541223Z  INFO iox_query::query_log: query when="planned" id=2e7aab9d-3a11-4f18-ad31-a531f27069b0 namespace_id=0 namespace_name="influxdb3 oss" query_type="sql" query_text=-- 1-week recent window — exercises the gen1-heavy tail. Most recent data
querier-1  | 2026-05-16T14:59:58.541288125Z -- still sits in many small gen1 files; compaction should already be
querier-1  | 2026-05-16T14:59:58.541289375Z -- promoting older portions of this window to gen2/3.
querier-1  | 2026-05-16T14:59:58.541310458Z SELECT region, AVG(temp), COUNT(*)
querier-1  | 2026-05-16T14:59:58.541312292Z FROM sensors
querier-1  | 2026-05-16T14:59:58.541313042Z WHERE time > now() - INTERVAL '1 week'
querier-1  | 2026-05-16T14:59:58.541313917Z GROUP BY region query_params=Params { } issue_time=2026-05-16T14:59:58.539822458+00:00 partitions=1 parquet_files=1 deduplicated_partitions=0 deduplicated_parquet_files=0 plan_duration_secs=0.001397417 success=false running=true cancelled=false
querier-1  | 2026-05-16T14:59:58.541314917Z 2026-05-16T14:59:58.541238Z  INFO iox_query::query_log: query when="permit" id=2e7aab9d-3a11-4f18-ad31-a531f27069b0 namespace_id=0 namespace_name="influxdb3 oss" query_type="sql" query_text=-- 1-week recent window — exercises the gen1-heavy tail. Most recent data
querier-1  | 2026-05-16T14:59:58.541316042Z -- still sits in many small gen1 files; compaction should already be
querier-1  | 2026-05-16T14:59:58.541316792Z -- promoting older portions of this window to gen2/3.
querier-1  | 2026-05-16T14:59:58.541317542Z SELECT region, AVG(temp), COUNT(*)
querier-1  | 2026-05-16T14:59:58.541318208Z FROM sensors
querier-1  | 2026-05-16T14:59:58.541318875Z WHERE time > now() - INTERVAL '1 week'
querier-1  | 2026-05-16T14:59:58.541319625Z GROUP BY region query_params=Params { } issue_time=2026-05-16T14:59:58.539822458+00:00 partitions=1 parquet_files=1 deduplicated_partitions=0 deduplicated_parquet_files=0 plan_duration_secs=0.001397417 permit_duration_secs=1.8167e-5 success=false running=true cancelled=false
querier-1  | 2026-05-16T14:59:58.541401667Z 2026-05-16T14:59:58.541317Z  INFO iox_query::query_log: query when="success" id=2e7aab9d-3a11-4f18-ad31-a531f27069b0 namespace_id=0 namespace_name="influxdb3 oss" query_type="sql" query_text=-- 1-week recent window — exercises the gen1-heavy tail. Most recent data
querier-1  | 2026-05-16T14:59:58.541407208Z -- still sits in many small gen1 files; compaction should already be
querier-1  | 2026-05-16T14:59:58.541408250Z -- promoting older portions of this window to gen2/3.
querier-1  | 2026-05-16T14:59:58.541409042Z SELECT region, AVG(temp), COUNT(*)
querier-1  | 2026-05-16T14:59:58.541409750Z FROM sensors
querier-1  | 2026-05-16T14:59:58.541410458Z WHERE time > now() - INTERVAL '1 week'
querier-1  | 2026-05-16T14:59:58.541411417Z GROUP BY region query_params=Params { } issue_time=2026-05-16T14:59:58.539822458+00:00 partitions=1 parquet_files=1 deduplicated_partitions=0 deduplicated_parquet_files=0 plan_duration_secs=0.001397417 permit_duration_secs=1.8167e-5 execute_duration_secs=7.1e-5 end2end_duration_secs=0.00149425 compute_duration_secs=2.7669e-5 max_memory=0 ingester_metrics.latency_to_plan_secs=0.0 ingester_metrics.latency_to_full_data_secs=0.0 ingester_metrics.response_rows=0 ingester_metrics.partition_count=0 ingester_metrics.response_size=0 success=true running=false cancelled=false
querier-1  | 2026-05-16T14:59:58.565695500Z 2026-05-16T14:59:58.565636Z  INFO influxdb3_server::http: handling query_sql database=bench query_str=-- 1-week recent window — exercises the gen1-heavy tail. Most recent data
querier-1  | 2026-05-16T14:59:58.565704333Z -- still sits in many small gen1 files; compaction should already be
querier-1  | 2026-05-16T14:59:58.565705500Z -- promoting older portions of this window to gen2/3.
querier-1  | 2026-05-16T14:59:58.565706375Z SELECT region, AVG(temp), COUNT(*)
querier-1  | 2026-05-16T14:59:58.565724417Z FROM sensors
querier-1  | 2026-05-16T14:59:58.565725250Z WHERE time > now() - INTERVAL '1 week'
querier-1  | 2026-05-16T14:59:58.565726333Z GROUP BY region format=Csv
querier-1  | 2026-05-16T14:59:58.565727125Z 2026-05-16T14:59:58.565652Z  INFO influxdb3_server::query_executor: executing sql query database=bench query=-- 1-week recent window — exercises the gen1-heavy tail. Most recent data
querier-1  | 2026-05-16T14:59:58.565728042Z -- still sits in many small gen1 files; compaction should already be
querier-1  | 2026-05-16T14:59:58.565728750Z -- promoting older portions of this window to gen2/3.
querier-1  | 2026-05-16T14:59:58.565729500Z SELECT region, AVG(temp), COUNT(*)
querier-1  | 2026-05-16T14:59:58.565730208Z FROM sensors
querier-1  | 2026-05-16T14:59:58.565730875Z WHERE time > now() - INTERVAL '1 week'
querier-1  | 2026-05-16T14:59:58.565731583Z GROUP BY region params=None
querier-1  | 2026-05-16T14:59:58.565732292Z 2026-05-16T14:59:58.565672Z  INFO iox_query::query_log: query when="received" id=8e08c94f-1c4e-4bc5-ba18-b9c0a2cc8231 namespace_id=0 namespace_name="influxdb3 oss" query_type="sql" query_text=-- 1-week recent window — exercises the gen1-heavy tail. Most recent data
querier-1  | 2026-05-16T14:59:58.565733417Z -- still sits in many small gen1 files; compaction should already be
querier-1  | 2026-05-16T14:59:58.565734167Z -- promoting older portions of this window to gen2/3.
querier-1  | 2026-05-16T14:59:58.565734875Z SELECT region, AVG(temp), COUNT(*)
querier-1  | 2026-05-16T14:59:58.565735625Z FROM sensors
querier-1  | 2026-05-16T14:59:58.565736250Z WHERE time > now() - INTERVAL '1 week'
querier-1  | 2026-05-16T14:59:58.565737000Z GROUP BY region query_params=Params { } issue_time=2026-05-16T14:59:58.565671458+00:00 success=false running=true cancelled=false
querier-1  | 2026-05-16T14:59:58.566974000Z 2026-05-16T14:59:58.566919Z  INFO iox_query::query_log: query when="planned" id=8e08c94f-1c4e-4bc5-ba18-b9c0a2cc8231 namespace_id=0 namespace_name="influxdb3 oss" query_type="sql" query_text=-- 1-week recent window — exercises the gen1-heavy tail. Most recent data
querier-1  | 2026-05-16T14:59:58.566979417Z -- still sits in many small gen1 files; compaction should already be
querier-1  | 2026-05-16T14:59:58.566980375Z -- promoting older portions of this window to gen2/3.
querier-1  | 2026-05-16T14:59:58.566981167Z SELECT region, AVG(temp), COUNT(*)
querier-1  | 2026-05-16T14:59:58.566981917Z FROM sensors
querier-1  | 2026-05-16T14:59:58.566983958Z WHERE time > now() - INTERVAL '1 week'
querier-1  | 2026-05-16T14:59:58.566984792Z GROUP BY region query_params=Params { } issue_time=2026-05-16T14:59:58.565671458+00:00 partitions=1 parquet_files=1 deduplicated_partitions=0 deduplicated_parquet_files=0 plan_duration_secs=0.00124425 success=false running=true cancelled=false
querier-1  | 2026-05-16T14:59:58.566985833Z 2026-05-16T14:59:58.566929Z  INFO iox_query::query_log: query when="permit" id=8e08c94f-1c4e-4bc5-ba18-b9c0a2cc8231 namespace_id=0 namespace_name="influxdb3 oss" query_type="sql" query_text=-- 1-week recent window — exercises the gen1-heavy tail. Most recent data
querier-1  | 2026-05-16T14:59:58.566986875Z -- still sits in many small gen1 files; compaction should already be
querier-1  | 2026-05-16T14:59:58.566987667Z -- promoting older portions of this window to gen2/3.
querier-1  | 2026-05-16T14:59:58.566991333Z SELECT region, AVG(temp), COUNT(*)
querier-1  | 2026-05-16T14:59:58.566992083Z FROM sensors
querier-1  | 2026-05-16T14:59:58.566992792Z WHERE time > now() - INTERVAL '1 week'
querier-1  | 2026-05-16T14:59:58.566993542Z GROUP BY region query_params=Params { } issue_time=2026-05-16T14:59:58.565671458+00:00 partitions=1 parquet_files=1 deduplicated_partitions=0 deduplicated_parquet_files=0 plan_duration_secs=0.00124425 permit_duration_secs=1.3125e-5 success=false running=true cancelled=false
querier-1  | 2026-05-16T14:59:58.567113042Z 2026-05-16T14:59:58.567020Z  INFO iox_query::query_log: query when="success" id=8e08c94f-1c4e-4bc5-ba18-b9c0a2cc8231 namespace_id=0 namespace_name="influxdb3 oss" query_type="sql" query_text=-- 1-week recent window — exercises the gen1-heavy tail. Most recent data
querier-1  | 2026-05-16T14:59:58.567116875Z -- still sits in many small gen1 files; compaction should already be
querier-1  | 2026-05-16T14:59:58.567117583Z -- promoting older portions of this window to gen2/3.
querier-1  | 2026-05-16T14:59:58.567118167Z SELECT region, AVG(temp), COUNT(*)
querier-1  | 2026-05-16T14:59:58.567118750Z FROM sensors
querier-1  | 2026-05-16T14:59:58.567119292Z WHERE time > now() - INTERVAL '1 week'
querier-1  | 2026-05-16T14:59:58.567120125Z GROUP BY region query_params=Params { } issue_time=2026-05-16T14:59:58.565671458+00:00 partitions=1 parquet_files=1 deduplicated_partitions=0 deduplicated_parquet_files=0 plan_duration_secs=0.00124425 permit_duration_secs=1.3125e-5 execute_duration_secs=8.2334e-5 end2end_duration_secs=0.001348209 compute_duration_secs=3.3801e-5 max_memory=0 ingester_metrics.latency_to_plan_secs=0.0 ingester_metrics.latency_to_full_data_secs=0.0 ingester_metrics.response_rows=0 ingester_metrics.partition_count=0 ingester_metrics.response_size=0 success=true running=false cancelled=false
querier-1  | 2026-05-16T14:59:58.591833417Z 2026-05-16T14:59:58.591766Z  INFO influxdb3_server::http: handling query_sql database=bench query_str=-- 1-week recent window — exercises the gen1-heavy tail. Most recent data
querier-1  | 2026-05-16T14:59:58.591841458Z -- still sits in many small gen1 files; compaction should already be
querier-1  | 2026-05-16T14:59:58.591842458Z -- promoting older portions of this window to gen2/3.
querier-1  | 2026-05-16T14:59:58.591843208Z SELECT region, AVG(temp), COUNT(*)
querier-1  | 2026-05-16T14:59:58.591843917Z FROM sensors
querier-1  | 2026-05-16T14:59:58.591844708Z WHERE time > now() - INTERVAL '1 week'
querier-1  | 2026-05-16T14:59:58.591845583Z GROUP BY region format=Csv
querier-1  | 2026-05-16T14:59:58.591846333Z 2026-05-16T14:59:58.591785Z  INFO influxdb3_server::query_executor: executing sql query database=bench query=-- 1-week recent window — exercises the gen1-heavy tail. Most recent data
querier-1  | 2026-05-16T14:59:58.591847250Z -- still sits in many small gen1 files; compaction should already be
querier-1  | 2026-05-16T14:59:58.591848000Z -- promoting older portions of this window to gen2/3.
querier-1  | 2026-05-16T14:59:58.591848708Z SELECT region, AVG(temp), COUNT(*)
querier-1  | 2026-05-16T14:59:58.591849375Z FROM sensors
querier-1  | 2026-05-16T14:59:58.591850042Z WHERE time > now() - INTERVAL '1 week'
querier-1  | 2026-05-16T14:59:58.591850958Z GROUP BY region params=None
querier-1  | 2026-05-16T14:59:58.591851708Z 2026-05-16T14:59:58.591805Z  INFO iox_query::query_log: query when="received" id=65acd3e7-00bc-4a2f-bc0d-5bd32a77aef7 namespace_id=0 namespace_name="influxdb3 oss" query_type="sql" query_text=-- 1-week recent window — exercises the gen1-heavy tail. Most recent data
querier-1  | 2026-05-16T14:59:58.591857875Z -- still sits in many small gen1 files; compaction should already be
querier-1  | 2026-05-16T14:59:58.591858542Z -- promoting older portions of this window to gen2/3.
querier-1  | 2026-05-16T14:59:58.591859125Z SELECT region, AVG(temp), COUNT(*)
querier-1  | 2026-05-16T14:59:58.591859667Z FROM sensors
querier-1  | 2026-05-16T14:59:58.591860125Z WHERE time > now() - INTERVAL '1 week'
querier-1  | 2026-05-16T14:59:58.591860625Z GROUP BY region query_params=Params { } issue_time=2026-05-16T14:59:58.591804417+00:00 success=false running=true cancelled=false
querier-1  | 2026-05-16T14:59:58.593266333Z 2026-05-16T14:59:58.593210Z  INFO iox_query::query_log: query when="planned" id=65acd3e7-00bc-4a2f-bc0d-5bd32a77aef7 namespace_id=0 namespace_name="influxdb3 oss" query_type="sql" query_text=-- 1-week recent window — exercises the gen1-heavy tail. Most recent data
querier-1  | 2026-05-16T14:59:58.593273167Z -- still sits in many small gen1 files; compaction should already be
querier-1  | 2026-05-16T14:59:58.593274208Z -- promoting older portions of this window to gen2/3.
querier-1  | 2026-05-16T14:59:58.593275000Z SELECT region, AVG(temp), COUNT(*)
querier-1  | 2026-05-16T14:59:58.593275792Z FROM sensors
querier-1  | 2026-05-16T14:59:58.593276500Z WHERE time > now() - INTERVAL '1 week'
querier-1  | 2026-05-16T14:59:58.593277208Z GROUP BY region query_params=Params { } issue_time=2026-05-16T14:59:58.591804417+00:00 partitions=1 parquet_files=1 deduplicated_partitions=0 deduplicated_parquet_files=0 plan_duration_secs=0.001402333 success=false running=true cancelled=false
querier-1  | 2026-05-16T14:59:58.593278167Z 2026-05-16T14:59:58.593221Z  INFO iox_query::query_log: query when="permit" id=65acd3e7-00bc-4a2f-bc0d-5bd32a77aef7 namespace_id=0 namespace_name="influxdb3 oss" query_type="sql" query_text=-- 1-week recent window — exercises the gen1-heavy tail. Most recent data
querier-1  | 2026-05-16T14:59:58.593279208Z -- still sits in many small gen1 files; compaction should already be
querier-1  | 2026-05-16T14:59:58.593279958Z -- promoting older portions of this window to gen2/3.
querier-1  | 2026-05-16T14:59:58.593280667Z SELECT region, AVG(temp), COUNT(*)
querier-1  | 2026-05-16T14:59:58.593281417Z FROM sensors
querier-1  | 2026-05-16T14:59:58.593282083Z WHERE time > now() - INTERVAL '1 week'
querier-1  | 2026-05-16T14:59:58.593282833Z GROUP BY region query_params=Params { } issue_time=2026-05-16T14:59:58.591804417+00:00 partitions=1 parquet_files=1 deduplicated_partitions=0 deduplicated_parquet_files=0 plan_duration_secs=0.001402333 permit_duration_secs=1.3792e-5 success=false running=true cancelled=false
querier-1  | 2026-05-16T14:59:58.593353958Z 2026-05-16T14:59:58.593300Z  INFO iox_query::query_log: query when="success" id=65acd3e7-00bc-4a2f-bc0d-5bd32a77aef7 namespace_id=0 namespace_name="influxdb3 oss" query_type="sql" query_text=-- 1-week recent window — exercises the gen1-heavy tail. Most recent data
querier-1  | 2026-05-16T14:59:58.593356625Z -- still sits in many small gen1 files; compaction should already be
querier-1  | 2026-05-16T14:59:58.593357333Z -- promoting older portions of this window to gen2/3.
querier-1  | 2026-05-16T14:59:58.593377125Z SELECT region, AVG(temp), COUNT(*)
querier-1  | 2026-05-16T14:59:58.593378625Z FROM sensors
querier-1  | 2026-05-16T14:59:58.593379208Z WHERE time > now() - INTERVAL '1 week'
querier-1  | 2026-05-16T14:59:58.593379875Z GROUP BY region query_params=Params { } issue_time=2026-05-16T14:59:58.591804417+00:00 partitions=1 parquet_files=1 deduplicated_partitions=0 deduplicated_parquet_files=0 plan_duration_secs=0.001402333 permit_duration_secs=1.3792e-5 execute_duration_secs=7.3333e-5 end2end_duration_secs=0.001495458 compute_duration_secs=2.7919e-5 max_memory=0 ingester_metrics.latency_to_plan_secs=0.0 ingester_metrics.latency_to_full_data_secs=0.0 ingester_metrics.response_rows=0 ingester_metrics.partition_count=0 ingester_metrics.response_size=0 success=true running=false cancelled=false
querier-1  | 2026-05-16T14:59:58.617785333Z 2026-05-16T14:59:58.617726Z  INFO influxdb3_server::http: handling query_sql database=bench query_str=-- 1-week recent window — exercises the gen1-heavy tail. Most recent data
querier-1  | 2026-05-16T14:59:58.617792708Z -- still sits in many small gen1 files; compaction should already be
querier-1  | 2026-05-16T14:59:58.617793667Z -- promoting older portions of this window to gen2/3.
querier-1  | 2026-05-16T14:59:58.617794417Z SELECT region, AVG(temp), COUNT(*)
querier-1  | 2026-05-16T14:59:58.617795167Z FROM sensors
querier-1  | 2026-05-16T14:59:58.617795833Z WHERE time > now() - INTERVAL '1 week'
querier-1  | 2026-05-16T14:59:58.617796708Z GROUP BY region format=Csv
querier-1  | 2026-05-16T14:59:58.617797417Z 2026-05-16T14:59:58.617740Z  INFO influxdb3_server::query_executor: executing sql query database=bench query=-- 1-week recent window — exercises the gen1-heavy tail. Most recent data
querier-1  | 2026-05-16T14:59:58.617798333Z -- still sits in many small gen1 files; compaction should already be
querier-1  | 2026-05-16T14:59:58.617799042Z -- promoting older portions of this window to gen2/3.
querier-1  | 2026-05-16T14:59:58.617799750Z SELECT region, AVG(temp), COUNT(*)
querier-1  | 2026-05-16T14:59:58.617800458Z FROM sensors
querier-1  | 2026-05-16T14:59:58.617801125Z WHERE time > now() - INTERVAL '1 week'
querier-1  | 2026-05-16T14:59:58.617801833Z GROUP BY region params=None
querier-1  | 2026-05-16T14:59:58.617802542Z 2026-05-16T14:59:58.617758Z  INFO iox_query::query_log: query when="received" id=9a2ea3c2-66ff-452c-8e31-85631621e327 namespace_id=0 namespace_name="influxdb3 oss" query_type="sql" query_text=-- 1-week recent window — exercises the gen1-heavy tail. Most recent data
querier-1  | 2026-05-16T14:59:58.617803583Z -- still sits in many small gen1 files; compaction should already be
querier-1  | 2026-05-16T14:59:58.617804292Z -- promoting older portions of this window to gen2/3.
querier-1  | 2026-05-16T14:59:58.617805000Z SELECT region, AVG(temp), COUNT(*)
querier-1  | 2026-05-16T14:59:58.617805708Z FROM sensors
querier-1  | 2026-05-16T14:59:58.617806333Z WHERE time > now() - INTERVAL '1 week'
querier-1  | 2026-05-16T14:59:58.617807000Z GROUP BY region query_params=Params { } issue_time=2026-05-16T14:59:58.617757750+00:00 success=false running=true cancelled=false
querier-1  | 2026-05-16T14:59:58.619155375Z 2026-05-16T14:59:58.619099Z  INFO iox_query::query_log: query when="planned" id=9a2ea3c2-66ff-452c-8e31-85631621e327 namespace_id=0 namespace_name="influxdb3 oss" query_type="sql" query_text=-- 1-week recent window — exercises the gen1-heavy tail. Most recent data
querier-1  | 2026-05-16T14:59:58.619174750Z -- still sits in many small gen1 files; compaction should already be
querier-1  | 2026-05-16T14:59:58.619176375Z -- promoting older portions of this window to gen2/3.
querier-1  | 2026-05-16T14:59:58.619177042Z SELECT region, AVG(temp), COUNT(*)
querier-1  | 2026-05-16T14:59:58.619177625Z FROM sensors
querier-1  | 2026-05-16T14:59:58.619178167Z WHERE time > now() - INTERVAL '1 week'
querier-1  | 2026-05-16T14:59:58.619178833Z GROUP BY region query_params=Params { } issue_time=2026-05-16T14:59:58.617757750+00:00 partitions=1 parquet_files=1 deduplicated_partitions=0 deduplicated_parquet_files=0 plan_duration_secs=0.00133775 success=false running=true cancelled=false
querier-1  | 2026-05-16T14:59:58.619179625Z 2026-05-16T14:59:58.619110Z  INFO iox_query::query_log: query when="permit" id=9a2ea3c2-66ff-452c-8e31-85631621e327 namespace_id=0 namespace_name="influxdb3 oss" query_type="sql" query_text=-- 1-week recent window — exercises the gen1-heavy tail. Most recent data
querier-1  | 2026-05-16T14:59:58.619180458Z -- still sits in many small gen1 files; compaction should already be
querier-1  | 2026-05-16T14:59:58.619181083Z -- promoting older portions of this window to gen2/3.
querier-1  | 2026-05-16T14:59:58.619181625Z SELECT region, AVG(temp), COUNT(*)
querier-1  | 2026-05-16T14:59:58.619182208Z FROM sensors
querier-1  | 2026-05-16T14:59:58.619182750Z WHERE time > now() - INTERVAL '1 week'
querier-1  | 2026-05-16T14:59:58.619183375Z GROUP BY region query_params=Params { } issue_time=2026-05-16T14:59:58.617757750+00:00 partitions=1 parquet_files=1 deduplicated_partitions=0 deduplicated_parquet_files=0 plan_duration_secs=0.00133775 permit_duration_secs=1.4458e-5 success=false running=true cancelled=false
querier-1  | 2026-05-16T14:59:58.619269208Z 2026-05-16T14:59:58.619178Z  INFO iox_query::query_log: query when="success" id=9a2ea3c2-66ff-452c-8e31-85631621e327 namespace_id=0 namespace_name="influxdb3 oss" query_type="sql" query_text=-- 1-week recent window — exercises the gen1-heavy tail. Most recent data
querier-1  | 2026-05-16T14:59:58.619279417Z -- still sits in many small gen1 files; compaction should already be
querier-1  | 2026-05-16T14:59:58.619280417Z -- promoting older portions of this window to gen2/3.
querier-1  | 2026-05-16T14:59:58.619281208Z SELECT region, AVG(temp), COUNT(*)
querier-1  | 2026-05-16T14:59:58.619281875Z FROM sensors
querier-1  | 2026-05-16T14:59:58.619282417Z WHERE time > now() - INTERVAL '1 week'
querier-1  | 2026-05-16T14:59:58.619283333Z GROUP BY region query_params=Params { } issue_time=2026-05-16T14:59:58.617757750+00:00 partitions=1 parquet_files=1 deduplicated_partitions=0 deduplicated_parquet_files=0 plan_duration_secs=0.00133775 permit_duration_secs=1.4458e-5 execute_duration_secs=6.2792e-5 end2end_duration_secs=0.001420042 compute_duration_secs=2.8753e-5 max_memory=0 ingester_metrics.latency_to_plan_secs=0.0 ingester_metrics.latency_to_full_data_secs=0.0 ingester_metrics.response_rows=0 ingester_metrics.partition_count=0 ingester_metrics.response_size=0 success=true running=false cancelled=false
querier-1  | 2026-05-16T14:59:58.643545000Z 2026-05-16T14:59:58.643486Z  INFO influxdb3_server::http: handling query_sql database=bench query_str=-- 1-week recent window — exercises the gen1-heavy tail. Most recent data
querier-1  | 2026-05-16T14:59:58.643567542Z -- still sits in many small gen1 files; compaction should already be
querier-1  | 2026-05-16T14:59:58.643568583Z -- promoting older portions of this window to gen2/3.
querier-1  | 2026-05-16T14:59:58.643569458Z SELECT region, AVG(temp), COUNT(*)
querier-1  | 2026-05-16T14:59:58.643570208Z FROM sensors
querier-1  | 2026-05-16T14:59:58.643570875Z WHERE time > now() - INTERVAL '1 week'
querier-1  | 2026-05-16T14:59:58.643571958Z GROUP BY region format=Csv
querier-1  | 2026-05-16T14:59:58.643572750Z 2026-05-16T14:59:58.643502Z  INFO influxdb3_server::query_executor: executing sql query database=bench query=-- 1-week recent window — exercises the gen1-heavy tail. Most recent data
querier-1  | 2026-05-16T14:59:58.643573500Z -- still sits in many small gen1 files; compaction should already be
querier-1  | 2026-05-16T14:59:58.643574083Z -- promoting older portions of this window to gen2/3.
querier-1  | 2026-05-16T14:59:58.643574667Z SELECT region, AVG(temp), COUNT(*)
querier-1  | 2026-05-16T14:59:58.643575250Z FROM sensors
querier-1  | 2026-05-16T14:59:58.643575792Z WHERE time > now() - INTERVAL '1 week'
querier-1  | 2026-05-16T14:59:58.643576417Z GROUP BY region params=None
querier-1  | 2026-05-16T14:59:58.643578083Z 2026-05-16T14:59:58.643523Z  INFO iox_query::query_log: query when="received" id=26655eda-502d-4d67-902f-27b52a72589f namespace_id=0 namespace_name="influxdb3 oss" query_type="sql" query_text=-- 1-week recent window — exercises the gen1-heavy tail. Most recent data
querier-1  | 2026-05-16T14:59:58.643578958Z -- still sits in many small gen1 files; compaction should already be
querier-1  | 2026-05-16T14:59:58.643579542Z -- promoting older portions of this window to gen2/3.
querier-1  | 2026-05-16T14:59:58.643580125Z SELECT region, AVG(temp), COUNT(*)
querier-1  | 2026-05-16T14:59:58.643580708Z FROM sensors
querier-1  | 2026-05-16T14:59:58.643581250Z WHERE time > now() - INTERVAL '1 week'
querier-1  | 2026-05-16T14:59:58.643581833Z GROUP BY region query_params=Params { } issue_time=2026-05-16T14:59:58.643522167+00:00 success=false running=true cancelled=false
querier-1  | 2026-05-16T14:59:58.644886333Z 2026-05-16T14:59:58.644800Z  INFO iox_query::query_log: query when="planned" id=26655eda-502d-4d67-902f-27b52a72589f namespace_id=0 namespace_name="influxdb3 oss" query_type="sql" query_text=-- 1-week recent window — exercises the gen1-heavy tail. Most recent data
querier-1  | 2026-05-16T14:59:58.644891625Z -- still sits in many small gen1 files; compaction should already be
querier-1  | 2026-05-16T14:59:58.644892792Z -- promoting older portions of this window to gen2/3.
querier-1  | 2026-05-16T14:59:58.644893458Z SELECT region, AVG(temp), COUNT(*)
querier-1  | 2026-05-16T14:59:58.644894042Z FROM sensors
querier-1  | 2026-05-16T14:59:58.644894667Z WHERE time > now() - INTERVAL '1 week'
querier-1  | 2026-05-16T14:59:58.644895375Z GROUP BY region query_params=Params { } issue_time=2026-05-16T14:59:58.643522167+00:00 partitions=1 parquet_files=1 deduplicated_partitions=0 deduplicated_parquet_files=0 plan_duration_secs=0.001274666 success=false running=true cancelled=false
querier-1  | 2026-05-16T14:59:58.644896208Z 2026-05-16T14:59:58.644810Z  INFO iox_query::query_log: query when="permit" id=26655eda-502d-4d67-902f-27b52a72589f namespace_id=0 namespace_name="influxdb3 oss" query_type="sql" query_text=-- 1-week recent window — exercises the gen1-heavy tail. Most recent data
querier-1  | 2026-05-16T14:59:58.644911500Z -- still sits in many small gen1 files; compaction should already be
querier-1  | 2026-05-16T14:59:58.644913167Z -- promoting older portions of this window to gen2/3.
querier-1  | 2026-05-16T14:59:58.644913750Z SELECT region, AVG(temp), COUNT(*)
querier-1  | 2026-05-16T14:59:58.644914333Z FROM sensors
querier-1  | 2026-05-16T14:59:58.644915000Z WHERE time > now() - INTERVAL '1 week'
querier-1  | 2026-05-16T14:59:58.644915750Z GROUP BY region query_params=Params { } issue_time=2026-05-16T14:59:58.643522167+00:00 partitions=1 parquet_files=1 deduplicated_partitions=0 deduplicated_parquet_files=0 plan_duration_secs=0.001274666 permit_duration_secs=1.3625e-5 success=false running=true cancelled=false
querier-1  | 2026-05-16T14:59:58.645033375Z 2026-05-16T14:59:58.644886Z  INFO iox_query::query_log: query when="success" id=26655eda-502d-4d67-902f-27b52a72589f namespace_id=0 namespace_name="influxdb3 oss" query_type="sql" query_text=-- 1-week recent window — exercises the gen1-heavy tail. Most recent data
querier-1  | 2026-05-16T14:59:58.645037042Z -- still sits in many small gen1 files; compaction should already be
querier-1  | 2026-05-16T14:59:58.645037875Z -- promoting older portions of this window to gen2/3.
querier-1  | 2026-05-16T14:59:58.645038625Z SELECT region, AVG(temp), COUNT(*)
querier-1  | 2026-05-16T14:59:58.645039333Z FROM sensors
querier-1  | 2026-05-16T14:59:58.645040000Z WHERE time > now() - INTERVAL '1 week'
querier-1  | 2026-05-16T14:59:58.645040875Z GROUP BY region query_params=Params { } issue_time=2026-05-16T14:59:58.643522167+00:00 partitions=1 parquet_files=1 deduplicated_partitions=0 deduplicated_parquet_files=0 plan_duration_secs=0.001274666 permit_duration_secs=1.3625e-5 execute_duration_secs=6.8084e-5 end2end_duration_secs=0.001364208 compute_duration_secs=2.8882e-5 max_memory=0 ingester_metrics.latency_to_plan_secs=0.0 ingester_metrics.latency_to_full_data_secs=0.0 ingester_metrics.response_rows=0 ingester_metrics.partition_count=0 ingester_metrics.response_size=0 success=true running=false cancelled=false
querier-1  | 2026-05-16T14:59:58.669632708Z 2026-05-16T14:59:58.669564Z  INFO influxdb3_server::http: handling query_sql database=bench query_str=-- 1-week recent window — exercises the gen1-heavy tail. Most recent data
querier-1  | 2026-05-16T14:59:58.669640208Z -- still sits in many small gen1 files; compaction should already be
querier-1  | 2026-05-16T14:59:58.669641000Z -- promoting older portions of this window to gen2/3.
querier-1  | 2026-05-16T14:59:58.669641667Z SELECT region, AVG(temp), COUNT(*)
querier-1  | 2026-05-16T14:59:58.669642250Z FROM sensors
querier-1  | 2026-05-16T14:59:58.669642833Z WHERE time > now() - INTERVAL '1 week'
querier-1  | 2026-05-16T14:59:58.669643625Z GROUP BY region format=Csv
querier-1  | 2026-05-16T14:59:58.669644250Z 2026-05-16T14:59:58.669583Z  INFO influxdb3_server::query_executor: executing sql query database=bench query=-- 1-week recent window — exercises the gen1-heavy tail. Most recent data
querier-1  | 2026-05-16T14:59:58.669645000Z -- still sits in many small gen1 files; compaction should already be
querier-1  | 2026-05-16T14:59:58.669645583Z -- promoting older portions of this window to gen2/3.
querier-1  | 2026-05-16T14:59:58.669646167Z SELECT region, AVG(temp), COUNT(*)
querier-1  | 2026-05-16T14:59:58.669665708Z FROM sensors
querier-1  | 2026-05-16T14:59:58.669666375Z WHERE time > now() - INTERVAL '1 week'
querier-1  | 2026-05-16T14:59:58.669667000Z GROUP BY region params=None
querier-1  | 2026-05-16T14:59:58.669667625Z 2026-05-16T14:59:58.669603Z  INFO iox_query::query_log: query when="received" id=be0fc403-3617-48e0-859f-8d36d10d25d8 namespace_id=0 namespace_name="influxdb3 oss" query_type="sql" query_text=-- 1-week recent window — exercises the gen1-heavy tail. Most recent data
querier-1  | 2026-05-16T14:59:58.669668625Z -- still sits in many small gen1 files; compaction should already be
querier-1  | 2026-05-16T14:59:58.669669208Z -- promoting older portions of this window to gen2/3.
querier-1  | 2026-05-16T14:59:58.669669792Z SELECT region, AVG(temp), COUNT(*)
querier-1  | 2026-05-16T14:59:58.669670333Z FROM sensors
querier-1  | 2026-05-16T14:59:58.669670875Z WHERE time > now() - INTERVAL '1 week'
querier-1  | 2026-05-16T14:59:58.669671458Z GROUP BY region query_params=Params { } issue_time=2026-05-16T14:59:58.669602250+00:00 success=false running=true cancelled=false
querier-1  | 2026-05-16T14:59:58.670996625Z 2026-05-16T14:59:58.670940Z  INFO iox_query::query_log: query when="planned" id=be0fc403-3617-48e0-859f-8d36d10d25d8 namespace_id=0 namespace_name="influxdb3 oss" query_type="sql" query_text=-- 1-week recent window — exercises the gen1-heavy tail. Most recent data
querier-1  | 2026-05-16T14:59:58.671001833Z -- still sits in many small gen1 files; compaction should already be
querier-1  | 2026-05-16T14:59:58.671002750Z -- promoting older portions of this window to gen2/3.
querier-1  | 2026-05-16T14:59:58.671003542Z SELECT region, AVG(temp), COUNT(*)
querier-1  | 2026-05-16T14:59:58.671004250Z FROM sensors
querier-1  | 2026-05-16T14:59:58.671004958Z WHERE time > now() - INTERVAL '1 week'
querier-1  | 2026-05-16T14:59:58.671005750Z GROUP BY region query_params=Params { } issue_time=2026-05-16T14:59:58.669602250+00:00 partitions=1 parquet_files=1 deduplicated_partitions=0 deduplicated_parquet_files=0 plan_duration_secs=0.001334125 success=false running=true cancelled=false
querier-1  | 2026-05-16T14:59:58.671006750Z 2026-05-16T14:59:58.670950Z  INFO iox_query::query_log: query when="permit" id=be0fc403-3617-48e0-859f-8d36d10d25d8 namespace_id=0 namespace_name="influxdb3 oss" query_type="sql" query_text=-- 1-week recent window — exercises the gen1-heavy tail. Most recent data
querier-1  | 2026-05-16T14:59:58.671007875Z -- still sits in many small gen1 files; compaction should already be
querier-1  | 2026-05-16T14:59:58.671008625Z -- promoting older portions of this window to gen2/3.
querier-1  | 2026-05-16T14:59:58.671009333Z SELECT region, AVG(temp), COUNT(*)
querier-1  | 2026-05-16T14:59:58.671009917Z FROM sensors
querier-1  | 2026-05-16T14:59:58.671010500Z WHERE time > now() - INTERVAL '1 week'
querier-1  | 2026-05-16T14:59:58.671011125Z GROUP BY region query_params=Params { } issue_time=2026-05-16T14:59:58.669602250+00:00 partitions=1 parquet_files=1 deduplicated_partitions=0 deduplicated_parquet_files=0 plan_duration_secs=0.001334125 permit_duration_secs=1.3917e-5 success=false running=true cancelled=false
querier-1  | 2026-05-16T14:59:58.671181833Z 2026-05-16T14:59:58.671032Z  INFO iox_query::query_log: query when="success" id=be0fc403-3617-48e0-859f-8d36d10d25d8 namespace_id=0 namespace_name="influxdb3 oss" query_type="sql" query_text=-- 1-week recent window — exercises the gen1-heavy tail. Most recent data
querier-1  | 2026-05-16T14:59:58.671196750Z -- still sits in many small gen1 files; compaction should already be
querier-1  | 2026-05-16T14:59:58.671197750Z -- promoting older portions of this window to gen2/3.
querier-1  | 2026-05-16T14:59:58.671198417Z SELECT region, AVG(temp), COUNT(*)
querier-1  | 2026-05-16T14:59:58.671198958Z FROM sensors
querier-1  | 2026-05-16T14:59:58.671199458Z WHERE time > now() - INTERVAL '1 week'
querier-1  | 2026-05-16T14:59:58.671200292Z GROUP BY region query_params=Params { } issue_time=2026-05-16T14:59:58.669602250+00:00 partitions=1 parquet_files=1 deduplicated_partitions=0 deduplicated_parquet_files=0 plan_duration_secs=0.001334125 permit_duration_secs=1.3917e-5 execute_duration_secs=7.5458e-5 end2end_duration_secs=0.001429458 compute_duration_secs=2.6252e-5 max_memory=0 ingester_metrics.latency_to_plan_secs=0.0 ingester_metrics.latency_to_full_data_secs=0.0 ingester_metrics.response_rows=0 ingester_metrics.partition_count=0 ingester_metrics.response_size=0 success=true running=false cancelled=false
querier-1  | 2026-05-16T14:59:58.695674167Z 2026-05-16T14:59:58.695615Z  INFO influxdb3_server::http: handling query_sql database=bench query_str=-- 1-week recent window — exercises the gen1-heavy tail. Most recent data
querier-1  | 2026-05-16T14:59:58.695683875Z -- still sits in many small gen1 files; compaction should already be
querier-1  | 2026-05-16T14:59:58.695684833Z -- promoting older portions of this window to gen2/3.
querier-1  | 2026-05-16T14:59:58.695685625Z SELECT region, AVG(temp), COUNT(*)
querier-1  | 2026-05-16T14:59:58.695686333Z FROM sensors
querier-1  | 2026-05-16T14:59:58.695687000Z WHERE time > now() - INTERVAL '1 week'
querier-1  | 2026-05-16T14:59:58.695687917Z GROUP BY region format=Csv
querier-1  | 2026-05-16T14:59:58.695688667Z 2026-05-16T14:59:58.695630Z  INFO influxdb3_server::query_executor: executing sql query database=bench query=-- 1-week recent window — exercises the gen1-heavy tail. Most recent data
querier-1  | 2026-05-16T14:59:58.695689542Z -- still sits in many small gen1 files; compaction should already be
querier-1  | 2026-05-16T14:59:58.695690292Z -- promoting older portions of this window to gen2/3.
querier-1  | 2026-05-16T14:59:58.695691000Z SELECT region, AVG(temp), COUNT(*)
querier-1  | 2026-05-16T14:59:58.695691667Z FROM sensors
querier-1  | 2026-05-16T14:59:58.695692333Z WHERE time > now() - INTERVAL '1 week'
querier-1  | 2026-05-16T14:59:58.695693000Z GROUP BY region params=None
querier-1  | 2026-05-16T14:59:58.695693750Z 2026-05-16T14:59:58.695649Z  INFO iox_query::query_log: query when="received" id=9890e641-f67c-442d-a5e6-070cf0682eee namespace_id=0 namespace_name="influxdb3 oss" query_type="sql" query_text=-- 1-week recent window — exercises the gen1-heavy tail. Most recent data
querier-1  | 2026-05-16T14:59:58.695694792Z -- still sits in many small gen1 files; compaction should already be
querier-1  | 2026-05-16T14:59:58.695695542Z -- promoting older portions of this window to gen2/3.
querier-1  | 2026-05-16T14:59:58.695698042Z SELECT region, AVG(temp), COUNT(*)
querier-1  | 2026-05-16T14:59:58.695698750Z FROM sensors
querier-1  | 2026-05-16T14:59:58.695699417Z WHERE time > now() - INTERVAL '1 week'
querier-1  | 2026-05-16T14:59:58.695705333Z GROUP BY region query_params=Params { } issue_time=2026-05-16T14:59:58.695648+00:00 success=false running=true cancelled=false
querier-1  | 2026-05-16T14:59:58.696973333Z 2026-05-16T14:59:58.696920Z  INFO iox_query::query_log: query when="planned" id=9890e641-f67c-442d-a5e6-070cf0682eee namespace_id=0 namespace_name="influxdb3 oss" query_type="sql" query_text=-- 1-week recent window — exercises the gen1-heavy tail. Most recent data
querier-1  | 2026-05-16T14:59:58.696977958Z -- still sits in many small gen1 files; compaction should already be
querier-1  | 2026-05-16T14:59:58.696978792Z -- promoting older portions of this window to gen2/3.
querier-1  | 2026-05-16T14:59:58.696979542Z SELECT region, AVG(temp), COUNT(*)
querier-1  | 2026-05-16T14:59:58.696980292Z FROM sensors
querier-1  | 2026-05-16T14:59:58.696980958Z WHERE time > now() - INTERVAL '1 week'
querier-1  | 2026-05-16T14:59:58.696981750Z GROUP BY region query_params=Params { } issue_time=2026-05-16T14:59:58.695648+00:00 partitions=1 parquet_files=1 deduplicated_partitions=0 deduplicated_parquet_files=0 plan_duration_secs=0.001268708 success=false running=true cancelled=false
querier-1  | 2026-05-16T14:59:58.696982667Z 2026-05-16T14:59:58.696936Z  INFO iox_query::query_log: query when="permit" id=9890e641-f67c-442d-a5e6-070cf0682eee namespace_id=0 namespace_name="influxdb3 oss" query_type="sql" query_text=-- 1-week recent window — exercises the gen1-heavy tail. Most recent data
querier-1  | 2026-05-16T14:59:58.696983708Z -- still sits in many small gen1 files; compaction should already be
querier-1  | 2026-05-16T14:59:58.696984375Z -- promoting older portions of this window to gen2/3.
querier-1  | 2026-05-16T14:59:58.696985083Z SELECT region, AVG(temp), COUNT(*)
querier-1  | 2026-05-16T14:59:58.696985792Z FROM sensors
querier-1  | 2026-05-16T14:59:58.696986417Z WHERE time > now() - INTERVAL '1 week'
querier-1  | 2026-05-16T14:59:58.696987167Z GROUP BY region query_params=Params { } issue_time=2026-05-16T14:59:58.695648+00:00 partitions=1 parquet_files=1 deduplicated_partitions=0 deduplicated_parquet_files=0 plan_duration_secs=0.001268708 permit_duration_secs=1.9292e-5 success=false running=true cancelled=false
querier-1  | 2026-05-16T14:59:58.697145083Z 2026-05-16T14:59:58.697013Z  INFO iox_query::query_log: query when="success" id=9890e641-f67c-442d-a5e6-070cf0682eee namespace_id=0 namespace_name="influxdb3 oss" query_type="sql" query_text=-- 1-week recent window — exercises the gen1-heavy tail. Most recent data
querier-1  | 2026-05-16T14:59:58.697148958Z -- still sits in many small gen1 files; compaction should already be
querier-1  | 2026-05-16T14:59:58.697149875Z -- promoting older portions of this window to gen2/3.
querier-1  | 2026-05-16T14:59:58.697150667Z SELECT region, AVG(temp), COUNT(*)
querier-1  | 2026-05-16T14:59:58.697151417Z FROM sensors
querier-1  | 2026-05-16T14:59:58.697152125Z WHERE time > now() - INTERVAL '1 week'
querier-1  | 2026-05-16T14:59:58.697152958Z GROUP BY region query_params=Params { } issue_time=2026-05-16T14:59:58.695648+00:00 partitions=1 parquet_files=1 deduplicated_partitions=0 deduplicated_parquet_files=0 plan_duration_secs=0.001268708 permit_duration_secs=1.9292e-5 execute_duration_secs=6.9708e-5 end2end_duration_secs=0.0013645 compute_duration_secs=2.7254e-5 max_memory=0 ingester_metrics.latency_to_plan_secs=0.0 ingester_metrics.latency_to_full_data_secs=0.0 ingester_metrics.response_rows=0 ingester_metrics.partition_count=0 ingester_metrics.response_size=0 success=true running=false cancelled=false
