querier-1  | 2026-05-16T17:10:48.570320376Z 2026-05-16T17:10:48.570226Z  INFO influxdb3_lib::commands::serve: InfluxDB 3 Core server starting node_id=querier-1 git_hash=c68a5712951128aa65e146169fe814ea69f22f63 version=3.3.0-nightly uuid=eed91d34-1589-4466-90cd-4a6807094cdf num_cpus=8
querier-1  | 2026-05-16T17:10:48.570454542Z 2026-05-16T17:10:48.570369Z  INFO influxdb3_clap_blocks::object_store: Object Store bucket=Some("influxdb3-bench") endpoint=Some(Endpoint("http://minio:9000")) object_store_type="S3"
querier-1  | 2026-05-16T17:10:48.570466459Z 2026-05-16T17:10:48.570414Z  INFO object_store::aws::builder: Using Static credential provider
querier-1  | 2026-05-16T17:10:48.573548501Z 2026-05-16T17:10:48.573478Z  INFO influxdb3_lib::commands::serve: Creating shared query executor num_threads=8
querier-1  | 2026-05-16T17:10:48.578748417Z 2026-05-16T17:10:48.578670Z  INFO influxdb3_lib::commands::serve: opening shared catalog at _catalog/
querier-1  | 2026-05-16T17:10:48.582313626Z 2026-05-16T17:10:48.582246Z  INFO influxdb3_catalog::catalog::update: create database name="_internal"
querier-1  | 2026-05-16T17:10:48.582322042Z 2026-05-16T17:10:48.582277Z  INFO influxdb3_lib::commands::serve: catalog initialized catalog_uuid=18873dd7-1ced-442c-a731-055fe7d842bb
querier-1  | 2026-05-16T17:10:48.582323334Z 2026-05-16T17:10:48.582282Z  INFO influxdb3_catalog::catalog::update: register node node_id="querier-1" core_count=8 mode=[Core]
querier-1  | 2026-05-16T17:10:48.582324251Z 2026-05-16T17:10:48.582286Z  INFO influxdb3_catalog::catalog::update: registering new node to the catalog node_id="querier-1" instance_id="133ecf2c-48ae-4605-a59a-b34ddffc4e63"
querier-1  | 2026-05-16T17:10:48.583508292Z 2026-05-16T17:10:48.583451Z  INFO influxdb3_catalog::object_store: persisted next catalog sequence put_result=PutResult { e_tag: Some("\"21a8a4c12e15b6346c4256b0384a1782\""), version: None } object_path=CatalogFilePath(Path { raw: "_catalog/catalogs/00000000000000000004.catalog" })
querier-1  | 2026-05-16T17:10:48.583540084Z 2026-05-16T17:10:48.583503Z  INFO influxdb3_lib::commands::serve: catalog initialized instance_id="133ecf2c-48ae-4605-a59a-b34ddffc4e63"
querier-1  | 2026-05-16T17:10:48.583543959Z 2026-05-16T17:10:48.583523Z  INFO influxdb3_catalog::catalog::update: set gen1 duration duration_ns=600000000000
querier-1  | 2026-05-16T17:10:48.583545126Z 2026-05-16T17:10:48.583527Z  WARN influxdb3_lib::commands::serve: cannot change the existing gen1 duration after it has been set existing_secs=60 provided_secs=600
querier-1  | 2026-05-16T17:10:48.584712334Z 2026-05-16T17:10:48.584666Z  INFO influxdb3_wal::object_store: replaying WAL files
querier-1  | 2026-05-16T17:10:48.584717917Z 2026-05-16T17:10:48.584673Z  INFO influxdb3_wal::object_store: completed replaying wal files time_taken=8.042µs
querier-1  | 2026-05-16T17:10:48.584719626Z 2026-05-16T17:10:48.584689Z  INFO influxdb3_lib::commands::serve: enabling layer C (wal tail) writer_node_ids=["writer-1"] interval=1s
querier-1  | 2026-05-16T17:10:48.584782584Z 2026-05-16T17:10:48.584704Z  INFO influxdb3_lib::commands::serve: spawning shared-inventory poller interval=1s
querier-1  | 2026-05-16T17:10:48.584786417Z 2026-05-16T17:10:48.584722Z  INFO influxdb3_lib::commands::serve: setting up background mem check for query buffer
querier-1  | 2026-05-16T17:10:48.584787334Z 2026-05-16T17:10:48.584725Z  INFO influxdb3_lib::commands::serve: compaction service disabled (mode=Querier does not run compaction)
querier-1  | 2026-05-16T17:10:48.584788167Z 2026-05-16T17:10:48.584726Z  INFO influxdb3_lib::commands::serve: setting up telemetry store
querier-1  | 2026-05-16T17:10:48.584791792Z 2026-05-16T17:10:48.584729Z  INFO influxdb3_lib::commands::serve: enabling layer B (remote hot chunks) writer_urls=["http://writer:8181"]
querier-1  | 2026-05-16T17:10:48.584792667Z 2026-05-16T17:10:48.584725Z  INFO influxdb3_write::deleter: Started catalog hard deleter task. delete_grace_period=86400s
querier-1  | 2026-05-16T17:10:48.585181751Z 2026-05-16T17:10:48.585130Z  WARN influxdb3_lib::commands::serve: server started without auth (`--without-auth` switch), all token creation and regeneration of admin token endpoints are disabled
querier-1  | 2026-05-16T17:10:48.585537251Z 2026-05-16T17:10:48.585502Z  INFO influxdb3_lib::commands::serve: setting up server with authz disabled for paths paths_without_authz=[]
querier-1  | 2026-05-16T17:10:48.585540626Z 2026-05-16T17:10:48.585519Z  INFO influxdb3_server: startup time: 15ms address=0.0.0.0:8181
querier-1  | 2026-05-16T17:10:53.609890336Z 2026-05-16T17:10:53.609632Z  INFO influxdb3_write::inventory_poller: inventory poller advanced catalog before_seq=4 after_seq=5
querier-1  | 2026-05-16T17:13:45.771976680Z 2026-05-16T17:13:45.771905Z  INFO influxdb3_server::http: handling query_sql database=bench query_str=-- Full-range aggregation across every host and every point. Forces a scan of
querier-1  | 2026-05-16T17:13:45.771989055Z -- every parquet file the querier knows about. Most-uncompacted-friendly:
querier-1  | 2026-05-16T17:13:45.771993597Z -- many small gen1 files = many small reads.
querier-1  | 2026-05-16T17:13:45.771997639Z SELECT region, AVG(temp) AS avg_temp, MAX(humidity) AS max_humid, COUNT(*) AS n
querier-1  | 2026-05-16T17:13:45.771999139Z FROM sensors
querier-1  | 2026-05-16T17:13:45.772000055Z GROUP BY region format=Csv
querier-1  | 2026-05-16T17:13:45.772001139Z 2026-05-16T17:13:45.771938Z  INFO influxdb3_server::query_executor: executing sql query database=bench query=-- Full-range aggregation across every host and every point. Forces a scan of
querier-1  | 2026-05-16T17:13:45.772002722Z -- every parquet file the querier knows about. Most-uncompacted-friendly:
querier-1  | 2026-05-16T17:13:45.772003889Z -- many small gen1 files = many small reads.
querier-1  | 2026-05-16T17:13:45.772007680Z SELECT region, AVG(temp) AS avg_temp, MAX(humidity) AS max_humid, COUNT(*) AS n
querier-1  | 2026-05-16T17:13:45.772008764Z FROM sensors
querier-1  | 2026-05-16T17:13:45.772009597Z GROUP BY region params=None
querier-1  | 2026-05-16T17:13:45.772123222Z 2026-05-16T17:13:45.772049Z  INFO iox_query::query_log: query when="received" id=3debf4ee-d7aa-406f-9b79-707f0925cd5c namespace_id=0 namespace_name="influxdb3 oss" query_type="sql" query_text=-- Full-range aggregation across every host and every point. Forces a scan of
querier-1  | 2026-05-16T17:13:45.772132222Z -- every parquet file the querier knows about. Most-uncompacted-friendly:
querier-1  | 2026-05-16T17:13:45.772133889Z -- many small gen1 files = many small reads.
querier-1  | 2026-05-16T17:13:45.772135014Z SELECT region, AVG(temp) AS avg_temp, MAX(humidity) AS max_humid, COUNT(*) AS n
querier-1  | 2026-05-16T17:13:45.772136055Z FROM sensors
querier-1  | 2026-05-16T17:13:45.772137014Z GROUP BY region query_params=Params { } issue_time=2026-05-16T17:13:45.772047722+00:00 success=false running=true cancelled=false
querier-1  | 2026-05-16T17:13:45.801192514Z 2026-05-16T17:13:45.801101Z  WARN influxdb3_write::remote_write_buffer: remote hot-chunks fetch failed url="http://writer:8181" error=arrow ipc decode error: Invalid argument error: Value at position 17 out of bounds: 17 (should be in [0, 16])
querier-1  | 2026-05-16T17:13:45.805427930Z 2026-05-16T17:13:45.805368Z  INFO influxdb3_write::composite_write_buffer: composite get_table_chunks db_schema.id=DbId(1) table_def.table_id=TableId(0) local=8000 remote=0 tail=1000 total=9000
querier-1  | 2026-05-16T17:13:45.815418472Z 2026-05-16T17:13:45.815292Z  WARN iox_query::physical_optimizer::dedup::split: cannot split dedup operation, fanout too wide n_split=1000 max_dedup_split=100
querier-1  | 2026-05-16T17:13:45.850311097Z 2026-05-16T17:13:45.850186Z  INFO iox_query::query_log: query when="planned" id=3debf4ee-d7aa-406f-9b79-707f0925cd5c namespace_id=0 namespace_name="influxdb3 oss" query_type="sql" query_text=-- Full-range aggregation across every host and every point. Forces a scan of
querier-1  | 2026-05-16T17:13:45.850332389Z -- every parquet file the querier knows about. Most-uncompacted-friendly:
querier-1  | 2026-05-16T17:13:45.850334764Z -- many small gen1 files = many small reads.
querier-1  | 2026-05-16T17:13:45.850337097Z SELECT region, AVG(temp) AS avg_temp, MAX(humidity) AS max_humid, COUNT(*) AS n
querier-1  | 2026-05-16T17:13:45.850337930Z FROM sensors
querier-1  | 2026-05-16T17:13:45.850338555Z GROUP BY region query_params=Params { } issue_time=2026-05-16T17:13:45.772047722+00:00 partitions=500 parquet_files=8000 deduplicated_partitions=500 deduplicated_parquet_files=8000 plan_duration_secs=0.076614958 success=false running=true cancelled=false
querier-1  | 2026-05-16T17:13:45.850340639Z 2026-05-16T17:13:45.850215Z  INFO iox_query::query_log: query when="permit" id=3debf4ee-d7aa-406f-9b79-707f0925cd5c namespace_id=0 namespace_name="influxdb3 oss" query_type="sql" query_text=-- Full-range aggregation across every host and every point. Forces a scan of
querier-1  | 2026-05-16T17:13:45.850341639Z -- every parquet file the querier knows about. Most-uncompacted-friendly:
querier-1  | 2026-05-16T17:13:45.850342264Z -- many small gen1 files = many small reads.
querier-1  | 2026-05-16T17:13:45.850342847Z SELECT region, AVG(temp) AS avg_temp, MAX(humidity) AS max_humid, COUNT(*) AS n
querier-1  | 2026-05-16T17:13:45.850343472Z FROM sensors
querier-1  | 2026-05-16T17:13:45.850344014Z GROUP BY region query_params=Params { } issue_time=2026-05-16T17:13:45.772047722+00:00 partitions=500 parquet_files=8000 deduplicated_partitions=500 deduplicated_parquet_files=8000 plan_duration_secs=0.076614958 permit_duration_secs=0.001552334 success=false running=true cancelled=false
querier-1  | 2026-05-16T17:13:45.850435722Z 2026-05-16T17:13:45.850345Z  INFO iox_query::query_log: query when="success" id=3debf4ee-d7aa-406f-9b79-707f0925cd5c namespace_id=0 namespace_name="influxdb3 oss" query_type="sql" query_text=-- Full-range aggregation across every host and every point. Forces a scan of
querier-1  | 2026-05-16T17:13:45.850439597Z -- every parquet file the querier knows about. Most-uncompacted-friendly:
querier-1  | 2026-05-16T17:13:45.850440555Z -- many small gen1 files = many small reads.
querier-1  | 2026-05-16T17:13:45.850441847Z SELECT region, AVG(temp) AS avg_temp, MAX(humidity) AS max_humid, COUNT(*) AS n
querier-1  | 2026-05-16T17:13:45.850442764Z FROM sensors
querier-1  | 2026-05-16T17:13:45.850443930Z GROUP BY region query_params=Params { } issue_time=2026-05-16T17:13:45.772047722+00:00 partitions=500 parquet_files=8000 deduplicated_partitions=500 deduplicated_parquet_files=8000 plan_duration_secs=0.076614958 permit_duration_secs=0.001552334 execute_duration_secs=0.000122541 end2end_duration_secs=0.07829625 compute_duration_secs=2e-9 max_memory=0 ingester_metrics.latency_to_plan_secs=0.0 ingester_metrics.latency_to_full_data_secs=0.0 ingester_metrics.response_rows=0 ingester_metrics.partition_count=0 ingester_metrics.response_size=0 success=true running=false cancelled=false
querier-1  | 2026-05-16T17:13:48.860535209Z 2026-05-16T17:13:48.860439Z  INFO influxdb3_server::http: handling query_sql database=bench query_str=-- Full-range aggregation across every host and every point. Forces a scan of
querier-1  | 2026-05-16T17:13:48.860552876Z -- every parquet file the querier knows about. Most-uncompacted-friendly:
querier-1  | 2026-05-16T17:13:48.860554001Z -- many small gen1 files = many small reads.
querier-1  | 2026-05-16T17:13:48.860554709Z SELECT region, AVG(temp) AS avg_temp, MAX(humidity) AS max_humid, COUNT(*) AS n
querier-1  | 2026-05-16T17:13:48.860555376Z FROM sensors
querier-1  | 2026-05-16T17:13:48.860555959Z GROUP BY region format=Csv
querier-1  | 2026-05-16T17:13:48.860556584Z 2026-05-16T17:13:48.860469Z  INFO influxdb3_server::query_executor: executing sql query database=bench query=-- Full-range aggregation across every host and every point. Forces a scan of
querier-1  | 2026-05-16T17:13:48.860557584Z -- every parquet file the querier knows about. Most-uncompacted-friendly:
querier-1  | 2026-05-16T17:13:48.860558209Z -- many small gen1 files = many small reads.
querier-1  | 2026-05-16T17:13:48.860558751Z SELECT region, AVG(temp) AS avg_temp, MAX(humidity) AS max_humid, COUNT(*) AS n
querier-1  | 2026-05-16T17:13:48.860560376Z FROM sensors
querier-1  | 2026-05-16T17:13:48.860560917Z GROUP BY region params=None
querier-1  | 2026-05-16T17:13:48.860561584Z 2026-05-16T17:13:48.860494Z  INFO iox_query::query_log: query when="received" id=c37266e0-a5da-4be5-a8fc-68ffb992e8cf namespace_id=0 namespace_name="influxdb3 oss" query_type="sql" query_text=-- Full-range aggregation across every host and every point. Forces a scan of
querier-1  | 2026-05-16T17:13:48.860562709Z -- every parquet file the querier knows about. Most-uncompacted-friendly:
querier-1  | 2026-05-16T17:13:48.860563334Z -- many small gen1 files = many small reads.
querier-1  | 2026-05-16T17:13:48.860563876Z SELECT region, AVG(temp) AS avg_temp, MAX(humidity) AS max_humid, COUNT(*) AS n
querier-1  | 2026-05-16T17:13:48.860564459Z FROM sensors
querier-1  | 2026-05-16T17:13:48.860564959Z GROUP BY region query_params=Params { } issue_time=2026-05-16T17:13:48.860493251+00:00 success=false running=true cancelled=false
querier-1  | 2026-05-16T17:13:48.885753959Z 2026-05-16T17:13:48.885661Z  INFO influxdb3_write::composite_write_buffer: composite get_table_chunks db_schema.id=DbId(1) table_def.table_id=TableId(0) local=8000 remote=0 tail=1000 total=9000
querier-1  | 2026-05-16T17:13:48.895559584Z 2026-05-16T17:13:48.895480Z  WARN iox_query::physical_optimizer::dedup::split: cannot split dedup operation, fanout too wide n_split=1000 max_dedup_split=100
querier-1  | 2026-05-16T17:13:48.930001709Z 2026-05-16T17:13:48.929887Z  INFO iox_query::query_log: query when="planned" id=c37266e0-a5da-4be5-a8fc-68ffb992e8cf namespace_id=0 namespace_name="influxdb3 oss" query_type="sql" query_text=-- Full-range aggregation across every host and every point. Forces a scan of
querier-1  | 2026-05-16T17:13:48.930016876Z -- every parquet file the querier knows about. Most-uncompacted-friendly:
querier-1  | 2026-05-16T17:13:48.930026667Z -- many small gen1 files = many small reads.
querier-1  | 2026-05-16T17:13:48.930027417Z SELECT region, AVG(temp) AS avg_temp, MAX(humidity) AS max_humid, COUNT(*) AS n
querier-1  | 2026-05-16T17:13:48.930028084Z FROM sensors
querier-1  | 2026-05-16T17:13:48.930028834Z GROUP BY region query_params=Params { } issue_time=2026-05-16T17:13:48.860493251+00:00 partitions=500 parquet_files=8000 deduplicated_partitions=500 deduplicated_parquet_files=8000 plan_duration_secs=0.067918208 success=false running=true cancelled=false
querier-1  | 2026-05-16T17:13:48.930029792Z 2026-05-16T17:13:48.929916Z  INFO iox_query::query_log: query when="permit" id=c37266e0-a5da-4be5-a8fc-68ffb992e8cf namespace_id=0 namespace_name="influxdb3 oss" query_type="sql" query_text=-- Full-range aggregation across every host and every point. Forces a scan of
querier-1  | 2026-05-16T17:13:48.930030626Z -- every parquet file the querier knows about. Most-uncompacted-friendly:
querier-1  | 2026-05-16T17:13:48.930031251Z -- many small gen1 files = many small reads.
querier-1  | 2026-05-16T17:13:48.930031792Z SELECT region, AVG(temp) AS avg_temp, MAX(humidity) AS max_humid, COUNT(*) AS n
querier-1  | 2026-05-16T17:13:48.930032376Z FROM sensors
querier-1  | 2026-05-16T17:13:48.930032917Z GROUP BY region query_params=Params { } issue_time=2026-05-16T17:13:48.860493251+00:00 partitions=500 parquet_files=8000 deduplicated_partitions=500 deduplicated_parquet_files=8000 plan_duration_secs=0.067918208 permit_duration_secs=0.001504542 success=false running=true cancelled=false
querier-1  | 2026-05-16T17:13:48.930145209Z 2026-05-16T17:13:48.930027Z  INFO iox_query::query_log: query when="success" id=c37266e0-a5da-4be5-a8fc-68ffb992e8cf namespace_id=0 namespace_name="influxdb3 oss" query_type="sql" query_text=-- Full-range aggregation across every host and every point. Forces a scan of
querier-1  | 2026-05-16T17:13:48.930150417Z -- every parquet file the querier knows about. Most-uncompacted-friendly:
querier-1  | 2026-05-16T17:13:48.930151542Z -- many small gen1 files = many small reads.
querier-1  | 2026-05-16T17:13:48.930152251Z SELECT region, AVG(temp) AS avg_temp, MAX(humidity) AS max_humid, COUNT(*) AS n
querier-1  | 2026-05-16T17:13:48.930153042Z FROM sensors
querier-1  | 2026-05-16T17:13:48.930155459Z GROUP BY region query_params=Params { } issue_time=2026-05-16T17:13:48.860493251+00:00 partitions=500 parquet_files=8000 deduplicated_partitions=500 deduplicated_parquet_files=8000 plan_duration_secs=0.067918208 permit_duration_secs=0.001504542 execute_duration_secs=0.000104416 end2end_duration_secs=0.069533375 compute_duration_secs=4e-9 max_memory=0 ingester_metrics.latency_to_plan_secs=0.0 ingester_metrics.latency_to_full_data_secs=0.0 ingester_metrics.response_rows=0 ingester_metrics.partition_count=0 ingester_metrics.response_size=0 success=true running=false cancelled=false
querier-1  | 2026-05-16T17:13:51.938832919Z 2026-05-16T17:13:51.938762Z  INFO influxdb3_server::http: handling query_sql database=bench query_str=-- Full-range aggregation across every host and every point. Forces a scan of
querier-1  | 2026-05-16T17:13:51.938842377Z -- every parquet file the querier knows about. Most-uncompacted-friendly:
querier-1  | 2026-05-16T17:13:51.938843586Z -- many small gen1 files = many small reads.
querier-1  | 2026-05-16T17:13:51.938844294Z SELECT region, AVG(temp) AS avg_temp, MAX(humidity) AS max_humid, COUNT(*) AS n
querier-1  | 2026-05-16T17:13:51.938850669Z FROM sensors
querier-1  | 2026-05-16T17:13:51.938851294Z GROUP BY region format=Csv
querier-1  | 2026-05-16T17:13:51.938851877Z 2026-05-16T17:13:51.938783Z  INFO influxdb3_server::query_executor: executing sql query database=bench query=-- Full-range aggregation across every host and every point. Forces a scan of
querier-1  | 2026-05-16T17:13:51.938853002Z -- every parquet file the querier knows about. Most-uncompacted-friendly:
querier-1  | 2026-05-16T17:13:51.938853627Z -- many small gen1 files = many small reads.
querier-1  | 2026-05-16T17:13:51.938854211Z SELECT region, AVG(temp) AS avg_temp, MAX(humidity) AS max_humid, COUNT(*) AS n
querier-1  | 2026-05-16T17:13:51.938854836Z FROM sensors
querier-1  | 2026-05-16T17:13:51.938855336Z GROUP BY region params=None
querier-1  | 2026-05-16T17:13:51.938855919Z 2026-05-16T17:13:51.938808Z  INFO iox_query::query_log: query when="received" id=15c314d5-9f49-448b-8f30-e38fd4df419b namespace_id=0 namespace_name="influxdb3 oss" query_type="sql" query_text=-- Full-range aggregation across every host and every point. Forces a scan of
querier-1  | 2026-05-16T17:13:51.938856836Z -- every parquet file the querier knows about. Most-uncompacted-friendly:
querier-1  | 2026-05-16T17:13:51.938857336Z -- many small gen1 files = many small reads.
querier-1  | 2026-05-16T17:13:51.938857836Z SELECT region, AVG(temp) AS avg_temp, MAX(humidity) AS max_humid, COUNT(*) AS n
querier-1  | 2026-05-16T17:13:51.938858336Z FROM sensors
querier-1  | 2026-05-16T17:13:51.938858836Z GROUP BY region query_params=Params { } issue_time=2026-05-16T17:13:51.938807044+00:00 success=false running=true cancelled=false
querier-1  | 2026-05-16T17:13:51.965270752Z 2026-05-16T17:13:51.965145Z  INFO influxdb3_write::composite_write_buffer: composite get_table_chunks db_schema.id=DbId(1) table_def.table_id=TableId(0) local=8000 remote=0 tail=1000 total=9000
querier-1  | 2026-05-16T17:13:51.975057086Z 2026-05-16T17:13:51.974970Z  WARN iox_query::physical_optimizer::dedup::split: cannot split dedup operation, fanout too wide n_split=1000 max_dedup_split=100
querier-1  | 2026-05-16T17:13:52.009227211Z 2026-05-16T17:13:52.009106Z  INFO iox_query::query_log: query when="planned" id=15c314d5-9f49-448b-8f30-e38fd4df419b namespace_id=0 namespace_name="influxdb3 oss" query_type="sql" query_text=-- Full-range aggregation across every host and every point. Forces a scan of
querier-1  | 2026-05-16T17:13:52.009250711Z -- every parquet file the querier knows about. Most-uncompacted-friendly:
querier-1  | 2026-05-16T17:13:52.009251961Z -- many small gen1 files = many small reads.
querier-1  | 2026-05-16T17:13:52.009252669Z SELECT region, AVG(temp) AS avg_temp, MAX(humidity) AS max_humid, COUNT(*) AS n
querier-1  | 2026-05-16T17:13:52.009253544Z FROM sensors
querier-1  | 2026-05-16T17:13:52.009254169Z GROUP BY region query_params=Params { } issue_time=2026-05-16T17:13:51.938807044+00:00 partitions=500 parquet_files=8000 deduplicated_partitions=500 deduplicated_parquet_files=8000 plan_duration_secs=0.068910042 success=false running=true cancelled=false
querier-1  | 2026-05-16T17:13:52.009255294Z 2026-05-16T17:13:52.009132Z  INFO iox_query::query_log: query when="permit" id=15c314d5-9f49-448b-8f30-e38fd4df419b namespace_id=0 namespace_name="influxdb3 oss" query_type="sql" query_text=-- Full-range aggregation across every host and every point. Forces a scan of
querier-1  | 2026-05-16T17:13:52.009264544Z -- every parquet file the querier knows about. Most-uncompacted-friendly:
querier-1  | 2026-05-16T17:13:52.009265252Z -- many small gen1 files = many small reads.
querier-1  | 2026-05-16T17:13:52.009265836Z SELECT region, AVG(temp) AS avg_temp, MAX(humidity) AS max_humid, COUNT(*) AS n
querier-1  | 2026-05-16T17:13:52.009266502Z FROM sensors
querier-1  | 2026-05-16T17:13:52.009267086Z GROUP BY region query_params=Params { } issue_time=2026-05-16T17:13:51.938807044+00:00 partitions=500 parquet_files=8000 deduplicated_partitions=500 deduplicated_parquet_files=8000 plan_duration_secs=0.068910042 permit_duration_secs=0.001414708 success=false running=true cancelled=false
querier-1  | 2026-05-16T17:13:52.009409544Z 2026-05-16T17:13:52.009239Z  INFO iox_query::query_log: query when="success" id=15c314d5-9f49-448b-8f30-e38fd4df419b namespace_id=0 namespace_name="influxdb3 oss" query_type="sql" query_text=-- Full-range aggregation across every host and every point. Forces a scan of
querier-1  | 2026-05-16T17:13:52.009417169Z -- every parquet file the querier knows about. Most-uncompacted-friendly:
querier-1  | 2026-05-16T17:13:52.009418086Z -- many small gen1 files = many small reads.
querier-1  | 2026-05-16T17:13:52.009418794Z SELECT region, AVG(temp) AS avg_temp, MAX(humidity) AS max_humid, COUNT(*) AS n
querier-1  | 2026-05-16T17:13:52.009419461Z FROM sensors
querier-1  | 2026-05-16T17:13:52.009423794Z GROUP BY region query_params=Params { } issue_time=2026-05-16T17:13:51.938807044+00:00 partitions=500 parquet_files=8000 deduplicated_partitions=500 deduplicated_parquet_files=8000 plan_duration_secs=0.068910042 permit_duration_secs=0.001414708 execute_duration_secs=0.00010175 end2end_duration_secs=0.070432125 compute_duration_secs=4e-9 max_memory=0 ingester_metrics.latency_to_plan_secs=0.0 ingester_metrics.latency_to_full_data_secs=0.0 ingester_metrics.response_rows=0 ingester_metrics.partition_count=0 ingester_metrics.response_size=0 success=true running=false cancelled=false
querier-1  | 2026-05-16T17:13:55.054486212Z 2026-05-16T17:13:55.054409Z  INFO influxdb3_server::http: handling query_sql database=bench query_str=-- Full-range aggregation across every host and every point. Forces a scan of
querier-1  | 2026-05-16T17:13:55.054497670Z -- every parquet file the querier knows about. Most-uncompacted-friendly:
querier-1  | 2026-05-16T17:13:55.054498879Z -- many small gen1 files = many small reads.
querier-1  | 2026-05-16T17:13:55.054499712Z SELECT region, AVG(temp) AS avg_temp, MAX(humidity) AS max_humid, COUNT(*) AS n
querier-1  | 2026-05-16T17:13:55.054500420Z FROM sensors
querier-1  | 2026-05-16T17:13:55.054501129Z GROUP BY region format=Csv
querier-1  | 2026-05-16T17:13:55.054501879Z 2026-05-16T17:13:55.054436Z  INFO influxdb3_server::query_executor: executing sql query database=bench query=-- Full-range aggregation across every host and every point. Forces a scan of
querier-1  | 2026-05-16T17:13:55.054502670Z -- every parquet file the querier knows about. Most-uncompacted-friendly:
querier-1  | 2026-05-16T17:13:55.054503295Z -- many small gen1 files = many small reads.
querier-1  | 2026-05-16T17:13:55.054503837Z SELECT region, AVG(temp) AS avg_temp, MAX(humidity) AS max_humid, COUNT(*) AS n
querier-1  | 2026-05-16T17:13:55.054504462Z FROM sensors
querier-1  | 2026-05-16T17:13:55.054505004Z GROUP BY region params=None
querier-1  | 2026-05-16T17:13:55.054550754Z 2026-05-16T17:13:55.054470Z  INFO iox_query::query_log: query when="received" id=fefcbb4c-3d07-433a-a974-6389ee69a266 namespace_id=0 namespace_name="influxdb3 oss" query_type="sql" query_text=-- Full-range aggregation across every host and every point. Forces a scan of
querier-1  | 2026-05-16T17:13:55.054563504Z -- every parquet file the querier knows about. Most-uncompacted-friendly:
querier-1  | 2026-05-16T17:13:55.054564629Z -- many small gen1 files = many small reads.
querier-1  | 2026-05-16T17:13:55.054565337Z SELECT region, AVG(temp) AS avg_temp, MAX(humidity) AS max_humid, COUNT(*) AS n
querier-1  | 2026-05-16T17:13:55.054566004Z FROM sensors
querier-1  | 2026-05-16T17:13:55.054566629Z GROUP BY region query_params=Params { } issue_time=2026-05-16T17:13:55.054469170+00:00 success=false running=true cancelled=false
querier-1  | 2026-05-16T17:13:55.082426837Z 2026-05-16T17:13:55.082311Z  INFO influxdb3_write::composite_write_buffer: composite get_table_chunks db_schema.id=DbId(1) table_def.table_id=TableId(0) local=8000 remote=0 tail=1000 total=9000
querier-1  | 2026-05-16T17:13:55.091462545Z 2026-05-16T17:13:55.091374Z  WARN iox_query::physical_optimizer::dedup::split: cannot split dedup operation, fanout too wide n_split=1000 max_dedup_split=100
querier-1  | 2026-05-16T17:13:55.125311754Z 2026-05-16T17:13:55.125186Z  INFO iox_query::query_log: query when="planned" id=fefcbb4c-3d07-433a-a974-6389ee69a266 namespace_id=0 namespace_name="influxdb3 oss" query_type="sql" query_text=-- Full-range aggregation across every host and every point. Forces a scan of
querier-1  | 2026-05-16T17:13:55.125327087Z -- every parquet file the querier knows about. Most-uncompacted-friendly:
querier-1  | 2026-05-16T17:13:55.125328045Z -- many small gen1 files = many small reads.
querier-1  | 2026-05-16T17:13:55.125328670Z SELECT region, AVG(temp) AS avg_temp, MAX(humidity) AS max_humid, COUNT(*) AS n
querier-1  | 2026-05-16T17:13:55.125329337Z FROM sensors
querier-1  | 2026-05-16T17:13:55.125329962Z GROUP BY region query_params=Params { } issue_time=2026-05-16T17:13:55.054469170+00:00 partitions=500 parquet_files=8000 deduplicated_partitions=500 deduplicated_parquet_files=8000 plan_duration_secs=0.069265459 success=false running=true cancelled=false
querier-1  | 2026-05-16T17:13:55.125331004Z 2026-05-16T17:13:55.125214Z  INFO iox_query::query_log: query when="permit" id=fefcbb4c-3d07-433a-a974-6389ee69a266 namespace_id=0 namespace_name="influxdb3 oss" query_type="sql" query_text=-- Full-range aggregation across every host and every point. Forces a scan of
querier-1  | 2026-05-16T17:13:55.125331879Z -- every parquet file the querier knows about. Most-uncompacted-friendly:
querier-1  | 2026-05-16T17:13:55.125332462Z -- many small gen1 files = many small reads.
querier-1  | 2026-05-16T17:13:55.125333004Z SELECT region, AVG(temp) AS avg_temp, MAX(humidity) AS max_humid, COUNT(*) AS n
querier-1  | 2026-05-16T17:13:55.125333629Z FROM sensors
querier-1  | 2026-05-16T17:13:55.125334170Z GROUP BY region query_params=Params { } issue_time=2026-05-16T17:13:55.054469170+00:00 partitions=500 parquet_files=8000 deduplicated_partitions=500 deduplicated_parquet_files=8000 plan_duration_secs=0.069265459 permit_duration_secs=0.001479041 success=false running=true cancelled=false
querier-1  | 2026-05-16T17:13:55.125373087Z 2026-05-16T17:13:55.125332Z  INFO iox_query::query_log: query when="success" id=fefcbb4c-3d07-433a-a974-6389ee69a266 namespace_id=0 namespace_name="influxdb3 oss" query_type="sql" query_text=-- Full-range aggregation across every host and every point. Forces a scan of
querier-1  | 2026-05-16T17:13:55.125388754Z -- every parquet file the querier knows about. Most-uncompacted-friendly:
querier-1  | 2026-05-16T17:13:55.125389545Z -- many small gen1 files = many small reads.
querier-1  | 2026-05-16T17:13:55.125390129Z SELECT region, AVG(temp) AS avg_temp, MAX(humidity) AS max_humid, COUNT(*) AS n
querier-1  | 2026-05-16T17:13:55.125390754Z FROM sensors
querier-1  | 2026-05-16T17:13:55.125392879Z GROUP BY region query_params=Params { } issue_time=2026-05-16T17:13:55.054469170+00:00 partitions=500 parquet_files=8000 deduplicated_partitions=500 deduplicated_parquet_files=8000 plan_duration_secs=0.069265459 permit_duration_secs=0.001479041 execute_duration_secs=0.000110834 end2end_duration_secs=0.07086275 compute_duration_secs=6.3548e-5 max_memory=0 ingester_metrics.latency_to_plan_secs=0.0 ingester_metrics.latency_to_full_data_secs=0.0 ingester_metrics.response_rows=0 ingester_metrics.partition_count=0 ingester_metrics.response_size=0 success=true running=false cancelled=false
querier-1  | 2026-05-16T17:13:58.200906464Z 2026-05-16T17:13:58.200820Z  INFO influxdb3_server::http: handling query_sql database=bench query_str=-- Full-range aggregation across every host and every point. Forces a scan of
querier-1  | 2026-05-16T17:13:58.200915672Z -- every parquet file the querier knows about. Most-uncompacted-friendly:
querier-1  | 2026-05-16T17:13:58.200917047Z -- many small gen1 files = many small reads.
querier-1  | 2026-05-16T17:13:58.200917755Z SELECT region, AVG(temp) AS avg_temp, MAX(humidity) AS max_humid, COUNT(*) AS n
querier-1  | 2026-05-16T17:13:58.200918464Z FROM sensors
querier-1  | 2026-05-16T17:13:58.200919047Z GROUP BY region format=Csv
querier-1  | 2026-05-16T17:13:58.200919672Z 2026-05-16T17:13:58.200858Z  INFO influxdb3_server::query_executor: executing sql query database=bench query=-- Full-range aggregation across every host and every point. Forces a scan of
querier-1  | 2026-05-16T17:13:58.200920672Z -- every parquet file the querier knows about. Most-uncompacted-friendly:
querier-1  | 2026-05-16T17:13:58.200921297Z -- many small gen1 files = many small reads.
querier-1  | 2026-05-16T17:13:58.200921880Z SELECT region, AVG(temp) AS avg_temp, MAX(humidity) AS max_humid, COUNT(*) AS n
querier-1  | 2026-05-16T17:13:58.200922505Z FROM sensors
querier-1  | 2026-05-16T17:13:58.200923047Z GROUP BY region params=None
querier-1  | 2026-05-16T17:13:58.200923714Z 2026-05-16T17:13:58.200882Z  INFO iox_query::query_log: query when="received" id=c9ddbcd5-abf6-4982-bd8d-b6ed711286bc namespace_id=0 namespace_name="influxdb3 oss" query_type="sql" query_text=-- Full-range aggregation across every host and every point. Forces a scan of
querier-1  | 2026-05-16T17:13:58.200924714Z -- every parquet file the querier knows about. Most-uncompacted-friendly:
querier-1  | 2026-05-16T17:13:58.200925297Z -- many small gen1 files = many small reads.
querier-1  | 2026-05-16T17:13:58.200925839Z SELECT region, AVG(temp) AS avg_temp, MAX(humidity) AS max_humid, COUNT(*) AS n
querier-1  | 2026-05-16T17:13:58.200926422Z FROM sensors
querier-1  | 2026-05-16T17:13:58.200926964Z GROUP BY region query_params=Params { } issue_time=2026-05-16T17:13:58.200881630+00:00 success=false running=true cancelled=false
querier-1  | 2026-05-16T17:13:58.228798422Z 2026-05-16T17:13:58.228695Z  INFO influxdb3_write::composite_write_buffer: composite get_table_chunks db_schema.id=DbId(1) table_def.table_id=TableId(0) local=8000 remote=0 tail=1000 total=9000
querier-1  | 2026-05-16T17:13:58.237952339Z 2026-05-16T17:13:58.237871Z  WARN iox_query::physical_optimizer::dedup::split: cannot split dedup operation, fanout too wide n_split=1000 max_dedup_split=100
querier-1  | 2026-05-16T17:13:58.272931339Z 2026-05-16T17:13:58.272822Z  INFO iox_query::query_log: query when="planned" id=c9ddbcd5-abf6-4982-bd8d-b6ed711286bc namespace_id=0 namespace_name="influxdb3 oss" query_type="sql" query_text=-- Full-range aggregation across every host and every point. Forces a scan of
querier-1  | 2026-05-16T17:13:58.272953047Z -- every parquet file the querier knows about. Most-uncompacted-friendly:
querier-1  | 2026-05-16T17:13:58.272954547Z -- many small gen1 files = many small reads.
querier-1  | 2026-05-16T17:13:58.272955339Z SELECT region, AVG(temp) AS avg_temp, MAX(humidity) AS max_humid, COUNT(*) AS n
querier-1  | 2026-05-16T17:13:58.272956130Z FROM sensors
querier-1  | 2026-05-16T17:13:58.272956839Z GROUP BY region query_params=Params { } issue_time=2026-05-16T17:13:58.200881630+00:00 partitions=500 parquet_files=8000 deduplicated_partitions=500 deduplicated_parquet_files=8000 plan_duration_secs=0.070485209 success=false running=true cancelled=false
querier-1  | 2026-05-16T17:13:58.272957714Z 2026-05-16T17:13:58.272850Z  INFO iox_query::query_log: query when="permit" id=c9ddbcd5-abf6-4982-bd8d-b6ed711286bc namespace_id=0 namespace_name="influxdb3 oss" query_type="sql" query_text=-- Full-range aggregation across every host and every point. Forces a scan of
querier-1  | 2026-05-16T17:13:58.272958672Z -- every parquet file the querier knows about. Most-uncompacted-friendly:
querier-1  | 2026-05-16T17:13:58.272959380Z -- many small gen1 files = many small reads.
querier-1  | 2026-05-16T17:13:58.272960005Z SELECT region, AVG(temp) AS avg_temp, MAX(humidity) AS max_humid, COUNT(*) AS n
querier-1  | 2026-05-16T17:13:58.272960714Z FROM sensors
querier-1  | 2026-05-16T17:13:58.272961297Z GROUP BY region query_params=Params { } issue_time=2026-05-16T17:13:58.200881630+00:00 partitions=500 parquet_files=8000 deduplicated_partitions=500 deduplicated_parquet_files=8000 plan_duration_secs=0.070485209 permit_duration_secs=0.001483208 success=false running=true cancelled=false
querier-1  | 2026-05-16T17:13:58.273151172Z 2026-05-16T17:13:58.272961Z  INFO iox_query::query_log: query when="success" id=c9ddbcd5-abf6-4982-bd8d-b6ed711286bc namespace_id=0 namespace_name="influxdb3 oss" query_type="sql" query_text=-- Full-range aggregation across every host and every point. Forces a scan of
querier-1  | 2026-05-16T17:13:58.273158255Z -- every parquet file the querier knows about. Most-uncompacted-friendly:
querier-1  | 2026-05-16T17:13:58.273159714Z -- many small gen1 files = many small reads.
querier-1  | 2026-05-16T17:13:58.273160589Z SELECT region, AVG(temp) AS avg_temp, MAX(humidity) AS max_humid, COUNT(*) AS n
querier-1  | 2026-05-16T17:13:58.273161464Z FROM sensors
querier-1  | 2026-05-16T17:13:58.273163922Z GROUP BY region query_params=Params { } issue_time=2026-05-16T17:13:58.200881630+00:00 partitions=500 parquet_files=8000 deduplicated_partitions=500 deduplicated_parquet_files=8000 plan_duration_secs=0.070485209 permit_duration_secs=0.001483208 execute_duration_secs=0.000103917 end2end_duration_secs=0.072078709 compute_duration_secs=5e-9 max_memory=0 ingester_metrics.latency_to_plan_secs=0.0 ingester_metrics.latency_to_full_data_secs=0.0 ingester_metrics.response_rows=0 ingester_metrics.partition_count=0 ingester_metrics.response_size=0 success=true running=false cancelled=false
querier-1  | 2026-05-16T17:14:01.309221132Z 2026-05-16T17:14:01.309153Z  INFO influxdb3_server::http: handling query_sql database=bench query_str=-- Full-range aggregation across every host and every point. Forces a scan of
querier-1  | 2026-05-16T17:14:01.309230215Z -- every parquet file the querier knows about. Most-uncompacted-friendly:
querier-1  | 2026-05-16T17:14:01.309231548Z -- many small gen1 files = many small reads.
querier-1  | 2026-05-16T17:14:01.309232423Z SELECT region, AVG(temp) AS avg_temp, MAX(humidity) AS max_humid, COUNT(*) AS n
querier-1  | 2026-05-16T17:14:01.309233298Z FROM sensors
querier-1  | 2026-05-16T17:14:01.309234007Z GROUP BY region format=Csv
querier-1  | 2026-05-16T17:14:01.309234757Z 2026-05-16T17:14:01.309177Z  INFO influxdb3_server::query_executor: executing sql query database=bench query=-- Full-range aggregation across every host and every point. Forces a scan of
querier-1  | 2026-05-16T17:14:01.309236007Z -- every parquet file the querier knows about. Most-uncompacted-friendly:
querier-1  | 2026-05-16T17:14:01.309236840Z -- many small gen1 files = many small reads.
querier-1  | 2026-05-16T17:14:01.309237590Z SELECT region, AVG(temp) AS avg_temp, MAX(humidity) AS max_humid, COUNT(*) AS n
querier-1  | 2026-05-16T17:14:01.309238340Z FROM sensors
querier-1  | 2026-05-16T17:14:01.309239007Z GROUP BY region params=None
querier-1  | 2026-05-16T17:14:01.309242048Z 2026-05-16T17:14:01.309203Z  INFO iox_query::query_log: query when="received" id=88e665a4-6eba-4b99-805a-5c4e3dc2452e namespace_id=0 namespace_name="influxdb3 oss" query_type="sql" query_text=-- Full-range aggregation across every host and every point. Forces a scan of
querier-1  | 2026-05-16T17:14:01.309243423Z -- every parquet file the querier knows about. Most-uncompacted-friendly:
querier-1  | 2026-05-16T17:14:01.309244215Z -- many small gen1 files = many small reads.
querier-1  | 2026-05-16T17:14:01.309244923Z SELECT region, AVG(temp) AS avg_temp, MAX(humidity) AS max_humid, COUNT(*) AS n
querier-1  | 2026-05-16T17:14:01.309245673Z FROM sensors
querier-1  | 2026-05-16T17:14:01.309246382Z GROUP BY region query_params=Params { } issue_time=2026-05-16T17:14:01.309201673+00:00 success=false running=true cancelled=false
querier-1  | 2026-05-16T17:14:01.336454840Z 2026-05-16T17:14:01.336347Z  INFO influxdb3_write::composite_write_buffer: composite get_table_chunks db_schema.id=DbId(1) table_def.table_id=TableId(0) local=8000 remote=0 tail=1000 total=9000
querier-1  | 2026-05-16T17:14:01.345551507Z 2026-05-16T17:14:01.345478Z  WARN iox_query::physical_optimizer::dedup::split: cannot split dedup operation, fanout too wide n_split=1000 max_dedup_split=100
querier-1  | 2026-05-16T17:14:01.381457715Z 2026-05-16T17:14:01.381346Z  INFO iox_query::query_log: query when="planned" id=88e665a4-6eba-4b99-805a-5c4e3dc2452e namespace_id=0 namespace_name="influxdb3 oss" query_type="sql" query_text=-- Full-range aggregation across every host and every point. Forces a scan of
querier-1  | 2026-05-16T17:14:01.381470507Z -- every parquet file the querier knows about. Most-uncompacted-friendly:
querier-1  | 2026-05-16T17:14:01.381471548Z -- many small gen1 files = many small reads.
querier-1  | 2026-05-16T17:14:01.381472298Z SELECT region, AVG(temp) AS avg_temp, MAX(humidity) AS max_humid, COUNT(*) AS n
querier-1  | 2026-05-16T17:14:01.381473132Z FROM sensors
querier-1  | 2026-05-16T17:14:01.381483048Z GROUP BY region query_params=Params { } issue_time=2026-05-16T17:14:01.309201673+00:00 partitions=500 parquet_files=8000 deduplicated_partitions=500 deduplicated_parquet_files=8000 plan_duration_secs=0.070685584 success=false running=true cancelled=false
querier-1  | 2026-05-16T17:14:01.381484090Z 2026-05-16T17:14:01.381380Z  INFO iox_query::query_log: query when="permit" id=88e665a4-6eba-4b99-805a-5c4e3dc2452e namespace_id=0 namespace_name="influxdb3 oss" query_type="sql" query_text=-- Full-range aggregation across every host and every point. Forces a scan of
querier-1  | 2026-05-16T17:14:01.381485007Z -- every parquet file the querier knows about. Most-uncompacted-friendly:
querier-1  | 2026-05-16T17:14:01.381485632Z -- many small gen1 files = many small reads.
querier-1  | 2026-05-16T17:14:01.381486173Z SELECT region, AVG(temp) AS avg_temp, MAX(humidity) AS max_humid, COUNT(*) AS n
querier-1  | 2026-05-16T17:14:01.381486882Z FROM sensors
querier-1  | 2026-05-16T17:14:01.381487423Z GROUP BY region query_params=Params { } issue_time=2026-05-16T17:14:01.309201673+00:00 partitions=500 parquet_files=8000 deduplicated_partitions=500 deduplicated_parquet_files=8000 plan_duration_secs=0.070685584 permit_duration_secs=0.00149225 success=false running=true cancelled=false
querier-1  | 2026-05-16T17:14:01.381611215Z 2026-05-16T17:14:01.381497Z  INFO iox_query::query_log: query when="success" id=88e665a4-6eba-4b99-805a-5c4e3dc2452e namespace_id=0 namespace_name="influxdb3 oss" query_type="sql" query_text=-- Full-range aggregation across every host and every point. Forces a scan of
querier-1  | 2026-05-16T17:14:01.381616382Z -- every parquet file the querier knows about. Most-uncompacted-friendly:
querier-1  | 2026-05-16T17:14:01.381617590Z -- many small gen1 files = many small reads.
querier-1  | 2026-05-16T17:14:01.381618423Z SELECT region, AVG(temp) AS avg_temp, MAX(humidity) AS max_humid, COUNT(*) AS n
querier-1  | 2026-05-16T17:14:01.381619132Z FROM sensors
querier-1  | 2026-05-16T17:14:01.381620423Z GROUP BY region query_params=Params { } issue_time=2026-05-16T17:14:01.309201673+00:00 partitions=500 parquet_files=8000 deduplicated_partitions=500 deduplicated_parquet_files=8000 plan_duration_secs=0.070685584 permit_duration_secs=0.00149225 execute_duration_secs=0.000111291 end2end_duration_secs=0.07229525 compute_duration_secs=4e-9 max_memory=0 ingester_metrics.latency_to_plan_secs=0.0 ingester_metrics.latency_to_full_data_secs=0.0 ingester_metrics.response_rows=0 ingester_metrics.partition_count=0 ingester_metrics.response_size=0 success=true running=false cancelled=false
querier-1  | 2026-05-16T17:14:04.456151883Z 2026-05-16T17:14:04.456082Z  INFO influxdb3_server::http: handling query_sql database=bench query_str=-- High-cardinality predicate: per-host extremes across a 4-week window.
querier-1  | 2026-05-16T17:14:04.456163008Z -- Benchmarks the per-file pruning path. Compaction should improve this
querier-1  | 2026-05-16T17:14:04.456164425Z -- materially when many gen1 files cover overlapping host sets.
querier-1  | 2026-05-16T17:14:04.456165425Z SELECT host, MAX(pressure) AS max_p, MIN(pressure) AS min_p
querier-1  | 2026-05-16T17:14:04.456166217Z FROM sensors
querier-1  | 2026-05-16T17:14:04.456166967Z WHERE time > now() - INTERVAL '4 weeks'
querier-1  | 2026-05-16T17:14:04.456167758Z GROUP BY host
querier-1  | 2026-05-16T17:14:04.456168383Z ORDER BY max_p DESC
querier-1  | 2026-05-16T17:14:04.456169008Z LIMIT 50 format=Csv
querier-1  | 2026-05-16T17:14:04.456177092Z 2026-05-16T17:14:04.456107Z  INFO influxdb3_server::query_executor: executing sql query database=bench query=-- High-cardinality predicate: per-host extremes across a 4-week window.
querier-1  | 2026-05-16T17:14:04.456178133Z -- Benchmarks the per-file pruning path. Compaction should improve this
querier-1  | 2026-05-16T17:14:04.456179133Z -- materially when many gen1 files cover overlapping host sets.
querier-1  | 2026-05-16T17:14:04.456179967Z SELECT host, MAX(pressure) AS max_p, MIN(pressure) AS min_p
querier-1  | 2026-05-16T17:14:04.456180758Z FROM sensors
querier-1  | 2026-05-16T17:14:04.456181425Z WHERE time > now() - INTERVAL '4 weeks'
querier-1  | 2026-05-16T17:14:04.456182133Z GROUP BY host
querier-1  | 2026-05-16T17:14:04.456182800Z ORDER BY max_p DESC
querier-1  | 2026-05-16T17:14:04.456183508Z LIMIT 50 params=None
querier-1  | 2026-05-16T17:14:04.456187050Z 2026-05-16T17:14:04.456145Z  INFO iox_query::query_log: query when="received" id=e9174422-2beb-4b32-82c0-47d36a581764 namespace_id=0 namespace_name="influxdb3 oss" query_type="sql" query_text=-- High-cardinality predicate: per-host extremes across a 4-week window.
querier-1  | 2026-05-16T17:14:04.456189050Z -- Benchmarks the per-file pruning path. Compaction should improve this
querier-1  | 2026-05-16T17:14:04.456189800Z -- materially when many gen1 files cover overlapping host sets.
querier-1  | 2026-05-16T17:14:04.456190592Z SELECT host, MAX(pressure) AS max_p, MIN(pressure) AS min_p
querier-1  | 2026-05-16T17:14:04.456191342Z FROM sensors
querier-1  | 2026-05-16T17:14:04.456192008Z WHERE time > now() - INTERVAL '4 weeks'
querier-1  | 2026-05-16T17:14:04.456192758Z GROUP BY host
querier-1  | 2026-05-16T17:14:04.456193425Z ORDER BY max_p DESC
querier-1  | 2026-05-16T17:14:04.456194133Z LIMIT 50 query_params=Params { } issue_time=2026-05-16T17:14:04.456143842+00:00 success=false running=true cancelled=false
querier-1  | 2026-05-16T17:14:04.470899550Z 2026-05-16T17:14:04.470795Z  INFO influxdb3_write::composite_write_buffer: composite get_table_chunks db_schema.id=DbId(1) table_def.table_id=TableId(0) local=2240 remote=0 tail=280 total=2520
querier-1  | 2026-05-16T17:14:04.473669300Z 2026-05-16T17:14:04.473604Z  WARN iox_query::physical_optimizer::dedup::split: cannot split dedup operation, fanout too wide n_split=280 max_dedup_split=100
querier-1  | 2026-05-16T17:14:04.484416550Z 2026-05-16T17:14:04.484315Z  INFO iox_query::query_log: query when="planned" id=e9174422-2beb-4b32-82c0-47d36a581764 namespace_id=0 namespace_name="influxdb3 oss" query_type="sql" query_text=-- High-cardinality predicate: per-host extremes across a 4-week window.
querier-1  | 2026-05-16T17:14:04.484433925Z -- Benchmarks the per-file pruning path. Compaction should improve this
querier-1  | 2026-05-16T17:14:04.484435175Z -- materially when many gen1 files cover overlapping host sets.
querier-1  | 2026-05-16T17:14:04.484436008Z SELECT host, MAX(pressure) AS max_p, MIN(pressure) AS min_p
querier-1  | 2026-05-16T17:14:04.484436675Z FROM sensors
querier-1  | 2026-05-16T17:14:04.484437300Z WHERE time > now() - INTERVAL '4 weeks'
querier-1  | 2026-05-16T17:14:04.484438092Z GROUP BY host
querier-1  | 2026-05-16T17:14:04.484438675Z ORDER BY max_p DESC
querier-1  | 2026-05-16T17:14:04.484439258Z LIMIT 50 query_params=Params { } issue_time=2026-05-16T17:14:04.456143842+00:00 partitions=140 parquet_files=2240 deduplicated_partitions=140 deduplicated_parquet_files=2240 plan_duration_secs=0.027669 success=false running=true cancelled=false
querier-1  | 2026-05-16T17:14:04.484445800Z 2026-05-16T17:14:04.484339Z  INFO iox_query::query_log: query when="permit" id=e9174422-2beb-4b32-82c0-47d36a581764 namespace_id=0 namespace_name="influxdb3 oss" query_type="sql" query_text=-- High-cardinality predicate: per-host extremes across a 4-week window.
querier-1  | 2026-05-16T17:14:04.484446883Z -- Benchmarks the per-file pruning path. Compaction should improve this
querier-1  | 2026-05-16T17:14:04.484447758Z -- materially when many gen1 files cover overlapping host sets.
querier-1  | 2026-05-16T17:14:04.484448383Z SELECT host, MAX(pressure) AS max_p, MIN(pressure) AS min_p
querier-1  | 2026-05-16T17:14:04.484448967Z FROM sensors
querier-1  | 2026-05-16T17:14:04.484449508Z WHERE time > now() - INTERVAL '4 weeks'
querier-1  | 2026-05-16T17:14:04.484450092Z GROUP BY host
querier-1  | 2026-05-16T17:14:04.484450633Z ORDER BY max_p DESC
querier-1  | 2026-05-16T17:14:04.484451217Z LIMIT 50 query_params=Params { } issue_time=2026-05-16T17:14:04.456143842+00:00 partitions=140 parquet_files=2240 deduplicated_partitions=140 deduplicated_parquet_files=2240 plan_duration_secs=0.027669 permit_duration_secs=0.0005265 success=false running=true cancelled=false
querier-1  | 2026-05-16T17:14:04.485418133Z 2026-05-16T17:14:04.484652Z  INFO iox_query::query_log: query when="success" id=e9174422-2beb-4b32-82c0-47d36a581764 namespace_id=0 namespace_name="influxdb3 oss" query_type="sql" query_text=-- High-cardinality predicate: per-host extremes across a 4-week window.
querier-1  | 2026-05-16T17:14:04.485428925Z -- Benchmarks the per-file pruning path. Compaction should improve this
querier-1  | 2026-05-16T17:14:04.485430092Z -- materially when many gen1 files cover overlapping host sets.
querier-1  | 2026-05-16T17:14:04.485430800Z SELECT host, MAX(pressure) AS max_p, MIN(pressure) AS min_p
querier-1  | 2026-05-16T17:14:04.485431467Z FROM sensors
querier-1  | 2026-05-16T17:14:04.485432050Z WHERE time > now() - INTERVAL '4 weeks'
querier-1  | 2026-05-16T17:14:04.485432800Z GROUP BY host
querier-1  | 2026-05-16T17:14:04.485433383Z ORDER BY max_p DESC
querier-1  | 2026-05-16T17:14:04.485434508Z LIMIT 50 query_params=Params { } issue_time=2026-05-16T17:14:04.456143842+00:00 partitions=140 parquet_files=2240 deduplicated_partitions=140 deduplicated_parquet_files=2240 plan_duration_secs=0.027669 permit_duration_secs=0.0005265 execute_duration_secs=0.000269166 end2end_duration_secs=0.028506625 compute_duration_secs=0.000210315 max_memory=0 ingester_metrics.latency_to_plan_secs=0.0 ingester_metrics.latency_to_full_data_secs=0.0 ingester_metrics.response_rows=0 ingester_metrics.partition_count=0 ingester_metrics.response_size=0 success=true running=false cancelled=false
querier-1  | 2026-05-16T17:14:05.120242300Z 2026-05-16T17:14:05.120157Z  INFO influxdb3_server::http: handling query_sql database=bench query_str=-- High-cardinality predicate: per-host extremes across a 4-week window.
querier-1  | 2026-05-16T17:14:05.120261842Z -- Benchmarks the per-file pruning path. Compaction should improve this
querier-1  | 2026-05-16T17:14:05.120263217Z -- materially when many gen1 files cover overlapping host sets.
querier-1  | 2026-05-16T17:14:05.120263884Z SELECT host, MAX(pressure) AS max_p, MIN(pressure) AS min_p
querier-1  | 2026-05-16T17:14:05.120270259Z FROM sensors
querier-1  | 2026-05-16T17:14:05.120270925Z WHERE time > now() - INTERVAL '4 weeks'
querier-1  | 2026-05-16T17:14:05.120271592Z GROUP BY host
querier-1  | 2026-05-16T17:14:05.120272134Z ORDER BY max_p DESC
querier-1  | 2026-05-16T17:14:05.120272634Z LIMIT 50 format=Csv
querier-1  | 2026-05-16T17:14:05.120273134Z 2026-05-16T17:14:05.120179Z  INFO influxdb3_server::query_executor: executing sql query database=bench query=-- High-cardinality predicate: per-host extremes across a 4-week window.
querier-1  | 2026-05-16T17:14:05.120273800Z -- Benchmarks the per-file pruning path. Compaction should improve this
querier-1  | 2026-05-16T17:14:05.120274384Z -- materially when many gen1 files cover overlapping host sets.
querier-1  | 2026-05-16T17:14:05.120274884Z SELECT host, MAX(pressure) AS max_p, MIN(pressure) AS min_p
querier-1  | 2026-05-16T17:14:05.120275425Z FROM sensors
querier-1  | 2026-05-16T17:14:05.120275925Z WHERE time > now() - INTERVAL '4 weeks'
querier-1  | 2026-05-16T17:14:05.120276425Z GROUP BY host
querier-1  | 2026-05-16T17:14:05.120278425Z ORDER BY max_p DESC
querier-1  | 2026-05-16T17:14:05.120278925Z LIMIT 50 params=None
querier-1  | 2026-05-16T17:14:05.120279425Z 2026-05-16T17:14:05.120202Z  INFO iox_query::query_log: query when="received" id=5a711d85-0042-43b4-a7c4-da93779f97a2 namespace_id=0 namespace_name="influxdb3 oss" query_type="sql" query_text=-- High-cardinality predicate: per-host extremes across a 4-week window.
querier-1  | 2026-05-16T17:14:05.120280300Z -- Benchmarks the per-file pruning path. Compaction should improve this
querier-1  | 2026-05-16T17:14:05.120280842Z -- materially when many gen1 files cover overlapping host sets.
querier-1  | 2026-05-16T17:14:05.120281384Z SELECT host, MAX(pressure) AS max_p, MIN(pressure) AS min_p
querier-1  | 2026-05-16T17:14:05.120281884Z FROM sensors
querier-1  | 2026-05-16T17:14:05.120282342Z WHERE time > now() - INTERVAL '4 weeks'
querier-1  | 2026-05-16T17:14:05.120282842Z GROUP BY host
querier-1  | 2026-05-16T17:14:05.120283300Z ORDER BY max_p DESC
querier-1  | 2026-05-16T17:14:05.120283800Z LIMIT 50 query_params=Params { } issue_time=2026-05-16T17:14:05.120201009+00:00 success=false running=true cancelled=false
querier-1  | 2026-05-16T17:14:05.132915092Z 2026-05-16T17:14:05.132820Z  INFO influxdb3_write::composite_write_buffer: composite get_table_chunks db_schema.id=DbId(1) table_def.table_id=TableId(0) local=2240 remote=0 tail=280 total=2520
querier-1  | 2026-05-16T17:14:05.135585884Z 2026-05-16T17:14:05.135525Z  WARN iox_query::physical_optimizer::dedup::split: cannot split dedup operation, fanout too wide n_split=280 max_dedup_split=100
querier-1  | 2026-05-16T17:14:05.145156384Z 2026-05-16T17:14:05.145071Z  INFO iox_query::query_log: query when="planned" id=5a711d85-0042-43b4-a7c4-da93779f97a2 namespace_id=0 namespace_name="influxdb3 oss" query_type="sql" query_text=-- High-cardinality predicate: per-host extremes across a 4-week window.
querier-1  | 2026-05-16T17:14:05.145167425Z -- Benchmarks the per-file pruning path. Compaction should improve this
querier-1  | 2026-05-16T17:14:05.145168425Z -- materially when many gen1 files cover overlapping host sets.
querier-1  | 2026-05-16T17:14:05.145169217Z SELECT host, MAX(pressure) AS max_p, MIN(pressure) AS min_p
querier-1  | 2026-05-16T17:14:05.145177050Z FROM sensors
querier-1  | 2026-05-16T17:14:05.145177884Z WHERE time > now() - INTERVAL '4 weeks'
querier-1  | 2026-05-16T17:14:05.145178884Z GROUP BY host
querier-1  | 2026-05-16T17:14:05.145179675Z ORDER BY max_p DESC
querier-1  | 2026-05-16T17:14:05.145180425Z LIMIT 50 query_params=Params { } issue_time=2026-05-16T17:14:05.120201009+00:00 partitions=140 parquet_files=2240 deduplicated_partitions=140 deduplicated_parquet_files=2240 plan_duration_secs=0.024488625 success=false running=true cancelled=false
querier-1  | 2026-05-16T17:14:05.145181425Z 2026-05-16T17:14:05.145096Z  INFO iox_query::query_log: query when="permit" id=5a711d85-0042-43b4-a7c4-da93779f97a2 namespace_id=0 namespace_name="influxdb3 oss" query_type="sql" query_text=-- High-cardinality predicate: per-host extremes across a 4-week window.
querier-1  | 2026-05-16T17:14:05.145182509Z -- Benchmarks the per-file pruning path. Compaction should improve this
querier-1  | 2026-05-16T17:14:05.145183259Z -- materially when many gen1 files cover overlapping host sets.
querier-1  | 2026-05-16T17:14:05.145183967Z SELECT host, MAX(pressure) AS max_p, MIN(pressure) AS min_p
querier-1  | 2026-05-16T17:14:05.145184675Z FROM sensors
querier-1  | 2026-05-16T17:14:05.145185384Z WHERE time > now() - INTERVAL '4 weeks'
querier-1  | 2026-05-16T17:14:05.145186092Z GROUP BY host
querier-1  | 2026-05-16T17:14:05.145186759Z ORDER BY max_p DESC
querier-1  | 2026-05-16T17:14:05.145187467Z LIMIT 50 query_params=Params { } issue_time=2026-05-16T17:14:05.120201009+00:00 partitions=140 parquet_files=2240 deduplicated_partitions=140 deduplicated_parquet_files=2240 plan_duration_secs=0.024488625 permit_duration_secs=0.000406208 success=false running=true cancelled=false
querier-1  | 2026-05-16T17:14:05.148891759Z 2026-05-16T17:14:05.148520Z  INFO iox_query::query_log: query when="success" id=5a711d85-0042-43b4-a7c4-da93779f97a2 namespace_id=0 namespace_name="influxdb3 oss" query_type="sql" query_text=-- High-cardinality predicate: per-host extremes across a 4-week window.
querier-1  | 2026-05-16T17:14:05.148902884Z -- Benchmarks the per-file pruning path. Compaction should improve this
querier-1  | 2026-05-16T17:14:05.148903675Z -- materially when many gen1 files cover overlapping host sets.
querier-1  | 2026-05-16T17:14:05.148904300Z SELECT host, MAX(pressure) AS max_p, MIN(pressure) AS min_p
querier-1  | 2026-05-16T17:14:05.148905134Z FROM sensors
querier-1  | 2026-05-16T17:14:05.148905717Z WHERE time > now() - INTERVAL '4 weeks'
querier-1  | 2026-05-16T17:14:05.148906425Z GROUP BY host
querier-1  | 2026-05-16T17:14:05.148906967Z ORDER BY max_p DESC
querier-1  | 2026-05-16T17:14:05.148907967Z LIMIT 50 query_params=Params { } issue_time=2026-05-16T17:14:05.120201009+00:00 partitions=140 parquet_files=2240 deduplicated_partitions=140 deduplicated_parquet_files=2240 plan_duration_secs=0.024488625 permit_duration_secs=0.000406208 execute_duration_secs=0.003281042 end2end_duration_secs=0.028318208 compute_duration_secs=0.004118945 max_memory=14976 ingester_metrics.latency_to_plan_secs=0.0 ingester_metrics.latency_to_full_data_secs=0.0 ingester_metrics.response_rows=0 ingester_metrics.partition_count=0 ingester_metrics.response_size=0 success=true running=false cancelled=false
querier-1  | 2026-05-16T17:14:05.782150759Z 2026-05-16T17:14:05.782092Z  INFO influxdb3_server::http: handling query_sql database=bench query_str=-- High-cardinality predicate: per-host extremes across a 4-week window.
querier-1  | 2026-05-16T17:14:05.782174092Z -- Benchmarks the per-file pruning path. Compaction should improve this
querier-1  | 2026-05-16T17:14:05.782175426Z -- materially when many gen1 files cover overlapping host sets.
querier-1  | 2026-05-16T17:14:05.782176134Z SELECT host, MAX(pressure) AS max_p, MIN(pressure) AS min_p
querier-1  | 2026-05-16T17:14:05.782176759Z FROM sensors
querier-1  | 2026-05-16T17:14:05.782177342Z WHERE time > now() - INTERVAL '4 weeks'
querier-1  | 2026-05-16T17:14:05.782178051Z GROUP BY host
querier-1  | 2026-05-16T17:14:05.782178592Z ORDER BY max_p DESC
querier-1  | 2026-05-16T17:14:05.782179217Z LIMIT 50 format=Csv
querier-1  | 2026-05-16T17:14:05.782179801Z 2026-05-16T17:14:05.782118Z  INFO influxdb3_server::query_executor: executing sql query database=bench query=-- High-cardinality predicate: per-host extremes across a 4-week window.
querier-1  | 2026-05-16T17:14:05.782180551Z -- Benchmarks the per-file pruning path. Compaction should improve this
querier-1  | 2026-05-16T17:14:05.782181134Z -- materially when many gen1 files cover overlapping host sets.
querier-1  | 2026-05-16T17:14:05.782181676Z SELECT host, MAX(pressure) AS max_p, MIN(pressure) AS min_p
querier-1  | 2026-05-16T17:14:05.782182259Z FROM sensors
querier-1  | 2026-05-16T17:14:05.782182801Z WHERE time > now() - INTERVAL '4 weeks'
querier-1  | 2026-05-16T17:14:05.782183384Z GROUP BY host
querier-1  | 2026-05-16T17:14:05.782183926Z ORDER BY max_p DESC
querier-1  | 2026-05-16T17:14:05.782184467Z LIMIT 50 params=None
querier-1  | 2026-05-16T17:14:05.782187342Z 2026-05-16T17:14:05.782143Z  INFO iox_query::query_log: query when="received" id=6f255016-238a-4321-a4ee-c54475ad309d namespace_id=0 namespace_name="influxdb3 oss" query_type="sql" query_text=-- High-cardinality predicate: per-host extremes across a 4-week window.
querier-1  | 2026-05-16T17:14:05.782188426Z -- Benchmarks the per-file pruning path. Compaction should improve this
querier-1  | 2026-05-16T17:14:05.782189009Z -- materially when many gen1 files cover overlapping host sets.
querier-1  | 2026-05-16T17:14:05.782189592Z SELECT host, MAX(pressure) AS max_p, MIN(pressure) AS min_p
querier-1  | 2026-05-16T17:14:05.782190134Z FROM sensors
querier-1  | 2026-05-16T17:14:05.782190676Z WHERE time > now() - INTERVAL '4 weeks'
querier-1  | 2026-05-16T17:14:05.782191259Z GROUP BY host
querier-1  | 2026-05-16T17:14:05.782191759Z ORDER BY max_p DESC
querier-1  | 2026-05-16T17:14:05.782192301Z LIMIT 50 query_params=Params { } issue_time=2026-05-16T17:14:05.782142634+00:00 success=false running=true cancelled=false
querier-1  | 2026-05-16T17:14:05.795378259Z 2026-05-16T17:14:05.795272Z  INFO influxdb3_write::composite_write_buffer: composite get_table_chunks db_schema.id=DbId(1) table_def.table_id=TableId(0) local=2240 remote=0 tail=280 total=2520
querier-1  | 2026-05-16T17:14:05.798164842Z 2026-05-16T17:14:05.798096Z  WARN iox_query::physical_optimizer::dedup::split: cannot split dedup operation, fanout too wide n_split=280 max_dedup_split=100
querier-1  | 2026-05-16T17:14:05.808277926Z 2026-05-16T17:14:05.808167Z  INFO iox_query::query_log: query when="planned" id=6f255016-238a-4321-a4ee-c54475ad309d namespace_id=0 namespace_name="influxdb3 oss" query_type="sql" query_text=-- High-cardinality predicate: per-host extremes across a 4-week window.
querier-1  | 2026-05-16T17:14:05.808299884Z -- Benchmarks the per-file pruning path. Compaction should improve this
querier-1  | 2026-05-16T17:14:05.808300717Z -- materially when many gen1 files cover overlapping host sets.
querier-1  | 2026-05-16T17:14:05.808301342Z SELECT host, MAX(pressure) AS max_p, MIN(pressure) AS min_p
querier-1  | 2026-05-16T17:14:05.808301926Z FROM sensors
querier-1  | 2026-05-16T17:14:05.808302509Z WHERE time > now() - INTERVAL '4 weeks'
querier-1  | 2026-05-16T17:14:05.808303467Z GROUP BY host
querier-1  | 2026-05-16T17:14:05.808304176Z ORDER BY max_p DESC
querier-1  | 2026-05-16T17:14:05.808304801Z LIMIT 50 query_params=Params { } issue_time=2026-05-16T17:14:05.782142634+00:00 partitions=140 parquet_files=2240 deduplicated_partitions=140 deduplicated_parquet_files=2240 plan_duration_secs=0.025610542 success=false running=true cancelled=false
querier-1  | 2026-05-16T17:14:05.808305592Z 2026-05-16T17:14:05.808197Z  INFO iox_query::query_log: query when="permit" id=6f255016-238a-4321-a4ee-c54475ad309d namespace_id=0 namespace_name="influxdb3 oss" query_type="sql" query_text=-- High-cardinality predicate: per-host extremes across a 4-week window.
querier-1  | 2026-05-16T17:14:05.808306426Z -- Benchmarks the per-file pruning path. Compaction should improve this
querier-1  | 2026-05-16T17:14:05.808307009Z -- materially when many gen1 files cover overlapping host sets.
querier-1  | 2026-05-16T17:14:05.808307551Z SELECT host, MAX(pressure) AS max_p, MIN(pressure) AS min_p
querier-1  | 2026-05-16T17:14:05.808308134Z FROM sensors
querier-1  | 2026-05-16T17:14:05.808308676Z WHERE time > now() - INTERVAL '4 weeks'
querier-1  | 2026-05-16T17:14:05.808309259Z GROUP BY host
querier-1  | 2026-05-16T17:14:05.808309801Z ORDER BY max_p DESC
querier-1  | 2026-05-16T17:14:05.808310842Z LIMIT 50 query_params=Params { } issue_time=2026-05-16T17:14:05.782142634+00:00 partitions=140 parquet_files=2240 deduplicated_partitions=140 deduplicated_parquet_files=2240 plan_duration_secs=0.025610542 permit_duration_secs=0.000443583 success=false running=true cancelled=false
querier-1  | 2026-05-16T17:14:05.808519217Z 2026-05-16T17:14:05.808474Z  INFO iox_query::query_log: query when="success" id=6f255016-238a-4321-a4ee-c54475ad309d namespace_id=0 namespace_name="influxdb3 oss" query_type="sql" query_text=-- High-cardinality predicate: per-host extremes across a 4-week window.
querier-1  | 2026-05-16T17:14:05.808531217Z -- Benchmarks the per-file pruning path. Compaction should improve this
querier-1  | 2026-05-16T17:14:05.808532467Z -- materially when many gen1 files cover overlapping host sets.
querier-1  | 2026-05-16T17:14:05.808533217Z SELECT host, MAX(pressure) AS max_p, MIN(pressure) AS min_p
querier-1  | 2026-05-16T17:14:05.808533926Z FROM sensors
querier-1  | 2026-05-16T17:14:05.808534592Z WHERE time > now() - INTERVAL '4 weeks'
querier-1  | 2026-05-16T17:14:05.808535301Z GROUP BY host
querier-1  | 2026-05-16T17:14:05.808535842Z ORDER BY max_p DESC
querier-1  | 2026-05-16T17:14:05.808536467Z LIMIT 50 query_params=Params { } issue_time=2026-05-16T17:14:05.782142634+00:00 partitions=140 parquet_files=2240 deduplicated_partitions=140 deduplicated_parquet_files=2240 plan_duration_secs=0.025610542 permit_duration_secs=0.000443583 execute_duration_secs=0.000234 end2end_duration_secs=0.026329542 compute_duration_secs=0.000195034 max_memory=0 ingester_metrics.latency_to_plan_secs=0.0 ingester_metrics.latency_to_full_data_secs=0.0 ingester_metrics.response_rows=0 ingester_metrics.partition_count=0 ingester_metrics.response_size=0 success=true running=false cancelled=false
querier-1  | 2026-05-16T17:14:06.487064384Z 2026-05-16T17:14:06.487008Z  INFO influxdb3_server::http: handling query_sql database=bench query_str=-- High-cardinality predicate: per-host extremes across a 4-week window.
querier-1  | 2026-05-16T17:14:06.487070718Z -- Benchmarks the per-file pruning path. Compaction should improve this
querier-1  | 2026-05-16T17:14:06.487071593Z -- materially when many gen1 files cover overlapping host sets.
querier-1  | 2026-05-16T17:14:06.487072301Z SELECT host, MAX(pressure) AS max_p, MIN(pressure) AS min_p
querier-1  | 2026-05-16T17:14:06.487072884Z FROM sensors
querier-1  | 2026-05-16T17:14:06.487073468Z WHERE time > now() - INTERVAL '4 weeks'
querier-1  | 2026-05-16T17:14:06.487074176Z GROUP BY host
querier-1  | 2026-05-16T17:14:06.487074759Z ORDER BY max_p DESC
querier-1  | 2026-05-16T17:14:06.487075301Z LIMIT 50 format=Csv
querier-1  | 2026-05-16T17:14:06.487075884Z 2026-05-16T17:14:06.487030Z  INFO influxdb3_server::query_executor: executing sql query database=bench query=-- High-cardinality predicate: per-host extremes across a 4-week window.
querier-1  | 2026-05-16T17:14:06.487076634Z -- Benchmarks the per-file pruning path. Compaction should improve this
querier-1  | 2026-05-16T17:14:06.487077218Z -- materially when many gen1 files cover overlapping host sets.
querier-1  | 2026-05-16T17:14:06.487077801Z SELECT host, MAX(pressure) AS max_p, MIN(pressure) AS min_p
querier-1  | 2026-05-16T17:14:06.487078384Z FROM sensors
querier-1  | 2026-05-16T17:14:06.487078968Z WHERE time > now() - INTERVAL '4 weeks'
querier-1  | 2026-05-16T17:14:06.487079634Z GROUP BY host
querier-1  | 2026-05-16T17:14:06.487080176Z ORDER BY max_p DESC
querier-1  | 2026-05-16T17:14:06.487080718Z LIMIT 50 params=None
querier-1  | 2026-05-16T17:14:06.487083093Z 2026-05-16T17:14:06.487055Z  INFO iox_query::query_log: query when="received" id=051541aa-847a-46f7-8337-adf4f3f76066 namespace_id=0 namespace_name="influxdb3 oss" query_type="sql" query_text=-- High-cardinality predicate: per-host extremes across a 4-week window.
querier-1  | 2026-05-16T17:14:06.487084218Z -- Benchmarks the per-file pruning path. Compaction should improve this
querier-1  | 2026-05-16T17:14:06.487084843Z -- materially when many gen1 files cover overlapping host sets.
querier-1  | 2026-05-16T17:14:06.487085426Z SELECT host, MAX(pressure) AS max_p, MIN(pressure) AS min_p
querier-1  | 2026-05-16T17:14:06.487085968Z FROM sensors
querier-1  | 2026-05-16T17:14:06.487086509Z WHERE time > now() - INTERVAL '4 weeks'
querier-1  | 2026-05-16T17:14:06.487087051Z GROUP BY host
querier-1  | 2026-05-16T17:14:06.487087634Z ORDER BY max_p DESC
querier-1  | 2026-05-16T17:14:06.487088134Z LIMIT 50 query_params=Params { } issue_time=2026-05-16T17:14:06.487053926+00:00 success=false running=true cancelled=false
querier-1  | 2026-05-16T17:14:06.500561343Z 2026-05-16T17:14:06.500450Z  INFO influxdb3_write::composite_write_buffer: composite get_table_chunks db_schema.id=DbId(1) table_def.table_id=TableId(0) local=2240 remote=0 tail=280 total=2520
querier-1  | 2026-05-16T17:14:06.503081218Z 2026-05-16T17:14:06.503028Z  WARN iox_query::physical_optimizer::dedup::split: cannot split dedup operation, fanout too wide n_split=280 max_dedup_split=100
querier-1  | 2026-05-16T17:14:06.512932801Z 2026-05-16T17:14:06.512856Z  INFO iox_query::query_log: query when="planned" id=051541aa-847a-46f7-8337-adf4f3f76066 namespace_id=0 namespace_name="influxdb3 oss" query_type="sql" query_text=-- High-cardinality predicate: per-host extremes across a 4-week window.
querier-1  | 2026-05-16T17:14:06.512948259Z -- Benchmarks the per-file pruning path. Compaction should improve this
querier-1  | 2026-05-16T17:14:06.512949676Z -- materially when many gen1 files cover overlapping host sets.
querier-1  | 2026-05-16T17:14:06.512950759Z SELECT host, MAX(pressure) AS max_p, MIN(pressure) AS min_p
querier-1  | 2026-05-16T17:14:06.512951801Z FROM sensors
querier-1  | 2026-05-16T17:14:06.512952634Z WHERE time > now() - INTERVAL '4 weeks'
querier-1  | 2026-05-16T17:14:06.512953593Z GROUP BY host
querier-1  | 2026-05-16T17:14:06.512954301Z ORDER BY max_p DESC
querier-1  | 2026-05-16T17:14:06.512955051Z LIMIT 50 query_params=Params { } issue_time=2026-05-16T17:14:06.487053926+00:00 partitions=140 parquet_files=2240 deduplicated_partitions=140 deduplicated_parquet_files=2240 plan_duration_secs=0.025399125 success=false running=true cancelled=false
querier-1  | 2026-05-16T17:14:06.512956093Z 2026-05-16T17:14:06.512878Z  INFO iox_query::query_log: query when="permit" id=051541aa-847a-46f7-8337-adf4f3f76066 namespace_id=0 namespace_name="influxdb3 oss" query_type="sql" query_text=-- High-cardinality predicate: per-host extremes across a 4-week window.
querier-1  | 2026-05-16T17:14:06.512957134Z -- Benchmarks the per-file pruning path. Compaction should improve this
querier-1  | 2026-05-16T17:14:06.512957718Z -- materially when many gen1 files cover overlapping host sets.
querier-1  | 2026-05-16T17:14:06.512958343Z SELECT host, MAX(pressure) AS max_p, MIN(pressure) AS min_p
querier-1  | 2026-05-16T17:14:06.512959176Z FROM sensors
querier-1  | 2026-05-16T17:14:06.512959718Z WHERE time > now() - INTERVAL '4 weeks'
querier-1  | 2026-05-16T17:14:06.512960343Z GROUP BY host
querier-1  | 2026-05-16T17:14:06.512960884Z ORDER BY max_p DESC
querier-1  | 2026-05-16T17:14:06.512961509Z LIMIT 50 query_params=Params { } issue_time=2026-05-16T17:14:06.487053926+00:00 partitions=140 parquet_files=2240 deduplicated_partitions=140 deduplicated_parquet_files=2240 plan_duration_secs=0.025399125 permit_duration_secs=0.000424417 success=false running=true cancelled=false
querier-1  | 2026-05-16T17:14:06.515376634Z 2026-05-16T17:14:06.514447Z  INFO iox_query::query_log: query when="success" id=051541aa-847a-46f7-8337-adf4f3f76066 namespace_id=0 namespace_name="influxdb3 oss" query_type="sql" query_text=-- High-cardinality predicate: per-host extremes across a 4-week window.
querier-1  | 2026-05-16T17:14:06.515384051Z -- Benchmarks the per-file pruning path. Compaction should improve this
querier-1  | 2026-05-16T17:14:06.515385051Z -- materially when many gen1 files cover overlapping host sets.
querier-1  | 2026-05-16T17:14:06.515385801Z SELECT host, MAX(pressure) AS max_p, MIN(pressure) AS min_p
querier-1  | 2026-05-16T17:14:06.515386468Z FROM sensors
querier-1  | 2026-05-16T17:14:06.515393218Z WHERE time > now() - INTERVAL '4 weeks'
querier-1  | 2026-05-16T17:14:06.515394259Z GROUP BY host
querier-1  | 2026-05-16T17:14:06.515394843Z ORDER BY max_p DESC
querier-1  | 2026-05-16T17:14:06.515397259Z LIMIT 50 query_params=Params { } issue_time=2026-05-16T17:14:06.487053926+00:00 partitions=140 parquet_files=2240 deduplicated_partitions=140 deduplicated_parquet_files=2240 plan_duration_secs=0.025399125 permit_duration_secs=0.000424417 execute_duration_secs=0.00062325 end2end_duration_secs=0.027391208 compute_duration_secs=0.00052251 max_memory=0 ingester_metrics.latency_to_plan_secs=0.0 ingester_metrics.latency_to_full_data_secs=0.0 ingester_metrics.response_rows=0 ingester_metrics.partition_count=0 ingester_metrics.response_size=0 success=true running=false cancelled=false
querier-1  | 2026-05-16T17:14:07.174799551Z 2026-05-16T17:14:07.174759Z  INFO influxdb3_server::http: handling query_sql database=bench query_str=-- High-cardinality predicate: per-host extremes across a 4-week window.
querier-1  | 2026-05-16T17:14:07.174810593Z -- Benchmarks the per-file pruning path. Compaction should improve this
querier-1  | 2026-05-16T17:14:07.174811510Z -- materially when many gen1 files cover overlapping host sets.
querier-1  | 2026-05-16T17:14:07.174812093Z SELECT host, MAX(pressure) AS max_p, MIN(pressure) AS min_p
querier-1  | 2026-05-16T17:14:07.174812676Z FROM sensors
querier-1  | 2026-05-16T17:14:07.174813176Z WHERE time > now() - INTERVAL '4 weeks'
querier-1  | 2026-05-16T17:14:07.174813885Z GROUP BY host
querier-1  | 2026-05-16T17:14:07.174814426Z ORDER BY max_p DESC
querier-1  | 2026-05-16T17:14:07.174814885Z LIMIT 50 format=Csv
querier-1  | 2026-05-16T17:14:07.174857093Z 2026-05-16T17:14:07.174844Z  INFO influxdb3_server::query_executor: executing sql query database=bench query=-- High-cardinality predicate: per-host extremes across a 4-week window.
querier-1  | 2026-05-16T17:14:07.174859051Z -- Benchmarks the per-file pruning path. Compaction should improve this
querier-1  | 2026-05-16T17:14:07.174859676Z -- materially when many gen1 files cover overlapping host sets.
querier-1  | 2026-05-16T17:14:07.174860218Z SELECT host, MAX(pressure) AS max_p, MIN(pressure) AS min_p
querier-1  | 2026-05-16T17:14:07.174862051Z FROM sensors
querier-1  | 2026-05-16T17:14:07.174862551Z WHERE time > now() - INTERVAL '4 weeks'
querier-1  | 2026-05-16T17:14:07.174863093Z GROUP BY host
querier-1  | 2026-05-16T17:14:07.174863551Z ORDER BY max_p DESC
querier-1  | 2026-05-16T17:14:07.174864051Z LIMIT 50 params=None
querier-1  | 2026-05-16T17:14:07.174896176Z 2026-05-16T17:14:07.174885Z  INFO iox_query::query_log: query when="received" id=fb503cd6-1ecd-4da6-9148-a08fa3cbe75e namespace_id=0 namespace_name="influxdb3 oss" query_type="sql" query_text=-- High-cardinality predicate: per-host extremes across a 4-week window.
querier-1  | 2026-05-16T17:14:07.174897885Z -- Benchmarks the per-file pruning path. Compaction should improve this
querier-1  | 2026-05-16T17:14:07.174898426Z -- materially when many gen1 files cover overlapping host sets.
querier-1  | 2026-05-16T17:14:07.174898968Z SELECT host, MAX(pressure) AS max_p, MIN(pressure) AS min_p
querier-1  | 2026-05-16T17:14:07.174899468Z FROM sensors
querier-1  | 2026-05-16T17:14:07.174899926Z WHERE time > now() - INTERVAL '4 weeks'
querier-1  | 2026-05-16T17:14:07.174905885Z GROUP BY host
querier-1  | 2026-05-16T17:14:07.174906468Z ORDER BY max_p DESC
querier-1  | 2026-05-16T17:14:07.174906968Z LIMIT 50 query_params=Params { } issue_time=2026-05-16T17:14:07.174884718+00:00 success=false running=true cancelled=false
querier-1  | 2026-05-16T17:14:07.189173051Z 2026-05-16T17:14:07.189100Z  INFO influxdb3_write::composite_write_buffer: composite get_table_chunks db_schema.id=DbId(1) table_def.table_id=TableId(0) local=2240 remote=0 tail=280 total=2520
querier-1  | 2026-05-16T17:14:07.191872635Z 2026-05-16T17:14:07.191825Z  WARN iox_query::physical_optimizer::dedup::split: cannot split dedup operation, fanout too wide n_split=280 max_dedup_split=100
querier-1  | 2026-05-16T17:14:07.201831593Z 2026-05-16T17:14:07.201722Z  INFO iox_query::query_log: query when="planned" id=fb503cd6-1ecd-4da6-9148-a08fa3cbe75e namespace_id=0 namespace_name="influxdb3 oss" query_type="sql" query_text=-- High-cardinality predicate: per-host extremes across a 4-week window.
querier-1  | 2026-05-16T17:14:07.201853301Z -- Benchmarks the per-file pruning path. Compaction should improve this
querier-1  | 2026-05-16T17:14:07.201855093Z -- materially when many gen1 files cover overlapping host sets.
querier-1  | 2026-05-16T17:14:07.201856051Z SELECT host, MAX(pressure) AS max_p, MIN(pressure) AS min_p
querier-1  | 2026-05-16T17:14:07.201856843Z FROM sensors
querier-1  | 2026-05-16T17:14:07.201857551Z WHERE time > now() - INTERVAL '4 weeks'
querier-1  | 2026-05-16T17:14:07.201858468Z GROUP BY host
querier-1  | 2026-05-16T17:14:07.201859176Z ORDER BY max_p DESC
querier-1  | 2026-05-16T17:14:07.201859885Z LIMIT 50 query_params=Params { } issue_time=2026-05-16T17:14:07.174884718+00:00 partitions=140 parquet_files=2240 deduplicated_partitions=140 deduplicated_parquet_files=2240 plan_duration_secs=0.026407583 success=false running=true cancelled=false
querier-1  | 2026-05-16T17:14:07.201860968Z 2026-05-16T17:14:07.201750Z  INFO iox_query::query_log: query when="permit" id=fb503cd6-1ecd-4da6-9148-a08fa3cbe75e namespace_id=0 namespace_name="influxdb3 oss" query_type="sql" query_text=-- High-cardinality predicate: per-host extremes across a 4-week window.
querier-1  | 2026-05-16T17:14:07.201862176Z -- Benchmarks the per-file pruning path. Compaction should improve this
querier-1  | 2026-05-16T17:14:07.201862968Z -- materially when many gen1 files cover overlapping host sets.
querier-1  | 2026-05-16T17:14:07.201863676Z SELECT host, MAX(pressure) AS max_p, MIN(pressure) AS min_p
querier-1  | 2026-05-16T17:14:07.201864385Z FROM sensors
querier-1  | 2026-05-16T17:14:07.201865051Z WHERE time > now() - INTERVAL '4 weeks'
querier-1  | 2026-05-16T17:14:07.201865718Z GROUP BY host
querier-1  | 2026-05-16T17:14:07.201866385Z ORDER BY max_p DESC
querier-1  | 2026-05-16T17:14:07.201867093Z LIMIT 50 query_params=Params { } issue_time=2026-05-16T17:14:07.174884718+00:00 partitions=140 parquet_files=2240 deduplicated_partitions=140 deduplicated_parquet_files=2240 plan_duration_secs=0.026407583 permit_duration_secs=0.000457959 success=false running=true cancelled=false
querier-1  | 2026-05-16T17:14:07.202038135Z 2026-05-16T17:14:07.201992Z  INFO iox_query::query_log: query when="success" id=fb503cd6-1ecd-4da6-9148-a08fa3cbe75e namespace_id=0 namespace_name="influxdb3 oss" query_type="sql" query_text=-- High-cardinality predicate: per-host extremes across a 4-week window.
querier-1  | 2026-05-16T17:14:07.202044426Z -- Benchmarks the per-file pruning path. Compaction should improve this
querier-1  | 2026-05-16T17:14:07.202045343Z -- materially when many gen1 files cover overlapping host sets.
querier-1  | 2026-05-16T17:14:07.202046093Z SELECT host, MAX(pressure) AS max_p, MIN(pressure) AS min_p
querier-1  | 2026-05-16T17:14:07.202046843Z FROM sensors
querier-1  | 2026-05-16T17:14:07.202047468Z WHERE time > now() - INTERVAL '4 weeks'
querier-1  | 2026-05-16T17:14:07.202048135Z GROUP BY host
querier-1  | 2026-05-16T17:14:07.202048718Z ORDER BY max_p DESC
querier-1  | 2026-05-16T17:14:07.202049801Z LIMIT 50 query_params=Params { } issue_time=2026-05-16T17:14:07.174884718+00:00 partitions=140 parquet_files=2240 deduplicated_partitions=140 deduplicated_parquet_files=2240 plan_duration_secs=0.026407583 permit_duration_secs=0.000457959 execute_duration_secs=0.000221583 end2end_duration_secs=0.027107083 compute_duration_secs=0.000183859 max_memory=0 ingester_metrics.latency_to_plan_secs=0.0 ingester_metrics.latency_to_full_data_secs=0.0 ingester_metrics.response_rows=0 ingester_metrics.partition_count=0 ingester_metrics.response_size=0 success=true running=false cancelled=false
querier-1  | 2026-05-16T17:14:07.851076802Z 2026-05-16T17:14:07.851023Z  INFO influxdb3_server::http: handling query_sql database=bench query_str=-- High-cardinality predicate: per-host extremes across a 4-week window.
querier-1  | 2026-05-16T17:14:07.851084468Z -- Benchmarks the per-file pruning path. Compaction should improve this
querier-1  | 2026-05-16T17:14:07.851085593Z -- materially when many gen1 files cover overlapping host sets.
querier-1  | 2026-05-16T17:14:07.851086218Z SELECT host, MAX(pressure) AS max_p, MIN(pressure) AS min_p
querier-1  | 2026-05-16T17:14:07.851086802Z FROM sensors
querier-1  | 2026-05-16T17:14:07.851087385Z WHERE time > now() - INTERVAL '4 weeks'
querier-1  | 2026-05-16T17:14:07.851087968Z GROUP BY host
querier-1  | 2026-05-16T17:14:07.851088468Z ORDER BY max_p DESC
querier-1  | 2026-05-16T17:14:07.851088968Z LIMIT 50 format=Csv
querier-1  | 2026-05-16T17:14:07.851089510Z 2026-05-16T17:14:07.851044Z  INFO influxdb3_server::query_executor: executing sql query database=bench query=-- High-cardinality predicate: per-host extremes across a 4-week window.
querier-1  | 2026-05-16T17:14:07.851090177Z -- Benchmarks the per-file pruning path. Compaction should improve this
querier-1  | 2026-05-16T17:14:07.851090718Z -- materially when many gen1 files cover overlapping host sets.
querier-1  | 2026-05-16T17:14:07.851091218Z SELECT host, MAX(pressure) AS max_p, MIN(pressure) AS min_p
querier-1  | 2026-05-16T17:14:07.851091718Z FROM sensors
querier-1  | 2026-05-16T17:14:07.851092218Z WHERE time > now() - INTERVAL '4 weeks'
querier-1  | 2026-05-16T17:14:07.851092718Z GROUP BY host
querier-1  | 2026-05-16T17:14:07.851093177Z ORDER BY max_p DESC
querier-1  | 2026-05-16T17:14:07.851093635Z LIMIT 50 params=None
querier-1  | 2026-05-16T17:14:07.851100843Z 2026-05-16T17:14:07.851068Z  INFO iox_query::query_log: query when="received" id=fc3b1f2f-8b2a-4fff-bda7-1f52b2a6ca0c namespace_id=0 namespace_name="influxdb3 oss" query_type="sql" query_text=-- High-cardinality predicate: per-host extremes across a 4-week window.
querier-1  | 2026-05-16T17:14:07.851102177Z -- Benchmarks the per-file pruning path. Compaction should improve this
querier-1  | 2026-05-16T17:14:07.851109468Z -- materially when many gen1 files cover overlapping host sets.
querier-1  | 2026-05-16T17:14:07.851110052Z SELECT host, MAX(pressure) AS max_p, MIN(pressure) AS min_p
querier-1  | 2026-05-16T17:14:07.851110593Z FROM sensors
querier-1  | 2026-05-16T17:14:07.851111093Z WHERE time > now() - INTERVAL '4 weeks'
querier-1  | 2026-05-16T17:14:07.851111635Z GROUP BY host
querier-1  | 2026-05-16T17:14:07.851112093Z ORDER BY max_p DESC
querier-1  | 2026-05-16T17:14:07.851112593Z LIMIT 50 query_params=Params { } issue_time=2026-05-16T17:14:07.851066885+00:00 success=false running=true cancelled=false
querier-1  | 2026-05-16T17:14:07.863719593Z 2026-05-16T17:14:07.863616Z  INFO influxdb3_write::composite_write_buffer: composite get_table_chunks db_schema.id=DbId(1) table_def.table_id=TableId(0) local=2240 remote=0 tail=280 total=2520
querier-1  | 2026-05-16T17:14:07.866400302Z 2026-05-16T17:14:07.866340Z  WARN iox_query::physical_optimizer::dedup::split: cannot split dedup operation, fanout too wide n_split=280 max_dedup_split=100
querier-1  | 2026-05-16T17:14:07.876102843Z 2026-05-16T17:14:07.876018Z  INFO iox_query::query_log: query when="planned" id=fc3b1f2f-8b2a-4fff-bda7-1f52b2a6ca0c namespace_id=0 namespace_name="influxdb3 oss" query_type="sql" query_text=-- High-cardinality predicate: per-host extremes across a 4-week window.
querier-1  | 2026-05-16T17:14:07.876114093Z -- Benchmarks the per-file pruning path. Compaction should improve this
querier-1  | 2026-05-16T17:14:07.876115135Z -- materially when many gen1 files cover overlapping host sets.
querier-1  | 2026-05-16T17:14:07.876116093Z SELECT host, MAX(pressure) AS max_p, MIN(pressure) AS min_p
querier-1  | 2026-05-16T17:14:07.876117010Z FROM sensors
querier-1  | 2026-05-16T17:14:07.876117718Z WHERE time > now() - INTERVAL '4 weeks'
querier-1  | 2026-05-16T17:14:07.876118718Z GROUP BY host
querier-1  | 2026-05-16T17:14:07.876119427Z ORDER BY max_p DESC
querier-1  | 2026-05-16T17:14:07.876120177Z LIMIT 50 query_params=Params { } issue_time=2026-05-16T17:14:07.851066885+00:00 partitions=140 parquet_files=2240 deduplicated_partitions=140 deduplicated_parquet_files=2240 plan_duration_secs=0.024545792 success=false running=true cancelled=false
querier-1  | 2026-05-16T17:14:07.876121177Z 2026-05-16T17:14:07.876041Z  INFO iox_query::query_log: query when="permit" id=fc3b1f2f-8b2a-4fff-bda7-1f52b2a6ca0c namespace_id=0 namespace_name="influxdb3 oss" query_type="sql" query_text=-- High-cardinality predicate: per-host extremes across a 4-week window.
querier-1  | 2026-05-16T17:14:07.876122218Z -- Benchmarks the per-file pruning path. Compaction should improve this
querier-1  | 2026-05-16T17:14:07.876122968Z -- materially when many gen1 files cover overlapping host sets.
querier-1  | 2026-05-16T17:14:07.876123677Z SELECT host, MAX(pressure) AS max_p, MIN(pressure) AS min_p
querier-1  | 2026-05-16T17:14:07.876124427Z FROM sensors
querier-1  | 2026-05-16T17:14:07.876125093Z WHERE time > now() - INTERVAL '4 weeks'
querier-1  | 2026-05-16T17:14:07.876125802Z GROUP BY host
querier-1  | 2026-05-16T17:14:07.876126510Z ORDER BY max_p DESC
querier-1  | 2026-05-16T17:14:07.876127218Z LIMIT 50 query_params=Params { } issue_time=2026-05-16T17:14:07.851066885+00:00 partitions=140 parquet_files=2240 deduplicated_partitions=140 deduplicated_parquet_files=2240 plan_duration_secs=0.024545792 permit_duration_secs=0.000428416 success=false running=true cancelled=false
querier-1  | 2026-05-16T17:14:07.877491135Z 2026-05-16T17:14:07.876283Z  INFO iox_query::query_log: query when="success" id=fc3b1f2f-8b2a-4fff-bda7-1f52b2a6ca0c namespace_id=0 namespace_name="influxdb3 oss" query_type="sql" query_text=-- High-cardinality predicate: per-host extremes across a 4-week window.
querier-1  | 2026-05-16T17:14:07.877501177Z -- Benchmarks the per-file pruning path. Compaction should improve this
querier-1  | 2026-05-16T17:14:07.877502218Z -- materially when many gen1 files cover overlapping host sets.
querier-1  | 2026-05-16T17:14:07.877503093Z SELECT host, MAX(pressure) AS max_p, MIN(pressure) AS min_p
querier-1  | 2026-05-16T17:14:07.877503718Z FROM sensors
querier-1  | 2026-05-16T17:14:07.877504302Z WHERE time > now() - INTERVAL '4 weeks'
querier-1  | 2026-05-16T17:14:07.877505052Z GROUP BY host
querier-1  | 2026-05-16T17:14:07.877505593Z ORDER BY max_p DESC
querier-1  | 2026-05-16T17:14:07.877506302Z LIMIT 50 query_params=Params { } issue_time=2026-05-16T17:14:07.851066885+00:00 partitions=140 parquet_files=2240 deduplicated_partitions=140 deduplicated_parquet_files=2240 plan_duration_secs=0.024545792 permit_duration_secs=0.000428416 execute_duration_secs=0.000218917 end2end_duration_secs=0.02521525 compute_duration_secs=0.000166277 max_memory=0 ingester_metrics.latency_to_plan_secs=0.0 ingester_metrics.latency_to_full_data_secs=0.0 ingester_metrics.response_rows=0 ingester_metrics.partition_count=0 ingester_metrics.response_size=0 success=true running=false cancelled=false
querier-1  | 2026-05-16T17:14:08.483280718Z 2026-05-16T17:14:08.483197Z  INFO influxdb3_server::http: handling query_sql database=bench query_str=-- 6-hour downsampling over an 8-week window. Touches most parquet files
querier-1  | 2026-05-16T17:14:08.483296510Z -- since timestamps span the entire generated range; aggregation work is
querier-1  | 2026-05-16T17:14:08.483297468Z -- dominated by group-by and merge across many files. 6h bins keep result
querier-1  | 2026-05-16T17:14:08.483298135Z -- cardinality manageable while still exercising the full date range.
querier-1  | 2026-05-16T17:14:08.483298677Z SELECT
querier-1  | 2026-05-16T17:14:08.483299177Z     DATE_BIN(INTERVAL '6 hours', time) AS bucket,
querier-1  | 2026-05-16T17:14:08.483299718Z     region,
querier-1  | 2026-05-16T17:14:08.483300218Z     AVG(temp) AS avg_temp,
querier-1  | 2026-05-16T17:14:08.483300718Z     APPROX_PERCENTILE_CONT(humidity, 0.95) AS p95_humidity
querier-1  | 2026-05-16T17:14:08.483301260Z FROM sensors
querier-1  | 2026-05-16T17:14:08.483301760Z WHERE time > now() - INTERVAL '8 weeks'
querier-1  | 2026-05-16T17:14:08.483302427Z GROUP BY bucket, region
querier-1  | 2026-05-16T17:14:08.483302927Z ORDER BY bucket, region format=Csv
querier-1  | 2026-05-16T17:14:08.483303468Z 2026-05-16T17:14:08.483217Z  INFO influxdb3_server::query_executor: executing sql query database=bench query=-- 6-hour downsampling over an 8-week window. Touches most parquet files
querier-1  | 2026-05-16T17:14:08.483304135Z -- since timestamps span the entire generated range; aggregation work is
querier-1  | 2026-05-16T17:14:08.483304677Z -- dominated by group-by and merge across many files. 6h bins keep result
querier-1  | 2026-05-16T17:14:08.483310593Z -- cardinality manageable while still exercising the full date range.
querier-1  | 2026-05-16T17:14:08.483311177Z SELECT
querier-1  | 2026-05-16T17:14:08.483311635Z     DATE_BIN(INTERVAL '6 hours', time) AS bucket,
querier-1  | 2026-05-16T17:14:08.483312135Z     region,
querier-1  | 2026-05-16T17:14:08.483312635Z     AVG(temp) AS avg_temp,
querier-1  | 2026-05-16T17:14:08.483313218Z     APPROX_PERCENTILE_CONT(humidity, 0.95) AS p95_humidity
querier-1  | 2026-05-16T17:14:08.483313718Z FROM sensors
querier-1  | 2026-05-16T17:14:08.483314218Z WHERE time > now() - INTERVAL '8 weeks'
querier-1  | 2026-05-16T17:14:08.483314760Z GROUP BY bucket, region
querier-1  | 2026-05-16T17:14:08.483315218Z ORDER BY bucket, region params=None
querier-1  | 2026-05-16T17:14:08.483315760Z 2026-05-16T17:14:08.483241Z  INFO iox_query::query_log: query when="received" id=24f790e3-54b9-4c6f-8a4c-ee8ef4fa7cbd namespace_id=0 namespace_name="influxdb3 oss" query_type="sql" query_text=-- 6-hour downsampling over an 8-week window. Touches most parquet files
querier-1  | 2026-05-16T17:14:08.483316677Z -- since timestamps span the entire generated range; aggregation work is
querier-1  | 2026-05-16T17:14:08.483317218Z -- dominated by group-by and merge across many files. 6h bins keep result
querier-1  | 2026-05-16T17:14:08.483317718Z -- cardinality manageable while still exercising the full date range.
querier-1  | 2026-05-16T17:14:08.483318218Z SELECT
querier-1  | 2026-05-16T17:14:08.483318718Z     DATE_BIN(INTERVAL '6 hours', time) AS bucket,
querier-1  | 2026-05-16T17:14:08.483319218Z     region,
querier-1  | 2026-05-16T17:14:08.483319677Z     AVG(temp) AS avg_temp,
querier-1  | 2026-05-16T17:14:08.483320177Z     APPROX_PERCENTILE_CONT(humidity, 0.95) AS p95_humidity
querier-1  | 2026-05-16T17:14:08.483320677Z FROM sensors
querier-1  | 2026-05-16T17:14:08.483321135Z WHERE time > now() - INTERVAL '8 weeks'
querier-1  | 2026-05-16T17:14:08.483321635Z GROUP BY bucket, region
querier-1  | 2026-05-16T17:14:08.483322552Z ORDER BY bucket, region query_params=Params { } issue_time=2026-05-16T17:14:08.483239760+00:00 success=false running=true cancelled=false
querier-1  | 2026-05-16T17:14:08.501252218Z 2026-05-16T17:14:08.501153Z  INFO influxdb3_write::composite_write_buffer: composite get_table_chunks db_schema.id=DbId(1) table_def.table_id=TableId(0) local=4480 remote=0 tail=560 total=5040
querier-1  | 2026-05-16T17:14:08.507074052Z 2026-05-16T17:14:08.506976Z  WARN iox_query::physical_optimizer::dedup::split: cannot split dedup operation, fanout too wide n_split=560 max_dedup_split=100
querier-1  | 2026-05-16T17:14:08.528342510Z 2026-05-16T17:14:08.528219Z  INFO iox_query::query_log: query when="planned" id=24f790e3-54b9-4c6f-8a4c-ee8ef4fa7cbd namespace_id=0 namespace_name="influxdb3 oss" query_type="sql" query_text=-- 6-hour downsampling over an 8-week window. Touches most parquet files
querier-1  | 2026-05-16T17:14:08.528372760Z -- since timestamps span the entire generated range; aggregation work is
querier-1  | 2026-05-16T17:14:08.528375094Z -- dominated by group-by and merge across many files. 6h bins keep result
querier-1  | 2026-05-16T17:14:08.528376177Z -- cardinality manageable while still exercising the full date range.
querier-1  | 2026-05-16T17:14:08.528383552Z SELECT
querier-1  | 2026-05-16T17:14:08.528384260Z     DATE_BIN(INTERVAL '6 hours', time) AS bucket,
querier-1  | 2026-05-16T17:14:08.528385010Z     region,
querier-1  | 2026-05-16T17:14:08.528385677Z     AVG(temp) AS avg_temp,
querier-1  | 2026-05-16T17:14:08.528386385Z     APPROX_PERCENTILE_CONT(humidity, 0.95) AS p95_humidity
querier-1  | 2026-05-16T17:14:08.528387094Z FROM sensors
querier-1  | 2026-05-16T17:14:08.528387760Z WHERE time > now() - INTERVAL '8 weeks'
querier-1  | 2026-05-16T17:14:08.528388927Z GROUP BY bucket, region
querier-1  | 2026-05-16T17:14:08.528389635Z ORDER BY bucket, region query_params=Params { } issue_time=2026-05-16T17:14:08.483239760+00:00 partitions=280 parquet_files=4480 deduplicated_partitions=280 deduplicated_parquet_files=4480 plan_duration_secs=0.044201959 success=false running=true cancelled=false
querier-1  | 2026-05-16T17:14:08.528390594Z 2026-05-16T17:14:08.528248Z  INFO iox_query::query_log: query when="permit" id=24f790e3-54b9-4c6f-8a4c-ee8ef4fa7cbd namespace_id=0 namespace_name="influxdb3 oss" query_type="sql" query_text=-- 6-hour downsampling over an 8-week window. Touches most parquet files
querier-1  | 2026-05-16T17:14:08.528391677Z -- since timestamps span the entire generated range; aggregation work is
querier-1  | 2026-05-16T17:14:08.528392427Z -- dominated by group-by and merge across many files. 6h bins keep result
querier-1  | 2026-05-16T17:14:08.528393135Z -- cardinality manageable while still exercising the full date range.
querier-1  | 2026-05-16T17:14:08.528393844Z SELECT
querier-1  | 2026-05-16T17:14:08.528394469Z     DATE_BIN(INTERVAL '6 hours', time) AS bucket,
querier-1  | 2026-05-16T17:14:08.528395219Z     region,
querier-1  | 2026-05-16T17:14:08.528395844Z     AVG(temp) AS avg_temp,
querier-1  | 2026-05-16T17:14:08.528396510Z     APPROX_PERCENTILE_CONT(humidity, 0.95) AS p95_humidity
querier-1  | 2026-05-16T17:14:08.528397219Z FROM sensors
querier-1  | 2026-05-16T17:14:08.528397885Z WHERE time > now() - INTERVAL '8 weeks'
querier-1  | 2026-05-16T17:14:08.528398594Z GROUP BY bucket, region
querier-1  | 2026-05-16T17:14:08.528399302Z ORDER BY bucket, region query_params=Params { } issue_time=2026-05-16T17:14:08.483239760+00:00 partitions=280 parquet_files=4480 deduplicated_partitions=280 deduplicated_parquet_files=4480 plan_duration_secs=0.044201959 permit_duration_secs=0.000806541 success=false running=true cancelled=false
querier-1  | 2026-05-16T17:14:08.528713677Z 2026-05-16T17:14:08.528633Z  INFO iox_query::query_log: query when="success" id=24f790e3-54b9-4c6f-8a4c-ee8ef4fa7cbd namespace_id=0 namespace_name="influxdb3 oss" query_type="sql" query_text=-- 6-hour downsampling over an 8-week window. Touches most parquet files
querier-1  | 2026-05-16T17:14:08.528723760Z -- since timestamps span the entire generated range; aggregation work is
querier-1  | 2026-05-16T17:14:08.528725094Z -- dominated by group-by and merge across many files. 6h bins keep result
querier-1  | 2026-05-16T17:14:08.528726010Z -- cardinality manageable while still exercising the full date range.
querier-1  | 2026-05-16T17:14:08.528726844Z SELECT
querier-1  | 2026-05-16T17:14:08.528727594Z     DATE_BIN(INTERVAL '6 hours', time) AS bucket,
querier-1  | 2026-05-16T17:14:08.528728302Z     region,
querier-1  | 2026-05-16T17:14:08.528736177Z     AVG(temp) AS avg_temp,
querier-1  | 2026-05-16T17:14:08.528737135Z     APPROX_PERCENTILE_CONT(humidity, 0.95) AS p95_humidity
querier-1  | 2026-05-16T17:14:08.528738219Z FROM sensors
querier-1  | 2026-05-16T17:14:08.528738927Z WHERE time > now() - INTERVAL '8 weeks'
querier-1  | 2026-05-16T17:14:08.528739802Z GROUP BY bucket, region
querier-1  | 2026-05-16T17:14:08.528740510Z ORDER BY bucket, region query_params=Params { } issue_time=2026-05-16T17:14:08.483239760+00:00 partitions=280 parquet_files=4480 deduplicated_partitions=280 deduplicated_parquet_files=4480 plan_duration_secs=0.044201959 permit_duration_secs=0.000806541 execute_duration_secs=0.000330125 end2end_duration_secs=0.045391084 compute_duration_secs=0.000544148 max_memory=11264 ingester_metrics.latency_to_plan_secs=0.0 ingester_metrics.latency_to_full_data_secs=0.0 ingester_metrics.response_rows=0 ingester_metrics.partition_count=0 ingester_metrics.response_size=0 success=true running=false cancelled=false
querier-1  | 2026-05-16T17:14:09.782561677Z 2026-05-16T17:14:09.782482Z  INFO influxdb3_server::http: handling query_sql database=bench query_str=-- 6-hour downsampling over an 8-week window. Touches most parquet files
querier-1  | 2026-05-16T17:14:09.782580052Z -- since timestamps span the entire generated range; aggregation work is
querier-1  | 2026-05-16T17:14:09.782581344Z -- dominated by group-by and merge across many files. 6h bins keep result
querier-1  | 2026-05-16T17:14:09.782582052Z -- cardinality manageable while still exercising the full date range.
querier-1  | 2026-05-16T17:14:09.782582677Z SELECT
querier-1  | 2026-05-16T17:14:09.782583261Z     DATE_BIN(INTERVAL '6 hours', time) AS bucket,
querier-1  | 2026-05-16T17:14:09.782583844Z     region,
querier-1  | 2026-05-16T17:14:09.782584469Z     AVG(temp) AS avg_temp,
querier-1  | 2026-05-16T17:14:09.782585011Z     APPROX_PERCENTILE_CONT(humidity, 0.95) AS p95_humidity
querier-1  | 2026-05-16T17:14:09.782585594Z FROM sensors
querier-1  | 2026-05-16T17:14:09.782586136Z WHERE time > now() - INTERVAL '8 weeks'
querier-1  | 2026-05-16T17:14:09.782586886Z GROUP BY bucket, region
querier-1  | 2026-05-16T17:14:09.782587427Z ORDER BY bucket, region format=Csv
querier-1  | 2026-05-16T17:14:09.782588011Z 2026-05-16T17:14:09.782504Z  INFO influxdb3_server::query_executor: executing sql query database=bench query=-- 6-hour downsampling over an 8-week window. Touches most parquet files
querier-1  | 2026-05-16T17:14:09.782588719Z -- since timestamps span the entire generated range; aggregation work is
querier-1  | 2026-05-16T17:14:09.782589302Z -- dominated by group-by and merge across many files. 6h bins keep result
querier-1  | 2026-05-16T17:14:09.782589927Z -- cardinality manageable while still exercising the full date range.
querier-1  | 2026-05-16T17:14:09.782590511Z SELECT
querier-1  | 2026-05-16T17:14:09.782591052Z     DATE_BIN(INTERVAL '6 hours', time) AS bucket,
querier-1  | 2026-05-16T17:14:09.782591594Z     region,
querier-1  | 2026-05-16T17:14:09.782592136Z     AVG(temp) AS avg_temp,
querier-1  | 2026-05-16T17:14:09.782592677Z     APPROX_PERCENTILE_CONT(humidity, 0.95) AS p95_humidity
querier-1  | 2026-05-16T17:14:09.782593261Z FROM sensors
querier-1  | 2026-05-16T17:14:09.782593761Z WHERE time > now() - INTERVAL '8 weeks'
querier-1  | 2026-05-16T17:14:09.782601177Z GROUP BY bucket, region
querier-1  | 2026-05-16T17:14:09.782601802Z ORDER BY bucket, region params=None
querier-1  | 2026-05-16T17:14:09.782602427Z 2026-05-16T17:14:09.782530Z  INFO iox_query::query_log: query when="received" id=4bdde241-6487-4e67-999c-5d4727e4d75c namespace_id=0 namespace_name="influxdb3 oss" query_type="sql" query_text=-- 6-hour downsampling over an 8-week window. Touches most parquet files
querier-1  | 2026-05-16T17:14:09.782603386Z -- since timestamps span the entire generated range; aggregation work is
querier-1  | 2026-05-16T17:14:09.782603969Z -- dominated by group-by and merge across many files. 6h bins keep result
querier-1  | 2026-05-16T17:14:09.782604552Z -- cardinality manageable while still exercising the full date range.
querier-1  | 2026-05-16T17:14:09.782605136Z SELECT
querier-1  | 2026-05-16T17:14:09.782605636Z     DATE_BIN(INTERVAL '6 hours', time) AS bucket,
querier-1  | 2026-05-16T17:14:09.782606219Z     region,
querier-1  | 2026-05-16T17:14:09.782606719Z     AVG(temp) AS avg_temp,
querier-1  | 2026-05-16T17:14:09.782607302Z     APPROX_PERCENTILE_CONT(humidity, 0.95) AS p95_humidity
querier-1  | 2026-05-16T17:14:09.782607844Z FROM sensors
querier-1  | 2026-05-16T17:14:09.782608344Z WHERE time > now() - INTERVAL '8 weeks'
querier-1  | 2026-05-16T17:14:09.782608927Z GROUP BY bucket, region
querier-1  | 2026-05-16T17:14:09.782609927Z ORDER BY bucket, region query_params=Params { } issue_time=2026-05-16T17:14:09.782529219+00:00 success=false running=true cancelled=false
querier-1  | 2026-05-16T17:14:09.800639636Z 2026-05-16T17:14:09.800552Z  INFO influxdb3_write::composite_write_buffer: composite get_table_chunks db_schema.id=DbId(1) table_def.table_id=TableId(0) local=4480 remote=0 tail=560 total=5040
querier-1  | 2026-05-16T17:14:09.805898886Z 2026-05-16T17:14:09.805835Z  WARN iox_query::physical_optimizer::dedup::split: cannot split dedup operation, fanout too wide n_split=560 max_dedup_split=100
querier-1  | 2026-05-16T17:14:09.826149094Z 2026-05-16T17:14:09.826058Z  INFO iox_query::query_log: query when="planned" id=4bdde241-6487-4e67-999c-5d4727e4d75c namespace_id=0 namespace_name="influxdb3 oss" query_type="sql" query_text=-- 6-hour downsampling over an 8-week window. Touches most parquet files
querier-1  | 2026-05-16T17:14:09.826165844Z -- since timestamps span the entire generated range; aggregation work is
querier-1  | 2026-05-16T17:14:09.826167302Z -- dominated by group-by and merge across many files. 6h bins keep result
querier-1  | 2026-05-16T17:14:09.826168136Z -- cardinality manageable while still exercising the full date range.
querier-1  | 2026-05-16T17:14:09.826168927Z SELECT
querier-1  | 2026-05-16T17:14:09.826169636Z     DATE_BIN(INTERVAL '6 hours', time) AS bucket,
querier-1  | 2026-05-16T17:14:09.826170427Z     region,
querier-1  | 2026-05-16T17:14:09.826171094Z     AVG(temp) AS avg_temp,
querier-1  | 2026-05-16T17:14:09.826171802Z     APPROX_PERCENTILE_CONT(humidity, 0.95) AS p95_humidity
querier-1  | 2026-05-16T17:14:09.826172511Z FROM sensors
querier-1  | 2026-05-16T17:14:09.826173177Z WHERE time > now() - INTERVAL '8 weeks'
querier-1  | 2026-05-16T17:14:09.826174136Z GROUP BY bucket, region
querier-1  | 2026-05-16T17:14:09.826182761Z ORDER BY bucket, region query_params=Params { } issue_time=2026-05-16T17:14:09.782529219+00:00 partitions=280 parquet_files=4480 deduplicated_partitions=280 deduplicated_parquet_files=4480 plan_duration_secs=0.042789167 success=false running=true cancelled=false
querier-1  | 2026-05-16T17:14:09.826183844Z 2026-05-16T17:14:09.826083Z  INFO iox_query::query_log: query when="permit" id=4bdde241-6487-4e67-999c-5d4727e4d75c namespace_id=0 namespace_name="influxdb3 oss" query_type="sql" query_text=-- 6-hour downsampling over an 8-week window. Touches most parquet files
querier-1  | 2026-05-16T17:14:09.826184969Z -- since timestamps span the entire generated range; aggregation work is
querier-1  | 2026-05-16T17:14:09.826185719Z -- dominated by group-by and merge across many files. 6h bins keep result
querier-1  | 2026-05-16T17:14:09.826186469Z -- cardinality manageable while still exercising the full date range.
querier-1  | 2026-05-16T17:14:09.826187219Z SELECT
querier-1  | 2026-05-16T17:14:09.826187844Z     DATE_BIN(INTERVAL '6 hours', time) AS bucket,
querier-1  | 2026-05-16T17:14:09.826188594Z     region,
querier-1  | 2026-05-16T17:14:09.826189261Z     AVG(temp) AS avg_temp,
querier-1  | 2026-05-16T17:14:09.826189927Z     APPROX_PERCENTILE_CONT(humidity, 0.95) AS p95_humidity
querier-1  | 2026-05-16T17:14:09.826190636Z FROM sensors
querier-1  | 2026-05-16T17:14:09.826191344Z WHERE time > now() - INTERVAL '8 weeks'
querier-1  | 2026-05-16T17:14:09.826191969Z GROUP BY bucket, region
querier-1  | 2026-05-16T17:14:09.826192636Z ORDER BY bucket, region query_params=Params { } issue_time=2026-05-16T17:14:09.782529219+00:00 partitions=280 parquet_files=4480 deduplicated_partitions=280 deduplicated_parquet_files=4480 plan_duration_secs=0.042789167 permit_duration_secs=0.000764833 success=false running=true cancelled=false
querier-1  | 2026-05-16T17:14:09.826519969Z 2026-05-16T17:14:09.826464Z  INFO iox_query::query_log: query when="success" id=4bdde241-6487-4e67-999c-5d4727e4d75c namespace_id=0 namespace_name="influxdb3 oss" query_type="sql" query_text=-- 6-hour downsampling over an 8-week window. Touches most parquet files
querier-1  | 2026-05-16T17:14:09.826525136Z -- since timestamps span the entire generated range; aggregation work is
querier-1  | 2026-05-16T17:14:09.826525969Z -- dominated by group-by and merge across many files. 6h bins keep result
querier-1  | 2026-05-16T17:14:09.826526719Z -- cardinality manageable while still exercising the full date range.
querier-1  | 2026-05-16T17:14:09.826527344Z SELECT
querier-1  | 2026-05-16T17:14:09.826527969Z     DATE_BIN(INTERVAL '6 hours', time) AS bucket,
querier-1  | 2026-05-16T17:14:09.826528594Z     region,
querier-1  | 2026-05-16T17:14:09.826529136Z     AVG(temp) AS avg_temp,
querier-1  | 2026-05-16T17:14:09.826529802Z     APPROX_PERCENTILE_CONT(humidity, 0.95) AS p95_humidity
querier-1  | 2026-05-16T17:14:09.826530386Z FROM sensors
querier-1  | 2026-05-16T17:14:09.826530969Z WHERE time > now() - INTERVAL '8 weeks'
querier-1  | 2026-05-16T17:14:09.826531636Z GROUP BY bucket, region
querier-1  | 2026-05-16T17:14:09.826534636Z ORDER BY bucket, region query_params=Params { } issue_time=2026-05-16T17:14:09.782529219+00:00 partitions=280 parquet_files=4480 deduplicated_partitions=280 deduplicated_parquet_files=4480 plan_duration_secs=0.042789167 permit_duration_secs=0.000764833 execute_duration_secs=0.000342167 end2end_duration_secs=0.043933917 compute_duration_secs=0.000444059 max_memory=5632 ingester_metrics.latency_to_plan_secs=0.0 ingester_metrics.latency_to_full_data_secs=0.0 ingester_metrics.response_rows=0 ingester_metrics.partition_count=0 ingester_metrics.response_size=0 success=true running=false cancelled=false
querier-1  | 2026-05-16T17:14:11.088220720Z 2026-05-16T17:14:11.088159Z  INFO influxdb3_server::http: handling query_sql database=bench query_str=-- 6-hour downsampling over an 8-week window. Touches most parquet files
querier-1  | 2026-05-16T17:14:11.088230303Z -- since timestamps span the entire generated range; aggregation work is
querier-1  | 2026-05-16T17:14:11.088231470Z -- dominated by group-by and merge across many files. 6h bins keep result
querier-1  | 2026-05-16T17:14:11.088232178Z -- cardinality manageable while still exercising the full date range.
querier-1  | 2026-05-16T17:14:11.088232845Z SELECT
querier-1  | 2026-05-16T17:14:11.088233428Z     DATE_BIN(INTERVAL '6 hours', time) AS bucket,
querier-1  | 2026-05-16T17:14:11.088234053Z     region,
querier-1  | 2026-05-16T17:14:11.088234595Z     AVG(temp) AS avg_temp,
querier-1  | 2026-05-16T17:14:11.088235261Z     APPROX_PERCENTILE_CONT(humidity, 0.95) AS p95_humidity
querier-1  | 2026-05-16T17:14:11.088235886Z FROM sensors
querier-1  | 2026-05-16T17:14:11.088236428Z WHERE time > now() - INTERVAL '8 weeks'
querier-1  | 2026-05-16T17:14:11.088237136Z GROUP BY bucket, region
querier-1  | 2026-05-16T17:14:11.088237678Z ORDER BY bucket, region format=Csv
querier-1  | 2026-05-16T17:14:11.088238303Z 2026-05-16T17:14:11.088177Z  INFO influxdb3_server::query_executor: executing sql query database=bench query=-- 6-hour downsampling over an 8-week window. Touches most parquet files
querier-1  | 2026-05-16T17:14:11.088239011Z -- since timestamps span the entire generated range; aggregation work is
querier-1  | 2026-05-16T17:14:11.088239553Z -- dominated by group-by and merge across many files. 6h bins keep result
querier-1  | 2026-05-16T17:14:11.088240178Z -- cardinality manageable while still exercising the full date range.
querier-1  | 2026-05-16T17:14:11.088240761Z SELECT
querier-1  | 2026-05-16T17:14:11.088241261Z     DATE_BIN(INTERVAL '6 hours', time) AS bucket,
querier-1  | 2026-05-16T17:14:11.088241803Z     region,
querier-1  | 2026-05-16T17:14:11.088242345Z     AVG(temp) AS avg_temp,
querier-1  | 2026-05-16T17:14:11.088242886Z     APPROX_PERCENTILE_CONT(humidity, 0.95) AS p95_humidity
querier-1  | 2026-05-16T17:14:11.088243470Z FROM sensors
querier-1  | 2026-05-16T17:14:11.088243970Z WHERE time > now() - INTERVAL '8 weeks'
querier-1  | 2026-05-16T17:14:11.088244553Z GROUP BY bucket, region
querier-1  | 2026-05-16T17:14:11.088245053Z ORDER BY bucket, region params=None
querier-1  | 2026-05-16T17:14:11.088247678Z 2026-05-16T17:14:11.088200Z  INFO iox_query::query_log: query when="received" id=c370cfa9-8c58-40cd-9a3a-15ab8d43d02e namespace_id=0 namespace_name="influxdb3 oss" query_type="sql" query_text=-- 6-hour downsampling over an 8-week window. Touches most parquet files
querier-1  | 2026-05-16T17:14:11.088248720Z -- since timestamps span the entire generated range; aggregation work is
querier-1  | 2026-05-16T17:14:11.088249345Z -- dominated by group-by and merge across many files. 6h bins keep result
querier-1  | 2026-05-16T17:14:11.088257595Z -- cardinality manageable while still exercising the full date range.
querier-1  | 2026-05-16T17:14:11.088258178Z SELECT
querier-1  | 2026-05-16T17:14:11.088258720Z     DATE_BIN(INTERVAL '6 hours', time) AS bucket,
querier-1  | 2026-05-16T17:14:11.088259178Z     region,
querier-1  | 2026-05-16T17:14:11.088259636Z     AVG(temp) AS avg_temp,
querier-1  | 2026-05-16T17:14:11.088260136Z     APPROX_PERCENTILE_CONT(humidity, 0.95) AS p95_humidity
querier-1  | 2026-05-16T17:14:11.088260636Z FROM sensors
querier-1  | 2026-05-16T17:14:11.088261095Z WHERE time > now() - INTERVAL '8 weeks'
querier-1  | 2026-05-16T17:14:11.088261595Z GROUP BY bucket, region
querier-1  | 2026-05-16T17:14:11.088262095Z ORDER BY bucket, region query_params=Params { } issue_time=2026-05-16T17:14:11.088199678+00:00 success=false running=true cancelled=false
querier-1  | 2026-05-16T17:14:11.107805136Z 2026-05-16T17:14:11.107699Z  INFO influxdb3_write::composite_write_buffer: composite get_table_chunks db_schema.id=DbId(1) table_def.table_id=TableId(0) local=4480 remote=0 tail=560 total=5040
querier-1  | 2026-05-16T17:14:11.113037511Z 2026-05-16T17:14:11.112970Z  WARN iox_query::physical_optimizer::dedup::split: cannot split dedup operation, fanout too wide n_split=560 max_dedup_split=100
querier-1  | 2026-05-16T17:14:11.132961220Z 2026-05-16T17:14:11.132857Z  INFO iox_query::query_log: query when="planned" id=c370cfa9-8c58-40cd-9a3a-15ab8d43d02e namespace_id=0 namespace_name="influxdb3 oss" query_type="sql" query_text=-- 6-hour downsampling over an 8-week window. Touches most parquet files
querier-1  | 2026-05-16T17:14:11.132976178Z -- since timestamps span the entire generated range; aggregation work is
querier-1  | 2026-05-16T17:14:11.132977303Z -- dominated by group-by and merge across many files. 6h bins keep result
querier-1  | 2026-05-16T17:14:11.132978261Z -- cardinality manageable while still exercising the full date range.
querier-1  | 2026-05-16T17:14:11.132979011Z SELECT
querier-1  | 2026-05-16T17:14:11.132979803Z     DATE_BIN(INTERVAL '6 hours', time) AS bucket,
querier-1  | 2026-05-16T17:14:11.132980511Z     region,
querier-1  | 2026-05-16T17:14:11.132981345Z     AVG(temp) AS avg_temp,
querier-1  | 2026-05-16T17:14:11.132982095Z     APPROX_PERCENTILE_CONT(humidity, 0.95) AS p95_humidity
querier-1  | 2026-05-16T17:14:11.132982845Z FROM sensors
querier-1  | 2026-05-16T17:14:11.132983511Z WHERE time > now() - INTERVAL '8 weeks'
querier-1  | 2026-05-16T17:14:11.132984428Z GROUP BY bucket, region
querier-1  | 2026-05-16T17:14:11.132985178Z ORDER BY bucket, region query_params=Params { } issue_time=2026-05-16T17:14:11.088199678+00:00 partitions=280 parquet_files=4480 deduplicated_partitions=280 deduplicated_parquet_files=4480 plan_duration_secs=0.043840167 success=false running=true cancelled=false
querier-1  | 2026-05-16T17:14:11.132986220Z 2026-05-16T17:14:11.132882Z  INFO iox_query::query_log: query when="permit" id=c370cfa9-8c58-40cd-9a3a-15ab8d43d02e namespace_id=0 namespace_name="influxdb3 oss" query_type="sql" query_text=-- 6-hour downsampling over an 8-week window. Touches most parquet files
querier-1  | 2026-05-16T17:14:11.132987386Z -- since timestamps span the entire generated range; aggregation work is
querier-1  | 2026-05-16T17:14:11.133006220Z -- dominated by group-by and merge across many files. 6h bins keep result
querier-1  | 2026-05-16T17:14:11.133007136Z -- cardinality manageable while still exercising the full date range.
querier-1  | 2026-05-16T17:14:11.133007886Z SELECT
querier-1  | 2026-05-16T17:14:11.133008553Z     DATE_BIN(INTERVAL '6 hours', time) AS bucket,
querier-1  | 2026-05-16T17:14:11.133009303Z     region,
querier-1  | 2026-05-16T17:14:11.133009970Z     AVG(temp) AS avg_temp,
querier-1  | 2026-05-16T17:14:11.133010678Z     APPROX_PERCENTILE_CONT(humidity, 0.95) AS p95_humidity
querier-1  | 2026-05-16T17:14:11.133011428Z FROM sensors
querier-1  | 2026-05-16T17:14:11.133012095Z WHERE time > now() - INTERVAL '8 weeks'
querier-1  | 2026-05-16T17:14:11.133012761Z GROUP BY bucket, region
querier-1  | 2026-05-16T17:14:11.133013428Z ORDER BY bucket, region query_params=Params { } issue_time=2026-05-16T17:14:11.088199678+00:00 partitions=280 parquet_files=4480 deduplicated_partitions=280 deduplicated_parquet_files=4480 plan_duration_secs=0.043840167 permit_duration_secs=0.00084225 success=false running=true cancelled=false
querier-1  | 2026-05-16T17:14:11.133201345Z 2026-05-16T17:14:11.133132Z  INFO iox_query::query_log: query when="success" id=c370cfa9-8c58-40cd-9a3a-15ab8d43d02e namespace_id=0 namespace_name="influxdb3 oss" query_type="sql" query_text=-- 6-hour downsampling over an 8-week window. Touches most parquet files
querier-1  | 2026-05-16T17:14:11.133210136Z -- since timestamps span the entire generated range; aggregation work is
querier-1  | 2026-05-16T17:14:11.133211136Z -- dominated by group-by and merge across many files. 6h bins keep result
querier-1  | 2026-05-16T17:14:11.133211886Z -- cardinality manageable while still exercising the full date range.
querier-1  | 2026-05-16T17:14:11.133212761Z SELECT
querier-1  | 2026-05-16T17:14:11.133213511Z     DATE_BIN(INTERVAL '6 hours', time) AS bucket,
querier-1  | 2026-05-16T17:14:11.133214136Z     region,
querier-1  | 2026-05-16T17:14:11.133214720Z     AVG(temp) AS avg_temp,
querier-1  | 2026-05-16T17:14:11.133215345Z     APPROX_PERCENTILE_CONT(humidity, 0.95) AS p95_humidity
querier-1  | 2026-05-16T17:14:11.133215970Z FROM sensors
querier-1  | 2026-05-16T17:14:11.133216511Z WHERE time > now() - INTERVAL '8 weeks'
querier-1  | 2026-05-16T17:14:11.133217261Z GROUP BY bucket, region
querier-1  | 2026-05-16T17:14:11.133219886Z ORDER BY bucket, region query_params=Params { } issue_time=2026-05-16T17:14:11.088199678+00:00 partitions=280 parquet_files=4480 deduplicated_partitions=280 deduplicated_parquet_files=4480 plan_duration_secs=0.043840167 permit_duration_secs=0.00084225 execute_duration_secs=0.000231666 end2end_duration_secs=0.04493175 compute_duration_secs=0.000198049 max_memory=5632 ingester_metrics.latency_to_plan_secs=0.0 ingester_metrics.latency_to_full_data_secs=0.0 ingester_metrics.response_rows=0 ingester_metrics.partition_count=0 ingester_metrics.response_size=0 success=true running=false cancelled=false
querier-1  | 2026-05-16T17:14:12.390828554Z 2026-05-16T17:14:12.390752Z  INFO influxdb3_server::http: handling query_sql database=bench query_str=-- 6-hour downsampling over an 8-week window. Touches most parquet files
querier-1  | 2026-05-16T17:14:12.390837554Z -- since timestamps span the entire generated range; aggregation work is
querier-1  | 2026-05-16T17:14:12.390838762Z -- dominated by group-by and merge across many files. 6h bins keep result
querier-1  | 2026-05-16T17:14:12.390845429Z -- cardinality manageable while still exercising the full date range.
querier-1  | 2026-05-16T17:14:12.390846304Z SELECT
querier-1  | 2026-05-16T17:14:12.390847054Z     DATE_BIN(INTERVAL '6 hours', time) AS bucket,
querier-1  | 2026-05-16T17:14:12.390847887Z     region,
querier-1  | 2026-05-16T17:14:12.390848720Z     AVG(temp) AS avg_temp,
querier-1  | 2026-05-16T17:14:12.390849512Z     APPROX_PERCENTILE_CONT(humidity, 0.95) AS p95_humidity
querier-1  | 2026-05-16T17:14:12.390850345Z FROM sensors
querier-1  | 2026-05-16T17:14:12.390851054Z WHERE time > now() - INTERVAL '8 weeks'
querier-1  | 2026-05-16T17:14:12.390851929Z GROUP BY bucket, region
querier-1  | 2026-05-16T17:14:12.390852595Z ORDER BY bucket, region format=Csv
querier-1  | 2026-05-16T17:14:12.390853304Z 2026-05-16T17:14:12.390777Z  INFO influxdb3_server::query_executor: executing sql query database=bench query=-- 6-hour downsampling over an 8-week window. Touches most parquet files
querier-1  | 2026-05-16T17:14:12.390854220Z -- since timestamps span the entire generated range; aggregation work is
querier-1  | 2026-05-16T17:14:12.390855012Z -- dominated by group-by and merge across many files. 6h bins keep result
querier-1  | 2026-05-16T17:14:12.390855762Z -- cardinality manageable while still exercising the full date range.
querier-1  | 2026-05-16T17:14:12.390856554Z SELECT
querier-1  | 2026-05-16T17:14:12.390858554Z     DATE_BIN(INTERVAL '6 hours', time) AS bucket,
querier-1  | 2026-05-16T17:14:12.390859345Z     region,
querier-1  | 2026-05-16T17:14:12.390859970Z     AVG(temp) AS avg_temp,
querier-1  | 2026-05-16T17:14:12.390860637Z     APPROX_PERCENTILE_CONT(humidity, 0.95) AS p95_humidity
querier-1  | 2026-05-16T17:14:12.390861345Z FROM sensors
querier-1  | 2026-05-16T17:14:12.390862054Z WHERE time > now() - INTERVAL '8 weeks'
querier-1  | 2026-05-16T17:14:12.390862762Z GROUP BY bucket, region
querier-1  | 2026-05-16T17:14:12.390863429Z ORDER BY bucket, region params=None
querier-1  | 2026-05-16T17:14:12.390865179Z 2026-05-16T17:14:12.390804Z  INFO iox_query::query_log: query when="received" id=ff068f44-6969-45db-9c37-706b08a08902 namespace_id=0 namespace_name="influxdb3 oss" query_type="sql" query_text=-- 6-hour downsampling over an 8-week window. Touches most parquet files
querier-1  | 2026-05-16T17:14:12.390866470Z -- since timestamps span the entire generated range; aggregation work is
querier-1  | 2026-05-16T17:14:12.390867220Z -- dominated by group-by and merge across many files. 6h bins keep result
querier-1  | 2026-05-16T17:14:12.390868012Z -- cardinality manageable while still exercising the full date range.
querier-1  | 2026-05-16T17:14:12.390868762Z SELECT
querier-1  | 2026-05-16T17:14:12.390869429Z     DATE_BIN(INTERVAL '6 hours', time) AS bucket,
querier-1  | 2026-05-16T17:14:12.390870137Z     region,
querier-1  | 2026-05-16T17:14:12.390870804Z     AVG(temp) AS avg_temp,
querier-1  | 2026-05-16T17:14:12.390871470Z     APPROX_PERCENTILE_CONT(humidity, 0.95) AS p95_humidity
querier-1  | 2026-05-16T17:14:12.390872220Z FROM sensors
querier-1  | 2026-05-16T17:14:12.390872887Z WHERE time > now() - INTERVAL '8 weeks'
querier-1  | 2026-05-16T17:14:12.390874554Z GROUP BY bucket, region
querier-1  | 2026-05-16T17:14:12.390875304Z ORDER BY bucket, region query_params=Params { } issue_time=2026-05-16T17:14:12.390803720+00:00 success=false running=true cancelled=false
querier-1  | 2026-05-16T17:14:12.411884887Z 2026-05-16T17:14:12.411783Z  INFO influxdb3_write::composite_write_buffer: composite get_table_chunks db_schema.id=DbId(1) table_def.table_id=TableId(0) local=4480 remote=0 tail=560 total=5040
querier-1  | 2026-05-16T17:14:12.417638970Z 2026-05-16T17:14:12.417564Z  WARN iox_query::physical_optimizer::dedup::split: cannot split dedup operation, fanout too wide n_split=560 max_dedup_split=100
querier-1  | 2026-05-16T17:14:12.438768220Z 2026-05-16T17:14:12.438640Z  INFO iox_query::query_log: query when="planned" id=ff068f44-6969-45db-9c37-706b08a08902 namespace_id=0 namespace_name="influxdb3 oss" query_type="sql" query_text=-- 6-hour downsampling over an 8-week window. Touches most parquet files
querier-1  | 2026-05-16T17:14:12.438793304Z -- since timestamps span the entire generated range; aggregation work is
querier-1  | 2026-05-16T17:14:12.438794804Z -- dominated by group-by and merge across many files. 6h bins keep result
querier-1  | 2026-05-16T17:14:12.438795929Z -- cardinality manageable while still exercising the full date range.
querier-1  | 2026-05-16T17:14:12.438797179Z SELECT
querier-1  | 2026-05-16T17:14:12.438798095Z     DATE_BIN(INTERVAL '6 hours', time) AS bucket,
querier-1  | 2026-05-16T17:14:12.438798845Z     region,
querier-1  | 2026-05-16T17:14:12.438799554Z     AVG(temp) AS avg_temp,
querier-1  | 2026-05-16T17:14:12.438800262Z     APPROX_PERCENTILE_CONT(humidity, 0.95) AS p95_humidity
querier-1  | 2026-05-16T17:14:12.438801012Z FROM sensors
querier-1  | 2026-05-16T17:14:12.438801637Z WHERE time > now() - INTERVAL '8 weeks'
querier-1  | 2026-05-16T17:14:12.438802637Z GROUP BY bucket, region
querier-1  | 2026-05-16T17:14:12.438803387Z ORDER BY bucket, region query_params=Params { } issue_time=2026-05-16T17:14:12.390803720+00:00 partitions=280 parquet_files=4480 deduplicated_partitions=280 deduplicated_parquet_files=4480 plan_duration_secs=0.047013584 success=false running=true cancelled=false
querier-1  | 2026-05-16T17:14:12.438804429Z 2026-05-16T17:14:12.438667Z  INFO iox_query::query_log: query when="permit" id=ff068f44-6969-45db-9c37-706b08a08902 namespace_id=0 namespace_name="influxdb3 oss" query_type="sql" query_text=-- 6-hour downsampling over an 8-week window. Touches most parquet files
querier-1  | 2026-05-16T17:14:12.438805595Z -- since timestamps span the entire generated range; aggregation work is
querier-1  | 2026-05-16T17:14:12.438806345Z -- dominated by group-by and merge across many files. 6h bins keep result
querier-1  | 2026-05-16T17:14:12.438807095Z -- cardinality manageable while still exercising the full date range.
querier-1  | 2026-05-16T17:14:12.438807845Z SELECT
querier-1  | 2026-05-16T17:14:12.438808512Z     DATE_BIN(INTERVAL '6 hours', time) AS bucket,
querier-1  | 2026-05-16T17:14:12.438809262Z     region,
querier-1  | 2026-05-16T17:14:12.438809929Z     AVG(temp) AS avg_temp,
querier-1  | 2026-05-16T17:14:12.438810595Z     APPROX_PERCENTILE_CONT(humidity, 0.95) AS p95_humidity
querier-1  | 2026-05-16T17:14:12.438811304Z FROM sensors
querier-1  | 2026-05-16T17:14:12.438822095Z WHERE time > now() - INTERVAL '8 weeks'
querier-1  | 2026-05-16T17:14:12.438822887Z GROUP BY bucket, region
querier-1  | 2026-05-16T17:14:12.438823554Z ORDER BY bucket, region query_params=Params { } issue_time=2026-05-16T17:14:12.390803720+00:00 partitions=280 parquet_files=4480 deduplicated_partitions=280 deduplicated_parquet_files=4480 plan_duration_secs=0.047013584 permit_duration_secs=0.000849916 success=false running=true cancelled=false
querier-1  | 2026-05-16T17:14:12.439056679Z 2026-05-16T17:14:12.438994Z  INFO iox_query::query_log: query when="success" id=ff068f44-6969-45db-9c37-706b08a08902 namespace_id=0 namespace_name="influxdb3 oss" query_type="sql" query_text=-- 6-hour downsampling over an 8-week window. Touches most parquet files
querier-1  | 2026-05-16T17:14:12.439060179Z -- since timestamps span the entire generated range; aggregation work is
querier-1  | 2026-05-16T17:14:12.439061054Z -- dominated by group-by and merge across many files. 6h bins keep result
querier-1  | 2026-05-16T17:14:12.439061845Z -- cardinality manageable while still exercising the full date range.
querier-1  | 2026-05-16T17:14:12.439062595Z SELECT
querier-1  | 2026-05-16T17:14:12.439063345Z     DATE_BIN(INTERVAL '6 hours', time) AS bucket,
querier-1  | 2026-05-16T17:14:12.439064137Z     region,
querier-1  | 2026-05-16T17:14:12.439064845Z     AVG(temp) AS avg_temp,
querier-1  | 2026-05-16T17:14:12.439065637Z     APPROX_PERCENTILE_CONT(humidity, 0.95) AS p95_humidity
querier-1  | 2026-05-16T17:14:12.439066387Z FROM sensors
querier-1  | 2026-05-16T17:14:12.439067054Z WHERE time > now() - INTERVAL '8 weeks'
querier-1  | 2026-05-16T17:14:12.439067887Z GROUP BY bucket, region
querier-1  | 2026-05-16T17:14:12.439068637Z ORDER BY bucket, region query_params=Params { } issue_time=2026-05-16T17:14:12.390803720+00:00 partitions=280 parquet_files=4480 deduplicated_partitions=280 deduplicated_parquet_files=4480 plan_duration_secs=0.047013584 permit_duration_secs=0.000849916 execute_duration_secs=0.00030375 end2end_duration_secs=0.048189709 compute_duration_secs=0.000309527 max_memory=2816 ingester_metrics.latency_to_plan_secs=0.0 ingester_metrics.latency_to_full_data_secs=0.0 ingester_metrics.response_rows=0 ingester_metrics.partition_count=0 ingester_metrics.response_size=0 success=true running=false cancelled=false
querier-1  | 2026-05-16T17:14:13.688389471Z 2026-05-16T17:14:13.688300Z  INFO influxdb3_server::http: handling query_sql database=bench query_str=-- 6-hour downsampling over an 8-week window. Touches most parquet files
querier-1  | 2026-05-16T17:14:13.688398471Z -- since timestamps span the entire generated range; aggregation work is
querier-1  | 2026-05-16T17:14:13.688399679Z -- dominated by group-by and merge across many files. 6h bins keep result
querier-1  | 2026-05-16T17:14:13.688400429Z -- cardinality manageable while still exercising the full date range.
querier-1  | 2026-05-16T17:14:13.688401096Z SELECT
querier-1  | 2026-05-16T17:14:13.688401679Z     DATE_BIN(INTERVAL '6 hours', time) AS bucket,
querier-1  | 2026-05-16T17:14:13.688403513Z     region,
querier-1  | 2026-05-16T17:14:13.688404263Z     AVG(temp) AS avg_temp,
querier-1  | 2026-05-16T17:14:13.688404846Z     APPROX_PERCENTILE_CONT(humidity, 0.95) AS p95_humidity
querier-1  | 2026-05-16T17:14:13.688405429Z FROM sensors
querier-1  | 2026-05-16T17:14:13.688412221Z WHERE time > now() - INTERVAL '8 weeks'
querier-1  | 2026-05-16T17:14:13.688413304Z GROUP BY bucket, region
querier-1  | 2026-05-16T17:14:13.688413888Z ORDER BY bucket, region format=Csv
querier-1  | 2026-05-16T17:14:13.688414471Z 2026-05-16T17:14:13.688321Z  INFO influxdb3_server::query_executor: executing sql query database=bench query=-- 6-hour downsampling over an 8-week window. Touches most parquet files
querier-1  | 2026-05-16T17:14:13.688415221Z -- since timestamps span the entire generated range; aggregation work is
querier-1  | 2026-05-16T17:14:13.688415971Z -- dominated by group-by and merge across many files. 6h bins keep result
querier-1  | 2026-05-16T17:14:13.688416554Z -- cardinality manageable while still exercising the full date range.
querier-1  | 2026-05-16T17:14:13.688417179Z SELECT
querier-1  | 2026-05-16T17:14:13.688417721Z     DATE_BIN(INTERVAL '6 hours', time) AS bucket,
querier-1  | 2026-05-16T17:14:13.688418304Z     region,
querier-1  | 2026-05-16T17:14:13.688418846Z     AVG(temp) AS avg_temp,
querier-1  | 2026-05-16T17:14:13.688419429Z     APPROX_PERCENTILE_CONT(humidity, 0.95) AS p95_humidity
querier-1  | 2026-05-16T17:14:13.688420013Z FROM sensors
querier-1  | 2026-05-16T17:14:13.688420554Z WHERE time > now() - INTERVAL '8 weeks'
querier-1  | 2026-05-16T17:14:13.688421138Z GROUP BY bucket, region
querier-1  | 2026-05-16T17:14:13.688421679Z ORDER BY bucket, region params=None
querier-1  | 2026-05-16T17:14:13.688422304Z 2026-05-16T17:14:13.688346Z  INFO iox_query::query_log: query when="received" id=09592818-59ca-498d-b427-3bb2e1463921 namespace_id=0 namespace_name="influxdb3 oss" query_type="sql" query_text=-- 6-hour downsampling over an 8-week window. Touches most parquet files
querier-1  | 2026-05-16T17:14:13.688423304Z -- since timestamps span the entire generated range; aggregation work is
querier-1  | 2026-05-16T17:14:13.688423929Z -- dominated by group-by and merge across many files. 6h bins keep result
querier-1  | 2026-05-16T17:14:13.688424513Z -- cardinality manageable while still exercising the full date range.
querier-1  | 2026-05-16T17:14:13.688425096Z SELECT
querier-1  | 2026-05-16T17:14:13.688425638Z     DATE_BIN(INTERVAL '6 hours', time) AS bucket,
querier-1  | 2026-05-16T17:14:13.688426221Z     region,
querier-1  | 2026-05-16T17:14:13.688426763Z     AVG(temp) AS avg_temp,
querier-1  | 2026-05-16T17:14:13.688427304Z     APPROX_PERCENTILE_CONT(humidity, 0.95) AS p95_humidity
querier-1  | 2026-05-16T17:14:13.688427888Z FROM sensors
querier-1  | 2026-05-16T17:14:13.688428429Z WHERE time > now() - INTERVAL '8 weeks'
querier-1  | 2026-05-16T17:14:13.688428971Z GROUP BY bucket, region
querier-1  | 2026-05-16T17:14:13.688429763Z ORDER BY bucket, region query_params=Params { } issue_time=2026-05-16T17:14:13.688345138+00:00 success=false running=true cancelled=false
querier-1  | 2026-05-16T17:14:13.708830429Z 2026-05-16T17:14:13.708736Z  INFO influxdb3_write::composite_write_buffer: composite get_table_chunks db_schema.id=DbId(1) table_def.table_id=TableId(0) local=4480 remote=0 tail=560 total=5040
querier-1  | 2026-05-16T17:14:13.713899804Z 2026-05-16T17:14:13.713839Z  WARN iox_query::physical_optimizer::dedup::split: cannot split dedup operation, fanout too wide n_split=560 max_dedup_split=100
querier-1  | 2026-05-16T17:14:13.734588388Z 2026-05-16T17:14:13.734501Z  INFO iox_query::query_log: query when="planned" id=09592818-59ca-498d-b427-3bb2e1463921 namespace_id=0 namespace_name="influxdb3 oss" query_type="sql" query_text=-- 6-hour downsampling over an 8-week window. Touches most parquet files
querier-1  | 2026-05-16T17:14:13.734604638Z -- since timestamps span the entire generated range; aggregation work is
querier-1  | 2026-05-16T17:14:13.734606096Z -- dominated by group-by and merge across many files. 6h bins keep result
querier-1  | 2026-05-16T17:14:13.734606971Z -- cardinality manageable while still exercising the full date range.
querier-1  | 2026-05-16T17:14:13.734607929Z SELECT
querier-1  | 2026-05-16T17:14:13.734608596Z     DATE_BIN(INTERVAL '6 hours', time) AS bucket,
querier-1  | 2026-05-16T17:14:13.734611096Z     region,
querier-1  | 2026-05-16T17:14:13.734611679Z     AVG(temp) AS avg_temp,
querier-1  | 2026-05-16T17:14:13.734612263Z     APPROX_PERCENTILE_CONT(humidity, 0.95) AS p95_humidity
querier-1  | 2026-05-16T17:14:13.734612846Z FROM sensors
querier-1  | 2026-05-16T17:14:13.734613388Z WHERE time > now() - INTERVAL '8 weeks'
querier-1  | 2026-05-16T17:14:13.734614138Z GROUP BY bucket, region
querier-1  | 2026-05-16T17:14:13.734614721Z ORDER BY bucket, region query_params=Params { } issue_time=2026-05-16T17:14:13.688345138+00:00 partitions=280 parquet_files=4480 deduplicated_partitions=280 deduplicated_parquet_files=4480 plan_duration_secs=0.0453465 success=false running=true cancelled=false
querier-1  | 2026-05-16T17:14:13.734615513Z 2026-05-16T17:14:13.734529Z  INFO iox_query::query_log: query when="permit" id=09592818-59ca-498d-b427-3bb2e1463921 namespace_id=0 namespace_name="influxdb3 oss" query_type="sql" query_text=-- 6-hour downsampling over an 8-week window. Touches most parquet files
querier-1  | 2026-05-16T17:14:13.734616429Z -- since timestamps span the entire generated range; aggregation work is
querier-1  | 2026-05-16T17:14:13.734617013Z -- dominated by group-by and merge across many files. 6h bins keep result
querier-1  | 2026-05-16T17:14:13.734617596Z -- cardinality manageable while still exercising the full date range.
querier-1  | 2026-05-16T17:14:13.734618179Z SELECT
querier-1  | 2026-05-16T17:14:13.734618721Z     DATE_BIN(INTERVAL '6 hours', time) AS bucket,
querier-1  | 2026-05-16T17:14:13.734619304Z     region,
querier-1  | 2026-05-16T17:14:13.734619846Z     AVG(temp) AS avg_temp,
querier-1  | 2026-05-16T17:14:13.734620388Z     APPROX_PERCENTILE_CONT(humidity, 0.95) AS p95_humidity
querier-1  | 2026-05-16T17:14:13.734620971Z FROM sensors
querier-1  | 2026-05-16T17:14:13.734621471Z WHERE time > now() - INTERVAL '8 weeks'
querier-1  | 2026-05-16T17:14:13.734622054Z GROUP BY bucket, region
querier-1  | 2026-05-16T17:14:13.734622638Z ORDER BY bucket, region query_params=Params { } issue_time=2026-05-16T17:14:13.688345138+00:00 partitions=280 parquet_files=4480 deduplicated_partitions=280 deduplicated_parquet_files=4480 plan_duration_secs=0.0453465 permit_duration_secs=0.000837 success=false running=true cancelled=false
querier-1  | 2026-05-16T17:14:13.734853804Z 2026-05-16T17:14:13.734780Z  INFO iox_query::query_log: query when="success" id=09592818-59ca-498d-b427-3bb2e1463921 namespace_id=0 namespace_name="influxdb3 oss" query_type="sql" query_text=-- 6-hour downsampling over an 8-week window. Touches most parquet files
querier-1  | 2026-05-16T17:14:13.734865346Z -- since timestamps span the entire generated range; aggregation work is
querier-1  | 2026-05-16T17:14:13.734866763Z -- dominated by group-by and merge across many files. 6h bins keep result
querier-1  | 2026-05-16T17:14:13.734867596Z -- cardinality manageable while still exercising the full date range.
querier-1  | 2026-05-16T17:14:13.734868304Z SELECT
querier-1  | 2026-05-16T17:14:13.734868888Z     DATE_BIN(INTERVAL '6 hours', time) AS bucket,
querier-1  | 2026-05-16T17:14:13.734869513Z     region,
querier-1  | 2026-05-16T17:14:13.734870054Z     AVG(temp) AS avg_temp,
querier-1  | 2026-05-16T17:14:13.734870638Z     APPROX_PERCENTILE_CONT(humidity, 0.95) AS p95_humidity
querier-1  | 2026-05-16T17:14:13.734871221Z FROM sensors
querier-1  | 2026-05-16T17:14:13.734871763Z WHERE time > now() - INTERVAL '8 weeks'
querier-1  | 2026-05-16T17:14:13.734872429Z GROUP BY bucket, region
querier-1  | 2026-05-16T17:14:13.734873096Z ORDER BY bucket, region query_params=Params { } issue_time=2026-05-16T17:14:13.688345138+00:00 partitions=280 parquet_files=4480 deduplicated_partitions=280 deduplicated_parquet_files=4480 plan_duration_secs=0.0453465 permit_duration_secs=0.000837 execute_duration_secs=0.000235333 end2end_duration_secs=0.046434916 compute_duration_secs=0.000200512 max_memory=0 ingester_metrics.latency_to_plan_secs=0.0 ingester_metrics.latency_to_full_data_secs=0.0 ingester_metrics.response_rows=0 ingester_metrics.partition_count=0 ingester_metrics.response_size=0 success=true running=false cancelled=false
querier-1  | 2026-05-16T17:14:14.984229097Z 2026-05-16T17:14:14.984162Z  INFO influxdb3_server::http: handling query_sql database=bench query_str=-- 6-hour downsampling over an 8-week window. Touches most parquet files
querier-1  | 2026-05-16T17:14:14.984237138Z -- since timestamps span the entire generated range; aggregation work is
querier-1  | 2026-05-16T17:14:14.984238305Z -- dominated by group-by and merge across many files. 6h bins keep result
querier-1  | 2026-05-16T17:14:14.984239055Z -- cardinality manageable while still exercising the full date range.
querier-1  | 2026-05-16T17:14:14.984239680Z SELECT
querier-1  | 2026-05-16T17:14:14.984240347Z     DATE_BIN(INTERVAL '6 hours', time) AS bucket,
querier-1  | 2026-05-16T17:14:14.984240972Z     region,
querier-1  | 2026-05-16T17:14:14.984241513Z     AVG(temp) AS avg_temp,
querier-1  | 2026-05-16T17:14:14.984242097Z     APPROX_PERCENTILE_CONT(humidity, 0.95) AS p95_humidity
querier-1  | 2026-05-16T17:14:14.984242722Z FROM sensors
querier-1  | 2026-05-16T17:14:14.984243263Z WHERE time > now() - INTERVAL '8 weeks'
querier-1  | 2026-05-16T17:14:14.984244013Z GROUP BY bucket, region
querier-1  | 2026-05-16T17:14:14.984244555Z ORDER BY bucket, region format=Csv
querier-1  | 2026-05-16T17:14:14.984245138Z 2026-05-16T17:14:14.984181Z  INFO influxdb3_server::query_executor: executing sql query database=bench query=-- 6-hour downsampling over an 8-week window. Touches most parquet files
querier-1  | 2026-05-16T17:14:14.984245888Z -- since timestamps span the entire generated range; aggregation work is
querier-1  | 2026-05-16T17:14:14.984246472Z -- dominated by group-by and merge across many files. 6h bins keep result
querier-1  | 2026-05-16T17:14:14.984252805Z -- cardinality manageable while still exercising the full date range.
querier-1  | 2026-05-16T17:14:14.984253472Z SELECT
querier-1  | 2026-05-16T17:14:14.984254013Z     DATE_BIN(INTERVAL '6 hours', time) AS bucket,
querier-1  | 2026-05-16T17:14:14.984254555Z     region,
querier-1  | 2026-05-16T17:14:14.984255097Z     AVG(temp) AS avg_temp,
querier-1  | 2026-05-16T17:14:14.984255638Z     APPROX_PERCENTILE_CONT(humidity, 0.95) AS p95_humidity
querier-1  | 2026-05-16T17:14:14.984256222Z FROM sensors
querier-1  | 2026-05-16T17:14:14.984256722Z WHERE time > now() - INTERVAL '8 weeks'
querier-1  | 2026-05-16T17:14:14.984257305Z GROUP BY bucket, region
querier-1  | 2026-05-16T17:14:14.984257847Z ORDER BY bucket, region params=None
querier-1  | 2026-05-16T17:14:14.984260388Z 2026-05-16T17:14:14.984206Z  INFO iox_query::query_log: query when="received" id=904e643c-3db5-46b2-9808-483ffa31c2e9 namespace_id=0 namespace_name="influxdb3 oss" query_type="sql" query_text=-- 6-hour downsampling over an 8-week window. Touches most parquet files
querier-1  | 2026-05-16T17:14:14.984261347Z -- since timestamps span the entire generated range; aggregation work is
querier-1  | 2026-05-16T17:14:14.984261888Z -- dominated by group-by and merge across many files. 6h bins keep result
querier-1  | 2026-05-16T17:14:14.984262388Z -- cardinality manageable while still exercising the full date range.
querier-1  | 2026-05-16T17:14:14.984262930Z SELECT
querier-1  | 2026-05-16T17:14:14.984263347Z     DATE_BIN(INTERVAL '6 hours', time) AS bucket,
querier-1  | 2026-05-16T17:14:14.984263847Z     region,
querier-1  | 2026-05-16T17:14:14.984264305Z     AVG(temp) AS avg_temp,
querier-1  | 2026-05-16T17:14:14.984264763Z     APPROX_PERCENTILE_CONT(humidity, 0.95) AS p95_humidity
querier-1  | 2026-05-16T17:14:14.984265263Z FROM sensors
querier-1  | 2026-05-16T17:14:14.984265722Z WHERE time > now() - INTERVAL '8 weeks'
querier-1  | 2026-05-16T17:14:14.984266263Z GROUP BY bucket, region
querier-1  | 2026-05-16T17:14:14.984266763Z ORDER BY bucket, region query_params=Params { } issue_time=2026-05-16T17:14:14.984205013+00:00 success=false running=true cancelled=false
querier-1  | 2026-05-16T17:14:15.004158555Z 2026-05-16T17:14:15.004055Z  INFO influxdb3_write::composite_write_buffer: composite get_table_chunks db_schema.id=DbId(1) table_def.table_id=TableId(0) local=4480 remote=0 tail=560 total=5040
querier-1  | 2026-05-16T17:14:15.009718138Z 2026-05-16T17:14:15.009639Z  WARN iox_query::physical_optimizer::dedup::split: cannot split dedup operation, fanout too wide n_split=560 max_dedup_split=100
querier-1  | 2026-05-16T17:14:15.030436388Z 2026-05-16T17:14:15.030307Z  INFO iox_query::query_log: query when="planned" id=904e643c-3db5-46b2-9808-483ffa31c2e9 namespace_id=0 namespace_name="influxdb3 oss" query_type="sql" query_text=-- 6-hour downsampling over an 8-week window. Touches most parquet files
querier-1  | 2026-05-16T17:14:15.030457638Z -- since timestamps span the entire generated range; aggregation work is
querier-1  | 2026-05-16T17:14:15.030459013Z -- dominated by group-by and merge across many files. 6h bins keep result
querier-1  | 2026-05-16T17:14:15.030459930Z -- cardinality manageable while still exercising the full date range.
querier-1  | 2026-05-16T17:14:15.030470472Z SELECT
querier-1  | 2026-05-16T17:14:15.030471472Z     DATE_BIN(INTERVAL '6 hours', time) AS bucket,
querier-1  | 2026-05-16T17:14:15.030472263Z     region,
querier-1  | 2026-05-16T17:14:15.030473013Z     AVG(temp) AS avg_temp,
querier-1  | 2026-05-16T17:14:15.030473763Z     APPROX_PERCENTILE_CONT(humidity, 0.95) AS p95_humidity
querier-1  | 2026-05-16T17:14:15.030474513Z FROM sensors
querier-1  | 2026-05-16T17:14:15.030475222Z WHERE time > now() - INTERVAL '8 weeks'
querier-1  | 2026-05-16T17:14:15.030476222Z GROUP BY bucket, region
querier-1  | 2026-05-16T17:14:15.030477013Z ORDER BY bucket, region query_params=Params { } issue_time=2026-05-16T17:14:14.984205013+00:00 partitions=280 parquet_files=4480 deduplicated_partitions=280 deduplicated_parquet_files=4480 plan_duration_secs=0.045308667 success=false running=true cancelled=false
querier-1  | 2026-05-16T17:14:15.030478013Z 2026-05-16T17:14:15.030333Z  INFO iox_query::query_log: query when="permit" id=904e643c-3db5-46b2-9808-483ffa31c2e9 namespace_id=0 namespace_name="influxdb3 oss" query_type="sql" query_text=-- 6-hour downsampling over an 8-week window. Touches most parquet files
querier-1  | 2026-05-16T17:14:15.030478972Z -- since timestamps span the entire generated range; aggregation work is
querier-1  | 2026-05-16T17:14:15.030479555Z -- dominated by group-by and merge across many files. 6h bins keep result
querier-1  | 2026-05-16T17:14:15.030480180Z -- cardinality manageable while still exercising the full date range.
querier-1  | 2026-05-16T17:14:15.030480763Z SELECT
querier-1  | 2026-05-16T17:14:15.030481305Z     DATE_BIN(INTERVAL '6 hours', time) AS bucket,
querier-1  | 2026-05-16T17:14:15.030481888Z     region,
querier-1  | 2026-05-16T17:14:15.030482430Z     AVG(temp) AS avg_temp,
querier-1  | 2026-05-16T17:14:15.030482972Z     APPROX_PERCENTILE_CONT(humidity, 0.95) AS p95_humidity
querier-1  | 2026-05-16T17:14:15.030483555Z FROM sensors
querier-1  | 2026-05-16T17:14:15.030484055Z WHERE time > now() - INTERVAL '8 weeks'
querier-1  | 2026-05-16T17:14:15.030484638Z GROUP BY bucket, region
querier-1  | 2026-05-16T17:14:15.030485222Z ORDER BY bucket, region query_params=Params { } issue_time=2026-05-16T17:14:14.984205013+00:00 partitions=280 parquet_files=4480 deduplicated_partitions=280 deduplicated_parquet_files=4480 plan_duration_secs=0.045308667 permit_duration_secs=0.000818833 success=false running=true cancelled=false
querier-1  | 2026-05-16T17:14:15.030725638Z 2026-05-16T17:14:15.030671Z  INFO iox_query::query_log: query when="success" id=904e643c-3db5-46b2-9808-483ffa31c2e9 namespace_id=0 namespace_name="influxdb3 oss" query_type="sql" query_text=-- 6-hour downsampling over an 8-week window. Touches most parquet files
querier-1  | 2026-05-16T17:14:15.030729805Z -- since timestamps span the entire generated range; aggregation work is
querier-1  | 2026-05-16T17:14:15.030730680Z -- dominated by group-by and merge across many files. 6h bins keep result
querier-1  | 2026-05-16T17:14:15.030731513Z -- cardinality manageable while still exercising the full date range.
querier-1  | 2026-05-16T17:14:15.030732305Z SELECT
querier-1  | 2026-05-16T17:14:15.030733055Z     DATE_BIN(INTERVAL '6 hours', time) AS bucket,
querier-1  | 2026-05-16T17:14:15.030733805Z     region,
querier-1  | 2026-05-16T17:14:15.030738722Z     AVG(temp) AS avg_temp,
querier-1  | 2026-05-16T17:14:15.030739597Z     APPROX_PERCENTILE_CONT(humidity, 0.95) AS p95_humidity
querier-1  | 2026-05-16T17:14:15.030740388Z FROM sensors
querier-1  | 2026-05-16T17:14:15.030741055Z WHERE time > now() - INTERVAL '8 weeks'
querier-1  | 2026-05-16T17:14:15.030741847Z GROUP BY bucket, region
querier-1  | 2026-05-16T17:14:15.030744138Z ORDER BY bucket, region query_params=Params { } issue_time=2026-05-16T17:14:14.984205013+00:00 partitions=280 parquet_files=4480 deduplicated_partitions=280 deduplicated_parquet_files=4480 plan_duration_secs=0.045308667 permit_duration_secs=0.000818833 execute_duration_secs=0.000287542 end2end_duration_secs=0.046464292 compute_duration_secs=0.000318982 max_memory=8448 ingester_metrics.latency_to_plan_secs=0.0 ingester_metrics.latency_to_full_data_secs=0.0 ingester_metrics.response_rows=0 ingester_metrics.partition_count=0 ingester_metrics.response_size=0 success=true running=false cancelled=false
querier-1  | 2026-05-16T17:14:16.308055833Z 2026-05-16T17:14:16.307987Z  INFO influxdb3_server::http: handling query_sql database=bench query_str=-- 1-week recent window — exercises the gen1-heavy tail. Most recent data
querier-1  | 2026-05-16T17:14:16.308062625Z -- still sits in many small gen1 files; compaction should already be
querier-1  | 2026-05-16T17:14:16.308063791Z -- promoting older portions of this window to gen2/3.
querier-1  | 2026-05-16T17:14:16.308064625Z SELECT region, AVG(temp), COUNT(*)
querier-1  | 2026-05-16T17:14:16.308065375Z FROM sensors
querier-1  | 2026-05-16T17:14:16.308066083Z WHERE time > now() - INTERVAL '1 week'
querier-1  | 2026-05-16T17:14:16.308067000Z GROUP BY region format=Csv
querier-1  | 2026-05-16T17:14:16.308067833Z 2026-05-16T17:14:16.308011Z  INFO influxdb3_server::query_executor: executing sql query database=bench query=-- 1-week recent window — exercises the gen1-heavy tail. Most recent data
querier-1  | 2026-05-16T17:14:16.308068875Z -- still sits in many small gen1 files; compaction should already be
querier-1  | 2026-05-16T17:14:16.308069625Z -- promoting older portions of this window to gen2/3.
querier-1  | 2026-05-16T17:14:16.308070333Z SELECT region, AVG(temp), COUNT(*)
querier-1  | 2026-05-16T17:14:16.308071000Z FROM sensors
querier-1  | 2026-05-16T17:14:16.308071666Z WHERE time > now() - INTERVAL '1 week'
querier-1  | 2026-05-16T17:14:16.308072333Z GROUP BY region params=None
querier-1  | 2026-05-16T17:14:16.308117333Z 2026-05-16T17:14:16.308071Z  INFO iox_query::query_log: query when="received" id=c483c16f-5aa1-417d-baa0-fd2c902a7daf namespace_id=0 namespace_name="influxdb3 oss" query_type="sql" query_text=-- 1-week recent window — exercises the gen1-heavy tail. Most recent data
querier-1  | 2026-05-16T17:14:16.308120416Z -- still sits in many small gen1 files; compaction should already be
querier-1  | 2026-05-16T17:14:16.308121208Z -- promoting older portions of this window to gen2/3.
querier-1  | 2026-05-16T17:14:16.308121916Z SELECT region, AVG(temp), COUNT(*)
querier-1  | 2026-05-16T17:14:16.308122583Z FROM sensors
querier-1  | 2026-05-16T17:14:16.308123250Z WHERE time > now() - INTERVAL '1 week'
querier-1  | 2026-05-16T17:14:16.308124000Z GROUP BY region query_params=Params { } issue_time=2026-05-16T17:14:16.308070+00:00 success=false running=true cancelled=false
querier-1  | 2026-05-16T17:14:16.318297833Z 2026-05-16T17:14:16.318194Z  INFO influxdb3_write::composite_write_buffer: composite get_table_chunks db_schema.id=DbId(1) table_def.table_id=TableId(0) local=560 remote=0 tail=70 total=630
querier-1  | 2026-05-16T17:14:16.344882333Z 2026-05-16T17:14:16.344792Z  INFO iox_query::query_log: query when="planned" id=c483c16f-5aa1-417d-baa0-fd2c902a7daf namespace_id=0 namespace_name="influxdb3 oss" query_type="sql" query_text=-- 1-week recent window — exercises the gen1-heavy tail. Most recent data
querier-1  | 2026-05-16T17:14:16.344896000Z -- still sits in many small gen1 files; compaction should already be
querier-1  | 2026-05-16T17:14:16.344896916Z -- promoting older portions of this window to gen2/3.
querier-1  | 2026-05-16T17:14:16.344897583Z SELECT region, AVG(temp), COUNT(*)
querier-1  | 2026-05-16T17:14:16.344898333Z FROM sensors
querier-1  | 2026-05-16T17:14:16.344898916Z WHERE time > now() - INTERVAL '1 week'
querier-1  | 2026-05-16T17:14:16.344899833Z GROUP BY region query_params=Params { } issue_time=2026-05-16T17:14:16.308070+00:00 partitions=35 parquet_files=560 deduplicated_partitions=35 deduplicated_parquet_files=560 plan_duration_secs=0.036597041 success=false running=true cancelled=false
querier-1  | 2026-05-16T17:14:16.344900708Z 2026-05-16T17:14:16.344816Z  INFO iox_query::query_log: query when="permit" id=c483c16f-5aa1-417d-baa0-fd2c902a7daf namespace_id=0 namespace_name="influxdb3 oss" query_type="sql" query_text=-- 1-week recent window — exercises the gen1-heavy tail. Most recent data
querier-1  | 2026-05-16T17:14:16.344901791Z -- still sits in many small gen1 files; compaction should already be
querier-1  | 2026-05-16T17:14:16.344902416Z -- promoting older portions of this window to gen2/3.
querier-1  | 2026-05-16T17:14:16.344903000Z SELECT region, AVG(temp), COUNT(*)
querier-1  | 2026-05-16T17:14:16.344903583Z FROM sensors
querier-1  | 2026-05-16T17:14:16.344904250Z WHERE time > now() - INTERVAL '1 week'
querier-1  | 2026-05-16T17:14:16.344904958Z GROUP BY region query_params=Params { } issue_time=2026-05-16T17:14:16.308070+00:00 partitions=35 parquet_files=560 deduplicated_partitions=35 deduplicated_parquet_files=560 plan_duration_secs=0.036597041 permit_duration_secs=0.000149209 success=false running=true cancelled=false
querier-1  | 2026-05-16T17:14:16.344986458Z 2026-05-16T17:14:16.344931Z  INFO iox_query::query_log: query when="success" id=c483c16f-5aa1-417d-baa0-fd2c902a7daf namespace_id=0 namespace_name="influxdb3 oss" query_type="sql" query_text=-- 1-week recent window — exercises the gen1-heavy tail. Most recent data
querier-1  | 2026-05-16T17:14:16.344995958Z -- still sits in many small gen1 files; compaction should already be
querier-1  | 2026-05-16T17:14:16.344997041Z -- promoting older portions of this window to gen2/3.
querier-1  | 2026-05-16T17:14:16.344997791Z SELECT region, AVG(temp), COUNT(*)
querier-1  | 2026-05-16T17:14:16.344998500Z FROM sensors
querier-1  | 2026-05-16T17:14:16.344999125Z WHERE time > now() - INTERVAL '1 week'
querier-1  | 2026-05-16T17:14:16.344999916Z GROUP BY region query_params=Params { } issue_time=2026-05-16T17:14:16.308070+00:00 partitions=35 parquet_files=560 deduplicated_partitions=35 deduplicated_parquet_files=560 plan_duration_secs=0.036597041 permit_duration_secs=0.000149209 execute_duration_secs=8.6458e-5 end2end_duration_secs=0.036859791 compute_duration_secs=2.267e-5 max_memory=0 ingester_metrics.latency_to_plan_secs=0.0 ingester_metrics.latency_to_full_data_secs=0.0 ingester_metrics.response_rows=0 ingester_metrics.partition_count=0 ingester_metrics.response_size=0 success=true running=false cancelled=false
querier-1  | 2026-05-16T17:14:16.401871958Z 2026-05-16T17:14:16.401799Z  INFO influxdb3_server::http: handling query_sql database=bench query_str=-- 1-week recent window — exercises the gen1-heavy tail. Most recent data
querier-1  | 2026-05-16T17:14:16.401885166Z -- still sits in many small gen1 files; compaction should already be
querier-1  | 2026-05-16T17:14:16.401886250Z -- promoting older portions of this window to gen2/3.
querier-1  | 2026-05-16T17:14:16.401887083Z SELECT region, AVG(temp), COUNT(*)
querier-1  | 2026-05-16T17:14:16.401887833Z FROM sensors
querier-1  | 2026-05-16T17:14:16.401888458Z WHERE time > now() - INTERVAL '1 week'
querier-1  | 2026-05-16T17:14:16.401889291Z GROUP BY region format=Csv
querier-1  | 2026-05-16T17:14:16.401890041Z 2026-05-16T17:14:16.401821Z  INFO influxdb3_server::query_executor: executing sql query database=bench query=-- 1-week recent window — exercises the gen1-heavy tail. Most recent data
querier-1  | 2026-05-16T17:14:16.401891000Z -- still sits in many small gen1 files; compaction should already be
querier-1  | 2026-05-16T17:14:16.401891541Z -- promoting older portions of this window to gen2/3.
querier-1  | 2026-05-16T17:14:16.401892083Z SELECT region, AVG(temp), COUNT(*)
querier-1  | 2026-05-16T17:14:16.401892541Z FROM sensors
querier-1  | 2026-05-16T17:14:16.401893000Z WHERE time > now() - INTERVAL '1 week'
querier-1  | 2026-05-16T17:14:16.401893541Z GROUP BY region params=None
querier-1  | 2026-05-16T17:14:16.401894041Z 2026-05-16T17:14:16.401841Z  INFO iox_query::query_log: query when="received" id=152c3e8a-a9c0-4768-923a-e9255a353c32 namespace_id=0 namespace_name="influxdb3 oss" query_type="sql" query_text=-- 1-week recent window — exercises the gen1-heavy tail. Most recent data
querier-1  | 2026-05-16T17:14:16.401895083Z -- still sits in many small gen1 files; compaction should already be
querier-1  | 2026-05-16T17:14:16.401895625Z -- promoting older portions of this window to gen2/3.
querier-1  | 2026-05-16T17:14:16.401896208Z SELECT region, AVG(temp), COUNT(*)
querier-1  | 2026-05-16T17:14:16.401896708Z FROM sensors
querier-1  | 2026-05-16T17:14:16.401897166Z WHERE time > now() - INTERVAL '1 week'
querier-1  | 2026-05-16T17:14:16.401897666Z GROUP BY region query_params=Params { } issue_time=2026-05-16T17:14:16.401840541+00:00 success=false running=true cancelled=false
querier-1  | 2026-05-16T17:14:16.411964000Z 2026-05-16T17:14:16.411884Z  INFO influxdb3_write::composite_write_buffer: composite get_table_chunks db_schema.id=DbId(1) table_def.table_id=TableId(0) local=560 remote=0 tail=70 total=630
querier-1  | 2026-05-16T17:14:16.437801250Z 2026-05-16T17:14:16.437735Z  INFO iox_query::query_log: query when="planned" id=152c3e8a-a9c0-4768-923a-e9255a353c32 namespace_id=0 namespace_name="influxdb3 oss" query_type="sql" query_text=-- 1-week recent window — exercises the gen1-heavy tail. Most recent data
querier-1  | 2026-05-16T17:14:16.437810958Z -- still sits in many small gen1 files; compaction should already be
querier-1  | 2026-05-16T17:14:16.437812291Z -- promoting older portions of this window to gen2/3.
querier-1  | 2026-05-16T17:14:16.437813000Z SELECT region, AVG(temp), COUNT(*)
querier-1  | 2026-05-16T17:14:16.437821458Z FROM sensors
querier-1  | 2026-05-16T17:14:16.437822208Z WHERE time > now() - INTERVAL '1 week'
querier-1  | 2026-05-16T17:14:16.437823083Z GROUP BY region query_params=Params { } issue_time=2026-05-16T17:14:16.401840541+00:00 partitions=35 parquet_files=560 deduplicated_partitions=35 deduplicated_parquet_files=560 plan_duration_secs=0.03577 success=false running=true cancelled=false
querier-1  | 2026-05-16T17:14:16.437824250Z 2026-05-16T17:14:16.437749Z  INFO iox_query::query_log: query when="permit" id=152c3e8a-a9c0-4768-923a-e9255a353c32 namespace_id=0 namespace_name="influxdb3 oss" query_type="sql" query_text=-- 1-week recent window — exercises the gen1-heavy tail. Most recent data
querier-1  | 2026-05-16T17:14:16.437825416Z -- still sits in many small gen1 files; compaction should already be
querier-1  | 2026-05-16T17:14:16.437826166Z -- promoting older portions of this window to gen2/3.
querier-1  | 2026-05-16T17:14:16.437826875Z SELECT region, AVG(temp), COUNT(*)
querier-1  | 2026-05-16T17:14:16.437827583Z FROM sensors
querier-1  | 2026-05-16T17:14:16.437828250Z WHERE time > now() - INTERVAL '1 week'
querier-1  | 2026-05-16T17:14:16.437829000Z GROUP BY region query_params=Params { } issue_time=2026-05-16T17:14:16.401840541+00:00 partitions=35 parquet_files=560 deduplicated_partitions=35 deduplicated_parquet_files=560 plan_duration_secs=0.03577 permit_duration_secs=0.000138584 success=false running=true cancelled=false
querier-1  | 2026-05-16T17:14:16.437903500Z 2026-05-16T17:14:16.437862Z  INFO iox_query::query_log: query when="success" id=152c3e8a-a9c0-4768-923a-e9255a353c32 namespace_id=0 namespace_name="influxdb3 oss" query_type="sql" query_text=-- 1-week recent window — exercises the gen1-heavy tail. Most recent data
querier-1  | 2026-05-16T17:14:16.437906125Z -- still sits in many small gen1 files; compaction should already be
querier-1  | 2026-05-16T17:14:16.437906791Z -- promoting older portions of this window to gen2/3.
querier-1  | 2026-05-16T17:14:16.437907458Z SELECT region, AVG(temp), COUNT(*)
querier-1  | 2026-05-16T17:14:16.437908000Z FROM sensors
querier-1  | 2026-05-16T17:14:16.437908583Z WHERE time > now() - INTERVAL '1 week'
querier-1  | 2026-05-16T17:14:16.437909250Z GROUP BY region query_params=Params { } issue_time=2026-05-16T17:14:16.401840541+00:00 partitions=35 parquet_files=560 deduplicated_partitions=35 deduplicated_parquet_files=560 plan_duration_secs=0.03577 permit_duration_secs=0.000138584 execute_duration_secs=8.3541e-5 end2end_duration_secs=0.036021459 compute_duration_secs=1.6628e-5 max_memory=0 ingester_metrics.latency_to_plan_secs=0.0 ingester_metrics.latency_to_full_data_secs=0.0 ingester_metrics.response_rows=0 ingester_metrics.partition_count=0 ingester_metrics.response_size=0 success=true running=false cancelled=false
querier-1  | 2026-05-16T17:14:16.481630083Z 2026-05-16T17:14:16.481559Z  INFO influxdb3_server::http: handling query_sql database=bench query_str=-- 1-week recent window — exercises the gen1-heavy tail. Most recent data
querier-1  | 2026-05-16T17:14:16.481638458Z -- still sits in many small gen1 files; compaction should already be
querier-1  | 2026-05-16T17:14:16.481639291Z -- promoting older portions of this window to gen2/3.
querier-1  | 2026-05-16T17:14:16.481639958Z SELECT region, AVG(temp), COUNT(*)
querier-1  | 2026-05-16T17:14:16.481640500Z FROM sensors
querier-1  | 2026-05-16T17:14:16.481641083Z WHERE time > now() - INTERVAL '1 week'
querier-1  | 2026-05-16T17:14:16.481646916Z GROUP BY region format=Csv
querier-1  | 2026-05-16T17:14:16.481647583Z 2026-05-16T17:14:16.481579Z  INFO influxdb3_server::query_executor: executing sql query database=bench query=-- 1-week recent window — exercises the gen1-heavy tail. Most recent data
querier-1  | 2026-05-16T17:14:16.481648333Z -- still sits in many small gen1 files; compaction should already be
querier-1  | 2026-05-16T17:14:16.481648958Z -- promoting older portions of this window to gen2/3.
querier-1  | 2026-05-16T17:14:16.481649541Z SELECT region, AVG(temp), COUNT(*)
querier-1  | 2026-05-16T17:14:16.481650083Z FROM sensors
querier-1  | 2026-05-16T17:14:16.481650625Z WHERE time > now() - INTERVAL '1 week'
querier-1  | 2026-05-16T17:14:16.481651250Z GROUP BY region params=None
querier-1  | 2026-05-16T17:14:16.481653416Z 2026-05-16T17:14:16.481601Z  INFO iox_query::query_log: query when="received" id=e277e697-5377-4213-bac8-b853d4829d2b namespace_id=0 namespace_name="influxdb3 oss" query_type="sql" query_text=-- 1-week recent window — exercises the gen1-heavy tail. Most recent data
querier-1  | 2026-05-16T17:14:16.481654375Z -- still sits in many small gen1 files; compaction should already be
querier-1  | 2026-05-16T17:14:16.481654958Z -- promoting older portions of this window to gen2/3.
querier-1  | 2026-05-16T17:14:16.481655583Z SELECT region, AVG(temp), COUNT(*)
querier-1  | 2026-05-16T17:14:16.481656125Z FROM sensors
querier-1  | 2026-05-16T17:14:16.481656666Z WHERE time > now() - INTERVAL '1 week'
querier-1  | 2026-05-16T17:14:16.481657250Z GROUP BY region query_params=Params { } issue_time=2026-05-16T17:14:16.481599833+00:00 success=false running=true cancelled=false
querier-1  | 2026-05-16T17:14:16.491653291Z 2026-05-16T17:14:16.491556Z  INFO influxdb3_write::composite_write_buffer: composite get_table_chunks db_schema.id=DbId(1) table_def.table_id=TableId(0) local=560 remote=0 tail=70 total=630
querier-1  | 2026-05-16T17:14:16.517460000Z 2026-05-16T17:14:16.517388Z  INFO iox_query::query_log: query when="planned" id=e277e697-5377-4213-bac8-b853d4829d2b namespace_id=0 namespace_name="influxdb3 oss" query_type="sql" query_text=-- 1-week recent window — exercises the gen1-heavy tail. Most recent data
querier-1  | 2026-05-16T17:14:16.517467916Z -- still sits in many small gen1 files; compaction should already be
querier-1  | 2026-05-16T17:14:16.517468833Z -- promoting older portions of this window to gen2/3.
querier-1  | 2026-05-16T17:14:16.517469708Z SELECT region, AVG(temp), COUNT(*)
querier-1  | 2026-05-16T17:14:16.517470458Z FROM sensors
querier-1  | 2026-05-16T17:14:16.517471166Z WHERE time > now() - INTERVAL '1 week'
querier-1  | 2026-05-16T17:14:16.517472208Z GROUP BY region query_params=Params { } issue_time=2026-05-16T17:14:16.481599833+00:00 partitions=35 parquet_files=560 deduplicated_partitions=35 deduplicated_parquet_files=560 plan_duration_secs=0.035672375 success=false running=true cancelled=false
querier-1  | 2026-05-16T17:14:16.517473291Z 2026-05-16T17:14:16.517405Z  INFO iox_query::query_log: query when="permit" id=e277e697-5377-4213-bac8-b853d4829d2b namespace_id=0 namespace_name="influxdb3 oss" query_type="sql" query_text=-- 1-week recent window — exercises the gen1-heavy tail. Most recent data
querier-1  | 2026-05-16T17:14:16.517474500Z -- still sits in many small gen1 files; compaction should already be
querier-1  | 2026-05-16T17:14:16.517483333Z -- promoting older portions of this window to gen2/3.
querier-1  | 2026-05-16T17:14:16.517484125Z SELECT region, AVG(temp), COUNT(*)
querier-1  | 2026-05-16T17:14:16.517484833Z FROM sensors
querier-1  | 2026-05-16T17:14:16.517485541Z WHERE time > now() - INTERVAL '1 week'
querier-1  | 2026-05-16T17:14:16.517486333Z GROUP BY region query_params=Params { } issue_time=2026-05-16T17:14:16.481599833+00:00 partitions=35 parquet_files=560 deduplicated_partitions=35 deduplicated_parquet_files=560 plan_duration_secs=0.035672375 permit_duration_secs=0.000132167 success=false running=true cancelled=false
querier-1  | 2026-05-16T17:14:16.517617791Z 2026-05-16T17:14:16.517532Z  INFO iox_query::query_log: query when="success" id=e277e697-5377-4213-bac8-b853d4829d2b namespace_id=0 namespace_name="influxdb3 oss" query_type="sql" query_text=-- 1-week recent window — exercises the gen1-heavy tail. Most recent data
querier-1  | 2026-05-16T17:14:16.517625750Z -- still sits in many small gen1 files; compaction should already be
querier-1  | 2026-05-16T17:14:16.517626791Z -- promoting older portions of this window to gen2/3.
querier-1  | 2026-05-16T17:14:16.517627541Z SELECT region, AVG(temp), COUNT(*)
querier-1  | 2026-05-16T17:14:16.517628125Z FROM sensors
querier-1  | 2026-05-16T17:14:16.517628666Z WHERE time > now() - INTERVAL '1 week'
querier-1  | 2026-05-16T17:14:16.517629583Z GROUP BY region query_params=Params { } issue_time=2026-05-16T17:14:16.481599833+00:00 partitions=35 parquet_files=560 deduplicated_partitions=35 deduplicated_parquet_files=560 plan_duration_secs=0.035672375 permit_duration_secs=0.000132167 execute_duration_secs=9.8291e-5 end2end_duration_secs=0.0359325 compute_duration_secs=4.3589e-5 max_memory=0 ingester_metrics.latency_to_plan_secs=0.0 ingester_metrics.latency_to_full_data_secs=0.0 ingester_metrics.response_rows=0 ingester_metrics.partition_count=0 ingester_metrics.response_size=0 success=true running=false cancelled=false
querier-1  | 2026-05-16T17:14:16.571635958Z 2026-05-16T17:14:16.571559Z  INFO influxdb3_server::http: handling query_sql database=bench query_str=-- 1-week recent window — exercises the gen1-heavy tail. Most recent data
querier-1  | 2026-05-16T17:14:16.571645583Z -- still sits in many small gen1 files; compaction should already be
querier-1  | 2026-05-16T17:14:16.571646958Z -- promoting older portions of this window to gen2/3.
querier-1  | 2026-05-16T17:14:16.571647833Z SELECT region, AVG(temp), COUNT(*)
querier-1  | 2026-05-16T17:14:16.571648625Z FROM sensors
querier-1  | 2026-05-16T17:14:16.571649375Z WHERE time > now() - INTERVAL '1 week'
querier-1  | 2026-05-16T17:14:16.571650250Z GROUP BY region format=Csv
querier-1  | 2026-05-16T17:14:16.571651000Z 2026-05-16T17:14:16.571580Z  INFO influxdb3_server::query_executor: executing sql query database=bench query=-- 1-week recent window — exercises the gen1-heavy tail. Most recent data
querier-1  | 2026-05-16T17:14:16.571651916Z -- still sits in many small gen1 files; compaction should already be
querier-1  | 2026-05-16T17:14:16.571652666Z -- promoting older portions of this window to gen2/3.
querier-1  | 2026-05-16T17:14:16.571653416Z SELECT region, AVG(temp), COUNT(*)
querier-1  | 2026-05-16T17:14:16.571654083Z FROM sensors
querier-1  | 2026-05-16T17:14:16.571654750Z WHERE time > now() - INTERVAL '1 week'
querier-1  | 2026-05-16T17:14:16.571661833Z GROUP BY region params=None
querier-1  | 2026-05-16T17:14:16.571662666Z 2026-05-16T17:14:16.571603Z  INFO iox_query::query_log: query when="received" id=c8cb4183-b5aa-4582-8bdc-a67094bf0038 namespace_id=0 namespace_name="influxdb3 oss" query_type="sql" query_text=-- 1-week recent window — exercises the gen1-heavy tail. Most recent data
querier-1  | 2026-05-16T17:14:16.571663958Z -- still sits in many small gen1 files; compaction should already be
querier-1  | 2026-05-16T17:14:16.571664666Z -- promoting older portions of this window to gen2/3.
querier-1  | 2026-05-16T17:14:16.571665375Z SELECT region, AVG(temp), COUNT(*)
querier-1  | 2026-05-16T17:14:16.571666166Z FROM sensors
querier-1  | 2026-05-16T17:14:16.571666791Z WHERE time > now() - INTERVAL '1 week'
querier-1  | 2026-05-16T17:14:16.571667500Z GROUP BY region query_params=Params { } issue_time=2026-05-16T17:14:16.571602250+00:00 success=false running=true cancelled=false
querier-1  | 2026-05-16T17:14:16.581677541Z 2026-05-16T17:14:16.581582Z  INFO influxdb3_write::composite_write_buffer: composite get_table_chunks db_schema.id=DbId(1) table_def.table_id=TableId(0) local=560 remote=0 tail=70 total=630
querier-1  | 2026-05-16T17:14:16.607756875Z 2026-05-16T17:14:16.607690Z  INFO iox_query::query_log: query when="planned" id=c8cb4183-b5aa-4582-8bdc-a67094bf0038 namespace_id=0 namespace_name="influxdb3 oss" query_type="sql" query_text=-- 1-week recent window — exercises the gen1-heavy tail. Most recent data
querier-1  | 2026-05-16T17:14:16.607767875Z -- still sits in many small gen1 files; compaction should already be
querier-1  | 2026-05-16T17:14:16.607768833Z -- promoting older portions of this window to gen2/3.
querier-1  | 2026-05-16T17:14:16.607769666Z SELECT region, AVG(temp), COUNT(*)
querier-1  | 2026-05-16T17:14:16.607770541Z FROM sensors
querier-1  | 2026-05-16T17:14:16.607771333Z WHERE time > now() - INTERVAL '1 week'
querier-1  | 2026-05-16T17:14:16.607772333Z GROUP BY region query_params=Params { } issue_time=2026-05-16T17:14:16.571602250+00:00 partitions=35 parquet_files=560 deduplicated_partitions=35 deduplicated_parquet_files=560 plan_duration_secs=0.035962666 success=false running=true cancelled=false
querier-1  | 2026-05-16T17:14:16.607773416Z 2026-05-16T17:14:16.607708Z  INFO iox_query::query_log: query when="permit" id=c8cb4183-b5aa-4582-8bdc-a67094bf0038 namespace_id=0 namespace_name="influxdb3 oss" query_type="sql" query_text=-- 1-week recent window — exercises the gen1-heavy tail. Most recent data
querier-1  | 2026-05-16T17:14:16.607774541Z -- still sits in many small gen1 files; compaction should already be
querier-1  | 2026-05-16T17:14:16.607775291Z -- promoting older portions of this window to gen2/3.
querier-1  | 2026-05-16T17:14:16.607776041Z SELECT region, AVG(temp), COUNT(*)
querier-1  | 2026-05-16T17:14:16.607776916Z FROM sensors
querier-1  | 2026-05-16T17:14:16.607777583Z WHERE time > now() - INTERVAL '1 week'
querier-1  | 2026-05-16T17:14:16.607778333Z GROUP BY region query_params=Params { } issue_time=2026-05-16T17:14:16.571602250+00:00 partitions=35 parquet_files=560 deduplicated_partitions=35 deduplicated_parquet_files=560 plan_duration_secs=0.035962666 permit_duration_secs=0.000143209 success=false running=true cancelled=false
querier-1  | 2026-05-16T17:14:16.607911375Z 2026-05-16T17:14:16.607824Z  INFO iox_query::query_log: query when="success" id=c8cb4183-b5aa-4582-8bdc-a67094bf0038 namespace_id=0 namespace_name="influxdb3 oss" query_type="sql" query_text=-- 1-week recent window — exercises the gen1-heavy tail. Most recent data
querier-1  | 2026-05-16T17:14:16.607927583Z -- still sits in many small gen1 files; compaction should already be
querier-1  | 2026-05-16T17:14:16.607928833Z -- promoting older portions of this window to gen2/3.
querier-1  | 2026-05-16T17:14:16.607929750Z SELECT region, AVG(temp), COUNT(*)
querier-1  | 2026-05-16T17:14:16.607930416Z FROM sensors
querier-1  | 2026-05-16T17:14:16.607931041Z WHERE time > now() - INTERVAL '1 week'
querier-1  | 2026-05-16T17:14:16.607931958Z GROUP BY region query_params=Params { } issue_time=2026-05-16T17:14:16.571602250+00:00 partitions=35 parquet_files=560 deduplicated_partitions=35 deduplicated_parquet_files=560 plan_duration_secs=0.035962666 permit_duration_secs=0.000143209 execute_duration_secs=9.05e-5 end2end_duration_secs=0.036221541 compute_duration_secs=3.6296e-5 max_memory=0 ingester_metrics.latency_to_plan_secs=0.0 ingester_metrics.latency_to_full_data_secs=0.0 ingester_metrics.response_rows=0 ingester_metrics.partition_count=0 ingester_metrics.response_size=0 success=true running=false cancelled=false
querier-1  | 2026-05-16T17:14:16.665156916Z 2026-05-16T17:14:16.665091Z  INFO influxdb3_server::http: handling query_sql database=bench query_str=-- 1-week recent window — exercises the gen1-heavy tail. Most recent data
querier-1  | 2026-05-16T17:14:16.665163791Z -- still sits in many small gen1 files; compaction should already be
querier-1  | 2026-05-16T17:14:16.665164958Z -- promoting older portions of this window to gen2/3.
querier-1  | 2026-05-16T17:14:16.665165833Z SELECT region, AVG(temp), COUNT(*)
querier-1  | 2026-05-16T17:14:16.665166541Z FROM sensors
querier-1  | 2026-05-16T17:14:16.665167291Z WHERE time > now() - INTERVAL '1 week'
querier-1  | 2026-05-16T17:14:16.665168083Z GROUP BY region format=Csv
querier-1  | 2026-05-16T17:14:16.665168791Z 2026-05-16T17:14:16.665110Z  INFO influxdb3_server::query_executor: executing sql query database=bench query=-- 1-week recent window — exercises the gen1-heavy tail. Most recent data
querier-1  | 2026-05-16T17:14:16.665169666Z -- still sits in many small gen1 files; compaction should already be
querier-1  | 2026-05-16T17:14:16.665170416Z -- promoting older portions of this window to gen2/3.
querier-1  | 2026-05-16T17:14:16.665171125Z SELECT region, AVG(temp), COUNT(*)
querier-1  | 2026-05-16T17:14:16.665171833Z FROM sensors
querier-1  | 2026-05-16T17:14:16.665172500Z WHERE time > now() - INTERVAL '1 week'
querier-1  | 2026-05-16T17:14:16.665173208Z GROUP BY region params=None
querier-1  | 2026-05-16T17:14:16.665173958Z 2026-05-16T17:14:16.665132Z  INFO iox_query::query_log: query when="received" id=e092c0d0-dc74-4532-837b-9fb2ac5ff826 namespace_id=0 namespace_name="influxdb3 oss" query_type="sql" query_text=-- 1-week recent window — exercises the gen1-heavy tail. Most recent data
querier-1  | 2026-05-16T17:14:16.665175083Z -- still sits in many small gen1 files; compaction should already be
querier-1  | 2026-05-16T17:14:16.665175833Z -- promoting older portions of this window to gen2/3.
querier-1  | 2026-05-16T17:14:16.665176500Z SELECT region, AVG(temp), COUNT(*)
querier-1  | 2026-05-16T17:14:16.665177208Z FROM sensors
querier-1  | 2026-05-16T17:14:16.665177875Z WHERE time > now() - INTERVAL '1 week'
querier-1  | 2026-05-16T17:14:16.665183125Z GROUP BY region query_params=Params { } issue_time=2026-05-16T17:14:16.665131166+00:00 success=false running=true cancelled=false
querier-1  | 2026-05-16T17:14:16.676018458Z 2026-05-16T17:14:16.675946Z  INFO influxdb3_write::composite_write_buffer: composite get_table_chunks db_schema.id=DbId(1) table_def.table_id=TableId(0) local=560 remote=0 tail=70 total=630
querier-1  | 2026-05-16T17:14:16.702604291Z 2026-05-16T17:14:16.702526Z  INFO iox_query::query_log: query when="planned" id=e092c0d0-dc74-4532-837b-9fb2ac5ff826 namespace_id=0 namespace_name="influxdb3 oss" query_type="sql" query_text=-- 1-week recent window — exercises the gen1-heavy tail. Most recent data
querier-1  | 2026-05-16T17:14:16.702620916Z -- still sits in many small gen1 files; compaction should already be
querier-1  | 2026-05-16T17:14:16.702622291Z -- promoting older portions of this window to gen2/3.
querier-1  | 2026-05-16T17:14:16.702623250Z SELECT region, AVG(temp), COUNT(*)
querier-1  | 2026-05-16T17:14:16.702624125Z FROM sensors
querier-1  | 2026-05-16T17:14:16.702624875Z WHERE time > now() - INTERVAL '1 week'
querier-1  | 2026-05-16T17:14:16.702625875Z GROUP BY region query_params=Params { } issue_time=2026-05-16T17:14:16.665131166+00:00 partitions=35 parquet_files=560 deduplicated_partitions=35 deduplicated_parquet_files=560 plan_duration_secs=0.037257375 success=false running=true cancelled=false
querier-1  | 2026-05-16T17:14:16.702626916Z 2026-05-16T17:14:16.702547Z  INFO iox_query::query_log: query when="permit" id=e092c0d0-dc74-4532-837b-9fb2ac5ff826 namespace_id=0 namespace_name="influxdb3 oss" query_type="sql" query_text=-- 1-week recent window — exercises the gen1-heavy tail. Most recent data
querier-1  | 2026-05-16T17:14:16.702628041Z -- still sits in many small gen1 files; compaction should already be
querier-1  | 2026-05-16T17:14:16.702628750Z -- promoting older portions of this window to gen2/3.
querier-1  | 2026-05-16T17:14:16.702629500Z SELECT region, AVG(temp), COUNT(*)
querier-1  | 2026-05-16T17:14:16.702630458Z FROM sensors
querier-1  | 2026-05-16T17:14:16.702631125Z WHERE time > now() - INTERVAL '1 week'
querier-1  | 2026-05-16T17:14:16.702631875Z GROUP BY region query_params=Params { } issue_time=2026-05-16T17:14:16.665131166+00:00 partitions=35 parquet_files=560 deduplicated_partitions=35 deduplicated_parquet_files=560 plan_duration_secs=0.037257375 permit_duration_secs=0.0001585 success=false running=true cancelled=false
querier-1  | 2026-05-16T17:14:16.702728416Z 2026-05-16T17:14:16.702667Z  INFO iox_query::query_log: query when="success" id=e092c0d0-dc74-4532-837b-9fb2ac5ff826 namespace_id=0 namespace_name="influxdb3 oss" query_type="sql" query_text=-- 1-week recent window — exercises the gen1-heavy tail. Most recent data
querier-1  | 2026-05-16T17:14:16.702736208Z -- still sits in many small gen1 files; compaction should already be
querier-1  | 2026-05-16T17:14:16.702737375Z -- promoting older portions of this window to gen2/3.
querier-1  | 2026-05-16T17:14:16.702738250Z SELECT region, AVG(temp), COUNT(*)
querier-1  | 2026-05-16T17:14:16.702739000Z FROM sensors
querier-1  | 2026-05-16T17:14:16.702739666Z WHERE time > now() - INTERVAL '1 week'
querier-1  | 2026-05-16T17:14:16.702740458Z GROUP BY region query_params=Params { } issue_time=2026-05-16T17:14:16.665131166+00:00 partitions=35 parquet_files=560 deduplicated_partitions=35 deduplicated_parquet_files=560 plan_duration_secs=0.037257375 permit_duration_secs=0.0001585 execute_duration_secs=9.1667e-5 end2end_duration_secs=0.037534959 compute_duration_secs=4.371e-5 max_memory=0 ingester_metrics.latency_to_plan_secs=0.0 ingester_metrics.latency_to_full_data_secs=0.0 ingester_metrics.response_rows=0 ingester_metrics.partition_count=0 ingester_metrics.response_size=0 success=true running=false cancelled=false
querier-1  | 2026-05-16T17:14:16.748653750Z 2026-05-16T17:14:16.748589Z  INFO influxdb3_server::http: handling query_sql database=bench query_str=-- 1-week recent window — exercises the gen1-heavy tail. Most recent data
querier-1  | 2026-05-16T17:14:16.748661500Z -- still sits in many small gen1 files; compaction should already be
querier-1  | 2026-05-16T17:14:16.748662541Z -- promoting older portions of this window to gen2/3.
querier-1  | 2026-05-16T17:14:16.748663500Z SELECT region, AVG(temp), COUNT(*)
querier-1  | 2026-05-16T17:14:16.748664125Z FROM sensors
querier-1  | 2026-05-16T17:14:16.748664708Z WHERE time > now() - INTERVAL '1 week'
querier-1  | 2026-05-16T17:14:16.748665500Z GROUP BY region format=Csv
querier-1  | 2026-05-16T17:14:16.748666125Z 2026-05-16T17:14:16.748607Z  INFO influxdb3_server::query_executor: executing sql query database=bench query=-- 1-week recent window — exercises the gen1-heavy tail. Most recent data
querier-1  | 2026-05-16T17:14:16.748666833Z -- still sits in many small gen1 files; compaction should already be
querier-1  | 2026-05-16T17:14:16.748667416Z -- promoting older portions of this window to gen2/3.
querier-1  | 2026-05-16T17:14:16.748668000Z SELECT region, AVG(temp), COUNT(*)
querier-1  | 2026-05-16T17:14:16.748668583Z FROM sensors
querier-1  | 2026-05-16T17:14:16.748669125Z WHERE time > now() - INTERVAL '1 week'
querier-1  | 2026-05-16T17:14:16.748669666Z GROUP BY region params=None
querier-1  | 2026-05-16T17:14:16.748670250Z 2026-05-16T17:14:16.748628Z  INFO iox_query::query_log: query when="received" id=1bf01399-22c3-43dd-801e-b9f06a0168b4 namespace_id=0 namespace_name="influxdb3 oss" query_type="sql" query_text=-- 1-week recent window — exercises the gen1-heavy tail. Most recent data
querier-1  | 2026-05-16T17:14:16.748671291Z -- still sits in many small gen1 files; compaction should already be
querier-1  | 2026-05-16T17:14:16.748671833Z -- promoting older portions of this window to gen2/3.
querier-1  | 2026-05-16T17:14:16.748672416Z SELECT region, AVG(temp), COUNT(*)
querier-1  | 2026-05-16T17:14:16.748672958Z FROM sensors
querier-1  | 2026-05-16T17:14:16.748673458Z WHERE time > now() - INTERVAL '1 week'
querier-1  | 2026-05-16T17:14:16.748674041Z GROUP BY region query_params=Params { } issue_time=2026-05-16T17:14:16.748627666+00:00 success=false running=true cancelled=false
querier-1  | 2026-05-16T17:14:16.758905625Z 2026-05-16T17:14:16.758811Z  INFO influxdb3_write::composite_write_buffer: composite get_table_chunks db_schema.id=DbId(1) table_def.table_id=TableId(0) local=560 remote=0 tail=70 total=630
querier-1  | 2026-05-16T17:14:16.785225291Z 2026-05-16T17:14:16.785158Z  INFO iox_query::query_log: query when="planned" id=1bf01399-22c3-43dd-801e-b9f06a0168b4 namespace_id=0 namespace_name="influxdb3 oss" query_type="sql" query_text=-- 1-week recent window — exercises the gen1-heavy tail. Most recent data
querier-1  | 2026-05-16T17:14:16.785232750Z -- still sits in many small gen1 files; compaction should already be
querier-1  | 2026-05-16T17:14:16.785240875Z -- promoting older portions of this window to gen2/3.
querier-1  | 2026-05-16T17:14:16.785241583Z SELECT region, AVG(temp), COUNT(*)
querier-1  | 2026-05-16T17:14:16.785242208Z FROM sensors
querier-1  | 2026-05-16T17:14:16.785242750Z WHERE time > now() - INTERVAL '1 week'
querier-1  | 2026-05-16T17:14:16.785243541Z GROUP BY region query_params=Params { } issue_time=2026-05-16T17:14:16.748627666+00:00 partitions=35 parquet_files=560 deduplicated_partitions=35 deduplicated_parquet_files=560 plan_duration_secs=0.036410334 success=false running=true cancelled=false
querier-1  | 2026-05-16T17:14:16.785244375Z 2026-05-16T17:14:16.785174Z  INFO iox_query::query_log: query when="permit" id=1bf01399-22c3-43dd-801e-b9f06a0168b4 namespace_id=0 namespace_name="influxdb3 oss" query_type="sql" query_text=-- 1-week recent window — exercises the gen1-heavy tail. Most recent data
querier-1  | 2026-05-16T17:14:16.785245250Z -- still sits in many small gen1 files; compaction should already be
querier-1  | 2026-05-16T17:14:16.785245833Z -- promoting older portions of this window to gen2/3.
querier-1  | 2026-05-16T17:14:16.785246416Z SELECT region, AVG(temp), COUNT(*)
querier-1  | 2026-05-16T17:14:16.785247000Z FROM sensors
querier-1  | 2026-05-16T17:14:16.785247541Z WHERE time > now() - INTERVAL '1 week'
querier-1  | 2026-05-16T17:14:16.785248125Z GROUP BY region query_params=Params { } issue_time=2026-05-16T17:14:16.748627666+00:00 partitions=35 parquet_files=560 deduplicated_partitions=35 deduplicated_parquet_files=560 plan_duration_secs=0.036410334 permit_duration_secs=0.000136333 success=false running=true cancelled=false
querier-1  | 2026-05-16T17:14:16.785370166Z 2026-05-16T17:14:16.785276Z  INFO iox_query::query_log: query when="success" id=1bf01399-22c3-43dd-801e-b9f06a0168b4 namespace_id=0 namespace_name="influxdb3 oss" query_type="sql" query_text=-- 1-week recent window — exercises the gen1-heavy tail. Most recent data
querier-1  | 2026-05-16T17:14:16.785378208Z -- still sits in many small gen1 files; compaction should already be
querier-1  | 2026-05-16T17:14:16.785379166Z -- promoting older portions of this window to gen2/3.
querier-1  | 2026-05-16T17:14:16.785379833Z SELECT region, AVG(temp), COUNT(*)
querier-1  | 2026-05-16T17:14:16.785380583Z FROM sensors
querier-1  | 2026-05-16T17:14:16.785381125Z WHERE time > now() - INTERVAL '1 week'
querier-1  | 2026-05-16T17:14:16.785381958Z GROUP BY region query_params=Params { } issue_time=2026-05-16T17:14:16.748627666+00:00 partitions=35 parquet_files=560 deduplicated_partitions=35 deduplicated_parquet_files=560 plan_duration_secs=0.036410334 permit_duration_secs=0.000136333 execute_duration_secs=7.6292e-5 end2end_duration_secs=0.036648167 compute_duration_secs=4e-9 max_memory=0 ingester_metrics.latency_to_plan_secs=0.0 ingester_metrics.latency_to_full_data_secs=0.0 ingester_metrics.response_rows=0 ingester_metrics.partition_count=0 ingester_metrics.response_size=0 success=true running=false cancelled=false
querier-1  | 2026-05-16T17:14:19.148867876Z 2026-05-16T17:14:19.148751Z  INFO influxdb3_write::inventory_poller: inventory poller advanced catalog before_seq=5 after_seq=10
querier-1  | 2026-05-16T17:15:37.112349009Z 2026-05-16T17:15:37.112266Z  INFO influxdb3_server::http: handling query_sql database=bench query_str=-- Full-range aggregation across every host and every point. Forces a scan of
querier-1  | 2026-05-16T17:15:37.112360301Z -- every parquet file the querier knows about. Most-uncompacted-friendly:
querier-1  | 2026-05-16T17:15:37.112361593Z -- many small gen1 files = many small reads.
querier-1  | 2026-05-16T17:15:37.112362343Z SELECT region, AVG(temp) AS avg_temp, MAX(humidity) AS max_humid, COUNT(*) AS n
querier-1  | 2026-05-16T17:15:37.112363009Z FROM sensors
querier-1  | 2026-05-16T17:15:37.112363593Z GROUP BY region format=Csv
querier-1  | 2026-05-16T17:15:37.112364218Z 2026-05-16T17:15:37.112284Z  INFO influxdb3_server::query_executor: executing sql query database=bench query=-- Full-range aggregation across every host and every point. Forces a scan of
querier-1  | 2026-05-16T17:15:37.112365343Z -- every parquet file the querier knows about. Most-uncompacted-friendly:
querier-1  | 2026-05-16T17:15:37.112365968Z -- many small gen1 files = many small reads.
querier-1  | 2026-05-16T17:15:37.112366551Z SELECT region, AVG(temp) AS avg_temp, MAX(humidity) AS max_humid, COUNT(*) AS n
querier-1  | 2026-05-16T17:15:37.112367176Z FROM sensors
querier-1  | 2026-05-16T17:15:37.112367759Z GROUP BY region params=None
querier-1  | 2026-05-16T17:15:37.112368718Z 2026-05-16T17:15:37.112312Z  INFO iox_query::query_log: query when="received" id=c129ad9c-12d0-42a8-8584-a85ab633d2ec namespace_id=0 namespace_name="influxdb3 oss" query_type="sql" query_text=-- Full-range aggregation across every host and every point. Forces a scan of
querier-1  | 2026-05-16T17:15:37.112369968Z -- every parquet file the querier knows about. Most-uncompacted-friendly:
querier-1  | 2026-05-16T17:15:37.112370718Z -- many small gen1 files = many small reads.
querier-1  | 2026-05-16T17:15:37.112371384Z SELECT region, AVG(temp) AS avg_temp, MAX(humidity) AS max_humid, COUNT(*) AS n
querier-1  | 2026-05-16T17:15:37.112372134Z FROM sensors
querier-1  | 2026-05-16T17:15:37.112372759Z GROUP BY region query_params=Params { } issue_time=2026-05-16T17:15:37.112311551+00:00 success=false running=true cancelled=false
querier-1  | 2026-05-16T17:15:37.120160426Z 2026-05-16T17:15:37.120071Z  WARN influxdb3_write::remote_write_buffer: remote hot-chunks fetch failed url="http://writer:8181" error=arrow ipc decode error: Invalid argument error: Value at position 17 out of bounds: 17 (should be in [0, 16])
querier-1  | 2026-05-16T17:15:37.126384301Z 2026-05-16T17:15:37.126320Z  INFO influxdb3_write::composite_write_buffer: composite get_table_chunks db_schema.id=DbId(1) table_def.table_id=TableId(0) local=1 remote=0 tail=1000 total=1001
querier-1  | 2026-05-16T17:15:37.127472259Z 2026-05-16T17:15:37.127429Z  WARN iox_query::physical_optimizer::dedup::split: cannot split dedup operation, fanout too wide n_split=501 max_dedup_split=100
querier-1  | 2026-05-16T17:15:37.129411260Z 2026-05-16T17:15:37.129342Z  INFO iox_query::query_log: query when="planned" id=c129ad9c-12d0-42a8-8584-a85ab633d2ec namespace_id=0 namespace_name="influxdb3 oss" query_type="sql" query_text=-- Full-range aggregation across every host and every point. Forces a scan of
querier-1  | 2026-05-16T17:15:37.129418343Z -- every parquet file the querier knows about. Most-uncompacted-friendly:
querier-1  | 2026-05-16T17:15:37.129419593Z -- many small gen1 files = many small reads.
querier-1  | 2026-05-16T17:15:37.129420426Z SELECT region, AVG(temp) AS avg_temp, MAX(humidity) AS max_humid, COUNT(*) AS n
querier-1  | 2026-05-16T17:15:37.129421385Z FROM sensors
querier-1  | 2026-05-16T17:15:37.129431260Z GROUP BY region query_params=Params { } issue_time=2026-05-16T17:15:37.112311551+00:00 partitions=1 parquet_files=1 deduplicated_partitions=1 deduplicated_parquet_files=1 plan_duration_secs=0.017011625 success=false running=true cancelled=false
querier-1  | 2026-05-16T17:15:37.129432301Z 2026-05-16T17:15:37.129360Z  INFO iox_query::query_log: query when="permit" id=c129ad9c-12d0-42a8-8584-a85ab633d2ec namespace_id=0 namespace_name="influxdb3 oss" query_type="sql" query_text=-- Full-range aggregation across every host and every point. Forces a scan of
querier-1  | 2026-05-16T17:15:37.129433176Z -- every parquet file the querier knows about. Most-uncompacted-friendly:
querier-1  | 2026-05-16T17:15:37.129433801Z -- many small gen1 files = many small reads.
querier-1  | 2026-05-16T17:15:37.129434385Z SELECT region, AVG(temp) AS avg_temp, MAX(humidity) AS max_humid, COUNT(*) AS n
querier-1  | 2026-05-16T17:15:37.129435010Z FROM sensors
querier-1  | 2026-05-16T17:15:37.129435551Z GROUP BY region query_params=Params { } issue_time=2026-05-16T17:15:37.112311551+00:00 partitions=1 parquet_files=1 deduplicated_partitions=1 deduplicated_parquet_files=1 plan_duration_secs=0.017011625 permit_duration_secs=3.6875e-5 success=false running=true cancelled=false
querier-1  | 2026-05-16T17:15:37.129608843Z 2026-05-16T17:15:37.129501Z  INFO iox_query::query_log: query when="success" id=c129ad9c-12d0-42a8-8584-a85ab633d2ec namespace_id=0 namespace_name="influxdb3 oss" query_type="sql" query_text=-- Full-range aggregation across every host and every point. Forces a scan of
querier-1  | 2026-05-16T17:15:37.129611635Z -- every parquet file the querier knows about. Most-uncompacted-friendly:
querier-1  | 2026-05-16T17:15:37.129612343Z -- many small gen1 files = many small reads.
querier-1  | 2026-05-16T17:15:37.129612926Z SELECT region, AVG(temp) AS avg_temp, MAX(humidity) AS max_humid, COUNT(*) AS n
querier-1  | 2026-05-16T17:15:37.129613635Z FROM sensors
querier-1  | 2026-05-16T17:15:37.129614718Z GROUP BY region query_params=Params { } issue_time=2026-05-16T17:15:37.112311551+00:00 partitions=1 parquet_files=1 deduplicated_partitions=1 deduplicated_parquet_files=1 plan_duration_secs=0.017011625 permit_duration_secs=3.6875e-5 execute_duration_secs=0.000134375 end2end_duration_secs=0.017189417 compute_duration_secs=4e-9 max_memory=0 ingester_metrics.latency_to_plan_secs=0.0 ingester_metrics.latency_to_full_data_secs=0.0 ingester_metrics.response_rows=0 ingester_metrics.partition_count=0 ingester_metrics.response_size=0 success=true running=false cancelled=false
querier-1  | 2026-05-16T17:15:38.815155677Z 2026-05-16T17:15:38.815080Z  INFO influxdb3_server::http: handling query_sql database=bench query_str=-- Full-range aggregation across every host and every point. Forces a scan of
querier-1  | 2026-05-16T17:15:38.815171010Z -- every parquet file the querier knows about. Most-uncompacted-friendly:
querier-1  | 2026-05-16T17:15:38.815172177Z -- many small gen1 files = many small reads.
querier-1  | 2026-05-16T17:15:38.815172885Z SELECT region, AVG(temp) AS avg_temp, MAX(humidity) AS max_humid, COUNT(*) AS n
querier-1  | 2026-05-16T17:15:38.815173552Z FROM sensors
querier-1  | 2026-05-16T17:15:38.815174177Z GROUP BY region format=Csv
querier-1  | 2026-05-16T17:15:38.815174760Z 2026-05-16T17:15:38.815101Z  INFO influxdb3_server::query_executor: executing sql query database=bench query=-- Full-range aggregation across every host and every point. Forces a scan of
querier-1  | 2026-05-16T17:15:38.815175469Z -- every parquet file the querier knows about. Most-uncompacted-friendly:
querier-1  | 2026-05-16T17:15:38.815181302Z -- many small gen1 files = many small reads.
querier-1  | 2026-05-16T17:15:38.815181927Z SELECT region, AVG(temp) AS avg_temp, MAX(humidity) AS max_humid, COUNT(*) AS n
querier-1  | 2026-05-16T17:15:38.815182552Z FROM sensors
querier-1  | 2026-05-16T17:15:38.815183052Z GROUP BY region params=None
querier-1  | 2026-05-16T17:15:38.815183719Z 2026-05-16T17:15:38.815123Z  INFO iox_query::query_log: query when="received" id=4e29b297-90f8-43ec-bf15-71a42ab6eeba namespace_id=0 namespace_name="influxdb3 oss" query_type="sql" query_text=-- Full-range aggregation across every host and every point. Forces a scan of
querier-1  | 2026-05-16T17:15:38.815185219Z -- every parquet file the querier knows about. Most-uncompacted-friendly:
querier-1  | 2026-05-16T17:15:38.815185802Z -- many small gen1 files = many small reads.
querier-1  | 2026-05-16T17:15:38.815186344Z SELECT region, AVG(temp) AS avg_temp, MAX(humidity) AS max_humid, COUNT(*) AS n
querier-1  | 2026-05-16T17:15:38.815187052Z FROM sensors
querier-1  | 2026-05-16T17:15:38.815187594Z GROUP BY region query_params=Params { } issue_time=2026-05-16T17:15:38.815122719+00:00 success=false running=true cancelled=false
querier-1  | 2026-05-16T17:15:38.827475177Z 2026-05-16T17:15:38.827380Z  INFO influxdb3_write::composite_write_buffer: composite get_table_chunks db_schema.id=DbId(1) table_def.table_id=TableId(0) local=1 remote=0 tail=1000 total=1001
querier-1  | 2026-05-16T17:15:38.828489302Z 2026-05-16T17:15:38.828440Z  WARN iox_query::physical_optimizer::dedup::split: cannot split dedup operation, fanout too wide n_split=501 max_dedup_split=100
querier-1  | 2026-05-16T17:15:38.830408760Z 2026-05-16T17:15:38.830340Z  INFO iox_query::query_log: query when="planned" id=4e29b297-90f8-43ec-bf15-71a42ab6eeba namespace_id=0 namespace_name="influxdb3 oss" query_type="sql" query_text=-- Full-range aggregation across every host and every point. Forces a scan of
querier-1  | 2026-05-16T17:15:38.830414260Z -- every parquet file the querier knows about. Most-uncompacted-friendly:
querier-1  | 2026-05-16T17:15:38.830415344Z -- many small gen1 files = many small reads.
querier-1  | 2026-05-16T17:15:38.830416177Z SELECT region, AVG(temp) AS avg_temp, MAX(humidity) AS max_humid, COUNT(*) AS n
querier-1  | 2026-05-16T17:15:38.830417010Z FROM sensors
querier-1  | 2026-05-16T17:15:38.830417802Z GROUP BY region query_params=Params { } issue_time=2026-05-16T17:15:38.815122719+00:00 partitions=1 parquet_files=1 deduplicated_partitions=1 deduplicated_parquet_files=1 plan_duration_secs=0.015199458 success=false running=true cancelled=false
querier-1  | 2026-05-16T17:15:38.830418844Z 2026-05-16T17:15:38.830357Z  INFO iox_query::query_log: query when="permit" id=4e29b297-90f8-43ec-bf15-71a42ab6eeba namespace_id=0 namespace_name="influxdb3 oss" query_type="sql" query_text=-- Full-range aggregation across every host and every point. Forces a scan of
querier-1  | 2026-05-16T17:15:38.830419844Z -- every parquet file the querier knows about. Most-uncompacted-friendly:
querier-1  | 2026-05-16T17:15:38.830420469Z -- many small gen1 files = many small reads.
querier-1  | 2026-05-16T17:15:38.830421094Z SELECT region, AVG(temp) AS avg_temp, MAX(humidity) AS max_humid, COUNT(*) AS n
querier-1  | 2026-05-16T17:15:38.830421802Z FROM sensors
querier-1  | 2026-05-16T17:15:38.830422510Z GROUP BY region query_params=Params { } issue_time=2026-05-16T17:15:38.815122719+00:00 partitions=1 parquet_files=1 deduplicated_partitions=1 deduplicated_parquet_files=1 plan_duration_secs=0.015199458 permit_duration_secs=3.5042e-5 success=false running=true cancelled=false
querier-1  | 2026-05-16T17:15:38.830626219Z 2026-05-16T17:15:38.830463Z  INFO iox_query::query_log: query when="success" id=4e29b297-90f8-43ec-bf15-71a42ab6eeba namespace_id=0 namespace_name="influxdb3 oss" query_type="sql" query_text=-- Full-range aggregation across every host and every point. Forces a scan of
querier-1  | 2026-05-16T17:15:38.830641719Z -- every parquet file the querier knows about. Most-uncompacted-friendly:
querier-1  | 2026-05-16T17:15:38.830644010Z -- many small gen1 files = many small reads.
querier-1  | 2026-05-16T17:15:38.830645344Z SELECT region, AVG(temp) AS avg_temp, MAX(humidity) AS max_humid, COUNT(*) AS n
querier-1  | 2026-05-16T17:15:38.830646719Z FROM sensors
querier-1  | 2026-05-16T17:15:38.830667969Z GROUP BY region query_params=Params { } issue_time=2026-05-16T17:15:38.815122719+00:00 partitions=1 parquet_files=1 deduplicated_partitions=1 deduplicated_parquet_files=1 plan_duration_secs=0.015199458 permit_duration_secs=3.5042e-5 execute_duration_secs=9.7833e-5 end2end_duration_secs=0.015339916 compute_duration_secs=4.6548e-5 max_memory=0 ingester_metrics.latency_to_plan_secs=0.0 ingester_metrics.latency_to_full_data_secs=0.0 ingester_metrics.response_rows=0 ingester_metrics.partition_count=0 ingester_metrics.response_size=0 success=true running=false cancelled=false
querier-1  | 2026-05-16T17:15:40.504616553Z 2026-05-16T17:15:40.504550Z  INFO influxdb3_server::http: handling query_sql database=bench query_str=-- Full-range aggregation across every host and every point. Forces a scan of
querier-1  | 2026-05-16T17:15:40.504623094Z -- every parquet file the querier knows about. Most-uncompacted-friendly:
querier-1  | 2026-05-16T17:15:40.504624011Z -- many small gen1 files = many small reads.
querier-1  | 2026-05-16T17:15:40.504624761Z SELECT region, AVG(temp) AS avg_temp, MAX(humidity) AS max_humid, COUNT(*) AS n
querier-1  | 2026-05-16T17:15:40.504625511Z FROM sensors
querier-1  | 2026-05-16T17:15:40.504626053Z GROUP BY region format=Csv
querier-1  | 2026-05-16T17:15:40.504626636Z 2026-05-16T17:15:40.504569Z  INFO influxdb3_server::query_executor: executing sql query database=bench query=-- Full-range aggregation across every host and every point. Forces a scan of
querier-1  | 2026-05-16T17:15:40.504627386Z -- every parquet file the querier knows about. Most-uncompacted-friendly:
querier-1  | 2026-05-16T17:15:40.504627969Z -- many small gen1 files = many small reads.
querier-1  | 2026-05-16T17:15:40.504628511Z SELECT region, AVG(temp) AS avg_temp, MAX(humidity) AS max_humid, COUNT(*) AS n
querier-1  | 2026-05-16T17:15:40.504629094Z FROM sensors
querier-1  | 2026-05-16T17:15:40.504629678Z GROUP BY region params=None
querier-1  | 2026-05-16T17:15:40.504630261Z 2026-05-16T17:15:40.504591Z  INFO iox_query::query_log: query when="received" id=d2de66d1-3e35-4aed-a5a7-13810bf8c578 namespace_id=0 namespace_name="influxdb3 oss" query_type="sql" query_text=-- Full-range aggregation across every host and every point. Forces a scan of
querier-1  | 2026-05-16T17:15:40.504631178Z -- every parquet file the querier knows about. Most-uncompacted-friendly:
querier-1  | 2026-05-16T17:15:40.504631761Z -- many small gen1 files = many small reads.
querier-1  | 2026-05-16T17:15:40.504638386Z SELECT region, AVG(temp) AS avg_temp, MAX(humidity) AS max_humid, COUNT(*) AS n
querier-1  | 2026-05-16T17:15:40.504639011Z FROM sensors
querier-1  | 2026-05-16T17:15:40.504639594Z GROUP BY region query_params=Params { } issue_time=2026-05-16T17:15:40.504590511+00:00 success=false running=true cancelled=false
querier-1  | 2026-05-16T17:15:40.514943469Z 2026-05-16T17:15:40.514861Z  INFO influxdb3_write::composite_write_buffer: composite get_table_chunks db_schema.id=DbId(1) table_def.table_id=TableId(0) local=1 remote=0 tail=1000 total=1001
querier-1  | 2026-05-16T17:15:40.515827011Z 2026-05-16T17:15:40.515777Z  WARN iox_query::physical_optimizer::dedup::split: cannot split dedup operation, fanout too wide n_split=501 max_dedup_split=100
querier-1  | 2026-05-16T17:15:40.517721886Z 2026-05-16T17:15:40.517662Z  INFO iox_query::query_log: query when="planned" id=d2de66d1-3e35-4aed-a5a7-13810bf8c578 namespace_id=0 namespace_name="influxdb3 oss" query_type="sql" query_text=-- Full-range aggregation across every host and every point. Forces a scan of
querier-1  | 2026-05-16T17:15:40.517725469Z -- every parquet file the querier knows about. Most-uncompacted-friendly:
querier-1  | 2026-05-16T17:15:40.517726303Z -- many small gen1 files = many small reads.
querier-1  | 2026-05-16T17:15:40.517727094Z SELECT region, AVG(temp) AS avg_temp, MAX(humidity) AS max_humid, COUNT(*) AS n
querier-1  | 2026-05-16T17:15:40.517727886Z FROM sensors
querier-1  | 2026-05-16T17:15:40.517728553Z GROUP BY region query_params=Params { } issue_time=2026-05-16T17:15:40.504590511+00:00 partitions=1 parquet_files=1 deduplicated_partitions=1 deduplicated_parquet_files=1 plan_duration_secs=0.013064917 success=false running=true cancelled=false
querier-1  | 2026-05-16T17:15:40.517729553Z 2026-05-16T17:15:40.517677Z  INFO iox_query::query_log: query when="permit" id=d2de66d1-3e35-4aed-a5a7-13810bf8c578 namespace_id=0 namespace_name="influxdb3 oss" query_type="sql" query_text=-- Full-range aggregation across every host and every point. Forces a scan of
querier-1  | 2026-05-16T17:15:40.517730636Z -- every parquet file the querier knows about. Most-uncompacted-friendly:
querier-1  | 2026-05-16T17:15:40.517731386Z -- many small gen1 files = many small reads.
querier-1  | 2026-05-16T17:15:40.517732053Z SELECT region, AVG(temp) AS avg_temp, MAX(humidity) AS max_humid, COUNT(*) AS n
querier-1  | 2026-05-16T17:15:40.517732803Z FROM sensors
querier-1  | 2026-05-16T17:15:40.517733511Z GROUP BY region query_params=Params { } issue_time=2026-05-16T17:15:40.504590511+00:00 partitions=1 parquet_files=1 deduplicated_partitions=1 deduplicated_parquet_files=1 plan_duration_secs=0.013064917 permit_duration_secs=2.1333e-5 success=false running=true cancelled=false
querier-1  | 2026-05-16T17:15:40.517858511Z 2026-05-16T17:15:40.517767Z  INFO iox_query::query_log: query when="success" id=d2de66d1-3e35-4aed-a5a7-13810bf8c578 namespace_id=0 namespace_name="influxdb3 oss" query_type="sql" query_text=-- Full-range aggregation across every host and every point. Forces a scan of
querier-1  | 2026-05-16T17:15:40.517863261Z -- every parquet file the querier knows about. Most-uncompacted-friendly:
querier-1  | 2026-05-16T17:15:40.517864344Z -- many small gen1 files = many small reads.
querier-1  | 2026-05-16T17:15:40.517865053Z SELECT region, AVG(temp) AS avg_temp, MAX(humidity) AS max_humid, COUNT(*) AS n
querier-1  | 2026-05-16T17:15:40.517865761Z FROM sensors
querier-1  | 2026-05-16T17:15:40.517877094Z GROUP BY region query_params=Params { } issue_time=2026-05-16T17:15:40.504590511+00:00 partitions=1 parquet_files=1 deduplicated_partitions=1 deduplicated_parquet_files=1 plan_duration_secs=0.013064917 permit_duration_secs=2.1333e-5 execute_duration_secs=8.2333e-5 end2end_duration_secs=0.013175917 compute_duration_secs=4e-9 max_memory=0 ingester_metrics.latency_to_plan_secs=0.0 ingester_metrics.latency_to_full_data_secs=0.0 ingester_metrics.response_rows=0 ingester_metrics.partition_count=0 ingester_metrics.response_size=0 success=true running=false cancelled=false
querier-1  | 2026-05-16T17:15:42.209807720Z 2026-05-16T17:15:42.209731Z  INFO influxdb3_server::http: handling query_sql database=bench query_str=-- Full-range aggregation across every host and every point. Forces a scan of
querier-1  | 2026-05-16T17:15:42.210315095Z -- every parquet file the querier knows about. Most-uncompacted-friendly:
querier-1  | 2026-05-16T17:15:42.210317304Z -- many small gen1 files = many small reads.
querier-1  | 2026-05-16T17:15:42.210318054Z SELECT region, AVG(temp) AS avg_temp, MAX(humidity) AS max_humid, COUNT(*) AS n
querier-1  | 2026-05-16T17:15:42.210318720Z FROM sensors
querier-1  | 2026-05-16T17:15:42.210319345Z GROUP BY region format=Csv
querier-1  | 2026-05-16T17:15:42.210319970Z 2026-05-16T17:15:42.209754Z  INFO influxdb3_server::query_executor: executing sql query database=bench query=-- Full-range aggregation across every host and every point. Forces a scan of
querier-1  | 2026-05-16T17:15:42.210320804Z -- every parquet file the querier knows about. Most-uncompacted-friendly:
querier-1  | 2026-05-16T17:15:42.210321429Z -- many small gen1 files = many small reads.
querier-1  | 2026-05-16T17:15:42.210322012Z SELECT region, AVG(temp) AS avg_temp, MAX(humidity) AS max_humid, COUNT(*) AS n
querier-1  | 2026-05-16T17:15:42.210322595Z FROM sensors
querier-1  | 2026-05-16T17:15:42.210323137Z GROUP BY region params=None
querier-1  | 2026-05-16T17:15:42.210324054Z 2026-05-16T17:15:42.209778Z  INFO iox_query::query_log: query when="received" id=55166989-b698-445b-bd9c-b3f5c59c05b7 namespace_id=0 namespace_name="influxdb3 oss" query_type="sql" query_text=-- Full-range aggregation across every host and every point. Forces a scan of
querier-1  | 2026-05-16T17:15:42.210325387Z -- every parquet file the querier knows about. Most-uncompacted-friendly:
querier-1  | 2026-05-16T17:15:42.210325970Z -- many small gen1 files = many small reads.
querier-1  | 2026-05-16T17:15:42.210326554Z SELECT region, AVG(temp) AS avg_temp, MAX(humidity) AS max_humid, COUNT(*) AS n
querier-1  | 2026-05-16T17:15:42.210338637Z FROM sensors
querier-1  | 2026-05-16T17:15:42.210339554Z GROUP BY region query_params=Params { } issue_time=2026-05-16T17:15:42.209777054+00:00 success=false running=true cancelled=false
querier-1  | 2026-05-16T17:15:42.220242220Z 2026-05-16T17:15:42.220149Z  INFO influxdb3_write::composite_write_buffer: composite get_table_chunks db_schema.id=DbId(1) table_def.table_id=TableId(0) local=1 remote=0 tail=1000 total=1001
querier-1  | 2026-05-16T17:15:42.221169845Z 2026-05-16T17:15:42.221114Z  WARN iox_query::physical_optimizer::dedup::split: cannot split dedup operation, fanout too wide n_split=501 max_dedup_split=100
querier-1  | 2026-05-16T17:15:42.223096970Z 2026-05-16T17:15:42.223016Z  INFO iox_query::query_log: query when="planned" id=55166989-b698-445b-bd9c-b3f5c59c05b7 namespace_id=0 namespace_name="influxdb3 oss" query_type="sql" query_text=-- Full-range aggregation across every host and every point. Forces a scan of
querier-1  | 2026-05-16T17:15:42.223112637Z -- every parquet file the querier knows about. Most-uncompacted-friendly:
querier-1  | 2026-05-16T17:15:42.223113804Z -- many small gen1 files = many small reads.
querier-1  | 2026-05-16T17:15:42.223114512Z SELECT region, AVG(temp) AS avg_temp, MAX(humidity) AS max_humid, COUNT(*) AS n
querier-1  | 2026-05-16T17:15:42.223115220Z FROM sensors
querier-1  | 2026-05-16T17:15:42.223115804Z GROUP BY region query_params=Params { } issue_time=2026-05-16T17:15:42.209777054+00:00 partitions=1 parquet_files=1 deduplicated_partitions=1 deduplicated_parquet_files=1 plan_duration_secs=0.01323225 success=false running=true cancelled=false
querier-1  | 2026-05-16T17:15:42.223116679Z 2026-05-16T17:15:42.223031Z  INFO iox_query::query_log: query when="permit" id=55166989-b698-445b-bd9c-b3f5c59c05b7 namespace_id=0 namespace_name="influxdb3 oss" query_type="sql" query_text=-- Full-range aggregation across every host and every point. Forces a scan of
querier-1  | 2026-05-16T17:15:42.223117595Z -- every parquet file the querier knows about. Most-uncompacted-friendly:
querier-1  | 2026-05-16T17:15:42.223118262Z -- many small gen1 files = many small reads.
querier-1  | 2026-05-16T17:15:42.223118845Z SELECT region, AVG(temp) AS avg_temp, MAX(humidity) AS max_humid, COUNT(*) AS n
querier-1  | 2026-05-16T17:15:42.223119470Z FROM sensors
querier-1  | 2026-05-16T17:15:42.223120054Z GROUP BY region query_params=Params { } issue_time=2026-05-16T17:15:42.209777054+00:00 partitions=1 parquet_files=1 deduplicated_partitions=1 deduplicated_parquet_files=1 plan_duration_secs=0.01323225 permit_duration_secs=2.1791e-5 success=false running=true cancelled=false
querier-1  | 2026-05-16T17:15:42.223264054Z 2026-05-16T17:15:42.223129Z  INFO iox_query::query_log: query when="success" id=55166989-b698-445b-bd9c-b3f5c59c05b7 namespace_id=0 namespace_name="influxdb3 oss" query_type="sql" query_text=-- Full-range aggregation across every host and every point. Forces a scan of
querier-1  | 2026-05-16T17:15:42.223268887Z -- every parquet file the querier knows about. Most-uncompacted-friendly:
querier-1  | 2026-05-16T17:15:42.223270054Z -- many small gen1 files = many small reads.
querier-1  | 2026-05-16T17:15:42.223270804Z SELECT region, AVG(temp) AS avg_temp, MAX(humidity) AS max_humid, COUNT(*) AS n
querier-1  | 2026-05-16T17:15:42.223271512Z FROM sensors
querier-1  | 2026-05-16T17:15:42.223272679Z GROUP BY region query_params=Params { } issue_time=2026-05-16T17:15:42.209777054+00:00 partitions=1 parquet_files=1 deduplicated_partitions=1 deduplicated_parquet_files=1 plan_duration_secs=0.01323225 permit_duration_secs=2.1791e-5 execute_duration_secs=9.0875e-5 end2end_duration_secs=0.013351125 compute_duration_secs=4.5714e-5 max_memory=0 ingester_metrics.latency_to_plan_secs=0.0 ingester_metrics.latency_to_full_data_secs=0.0 ingester_metrics.response_rows=0 ingester_metrics.partition_count=0 ingester_metrics.response_size=0 success=true running=false cancelled=false
querier-1  | 2026-05-16T17:15:43.979155888Z 2026-05-16T17:15:43.979072Z  INFO influxdb3_server::http: handling query_sql database=bench query_str=-- Full-range aggregation across every host and every point. Forces a scan of
querier-1  | 2026-05-16T17:15:43.979171471Z -- every parquet file the querier knows about. Most-uncompacted-friendly:
querier-1  | 2026-05-16T17:15:43.979172679Z -- many small gen1 files = many small reads.
querier-1  | 2026-05-16T17:15:43.979173304Z SELECT region, AVG(temp) AS avg_temp, MAX(humidity) AS max_humid, COUNT(*) AS n
querier-1  | 2026-05-16T17:15:43.979179804Z FROM sensors
querier-1  | 2026-05-16T17:15:43.979180388Z GROUP BY region format=Csv
querier-1  | 2026-05-16T17:15:43.979180929Z 2026-05-16T17:15:43.979097Z  INFO influxdb3_server::query_executor: executing sql query database=bench query=-- Full-range aggregation across every host and every point. Forces a scan of
querier-1  | 2026-05-16T17:15:43.979182804Z -- every parquet file the querier knows about. Most-uncompacted-friendly:
querier-1  | 2026-05-16T17:15:43.979183429Z -- many small gen1 files = many small reads.
querier-1  | 2026-05-16T17:15:43.979183929Z SELECT region, AVG(temp) AS avg_temp, MAX(humidity) AS max_humid, COUNT(*) AS n
querier-1  | 2026-05-16T17:15:43.979184429Z FROM sensors
querier-1  | 2026-05-16T17:15:43.979184929Z GROUP BY region params=None
querier-1  | 2026-05-16T17:15:43.979185513Z 2026-05-16T17:15:43.979119Z  INFO iox_query::query_log: query when="received" id=f791d4c7-b28d-4cd2-9640-5289493dfdad namespace_id=0 namespace_name="influxdb3 oss" query_type="sql" query_text=-- Full-range aggregation across every host and every point. Forces a scan of
querier-1  | 2026-05-16T17:15:43.979186471Z -- every parquet file the querier knows about. Most-uncompacted-friendly:
querier-1  | 2026-05-16T17:15:43.979187013Z -- many small gen1 files = many small reads.
querier-1  | 2026-05-16T17:15:43.979187513Z SELECT region, AVG(temp) AS avg_temp, MAX(humidity) AS max_humid, COUNT(*) AS n
querier-1  | 2026-05-16T17:15:43.979188013Z FROM sensors
querier-1  | 2026-05-16T17:15:43.979188513Z GROUP BY region query_params=Params { } issue_time=2026-05-16T17:15:43.979118096+00:00 success=false running=true cancelled=false
querier-1  | 2026-05-16T17:15:43.990051013Z 2026-05-16T17:15:43.989946Z  INFO influxdb3_write::composite_write_buffer: composite get_table_chunks db_schema.id=DbId(1) table_def.table_id=TableId(0) local=1 remote=0 tail=1000 total=1001
querier-1  | 2026-05-16T17:15:43.991046596Z 2026-05-16T17:15:43.990985Z  WARN iox_query::physical_optimizer::dedup::split: cannot split dedup operation, fanout too wide n_split=501 max_dedup_split=100
querier-1  | 2026-05-16T17:15:43.993062888Z 2026-05-16T17:15:43.992996Z  INFO iox_query::query_log: query when="planned" id=f791d4c7-b28d-4cd2-9640-5289493dfdad namespace_id=0 namespace_name="influxdb3 oss" query_type="sql" query_text=-- Full-range aggregation across every host and every point. Forces a scan of
querier-1  | 2026-05-16T17:15:43.993068429Z -- every parquet file the querier knows about. Most-uncompacted-friendly:
querier-1  | 2026-05-16T17:15:43.993069429Z -- many small gen1 files = many small reads.
querier-1  | 2026-05-16T17:15:43.993070263Z SELECT region, AVG(temp) AS avg_temp, MAX(humidity) AS max_humid, COUNT(*) AS n
querier-1  | 2026-05-16T17:15:43.993071096Z FROM sensors
querier-1  | 2026-05-16T17:15:43.993071971Z GROUP BY region query_params=Params { } issue_time=2026-05-16T17:15:43.979118096+00:00 partitions=1 parquet_files=1 deduplicated_partitions=1 deduplicated_parquet_files=1 plan_duration_secs=0.0138715 success=false running=true cancelled=false
querier-1  | 2026-05-16T17:15:43.993073054Z 2026-05-16T17:15:43.993015Z  INFO iox_query::query_log: query when="permit" id=f791d4c7-b28d-4cd2-9640-5289493dfdad namespace_id=0 namespace_name="influxdb3 oss" query_type="sql" query_text=-- Full-range aggregation across every host and every point. Forces a scan of
querier-1  | 2026-05-16T17:15:43.993096013Z -- every parquet file the querier knows about. Most-uncompacted-friendly:
querier-1  | 2026-05-16T17:15:43.993096721Z -- many small gen1 files = many small reads.
querier-1  | 2026-05-16T17:15:43.993097346Z SELECT region, AVG(temp) AS avg_temp, MAX(humidity) AS max_humid, COUNT(*) AS n
querier-1  | 2026-05-16T17:15:43.993097929Z FROM sensors
querier-1  | 2026-05-16T17:15:43.993098554Z GROUP BY region query_params=Params { } issue_time=2026-05-16T17:15:43.979118096+00:00 partitions=1 parquet_files=1 deduplicated_partitions=1 deduplicated_parquet_files=1 plan_duration_secs=0.0138715 permit_duration_secs=2.4917e-5 success=false running=true cancelled=false
querier-1  | 2026-05-16T17:15:43.993254513Z 2026-05-16T17:15:43.993098Z  INFO iox_query::query_log: query when="success" id=f791d4c7-b28d-4cd2-9640-5289493dfdad namespace_id=0 namespace_name="influxdb3 oss" query_type="sql" query_text=-- Full-range aggregation across every host and every point. Forces a scan of
querier-1  | 2026-05-16T17:15:43.993259554Z -- every parquet file the querier knows about. Most-uncompacted-friendly:
querier-1  | 2026-05-16T17:15:43.993260596Z -- many small gen1 files = many small reads.
querier-1  | 2026-05-16T17:15:43.993261346Z SELECT region, AVG(temp) AS avg_temp, MAX(humidity) AS max_humid, COUNT(*) AS n
querier-1  | 2026-05-16T17:15:43.993262054Z FROM sensors
querier-1  | 2026-05-16T17:15:43.993263221Z GROUP BY region query_params=Params { } issue_time=2026-05-16T17:15:43.979118096+00:00 partitions=1 parquet_files=1 deduplicated_partitions=1 deduplicated_parquet_files=1 plan_duration_secs=0.0138715 permit_duration_secs=2.4917e-5 execute_duration_secs=7.7541e-5 end2end_duration_secs=0.013979583 compute_duration_secs=4e-9 max_memory=0 ingester_metrics.latency_to_plan_secs=0.0 ingester_metrics.latency_to_full_data_secs=0.0 ingester_metrics.response_rows=0 ingester_metrics.partition_count=0 ingester_metrics.response_size=0 success=true running=false cancelled=false
querier-1  | 2026-05-16T17:15:45.724978472Z 2026-05-16T17:15:45.724908Z  INFO influxdb3_server::http: handling query_sql database=bench query_str=-- Full-range aggregation across every host and every point. Forces a scan of
querier-1  | 2026-05-16T17:15:45.724989347Z -- every parquet file the querier knows about. Most-uncompacted-friendly:
querier-1  | 2026-05-16T17:15:45.724990597Z -- many small gen1 files = many small reads.
querier-1  | 2026-05-16T17:15:45.724991305Z SELECT region, AVG(temp) AS avg_temp, MAX(humidity) AS max_humid, COUNT(*) AS n
querier-1  | 2026-05-16T17:15:45.724991972Z FROM sensors
querier-1  | 2026-05-16T17:15:45.724992597Z GROUP BY region format=Csv
querier-1  | 2026-05-16T17:15:45.724993180Z 2026-05-16T17:15:45.724926Z  INFO influxdb3_server::query_executor: executing sql query database=bench query=-- Full-range aggregation across every host and every point. Forces a scan of
querier-1  | 2026-05-16T17:15:45.724993972Z -- every parquet file the querier knows about. Most-uncompacted-friendly:
querier-1  | 2026-05-16T17:15:45.724994555Z -- many small gen1 files = many small reads.
querier-1  | 2026-05-16T17:15:45.724995097Z SELECT region, AVG(temp) AS avg_temp, MAX(humidity) AS max_humid, COUNT(*) AS n
querier-1  | 2026-05-16T17:15:45.724995680Z FROM sensors
querier-1  | 2026-05-16T17:15:45.724996222Z GROUP BY region params=None
querier-1  | 2026-05-16T17:15:45.724996930Z 2026-05-16T17:15:45.724953Z  INFO iox_query::query_log: query when="received" id=9dc08a6a-f3ff-45af-9db3-0427740d44f4 namespace_id=0 namespace_name="influxdb3 oss" query_type="sql" query_text=-- Full-range aggregation across every host and every point. Forces a scan of
querier-1  | 2026-05-16T17:15:45.725003889Z -- every parquet file the querier knows about. Most-uncompacted-friendly:
querier-1  | 2026-05-16T17:15:45.725004597Z -- many small gen1 files = many small reads.
querier-1  | 2026-05-16T17:15:45.725005139Z SELECT region, AVG(temp) AS avg_temp, MAX(humidity) AS max_humid, COUNT(*) AS n
querier-1  | 2026-05-16T17:15:45.725005722Z FROM sensors
querier-1  | 2026-05-16T17:15:45.725006264Z GROUP BY region query_params=Params { } issue_time=2026-05-16T17:15:45.724952180+00:00 success=false running=true cancelled=false
querier-1  | 2026-05-16T17:15:45.736380305Z 2026-05-16T17:15:45.736268Z  INFO influxdb3_write::composite_write_buffer: composite get_table_chunks db_schema.id=DbId(1) table_def.table_id=TableId(0) local=1 remote=0 tail=1000 total=1001
querier-1  | 2026-05-16T17:15:45.737476930Z 2026-05-16T17:15:45.737416Z  WARN iox_query::physical_optimizer::dedup::split: cannot split dedup operation, fanout too wide n_split=501 max_dedup_split=100
querier-1  | 2026-05-16T17:15:45.739388389Z 2026-05-16T17:15:45.739320Z  INFO iox_query::query_log: query when="planned" id=9dc08a6a-f3ff-45af-9db3-0427740d44f4 namespace_id=0 namespace_name="influxdb3 oss" query_type="sql" query_text=-- Full-range aggregation across every host and every point. Forces a scan of
querier-1  | 2026-05-16T17:15:45.739396430Z -- every parquet file the querier knows about. Most-uncompacted-friendly:
querier-1  | 2026-05-16T17:15:45.739397847Z -- many small gen1 files = many small reads.
querier-1  | 2026-05-16T17:15:45.739398722Z SELECT region, AVG(temp) AS avg_temp, MAX(humidity) AS max_humid, COUNT(*) AS n
querier-1  | 2026-05-16T17:15:45.739399639Z FROM sensors
querier-1  | 2026-05-16T17:15:45.739400305Z GROUP BY region query_params=Params { } issue_time=2026-05-16T17:15:45.724952180+00:00 partitions=1 parquet_files=1 deduplicated_partitions=1 deduplicated_parquet_files=1 plan_duration_secs=0.01436125 success=false running=true cancelled=false
querier-1  | 2026-05-16T17:15:45.739401347Z 2026-05-16T17:15:45.739340Z  INFO iox_query::query_log: query when="permit" id=9dc08a6a-f3ff-45af-9db3-0427740d44f4 namespace_id=0 namespace_name="influxdb3 oss" query_type="sql" query_text=-- Full-range aggregation across every host and every point. Forces a scan of
querier-1  | 2026-05-16T17:15:45.739402430Z -- every parquet file the querier knows about. Most-uncompacted-friendly:
querier-1  | 2026-05-16T17:15:45.739403180Z -- many small gen1 files = many small reads.
querier-1  | 2026-05-16T17:15:45.739403889Z SELECT region, AVG(temp) AS avg_temp, MAX(humidity) AS max_humid, COUNT(*) AS n
querier-1  | 2026-05-16T17:15:45.739404639Z FROM sensors
querier-1  | 2026-05-16T17:15:45.739405347Z GROUP BY region query_params=Params { } issue_time=2026-05-16T17:15:45.724952180+00:00 partitions=1 parquet_files=1 deduplicated_partitions=1 deduplicated_parquet_files=1 plan_duration_secs=0.01436125 permit_duration_secs=2.6792e-5 success=false running=true cancelled=false
querier-1  | 2026-05-16T17:15:45.739557597Z 2026-05-16T17:15:45.739427Z  INFO iox_query::query_log: query when="success" id=9dc08a6a-f3ff-45af-9db3-0427740d44f4 namespace_id=0 namespace_name="influxdb3 oss" query_type="sql" query_text=-- Full-range aggregation across every host and every point. Forces a scan of
querier-1  | 2026-05-16T17:15:45.739586722Z -- every parquet file the querier knows about. Most-uncompacted-friendly:
querier-1  | 2026-05-16T17:15:45.739589264Z -- many small gen1 files = many small reads.
querier-1  | 2026-05-16T17:15:45.739590639Z SELECT region, AVG(temp) AS avg_temp, MAX(humidity) AS max_humid, COUNT(*) AS n
querier-1  | 2026-05-16T17:15:45.739610514Z FROM sensors
querier-1  | 2026-05-16T17:15:45.739620305Z GROUP BY region query_params=Params { } issue_time=2026-05-16T17:15:45.724952180+00:00 partitions=1 parquet_files=1 deduplicated_partitions=1 deduplicated_parquet_files=1 plan_duration_secs=0.01436125 permit_duration_secs=2.6792e-5 execute_duration_secs=8.0583e-5 end2end_duration_secs=0.014474292 compute_duration_secs=4e-9 max_memory=0 ingester_metrics.latency_to_plan_secs=0.0 ingester_metrics.latency_to_full_data_secs=0.0 ingester_metrics.response_rows=0 ingester_metrics.partition_count=0 ingester_metrics.response_size=0 success=true running=false cancelled=false
querier-1  | 2026-05-16T17:15:47.429385375Z 2026-05-16T17:15:47.429322Z  INFO influxdb3_server::http: handling query_sql database=bench query_str=-- High-cardinality predicate: per-host extremes across a 4-week window.
querier-1  | 2026-05-16T17:15:47.429394208Z -- Benchmarks the per-file pruning path. Compaction should improve this
querier-1  | 2026-05-16T17:15:47.429395417Z -- materially when many gen1 files cover overlapping host sets.
querier-1  | 2026-05-16T17:15:47.429396125Z SELECT host, MAX(pressure) AS max_p, MIN(pressure) AS min_p
querier-1  | 2026-05-16T17:15:47.429396792Z FROM sensors
querier-1  | 2026-05-16T17:15:47.429397375Z WHERE time > now() - INTERVAL '4 weeks'
querier-1  | 2026-05-16T17:15:47.429398208Z GROUP BY host
querier-1  | 2026-05-16T17:15:47.429398833Z ORDER BY max_p DESC
querier-1  | 2026-05-16T17:15:47.429399417Z LIMIT 50 format=Csv
querier-1  | 2026-05-16T17:15:47.429400000Z 2026-05-16T17:15:47.429341Z  INFO influxdb3_server::query_executor: executing sql query database=bench query=-- High-cardinality predicate: per-host extremes across a 4-week window.
querier-1  | 2026-05-16T17:15:47.429400833Z -- Benchmarks the per-file pruning path. Compaction should improve this
querier-1  | 2026-05-16T17:15:47.429401458Z -- materially when many gen1 files cover overlapping host sets.
querier-1  | 2026-05-16T17:15:47.429402125Z SELECT host, MAX(pressure) AS max_p, MIN(pressure) AS min_p
querier-1  | 2026-05-16T17:15:47.429402708Z FROM sensors
querier-1  | 2026-05-16T17:15:47.429403292Z WHERE time > now() - INTERVAL '4 weeks'
querier-1  | 2026-05-16T17:15:47.429403833Z GROUP BY host
querier-1  | 2026-05-16T17:15:47.429404375Z ORDER BY max_p DESC
querier-1  | 2026-05-16T17:15:47.429404917Z LIMIT 50 params=None
querier-1  | 2026-05-16T17:15:47.429407500Z 2026-05-16T17:15:47.429364Z  INFO iox_query::query_log: query when="received" id=6e8d8dc1-56a4-497e-8ea0-49038a246223 namespace_id=0 namespace_name="influxdb3 oss" query_type="sql" query_text=-- High-cardinality predicate: per-host extremes across a 4-week window.
querier-1  | 2026-05-16T17:15:47.429408625Z -- Benchmarks the per-file pruning path. Compaction should improve this
querier-1  | 2026-05-16T17:15:47.429409250Z -- materially when many gen1 files cover overlapping host sets.
querier-1  | 2026-05-16T17:15:47.429409875Z SELECT host, MAX(pressure) AS max_p, MIN(pressure) AS min_p
querier-1  | 2026-05-16T17:15:47.429415792Z FROM sensors
querier-1  | 2026-05-16T17:15:47.429416417Z WHERE time > now() - INTERVAL '4 weeks'
querier-1  | 2026-05-16T17:15:47.429417000Z GROUP BY host
querier-1  | 2026-05-16T17:15:47.429417542Z ORDER BY max_p DESC
querier-1  | 2026-05-16T17:15:47.429418125Z LIMIT 50 query_params=Params { } issue_time=2026-05-16T17:15:47.429363458+00:00 success=false running=true cancelled=false
querier-1  | 2026-05-16T17:15:47.438737375Z 2026-05-16T17:15:47.438641Z  INFO influxdb3_write::composite_write_buffer: composite get_table_chunks db_schema.id=DbId(1) table_def.table_id=TableId(0) local=1 remote=0 tail=280 total=281
querier-1  | 2026-05-16T17:15:47.439102292Z 2026-05-16T17:15:47.439060Z  WARN iox_query::physical_optimizer::dedup::split: cannot split dedup operation, fanout too wide n_split=141 max_dedup_split=100
querier-1  | 2026-05-16T17:15:47.440338583Z 2026-05-16T17:15:47.440270Z  INFO iox_query::query_log: query when="planned" id=6e8d8dc1-56a4-497e-8ea0-49038a246223 namespace_id=0 namespace_name="influxdb3 oss" query_type="sql" query_text=-- High-cardinality predicate: per-host extremes across a 4-week window.
querier-1  | 2026-05-16T17:15:47.440344792Z -- Benchmarks the per-file pruning path. Compaction should improve this
querier-1  | 2026-05-16T17:15:47.440345833Z -- materially when many gen1 files cover overlapping host sets.
querier-1  | 2026-05-16T17:15:47.440346667Z SELECT host, MAX(pressure) AS max_p, MIN(pressure) AS min_p
querier-1  | 2026-05-16T17:15:47.440347375Z FROM sensors
querier-1  | 2026-05-16T17:15:47.440348125Z WHERE time > now() - INTERVAL '4 weeks'
querier-1  | 2026-05-16T17:15:47.440349042Z GROUP BY host
querier-1  | 2026-05-16T17:15:47.440349583Z ORDER BY max_p DESC
querier-1  | 2026-05-16T17:15:47.440350167Z LIMIT 50 query_params=Params { } issue_time=2026-05-16T17:15:47.429363458+00:00 partitions=1 parquet_files=1 deduplicated_partitions=1 deduplicated_parquet_files=1 plan_duration_secs=0.01090075 success=false running=true cancelled=false
querier-1  | 2026-05-16T17:15:47.440351000Z 2026-05-16T17:15:47.440284Z  INFO iox_query::query_log: query when="permit" id=6e8d8dc1-56a4-497e-8ea0-49038a246223 namespace_id=0 namespace_name="influxdb3 oss" query_type="sql" query_text=-- High-cardinality predicate: per-host extremes across a 4-week window.
querier-1  | 2026-05-16T17:15:47.440351958Z -- Benchmarks the per-file pruning path. Compaction should improve this
querier-1  | 2026-05-16T17:15:47.440352542Z -- materially when many gen1 files cover overlapping host sets.
querier-1  | 2026-05-16T17:15:47.440353083Z SELECT host, MAX(pressure) AS max_p, MIN(pressure) AS min_p
querier-1  | 2026-05-16T17:15:47.440353667Z FROM sensors
querier-1  | 2026-05-16T17:15:47.440354167Z WHERE time > now() - INTERVAL '4 weeks'
querier-1  | 2026-05-16T17:15:47.440354750Z GROUP BY host
querier-1  | 2026-05-16T17:15:47.440355333Z ORDER BY max_p DESC
querier-1  | 2026-05-16T17:15:47.440356000Z LIMIT 50 query_params=Params { } issue_time=2026-05-16T17:15:47.429363458+00:00 partitions=1 parquet_files=1 deduplicated_partitions=1 deduplicated_parquet_files=1 plan_duration_secs=0.01090075 permit_duration_secs=1.9417e-5 success=false running=true cancelled=false
querier-1  | 2026-05-16T17:15:47.440705292Z 2026-05-16T17:15:47.440556Z  INFO iox_query::query_log: query when="success" id=6e8d8dc1-56a4-497e-8ea0-49038a246223 namespace_id=0 namespace_name="influxdb3 oss" query_type="sql" query_text=-- High-cardinality predicate: per-host extremes across a 4-week window.
querier-1  | 2026-05-16T17:15:47.440727750Z -- Benchmarks the per-file pruning path. Compaction should improve this
querier-1  | 2026-05-16T17:15:47.440729000Z -- materially when many gen1 files cover overlapping host sets.
querier-1  | 2026-05-16T17:15:47.440729708Z SELECT host, MAX(pressure) AS max_p, MIN(pressure) AS min_p
querier-1  | 2026-05-16T17:15:47.440730333Z FROM sensors
querier-1  | 2026-05-16T17:15:47.440730917Z WHERE time > now() - INTERVAL '4 weeks'
querier-1  | 2026-05-16T17:15:47.440731667Z GROUP BY host
querier-1  | 2026-05-16T17:15:47.440732250Z ORDER BY max_p DESC
querier-1  | 2026-05-16T17:15:47.440734333Z LIMIT 50 query_params=Params { } issue_time=2026-05-16T17:15:47.429363458+00:00 partitions=1 parquet_files=1 deduplicated_partitions=1 deduplicated_parquet_files=1 plan_duration_secs=0.01090075 permit_duration_secs=1.9417e-5 execute_duration_secs=0.000219917 end2end_duration_secs=0.011191292 compute_duration_secs=0.000193741 max_memory=4992 ingester_metrics.latency_to_plan_secs=0.0 ingester_metrics.latency_to_full_data_secs=0.0 ingester_metrics.response_rows=0 ingester_metrics.partition_count=0 ingester_metrics.response_size=0 success=true running=false cancelled=false
querier-1  | 2026-05-16T17:15:47.661513250Z 2026-05-16T17:15:47.661451Z  INFO influxdb3_server::http: handling query_sql database=bench query_str=-- High-cardinality predicate: per-host extremes across a 4-week window.
querier-1  | 2026-05-16T17:15:47.661533750Z -- Benchmarks the per-file pruning path. Compaction should improve this
querier-1  | 2026-05-16T17:15:47.661535209Z -- materially when many gen1 files cover overlapping host sets.
querier-1  | 2026-05-16T17:15:47.661536084Z SELECT host, MAX(pressure) AS max_p, MIN(pressure) AS min_p
querier-1  | 2026-05-16T17:15:47.661536834Z FROM sensors
querier-1  | 2026-05-16T17:15:47.661537500Z WHERE time > now() - INTERVAL '4 weeks'
querier-1  | 2026-05-16T17:15:47.661538375Z GROUP BY host
querier-1  | 2026-05-16T17:15:47.661538959Z ORDER BY max_p DESC
querier-1  | 2026-05-16T17:15:47.661539542Z LIMIT 50 format=Csv
querier-1  | 2026-05-16T17:15:47.661540042Z 2026-05-16T17:15:47.661468Z  INFO influxdb3_server::query_executor: executing sql query database=bench query=-- High-cardinality predicate: per-host extremes across a 4-week window.
querier-1  | 2026-05-16T17:15:47.661540667Z -- Benchmarks the per-file pruning path. Compaction should improve this
querier-1  | 2026-05-16T17:15:47.661541250Z -- materially when many gen1 files cover overlapping host sets.
querier-1  | 2026-05-16T17:15:47.661541750Z SELECT host, MAX(pressure) AS max_p, MIN(pressure) AS min_p
querier-1  | 2026-05-16T17:15:47.661542292Z FROM sensors
querier-1  | 2026-05-16T17:15:47.661542792Z WHERE time > now() - INTERVAL '4 weeks'
querier-1  | 2026-05-16T17:15:47.661543292Z GROUP BY host
querier-1  | 2026-05-16T17:15:47.661543792Z ORDER BY max_p DESC
querier-1  | 2026-05-16T17:15:47.661544292Z LIMIT 50 params=None
querier-1  | 2026-05-16T17:15:47.661544792Z 2026-05-16T17:15:47.661486Z  INFO iox_query::query_log: query when="received" id=fbfac310-8048-4383-9817-98ef678d7fe3 namespace_id=0 namespace_name="influxdb3 oss" query_type="sql" query_text=-- High-cardinality predicate: per-host extremes across a 4-week window.
querier-1  | 2026-05-16T17:15:47.661552209Z -- Benchmarks the per-file pruning path. Compaction should improve this
querier-1  | 2026-05-16T17:15:47.661552834Z -- materially when many gen1 files cover overlapping host sets.
querier-1  | 2026-05-16T17:15:47.661553375Z SELECT host, MAX(pressure) AS max_p, MIN(pressure) AS min_p
querier-1  | 2026-05-16T17:15:47.661553917Z FROM sensors
querier-1  | 2026-05-16T17:15:47.661554375Z WHERE time > now() - INTERVAL '4 weeks'
querier-1  | 2026-05-16T17:15:47.661554917Z GROUP BY host
querier-1  | 2026-05-16T17:15:47.661555500Z ORDER BY max_p DESC
querier-1  | 2026-05-16T17:15:47.661556000Z LIMIT 50 query_params=Params { } issue_time=2026-05-16T17:15:47.661485709+00:00 success=false running=true cancelled=false
querier-1  | 2026-05-16T17:15:47.670719959Z 2026-05-16T17:15:47.669466Z  INFO influxdb3_write::composite_write_buffer: composite get_table_chunks db_schema.id=DbId(1) table_def.table_id=TableId(0) local=1 remote=0 tail=280 total=281
querier-1  | 2026-05-16T17:15:47.670737125Z 2026-05-16T17:15:47.669850Z  WARN iox_query::physical_optimizer::dedup::split: cannot split dedup operation, fanout too wide n_split=141 max_dedup_split=100
querier-1  | 2026-05-16T17:15:47.671166250Z 2026-05-16T17:15:47.671113Z  INFO iox_query::query_log: query when="planned" id=fbfac310-8048-4383-9817-98ef678d7fe3 namespace_id=0 namespace_name="influxdb3 oss" query_type="sql" query_text=-- High-cardinality predicate: per-host extremes across a 4-week window.
querier-1  | 2026-05-16T17:15:47.671170292Z -- Benchmarks the per-file pruning path. Compaction should improve this
querier-1  | 2026-05-16T17:15:47.671171375Z -- materially when many gen1 files cover overlapping host sets.
querier-1  | 2026-05-16T17:15:47.671172167Z SELECT host, MAX(pressure) AS max_p, MIN(pressure) AS min_p
querier-1  | 2026-05-16T17:15:47.671172917Z FROM sensors
querier-1  | 2026-05-16T17:15:47.671173667Z WHERE time > now() - INTERVAL '4 weeks'
querier-1  | 2026-05-16T17:15:47.671174584Z GROUP BY host
querier-1  | 2026-05-16T17:15:47.671175292Z ORDER BY max_p DESC
querier-1  | 2026-05-16T17:15:47.671176042Z LIMIT 50 query_params=Params { } issue_time=2026-05-16T17:15:47.661485709+00:00 partitions=1 parquet_files=1 deduplicated_partitions=1 deduplicated_parquet_files=1 plan_duration_secs=0.009620625 success=false running=true cancelled=false
querier-1  | 2026-05-16T17:15:47.671177042Z 2026-05-16T17:15:47.671127Z  INFO iox_query::query_log: query when="permit" id=fbfac310-8048-4383-9817-98ef678d7fe3 namespace_id=0 namespace_name="influxdb3 oss" query_type="sql" query_text=-- High-cardinality predicate: per-host extremes across a 4-week window.
querier-1  | 2026-05-16T17:15:47.671178125Z -- Benchmarks the per-file pruning path. Compaction should improve this
querier-1  | 2026-05-16T17:15:47.671178834Z -- materially when many gen1 files cover overlapping host sets.
querier-1  | 2026-05-16T17:15:47.671179417Z SELECT host, MAX(pressure) AS max_p, MIN(pressure) AS min_p
querier-1  | 2026-05-16T17:15:47.671180000Z FROM sensors
querier-1  | 2026-05-16T17:15:47.671180625Z WHERE time > now() - INTERVAL '4 weeks'
querier-1  | 2026-05-16T17:15:47.671181209Z GROUP BY host
querier-1  | 2026-05-16T17:15:47.671184125Z ORDER BY max_p DESC
querier-1  | 2026-05-16T17:15:47.671190084Z LIMIT 50 query_params=Params { } issue_time=2026-05-16T17:15:47.661485709+00:00 partitions=1 parquet_files=1 deduplicated_partitions=1 deduplicated_parquet_files=1 plan_duration_secs=0.009620625 permit_duration_secs=2.0208e-5 success=false running=true cancelled=false
querier-1  | 2026-05-16T17:15:47.671408042Z 2026-05-16T17:15:47.671345Z  INFO iox_query::query_log: query when="success" id=fbfac310-8048-4383-9817-98ef678d7fe3 namespace_id=0 namespace_name="influxdb3 oss" query_type="sql" query_text=-- High-cardinality predicate: per-host extremes across a 4-week window.
querier-1  | 2026-05-16T17:15:47.671416625Z -- Benchmarks the per-file pruning path. Compaction should improve this
querier-1  | 2026-05-16T17:15:47.671417542Z -- materially when many gen1 files cover overlapping host sets.
querier-1  | 2026-05-16T17:15:47.671418209Z SELECT host, MAX(pressure) AS max_p, MIN(pressure) AS min_p
querier-1  | 2026-05-16T17:15:47.671418792Z FROM sensors
querier-1  | 2026-05-16T17:15:47.671419292Z WHERE time > now() - INTERVAL '4 weeks'
querier-1  | 2026-05-16T17:15:47.671420042Z GROUP BY host
querier-1  | 2026-05-16T17:15:47.671420542Z ORDER BY max_p DESC
querier-1  | 2026-05-16T17:15:47.671421667Z LIMIT 50 query_params=Params { } issue_time=2026-05-16T17:15:47.661485709+00:00 partitions=1 parquet_files=1 deduplicated_partitions=1 deduplicated_parquet_files=1 plan_duration_secs=0.009620625 permit_duration_secs=2.0208e-5 execute_duration_secs=0.000181833 end2end_duration_secs=0.009857333 compute_duration_secs=0.000137774 max_memory=0 ingester_metrics.latency_to_plan_secs=0.0 ingester_metrics.latency_to_full_data_secs=0.0 ingester_metrics.response_rows=0 ingester_metrics.partition_count=0 ingester_metrics.response_size=0 success=true running=false cancelled=false
querier-1  | 2026-05-16T17:15:47.885383500Z 2026-05-16T17:15:47.885329Z  INFO influxdb3_server::http: handling query_sql database=bench query_str=-- High-cardinality predicate: per-host extremes across a 4-week window.
querier-1  | 2026-05-16T17:15:47.885391292Z -- Benchmarks the per-file pruning path. Compaction should improve this
querier-1  | 2026-05-16T17:15:47.885392209Z -- materially when many gen1 files cover overlapping host sets.
querier-1  | 2026-05-16T17:15:47.885392834Z SELECT host, MAX(pressure) AS max_p, MIN(pressure) AS min_p
querier-1  | 2026-05-16T17:15:47.885393500Z FROM sensors
querier-1  | 2026-05-16T17:15:47.885394125Z WHERE time > now() - INTERVAL '4 weeks'
querier-1  | 2026-05-16T17:15:47.885395000Z GROUP BY host
querier-1  | 2026-05-16T17:15:47.885395542Z ORDER BY max_p DESC
querier-1  | 2026-05-16T17:15:47.885396209Z LIMIT 50 format=Csv
querier-1  | 2026-05-16T17:15:47.885396792Z 2026-05-16T17:15:47.885346Z  INFO influxdb3_server::query_executor: executing sql query database=bench query=-- High-cardinality predicate: per-host extremes across a 4-week window.
querier-1  | 2026-05-16T17:15:47.885397500Z -- Benchmarks the per-file pruning path. Compaction should improve this
querier-1  | 2026-05-16T17:15:47.885398084Z -- materially when many gen1 files cover overlapping host sets.
querier-1  | 2026-05-16T17:15:47.885398625Z SELECT host, MAX(pressure) AS max_p, MIN(pressure) AS min_p
querier-1  | 2026-05-16T17:15:47.885399209Z FROM sensors
querier-1  | 2026-05-16T17:15:47.885399750Z WHERE time > now() - INTERVAL '4 weeks'
querier-1  | 2026-05-16T17:15:47.885406209Z GROUP BY host
querier-1  | 2026-05-16T17:15:47.885406875Z ORDER BY max_p DESC
querier-1  | 2026-05-16T17:15:47.885407667Z LIMIT 50 params=None
querier-1  | 2026-05-16T17:15:47.885433959Z 2026-05-16T17:15:47.885367Z  INFO iox_query::query_log: query when="received" id=6e462841-0b7f-4857-b2e7-8ead9b92a2da namespace_id=0 namespace_name="influxdb3 oss" query_type="sql" query_text=-- High-cardinality predicate: per-host extremes across a 4-week window.
querier-1  | 2026-05-16T17:15:47.885438000Z -- Benchmarks the per-file pruning path. Compaction should improve this
querier-1  | 2026-05-16T17:15:47.885439000Z -- materially when many gen1 files cover overlapping host sets.
querier-1  | 2026-05-16T17:15:47.885439792Z SELECT host, MAX(pressure) AS max_p, MIN(pressure) AS min_p
querier-1  | 2026-05-16T17:15:47.885440500Z FROM sensors
querier-1  | 2026-05-16T17:15:47.885441250Z WHERE time > now() - INTERVAL '4 weeks'
querier-1  | 2026-05-16T17:15:47.885442000Z GROUP BY host
querier-1  | 2026-05-16T17:15:47.885442709Z ORDER BY max_p DESC
querier-1  | 2026-05-16T17:15:47.885443417Z LIMIT 50 query_params=Params { } issue_time=2026-05-16T17:15:47.885366167+00:00 success=false running=true cancelled=false
querier-1  | 2026-05-16T17:15:47.893430834Z 2026-05-16T17:15:47.893353Z  INFO influxdb3_write::composite_write_buffer: composite get_table_chunks db_schema.id=DbId(1) table_def.table_id=TableId(0) local=1 remote=0 tail=280 total=281
querier-1  | 2026-05-16T17:15:47.893800792Z 2026-05-16T17:15:47.893766Z  WARN iox_query::physical_optimizer::dedup::split: cannot split dedup operation, fanout too wide n_split=141 max_dedup_split=100
querier-1  | 2026-05-16T17:15:47.895053667Z 2026-05-16T17:15:47.895014Z  INFO iox_query::query_log: query when="planned" id=6e462841-0b7f-4857-b2e7-8ead9b92a2da namespace_id=0 namespace_name="influxdb3 oss" query_type="sql" query_text=-- High-cardinality predicate: per-host extremes across a 4-week window.
querier-1  | 2026-05-16T17:15:47.895057709Z -- Benchmarks the per-file pruning path. Compaction should improve this
querier-1  | 2026-05-16T17:15:47.895058584Z -- materially when many gen1 files cover overlapping host sets.
querier-1  | 2026-05-16T17:15:47.895061459Z SELECT host, MAX(pressure) AS max_p, MIN(pressure) AS min_p
querier-1  | 2026-05-16T17:15:47.895062209Z FROM sensors
querier-1  | 2026-05-16T17:15:47.895062875Z WHERE time > now() - INTERVAL '4 weeks'
querier-1  | 2026-05-16T17:15:47.895063834Z GROUP BY host
querier-1  | 2026-05-16T17:15:47.895064500Z ORDER BY max_p DESC
querier-1  | 2026-05-16T17:15:47.895065167Z LIMIT 50 query_params=Params { } issue_time=2026-05-16T17:15:47.885366167+00:00 partitions=1 parquet_files=1 deduplicated_partitions=1 deduplicated_parquet_files=1 plan_duration_secs=0.009640958 success=false running=true cancelled=false
querier-1  | 2026-05-16T17:15:47.895066167Z 2026-05-16T17:15:47.895028Z  INFO iox_query::query_log: query when="permit" id=6e462841-0b7f-4857-b2e7-8ead9b92a2da namespace_id=0 namespace_name="influxdb3 oss" query_type="sql" query_text=-- High-cardinality predicate: per-host extremes across a 4-week window.
querier-1  | 2026-05-16T17:15:47.895067250Z -- Benchmarks the per-file pruning path. Compaction should improve this
querier-1  | 2026-05-16T17:15:47.895068042Z -- materially when many gen1 files cover overlapping host sets.
querier-1  | 2026-05-16T17:15:47.895074334Z SELECT host, MAX(pressure) AS max_p, MIN(pressure) AS min_p
querier-1  | 2026-05-16T17:15:47.895075125Z FROM sensors
querier-1  | 2026-05-16T17:15:47.895075792Z WHERE time > now() - INTERVAL '4 weeks'
querier-1  | 2026-05-16T17:15:47.895076459Z GROUP BY host
querier-1  | 2026-05-16T17:15:47.895077042Z ORDER BY max_p DESC
querier-1  | 2026-05-16T17:15:47.895077584Z LIMIT 50 query_params=Params { } issue_time=2026-05-16T17:15:47.885366167+00:00 partitions=1 parquet_files=1 deduplicated_partitions=1 deduplicated_parquet_files=1 plan_duration_secs=0.009640958 permit_duration_secs=2.1292e-5 success=false running=true cancelled=false
querier-1  | 2026-05-16T17:15:47.895686334Z 2026-05-16T17:15:47.895266Z  INFO iox_query::query_log: query when="success" id=6e462841-0b7f-4857-b2e7-8ead9b92a2da namespace_id=0 namespace_name="influxdb3 oss" query_type="sql" query_text=-- High-cardinality predicate: per-host extremes across a 4-week window.
querier-1  | 2026-05-16T17:15:47.895689959Z -- Benchmarks the per-file pruning path. Compaction should improve this
querier-1  | 2026-05-16T17:15:47.895690750Z -- materially when many gen1 files cover overlapping host sets.
querier-1  | 2026-05-16T17:15:47.895691417Z SELECT host, MAX(pressure) AS max_p, MIN(pressure) AS min_p
querier-1  | 2026-05-16T17:15:47.895692084Z FROM sensors
querier-1  | 2026-05-16T17:15:47.895692667Z WHERE time > now() - INTERVAL '4 weeks'
querier-1  | 2026-05-16T17:15:47.895693334Z GROUP BY host
querier-1  | 2026-05-16T17:15:47.895693917Z ORDER BY max_p DESC
querier-1  | 2026-05-16T17:15:47.895694709Z LIMIT 50 query_params=Params { } issue_time=2026-05-16T17:15:47.885366167+00:00 partitions=1 parquet_files=1 deduplicated_partitions=1 deduplicated_parquet_files=1 plan_duration_secs=0.009640958 permit_duration_secs=2.1292e-5 execute_duration_secs=0.000182167 end2end_duration_secs=0.009898833 compute_duration_secs=0.000195276 max_memory=4992 ingester_metrics.latency_to_plan_secs=0.0 ingester_metrics.latency_to_full_data_secs=0.0 ingester_metrics.response_rows=0 ingester_metrics.partition_count=0 ingester_metrics.response_size=0 success=true running=false cancelled=false
querier-1  | 2026-05-16T17:15:48.123150625Z 2026-05-16T17:15:48.123089Z  INFO influxdb3_server::http: handling query_sql database=bench query_str=-- High-cardinality predicate: per-host extremes across a 4-week window.
querier-1  | 2026-05-16T17:15:48.123156375Z -- Benchmarks the per-file pruning path. Compaction should improve this
querier-1  | 2026-05-16T17:15:48.123157209Z -- materially when many gen1 files cover overlapping host sets.
querier-1  | 2026-05-16T17:15:48.123157792Z SELECT host, MAX(pressure) AS max_p, MIN(pressure) AS min_p
querier-1  | 2026-05-16T17:15:48.123158417Z FROM sensors
querier-1  | 2026-05-16T17:15:48.123158959Z WHERE time > now() - INTERVAL '4 weeks'
querier-1  | 2026-05-16T17:15:48.123159709Z GROUP BY host
querier-1  | 2026-05-16T17:15:48.123160250Z ORDER BY max_p DESC
querier-1  | 2026-05-16T17:15:48.123160834Z LIMIT 50 format=Csv
querier-1  | 2026-05-16T17:15:48.123161375Z 2026-05-16T17:15:48.123109Z  INFO influxdb3_server::query_executor: executing sql query database=bench query=-- High-cardinality predicate: per-host extremes across a 4-week window.
querier-1  | 2026-05-16T17:15:48.123162084Z -- Benchmarks the per-file pruning path. Compaction should improve this
querier-1  | 2026-05-16T17:15:48.123168625Z -- materially when many gen1 files cover overlapping host sets.
querier-1  | 2026-05-16T17:15:48.123169250Z SELECT host, MAX(pressure) AS max_p, MIN(pressure) AS min_p
querier-1  | 2026-05-16T17:15:48.123169834Z FROM sensors
querier-1  | 2026-05-16T17:15:48.123170375Z WHERE time > now() - INTERVAL '4 weeks'
querier-1  | 2026-05-16T17:15:48.123170917Z GROUP BY host
querier-1  | 2026-05-16T17:15:48.123171459Z ORDER BY max_p DESC
querier-1  | 2026-05-16T17:15:48.123172000Z LIMIT 50 params=None
querier-1  | 2026-05-16T17:15:48.123174417Z 2026-05-16T17:15:48.123130Z  INFO iox_query::query_log: query when="received" id=21822990-021e-492a-b832-0fd5042e8bff namespace_id=0 namespace_name="influxdb3 oss" query_type="sql" query_text=-- High-cardinality predicate: per-host extremes across a 4-week window.
querier-1  | 2026-05-16T17:15:48.123175459Z -- Benchmarks the per-file pruning path. Compaction should improve this
querier-1  | 2026-05-16T17:15:48.123176125Z -- materially when many gen1 files cover overlapping host sets.
querier-1  | 2026-05-16T17:15:48.123176709Z SELECT host, MAX(pressure) AS max_p, MIN(pressure) AS min_p
querier-1  | 2026-05-16T17:15:48.123177250Z FROM sensors
querier-1  | 2026-05-16T17:15:48.123177792Z WHERE time > now() - INTERVAL '4 weeks'
querier-1  | 2026-05-16T17:15:48.123178334Z GROUP BY host
querier-1  | 2026-05-16T17:15:48.123178834Z ORDER BY max_p DESC
querier-1  | 2026-05-16T17:15:48.123179375Z LIMIT 50 query_params=Params { } issue_time=2026-05-16T17:15:48.123129417+00:00 success=false running=true cancelled=false
querier-1  | 2026-05-16T17:15:48.130822084Z 2026-05-16T17:15:48.130740Z  INFO influxdb3_write::composite_write_buffer: composite get_table_chunks db_schema.id=DbId(1) table_def.table_id=TableId(0) local=1 remote=0 tail=280 total=281
querier-1  | 2026-05-16T17:15:48.131167000Z 2026-05-16T17:15:48.131129Z  WARN iox_query::physical_optimizer::dedup::split: cannot split dedup operation, fanout too wide n_split=141 max_dedup_split=100
querier-1  | 2026-05-16T17:15:48.132405584Z 2026-05-16T17:15:48.132353Z  INFO iox_query::query_log: query when="planned" id=21822990-021e-492a-b832-0fd5042e8bff namespace_id=0 namespace_name="influxdb3 oss" query_type="sql" query_text=-- High-cardinality predicate: per-host extremes across a 4-week window.
querier-1  | 2026-05-16T17:15:48.132411584Z -- Benchmarks the per-file pruning path. Compaction should improve this
querier-1  | 2026-05-16T17:15:48.132412584Z -- materially when many gen1 files cover overlapping host sets.
querier-1  | 2026-05-16T17:15:48.132413375Z SELECT host, MAX(pressure) AS max_p, MIN(pressure) AS min_p
querier-1  | 2026-05-16T17:15:48.132414125Z FROM sensors
querier-1  | 2026-05-16T17:15:48.132414875Z WHERE time > now() - INTERVAL '4 weeks'
querier-1  | 2026-05-16T17:15:48.132415875Z GROUP BY host
querier-1  | 2026-05-16T17:15:48.132416584Z ORDER BY max_p DESC
querier-1  | 2026-05-16T17:15:48.132417250Z LIMIT 50 query_params=Params { } issue_time=2026-05-16T17:15:48.123129417+00:00 partitions=1 parquet_files=1 deduplicated_partitions=1 deduplicated_parquet_files=1 plan_duration_secs=0.009217458 success=false running=true cancelled=false
querier-1  | 2026-05-16T17:15:48.132418209Z 2026-05-16T17:15:48.132367Z  INFO iox_query::query_log: query when="permit" id=21822990-021e-492a-b832-0fd5042e8bff namespace_id=0 namespace_name="influxdb3 oss" query_type="sql" query_text=-- High-cardinality predicate: per-host extremes across a 4-week window.
querier-1  | 2026-05-16T17:15:48.132424709Z -- Benchmarks the per-file pruning path. Compaction should improve this
querier-1  | 2026-05-16T17:15:48.132425417Z -- materially when many gen1 files cover overlapping host sets.
querier-1  | 2026-05-16T17:15:48.132425959Z SELECT host, MAX(pressure) AS max_p, MIN(pressure) AS min_p
querier-1  | 2026-05-16T17:15:48.132426542Z FROM sensors
querier-1  | 2026-05-16T17:15:48.132427084Z WHERE time > now() - INTERVAL '4 weeks'
querier-1  | 2026-05-16T17:15:48.132427625Z GROUP BY host
querier-1  | 2026-05-16T17:15:48.132428167Z ORDER BY max_p DESC
querier-1  | 2026-05-16T17:15:48.132428667Z LIMIT 50 query_params=Params { } issue_time=2026-05-16T17:15:48.123129417+00:00 partitions=1 parquet_files=1 deduplicated_partitions=1 deduplicated_parquet_files=1 plan_duration_secs=0.009217458 permit_duration_secs=1.9834e-5 success=false running=true cancelled=false
querier-1  | 2026-05-16T17:15:48.132590834Z 2026-05-16T17:15:48.132543Z  INFO iox_query::query_log: query when="success" id=21822990-021e-492a-b832-0fd5042e8bff namespace_id=0 namespace_name="influxdb3 oss" query_type="sql" query_text=-- High-cardinality predicate: per-host extremes across a 4-week window.
querier-1  | 2026-05-16T17:15:48.132595459Z -- Benchmarks the per-file pruning path. Compaction should improve this
querier-1  | 2026-05-16T17:15:48.132596584Z -- materially when many gen1 files cover overlapping host sets.
querier-1  | 2026-05-16T17:15:48.132597334Z SELECT host, MAX(pressure) AS max_p, MIN(pressure) AS min_p
querier-1  | 2026-05-16T17:15:48.132597959Z FROM sensors
querier-1  | 2026-05-16T17:15:48.132598542Z WHERE time > now() - INTERVAL '4 weeks'
querier-1  | 2026-05-16T17:15:48.132599209Z GROUP BY host
querier-1  | 2026-05-16T17:15:48.132599750Z ORDER BY max_p DESC
querier-1  | 2026-05-16T17:15:48.132600375Z LIMIT 50 query_params=Params { } issue_time=2026-05-16T17:15:48.123129417+00:00 partitions=1 parquet_files=1 deduplicated_partitions=1 deduplicated_parquet_files=1 plan_duration_secs=0.009217458 permit_duration_secs=1.9834e-5 execute_duration_secs=0.000160916 end2end_duration_secs=0.009413083 compute_duration_secs=6.6082e-5 max_memory=0 ingester_metrics.latency_to_plan_secs=0.0 ingester_metrics.latency_to_full_data_secs=0.0 ingester_metrics.response_rows=0 ingester_metrics.partition_count=0 ingester_metrics.response_size=0 success=true running=false cancelled=false
querier-1  | 2026-05-16T17:15:48.334975001Z 2026-05-16T17:15:48.334930Z  INFO influxdb3_server::http: handling query_sql database=bench query_str=-- High-cardinality predicate: per-host extremes across a 4-week window.
querier-1  | 2026-05-16T17:15:48.334980876Z -- Benchmarks the per-file pruning path. Compaction should improve this
querier-1  | 2026-05-16T17:15:48.334981792Z -- materially when many gen1 files cover overlapping host sets.
querier-1  | 2026-05-16T17:15:48.334982542Z SELECT host, MAX(pressure) AS max_p, MIN(pressure) AS min_p
querier-1  | 2026-05-16T17:15:48.334983334Z FROM sensors
querier-1  | 2026-05-16T17:15:48.334984042Z WHERE time > now() - INTERVAL '4 weeks'
querier-1  | 2026-05-16T17:15:48.334984876Z GROUP BY host
querier-1  | 2026-05-16T17:15:48.334985584Z ORDER BY max_p DESC
querier-1  | 2026-05-16T17:15:48.334992292Z LIMIT 50 format=Csv
querier-1  | 2026-05-16T17:15:48.334993042Z 2026-05-16T17:15:48.334949Z  INFO influxdb3_server::query_executor: executing sql query database=bench query=-- High-cardinality predicate: per-host extremes across a 4-week window.
querier-1  | 2026-05-16T17:15:48.334993917Z -- Benchmarks the per-file pruning path. Compaction should improve this
querier-1  | 2026-05-16T17:15:48.334994626Z -- materially when many gen1 files cover overlapping host sets.
querier-1  | 2026-05-16T17:15:48.334995334Z SELECT host, MAX(pressure) AS max_p, MIN(pressure) AS min_p
querier-1  | 2026-05-16T17:15:48.334996042Z FROM sensors
querier-1  | 2026-05-16T17:15:48.334996709Z WHERE time > now() - INTERVAL '4 weeks'
querier-1  | 2026-05-16T17:15:48.334997417Z GROUP BY host
querier-1  | 2026-05-16T17:15:48.334998084Z ORDER BY max_p DESC
querier-1  | 2026-05-16T17:15:48.334998751Z LIMIT 50 params=None
querier-1  | 2026-05-16T17:15:48.335005459Z 2026-05-16T17:15:48.334972Z  INFO iox_query::query_log: query when="received" id=6f4d1c25-3287-4ba1-9805-d59b2f384a88 namespace_id=0 namespace_name="influxdb3 oss" query_type="sql" query_text=-- High-cardinality predicate: per-host extremes across a 4-week window.
querier-1  | 2026-05-16T17:15:48.335006959Z -- Benchmarks the per-file pruning path. Compaction should improve this
querier-1  | 2026-05-16T17:15:48.335007709Z -- materially when many gen1 files cover overlapping host sets.
querier-1  | 2026-05-16T17:15:48.335008376Z SELECT host, MAX(pressure) AS max_p, MIN(pressure) AS min_p
querier-1  | 2026-05-16T17:15:48.335009042Z FROM sensors
querier-1  | 2026-05-16T17:15:48.335009626Z WHERE time > now() - INTERVAL '4 weeks'
querier-1  | 2026-05-16T17:15:48.335010251Z GROUP BY host
querier-1  | 2026-05-16T17:15:48.335010834Z ORDER BY max_p DESC
querier-1  | 2026-05-16T17:15:48.335011417Z LIMIT 50 query_params=Params { } issue_time=2026-05-16T17:15:48.334971209+00:00 success=false running=true cancelled=false
querier-1  | 2026-05-16T17:15:48.342793751Z 2026-05-16T17:15:48.342733Z  INFO influxdb3_write::composite_write_buffer: composite get_table_chunks db_schema.id=DbId(1) table_def.table_id=TableId(0) local=1 remote=0 tail=280 total=281
querier-1  | 2026-05-16T17:15:48.343127626Z 2026-05-16T17:15:48.343098Z  WARN iox_query::physical_optimizer::dedup::split: cannot split dedup operation, fanout too wide n_split=141 max_dedup_split=100
querier-1  | 2026-05-16T17:15:48.344354292Z 2026-05-16T17:15:48.344314Z  INFO iox_query::query_log: query when="planned" id=6f4d1c25-3287-4ba1-9805-d59b2f384a88 namespace_id=0 namespace_name="influxdb3 oss" query_type="sql" query_text=-- High-cardinality predicate: per-host extremes across a 4-week window.
querier-1  | 2026-05-16T17:15:48.344358209Z -- Benchmarks the per-file pruning path. Compaction should improve this
querier-1  | 2026-05-16T17:15:48.344359084Z -- materially when many gen1 files cover overlapping host sets.
querier-1  | 2026-05-16T17:15:48.344359917Z SELECT host, MAX(pressure) AS max_p, MIN(pressure) AS min_p
querier-1  | 2026-05-16T17:15:48.344360626Z FROM sensors
querier-1  | 2026-05-16T17:15:48.344361292Z WHERE time > now() - INTERVAL '4 weeks'
querier-1  | 2026-05-16T17:15:48.344362251Z GROUP BY host
querier-1  | 2026-05-16T17:15:48.344362959Z ORDER BY max_p DESC
querier-1  | 2026-05-16T17:15:48.344369584Z LIMIT 50 query_params=Params { } issue_time=2026-05-16T17:15:48.334971209+00:00 partitions=1 parquet_files=1 deduplicated_partitions=1 deduplicated_parquet_files=1 plan_duration_secs=0.0093345 success=false running=true cancelled=false
querier-1  | 2026-05-16T17:15:48.344370667Z 2026-05-16T17:15:48.344330Z  INFO iox_query::query_log: query when="permit" id=6f4d1c25-3287-4ba1-9805-d59b2f384a88 namespace_id=0 namespace_name="influxdb3 oss" query_type="sql" query_text=-- High-cardinality predicate: per-host extremes across a 4-week window.
querier-1  | 2026-05-16T17:15:48.344371667Z -- Benchmarks the per-file pruning path. Compaction should improve this
querier-1  | 2026-05-16T17:15:48.344372376Z -- materially when many gen1 files cover overlapping host sets.
querier-1  | 2026-05-16T17:15:48.344373209Z SELECT host, MAX(pressure) AS max_p, MIN(pressure) AS min_p
querier-1  | 2026-05-16T17:15:48.344373917Z FROM sensors
querier-1  | 2026-05-16T17:15:48.344374501Z WHERE time > now() - INTERVAL '4 weeks'
querier-1  | 2026-05-16T17:15:48.344375084Z GROUP BY host
querier-1  | 2026-05-16T17:15:48.344375626Z ORDER BY max_p DESC
querier-1  | 2026-05-16T17:15:48.344376167Z LIMIT 50 query_params=Params { } issue_time=2026-05-16T17:15:48.334971209+00:00 partitions=1 parquet_files=1 deduplicated_partitions=1 deduplicated_parquet_files=1 plan_duration_secs=0.0093345 permit_duration_secs=2.4667e-5 success=false running=true cancelled=false
querier-1  | 2026-05-16T17:15:48.344781751Z 2026-05-16T17:15:48.344720Z  INFO iox_query::query_log: query when="success" id=6f4d1c25-3287-4ba1-9805-d59b2f384a88 namespace_id=0 namespace_name="influxdb3 oss" query_type="sql" query_text=-- High-cardinality predicate: per-host extremes across a 4-week window.
querier-1  | 2026-05-16T17:15:48.344791417Z -- Benchmarks the per-file pruning path. Compaction should improve this
querier-1  | 2026-05-16T17:15:48.344792376Z -- materially when many gen1 files cover overlapping host sets.
querier-1  | 2026-05-16T17:15:48.344793042Z SELECT host, MAX(pressure) AS max_p, MIN(pressure) AS min_p
querier-1  | 2026-05-16T17:15:48.344793709Z FROM sensors
querier-1  | 2026-05-16T17:15:48.344794292Z WHERE time > now() - INTERVAL '4 weeks'
querier-1  | 2026-05-16T17:15:48.344794959Z GROUP BY host
querier-1  | 2026-05-16T17:15:48.344795542Z ORDER BY max_p DESC
querier-1  | 2026-05-16T17:15:48.344796167Z LIMIT 50 query_params=Params { } issue_time=2026-05-16T17:15:48.334971209+00:00 partitions=1 parquet_files=1 deduplicated_partitions=1 deduplicated_parquet_files=1 plan_duration_secs=0.0093345 permit_duration_secs=2.4667e-5 execute_duration_secs=0.0003595 end2end_duration_secs=0.009749125 compute_duration_secs=0.000302775 max_memory=2496 ingester_metrics.latency_to_plan_secs=0.0 ingester_metrics.latency_to_full_data_secs=0.0 ingester_metrics.response_rows=0 ingester_metrics.partition_count=0 ingester_metrics.response_size=0 success=true running=false cancelled=false
querier-1  | 2026-05-16T17:15:48.555363959Z 2026-05-16T17:15:48.555319Z  INFO influxdb3_server::http: handling query_sql database=bench query_str=-- High-cardinality predicate: per-host extremes across a 4-week window.
querier-1  | 2026-05-16T17:15:48.555380376Z -- Benchmarks the per-file pruning path. Compaction should improve this
querier-1  | 2026-05-16T17:15:48.555381209Z -- materially when many gen1 files cover overlapping host sets.
querier-1  | 2026-05-16T17:15:48.555381792Z SELECT host, MAX(pressure) AS max_p, MIN(pressure) AS min_p
querier-1  | 2026-05-16T17:15:48.555387042Z FROM sensors
querier-1  | 2026-05-16T17:15:48.555387667Z WHERE time > now() - INTERVAL '4 weeks'
querier-1  | 2026-05-16T17:15:48.555388376Z GROUP BY host
querier-1  | 2026-05-16T17:15:48.555388917Z ORDER BY max_p DESC
querier-1  | 2026-05-16T17:15:48.555389459Z LIMIT 50 format=Csv
querier-1  | 2026-05-16T17:15:48.555390001Z 2026-05-16T17:15:48.555337Z  INFO influxdb3_server::query_executor: executing sql query database=bench query=-- High-cardinality predicate: per-host extremes across a 4-week window.
querier-1  | 2026-05-16T17:15:48.555390709Z -- Benchmarks the per-file pruning path. Compaction should improve this
querier-1  | 2026-05-16T17:15:48.555391292Z -- materially when many gen1 files cover overlapping host sets.
querier-1  | 2026-05-16T17:15:48.555391876Z SELECT host, MAX(pressure) AS max_p, MIN(pressure) AS min_p
querier-1  | 2026-05-16T17:15:48.555392459Z FROM sensors
querier-1  | 2026-05-16T17:15:48.555393001Z WHERE time > now() - INTERVAL '4 weeks'
querier-1  | 2026-05-16T17:15:48.555393542Z GROUP BY host
querier-1  | 2026-05-16T17:15:48.555394084Z ORDER BY max_p DESC
querier-1  | 2026-05-16T17:15:48.555394626Z LIMIT 50 params=None
querier-1  | 2026-05-16T17:15:48.555397209Z 2026-05-16T17:15:48.555357Z  INFO iox_query::query_log: query when="received" id=44a6cef9-674b-4d26-a39f-8551deadd479 namespace_id=0 namespace_name="influxdb3 oss" query_type="sql" query_text=-- High-cardinality predicate: per-host extremes across a 4-week window.
querier-1  | 2026-05-16T17:15:48.555398126Z -- Benchmarks the per-file pruning path. Compaction should improve this
querier-1  | 2026-05-16T17:15:48.555398709Z -- materially when many gen1 files cover overlapping host sets.
querier-1  | 2026-05-16T17:15:48.555399292Z SELECT host, MAX(pressure) AS max_p, MIN(pressure) AS min_p
querier-1  | 2026-05-16T17:15:48.555399876Z FROM sensors
querier-1  | 2026-05-16T17:15:48.555400334Z WHERE time > now() - INTERVAL '4 weeks'
querier-1  | 2026-05-16T17:15:48.555400917Z GROUP BY host
querier-1  | 2026-05-16T17:15:48.555401459Z ORDER BY max_p DESC
querier-1  | 2026-05-16T17:15:48.555402001Z LIMIT 50 query_params=Params { } issue_time=2026-05-16T17:15:48.555356417+00:00 success=false running=true cancelled=false
querier-1  | 2026-05-16T17:15:48.563071334Z 2026-05-16T17:15:48.563012Z  INFO influxdb3_write::composite_write_buffer: composite get_table_chunks db_schema.id=DbId(1) table_def.table_id=TableId(0) local=1 remote=0 tail=280 total=281
querier-1  | 2026-05-16T17:15:48.563418959Z 2026-05-16T17:15:48.563388Z  WARN iox_query::physical_optimizer::dedup::split: cannot split dedup operation, fanout too wide n_split=141 max_dedup_split=100
querier-1  | 2026-05-16T17:15:48.564627376Z 2026-05-16T17:15:48.564587Z  INFO iox_query::query_log: query when="planned" id=44a6cef9-674b-4d26-a39f-8551deadd479 namespace_id=0 namespace_name="influxdb3 oss" query_type="sql" query_text=-- High-cardinality predicate: per-host extremes across a 4-week window.
querier-1  | 2026-05-16T17:15:48.564631917Z -- Benchmarks the per-file pruning path. Compaction should improve this
querier-1  | 2026-05-16T17:15:48.564632917Z -- materially when many gen1 files cover overlapping host sets.
querier-1  | 2026-05-16T17:15:48.564642626Z SELECT host, MAX(pressure) AS max_p, MIN(pressure) AS min_p
querier-1  | 2026-05-16T17:15:48.564643417Z FROM sensors
querier-1  | 2026-05-16T17:15:48.564644126Z WHERE time > now() - INTERVAL '4 weeks'
querier-1  | 2026-05-16T17:15:48.564645084Z GROUP BY host
querier-1  | 2026-05-16T17:15:48.564645834Z ORDER BY max_p DESC
querier-1  | 2026-05-16T17:15:48.564646542Z LIMIT 50 query_params=Params { } issue_time=2026-05-16T17:15:48.555356417+00:00 partitions=1 parquet_files=1 deduplicated_partitions=1 deduplicated_parquet_files=1 plan_duration_secs=0.009224375 success=false running=true cancelled=false
querier-1  | 2026-05-16T17:15:48.564647542Z 2026-05-16T17:15:48.564601Z  INFO iox_query::query_log: query when="permit" id=44a6cef9-674b-4d26-a39f-8551deadd479 namespace_id=0 namespace_name="influxdb3 oss" query_type="sql" query_text=-- High-cardinality predicate: per-host extremes across a 4-week window.
querier-1  | 2026-05-16T17:15:48.564648667Z -- Benchmarks the per-file pruning path. Compaction should improve this
querier-1  | 2026-05-16T17:15:48.564649417Z -- materially when many gen1 files cover overlapping host sets.
querier-1  | 2026-05-16T17:15:48.564650126Z SELECT host, MAX(pressure) AS max_p, MIN(pressure) AS min_p
querier-1  | 2026-05-16T17:15:48.564650834Z FROM sensors
querier-1  | 2026-05-16T17:15:48.564651501Z WHERE time > now() - INTERVAL '4 weeks'
querier-1  | 2026-05-16T17:15:48.564652209Z GROUP BY host
querier-1  | 2026-05-16T17:15:48.564652834Z ORDER BY max_p DESC
querier-1  | 2026-05-16T17:15:48.564653417Z LIMIT 50 query_params=Params { } issue_time=2026-05-16T17:15:48.555356417+00:00 partitions=1 parquet_files=1 deduplicated_partitions=1 deduplicated_parquet_files=1 plan_duration_secs=0.009224375 permit_duration_secs=2.0292e-5 success=false running=true cancelled=false
querier-1  | 2026-05-16T17:15:48.564903667Z 2026-05-16T17:15:48.564855Z  INFO iox_query::query_log: query when="success" id=44a6cef9-674b-4d26-a39f-8551deadd479 namespace_id=0 namespace_name="influxdb3 oss" query_type="sql" query_text=-- High-cardinality predicate: per-host extremes across a 4-week window.
querier-1  | 2026-05-16T17:15:48.564918626Z -- Benchmarks the per-file pruning path. Compaction should improve this
querier-1  | 2026-05-16T17:15:48.564919751Z -- materially when many gen1 files cover overlapping host sets.
querier-1  | 2026-05-16T17:15:48.564920459Z SELECT host, MAX(pressure) AS max_p, MIN(pressure) AS min_p
querier-1  | 2026-05-16T17:15:48.564921126Z FROM sensors
querier-1  | 2026-05-16T17:15:48.564921667Z WHERE time > now() - INTERVAL '4 weeks'
querier-1  | 2026-05-16T17:15:48.564922501Z GROUP BY host
querier-1  | 2026-05-16T17:15:48.564923084Z ORDER BY max_p DESC
querier-1  | 2026-05-16T17:15:48.564923709Z LIMIT 50 query_params=Params { } issue_time=2026-05-16T17:15:48.555356417+00:00 partitions=1 parquet_files=1 deduplicated_partitions=1 deduplicated_parquet_files=1 plan_duration_secs=0.009224375 permit_duration_secs=2.0292e-5 execute_duration_secs=0.000202417 end2end_duration_secs=0.009496959 compute_duration_secs=0.000190223 max_memory=2496 ingester_metrics.latency_to_plan_secs=0.0 ingester_metrics.latency_to_full_data_secs=0.0 ingester_metrics.response_rows=0 ingester_metrics.partition_count=0 ingester_metrics.response_size=0 success=true running=false cancelled=false
querier-1  | 2026-05-16T17:15:48.776651126Z 2026-05-16T17:15:48.776589Z  INFO influxdb3_server::http: handling query_sql database=bench query_str=-- 6-hour downsampling over an 8-week window. Touches most parquet files
querier-1  | 2026-05-16T17:15:48.776664334Z -- since timestamps span the entire generated range; aggregation work is
querier-1  | 2026-05-16T17:15:48.776665459Z -- dominated by group-by and merge across many files. 6h bins keep result
querier-1  | 2026-05-16T17:15:48.776666292Z -- cardinality manageable while still exercising the full date range.
querier-1  | 2026-05-16T17:15:48.776667209Z SELECT
querier-1  | 2026-05-16T17:15:48.776667917Z     DATE_BIN(INTERVAL '6 hours', time) AS bucket,
querier-1  | 2026-05-16T17:15:48.776678167Z     region,
querier-1  | 2026-05-16T17:15:48.776679584Z     AVG(temp) AS avg_temp,
querier-1  | 2026-05-16T17:15:48.776680251Z     APPROX_PERCENTILE_CONT(humidity, 0.95) AS p95_humidity
querier-1  | 2026-05-16T17:15:48.776680792Z FROM sensors
querier-1  | 2026-05-16T17:15:48.776681459Z WHERE time > now() - INTERVAL '8 weeks'
querier-1  | 2026-05-16T17:15:48.776682251Z GROUP BY bucket, region
querier-1  | 2026-05-16T17:15:48.776682792Z ORDER BY bucket, region format=Csv
querier-1  | 2026-05-16T17:15:48.776683292Z 2026-05-16T17:15:48.776607Z  INFO influxdb3_server::query_executor: executing sql query database=bench query=-- 6-hour downsampling over an 8-week window. Touches most parquet files
querier-1  | 2026-05-16T17:15:48.776683917Z -- since timestamps span the entire generated range; aggregation work is
querier-1  | 2026-05-16T17:15:48.776684459Z -- dominated by group-by and merge across many files. 6h bins keep result
querier-1  | 2026-05-16T17:15:48.776684959Z -- cardinality manageable while still exercising the full date range.
querier-1  | 2026-05-16T17:15:48.776685501Z SELECT
querier-1  | 2026-05-16T17:15:48.776685959Z     DATE_BIN(INTERVAL '6 hours', time) AS bucket,
querier-1  | 2026-05-16T17:15:48.776686501Z     region,
querier-1  | 2026-05-16T17:15:48.776686959Z     AVG(temp) AS avg_temp,
querier-1  | 2026-05-16T17:15:48.776687417Z     APPROX_PERCENTILE_CONT(humidity, 0.95) AS p95_humidity
querier-1  | 2026-05-16T17:15:48.776687917Z FROM sensors
querier-1  | 2026-05-16T17:15:48.776688417Z WHERE time > now() - INTERVAL '8 weeks'
querier-1  | 2026-05-16T17:15:48.776688917Z GROUP BY bucket, region
querier-1  | 2026-05-16T17:15:48.776689417Z ORDER BY bucket, region params=None
querier-1  | 2026-05-16T17:15:48.776690001Z 2026-05-16T17:15:48.776627Z  INFO iox_query::query_log: query when="received" id=fb2a8bb4-1993-4e83-b68d-f53bd62a0a6b namespace_id=0 namespace_name="influxdb3 oss" query_type="sql" query_text=-- 6-hour downsampling over an 8-week window. Touches most parquet files
querier-1  | 2026-05-16T17:15:48.776691126Z -- since timestamps span the entire generated range; aggregation work is
querier-1  | 2026-05-16T17:15:48.776691667Z -- dominated by group-by and merge across many files. 6h bins keep result
querier-1  | 2026-05-16T17:15:48.776692167Z -- cardinality manageable while still exercising the full date range.
querier-1  | 2026-05-16T17:15:48.776692709Z SELECT
querier-1  | 2026-05-16T17:15:48.776693167Z     DATE_BIN(INTERVAL '6 hours', time) AS bucket,
querier-1  | 2026-05-16T17:15:48.776693667Z     region,
querier-1  | 2026-05-16T17:15:48.776695334Z     AVG(temp) AS avg_temp,
querier-1  | 2026-05-16T17:15:48.776695834Z     APPROX_PERCENTILE_CONT(humidity, 0.95) AS p95_humidity
querier-1  | 2026-05-16T17:15:48.776696376Z FROM sensors
querier-1  | 2026-05-16T17:15:48.776696834Z WHERE time > now() - INTERVAL '8 weeks'
querier-1  | 2026-05-16T17:15:48.776697334Z GROUP BY bucket, region
querier-1  | 2026-05-16T17:15:48.776698042Z ORDER BY bucket, region query_params=Params { } issue_time=2026-05-16T17:15:48.776625959+00:00 success=false running=true cancelled=false
querier-1  | 2026-05-16T17:15:48.785433667Z 2026-05-16T17:15:48.785354Z  INFO influxdb3_write::composite_write_buffer: composite get_table_chunks db_schema.id=DbId(1) table_def.table_id=TableId(0) local=1 remote=0 tail=560 total=561
querier-1  | 2026-05-16T17:15:48.786011751Z 2026-05-16T17:15:48.785960Z  WARN iox_query::physical_optimizer::dedup::split: cannot split dedup operation, fanout too wide n_split=281 max_dedup_split=100
querier-1  | 2026-05-16T17:15:48.787605834Z 2026-05-16T17:15:48.787544Z  INFO iox_query::query_log: query when="planned" id=fb2a8bb4-1993-4e83-b68d-f53bd62a0a6b namespace_id=0 namespace_name="influxdb3 oss" query_type="sql" query_text=-- 6-hour downsampling over an 8-week window. Touches most parquet files
querier-1  | 2026-05-16T17:15:48.787610417Z -- since timestamps span the entire generated range; aggregation work is
querier-1  | 2026-05-16T17:15:48.787611167Z -- dominated by group-by and merge across many files. 6h bins keep result
querier-1  | 2026-05-16T17:15:48.787611792Z -- cardinality manageable while still exercising the full date range.
querier-1  | 2026-05-16T17:15:48.787612501Z SELECT
querier-1  | 2026-05-16T17:15:48.787613042Z     DATE_BIN(INTERVAL '6 hours', time) AS bucket,
querier-1  | 2026-05-16T17:15:48.787613626Z     region,
querier-1  | 2026-05-16T17:15:48.787614292Z     AVG(temp) AS avg_temp,
querier-1  | 2026-05-16T17:15:48.787614876Z     APPROX_PERCENTILE_CONT(humidity, 0.95) AS p95_humidity
querier-1  | 2026-05-16T17:15:48.787615459Z FROM sensors
querier-1  | 2026-05-16T17:15:48.787616001Z WHERE time > now() - INTERVAL '8 weeks'
querier-1  | 2026-05-16T17:15:48.787616751Z GROUP BY bucket, region
querier-1  | 2026-05-16T17:15:48.787617334Z ORDER BY bucket, region query_params=Params { } issue_time=2026-05-16T17:15:48.776625959+00:00 partitions=1 parquet_files=1 deduplicated_partitions=1 deduplicated_parquet_files=1 plan_duration_secs=0.010910542 success=false running=true cancelled=false
querier-1  | 2026-05-16T17:15:48.787618167Z 2026-05-16T17:15:48.787559Z  INFO iox_query::query_log: query when="permit" id=fb2a8bb4-1993-4e83-b68d-f53bd62a0a6b namespace_id=0 namespace_name="influxdb3 oss" query_type="sql" query_text=-- 6-hour downsampling over an 8-week window. Touches most parquet files
querier-1  | 2026-05-16T17:15:48.787619042Z -- since timestamps span the entire generated range; aggregation work is
querier-1  | 2026-05-16T17:15:48.787619626Z -- dominated by group-by and merge across many files. 6h bins keep result
querier-1  | 2026-05-16T17:15:48.787620251Z -- cardinality manageable while still exercising the full date range.
querier-1  | 2026-05-16T17:15:48.787620834Z SELECT
querier-1  | 2026-05-16T17:15:48.787621376Z     DATE_BIN(INTERVAL '6 hours', time) AS bucket,
querier-1  | 2026-05-16T17:15:48.787627001Z     region,
querier-1  | 2026-05-16T17:15:48.787627584Z     AVG(temp) AS avg_temp,
querier-1  | 2026-05-16T17:15:48.787628126Z     APPROX_PERCENTILE_CONT(humidity, 0.95) AS p95_humidity
querier-1  | 2026-05-16T17:15:48.787628667Z FROM sensors
querier-1  | 2026-05-16T17:15:48.787629209Z WHERE time > now() - INTERVAL '8 weeks'
querier-1  | 2026-05-16T17:15:48.787629751Z GROUP BY bucket, region
querier-1  | 2026-05-16T17:15:48.787630334Z ORDER BY bucket, region query_params=Params { } issue_time=2026-05-16T17:15:48.776625959+00:00 partitions=1 parquet_files=1 deduplicated_partitions=1 deduplicated_parquet_files=1 plan_duration_secs=0.010910542 permit_duration_secs=2.2541e-5 success=false running=true cancelled=false
querier-1  | 2026-05-16T17:15:48.787889709Z 2026-05-16T17:15:48.787817Z  INFO iox_query::query_log: query when="success" id=fb2a8bb4-1993-4e83-b68d-f53bd62a0a6b namespace_id=0 namespace_name="influxdb3 oss" query_type="sql" query_text=-- 6-hour downsampling over an 8-week window. Touches most parquet files
querier-1  | 2026-05-16T17:15:48.787896501Z -- since timestamps span the entire generated range; aggregation work is
querier-1  | 2026-05-16T17:15:48.787897709Z -- dominated by group-by and merge across many files. 6h bins keep result
querier-1  | 2026-05-16T17:15:48.787898584Z -- cardinality manageable while still exercising the full date range.
querier-1  | 2026-05-16T17:15:48.787899376Z SELECT
querier-1  | 2026-05-16T17:15:48.787900292Z     DATE_BIN(INTERVAL '6 hours', time) AS bucket,
querier-1  | 2026-05-16T17:15:48.788056542Z     region,
querier-1  | 2026-05-16T17:15:48.788058251Z     AVG(temp) AS avg_temp,
querier-1  | 2026-05-16T17:15:48.788058876Z     APPROX_PERCENTILE_CONT(humidity, 0.95) AS p95_humidity
querier-1  | 2026-05-16T17:15:48.788059584Z FROM sensors
querier-1  | 2026-05-16T17:15:48.788060167Z WHERE time > now() - INTERVAL '8 weeks'
querier-1  | 2026-05-16T17:15:48.788060834Z GROUP BY bucket, region
querier-1  | 2026-05-16T17:15:48.788063042Z ORDER BY bucket, region query_params=Params { } issue_time=2026-05-16T17:15:48.776625959+00:00 partitions=1 parquet_files=1 deduplicated_partitions=1 deduplicated_parquet_files=1 plan_duration_secs=0.010910542 permit_duration_secs=2.2541e-5 execute_duration_secs=0.00020725 end2end_duration_secs=0.011190042 compute_duration_secs=0.000356728 max_memory=14080 ingester_metrics.latency_to_plan_secs=0.0 ingester_metrics.latency_to_full_data_secs=0.0 ingester_metrics.response_rows=0 ingester_metrics.partition_count=0 ingester_metrics.response_size=0 success=true running=false cancelled=false
querier-1  | 2026-05-16T17:15:49.457797668Z 2026-05-16T17:15:49.457699Z  INFO influxdb3_server::http: handling query_sql database=bench query_str=-- 6-hour downsampling over an 8-week window. Touches most parquet files
querier-1  | 2026-05-16T17:15:49.457815668Z -- since timestamps span the entire generated range; aggregation work is
querier-1  | 2026-05-16T17:15:49.457816709Z -- dominated by group-by and merge across many files. 6h bins keep result
querier-1  | 2026-05-16T17:15:49.457817376Z -- cardinality manageable while still exercising the full date range.
querier-1  | 2026-05-16T17:15:49.457818168Z SELECT
querier-1  | 2026-05-16T17:15:49.457818751Z     DATE_BIN(INTERVAL '6 hours', time) AS bucket,
querier-1  | 2026-05-16T17:15:49.457819334Z     region,
querier-1  | 2026-05-16T17:15:49.457826501Z     AVG(temp) AS avg_temp,
querier-1  | 2026-05-16T17:15:49.457827209Z     APPROX_PERCENTILE_CONT(humidity, 0.95) AS p95_humidity
querier-1  | 2026-05-16T17:15:49.457827793Z FROM sensors
querier-1  | 2026-05-16T17:15:49.457828334Z WHERE time > now() - INTERVAL '8 weeks'
querier-1  | 2026-05-16T17:15:49.457829126Z GROUP BY bucket, region
querier-1  | 2026-05-16T17:15:49.457829668Z ORDER BY bucket, region format=Csv
querier-1  | 2026-05-16T17:15:49.457830251Z 2026-05-16T17:15:49.457718Z  INFO influxdb3_server::query_executor: executing sql query database=bench query=-- 6-hour downsampling over an 8-week window. Touches most parquet files
querier-1  | 2026-05-16T17:15:49.457830959Z -- since timestamps span the entire generated range; aggregation work is
querier-1  | 2026-05-16T17:15:49.457831584Z -- dominated by group-by and merge across many files. 6h bins keep result
querier-1  | 2026-05-16T17:15:49.457832209Z -- cardinality manageable while still exercising the full date range.
querier-1  | 2026-05-16T17:15:49.457832793Z SELECT
querier-1  | 2026-05-16T17:15:49.457833293Z     DATE_BIN(INTERVAL '6 hours', time) AS bucket,
querier-1  | 2026-05-16T17:15:49.457833876Z     region,
querier-1  | 2026-05-16T17:15:49.457834418Z     AVG(temp) AS avg_temp,
querier-1  | 2026-05-16T17:15:49.457834959Z     APPROX_PERCENTILE_CONT(humidity, 0.95) AS p95_humidity
querier-1  | 2026-05-16T17:15:49.457835584Z FROM sensors
querier-1  | 2026-05-16T17:15:49.457836084Z WHERE time > now() - INTERVAL '8 weeks'
querier-1  | 2026-05-16T17:15:49.457836626Z GROUP BY bucket, region
querier-1  | 2026-05-16T17:15:49.457837084Z ORDER BY bucket, region params=None
querier-1  | 2026-05-16T17:15:49.457837751Z 2026-05-16T17:15:49.457741Z  INFO iox_query::query_log: query when="received" id=691b77f2-4218-4463-9cfa-6d4ea26aa085 namespace_id=0 namespace_name="influxdb3 oss" query_type="sql" query_text=-- 6-hour downsampling over an 8-week window. Touches most parquet files
querier-1  | 2026-05-16T17:15:49.457839001Z -- since timestamps span the entire generated range; aggregation work is
querier-1  | 2026-05-16T17:15:49.457839543Z -- dominated by group-by and merge across many files. 6h bins keep result
querier-1  | 2026-05-16T17:15:49.457840084Z -- cardinality manageable while still exercising the full date range.
querier-1  | 2026-05-16T17:15:49.457840584Z SELECT
querier-1  | 2026-05-16T17:15:49.457841084Z     DATE_BIN(INTERVAL '6 hours', time) AS bucket,
querier-1  | 2026-05-16T17:15:49.457841584Z     region,
querier-1  | 2026-05-16T17:15:49.457842084Z     AVG(temp) AS avg_temp,
querier-1  | 2026-05-16T17:15:49.457842543Z     APPROX_PERCENTILE_CONT(humidity, 0.95) AS p95_humidity
querier-1  | 2026-05-16T17:15:49.457843043Z FROM sensors
querier-1  | 2026-05-16T17:15:49.457843501Z WHERE time > now() - INTERVAL '8 weeks'
querier-1  | 2026-05-16T17:15:49.457844001Z GROUP BY bucket, region
querier-1  | 2026-05-16T17:15:49.457844876Z ORDER BY bucket, region query_params=Params { } issue_time=2026-05-16T17:15:49.457740043+00:00 success=false running=true cancelled=false
querier-1  | 2026-05-16T17:15:49.467027334Z 2026-05-16T17:15:49.466942Z  INFO influxdb3_write::composite_write_buffer: composite get_table_chunks db_schema.id=DbId(1) table_def.table_id=TableId(0) local=1 remote=0 tail=560 total=561
querier-1  | 2026-05-16T17:15:49.467605043Z 2026-05-16T17:15:49.467554Z  WARN iox_query::physical_optimizer::dedup::split: cannot split dedup operation, fanout too wide n_split=281 max_dedup_split=100
querier-1  | 2026-05-16T17:15:49.469163834Z 2026-05-16T17:15:49.469107Z  INFO iox_query::query_log: query when="planned" id=691b77f2-4218-4463-9cfa-6d4ea26aa085 namespace_id=0 namespace_name="influxdb3 oss" query_type="sql" query_text=-- 6-hour downsampling over an 8-week window. Touches most parquet files
querier-1  | 2026-05-16T17:15:49.469172251Z -- since timestamps span the entire generated range; aggregation work is
querier-1  | 2026-05-16T17:15:49.469173584Z -- dominated by group-by and merge across many files. 6h bins keep result
querier-1  | 2026-05-16T17:15:49.469174501Z -- cardinality manageable while still exercising the full date range.
querier-1  | 2026-05-16T17:15:49.469175334Z SELECT
querier-1  | 2026-05-16T17:15:49.469176084Z     DATE_BIN(INTERVAL '6 hours', time) AS bucket,
querier-1  | 2026-05-16T17:15:49.469176834Z     region,
querier-1  | 2026-05-16T17:15:49.469177543Z     AVG(temp) AS avg_temp,
querier-1  | 2026-05-16T17:15:49.469178251Z     APPROX_PERCENTILE_CONT(humidity, 0.95) AS p95_humidity
querier-1  | 2026-05-16T17:15:49.469178959Z FROM sensors
querier-1  | 2026-05-16T17:15:49.469179668Z WHERE time > now() - INTERVAL '8 weeks'
querier-1  | 2026-05-16T17:15:49.469180626Z GROUP BY bucket, region
querier-1  | 2026-05-16T17:15:49.469181418Z ORDER BY bucket, region query_params=Params { } issue_time=2026-05-16T17:15:49.457740043+00:00 partitions=1 parquet_files=1 deduplicated_partitions=1 deduplicated_parquet_files=1 plan_duration_secs=0.011360333 success=false running=true cancelled=false
querier-1  | 2026-05-16T17:15:49.469182418Z 2026-05-16T17:15:49.469118Z  INFO iox_query::query_log: query when="permit" id=691b77f2-4218-4463-9cfa-6d4ea26aa085 namespace_id=0 namespace_name="influxdb3 oss" query_type="sql" query_text=-- 6-hour downsampling over an 8-week window. Touches most parquet files
querier-1  | 2026-05-16T17:15:49.469183584Z -- since timestamps span the entire generated range; aggregation work is
querier-1  | 2026-05-16T17:15:49.469184334Z -- dominated by group-by and merge across many files. 6h bins keep result
querier-1  | 2026-05-16T17:15:49.469185043Z -- cardinality manageable while still exercising the full date range.
querier-1  | 2026-05-16T17:15:49.469185793Z SELECT
querier-1  | 2026-05-16T17:15:49.469186459Z     DATE_BIN(INTERVAL '6 hours', time) AS bucket,
querier-1  | 2026-05-16T17:15:49.469187168Z     region,
querier-1  | 2026-05-16T17:15:49.469187834Z     AVG(temp) AS avg_temp,
querier-1  | 2026-05-16T17:15:49.469188501Z     APPROX_PERCENTILE_CONT(humidity, 0.95) AS p95_humidity
querier-1  | 2026-05-16T17:15:49.469189209Z FROM sensors
querier-1  | 2026-05-16T17:15:49.469189876Z WHERE time > now() - INTERVAL '8 weeks'
querier-1  | 2026-05-16T17:15:49.469190626Z GROUP BY bucket, region
querier-1  | 2026-05-16T17:15:49.469191376Z ORDER BY bucket, region query_params=Params { } issue_time=2026-05-16T17:15:49.457740043+00:00 partitions=1 parquet_files=1 deduplicated_partitions=1 deduplicated_parquet_files=1 plan_duration_secs=0.011360333 permit_duration_secs=1.8125e-5 success=false running=true cancelled=false
querier-1  | 2026-05-16T17:15:49.469472793Z 2026-05-16T17:15:49.469369Z  INFO iox_query::query_log: query when="success" id=691b77f2-4218-4463-9cfa-6d4ea26aa085 namespace_id=0 namespace_name="influxdb3 oss" query_type="sql" query_text=-- 6-hour downsampling over an 8-week window. Touches most parquet files
querier-1  | 2026-05-16T17:15:49.469482584Z -- since timestamps span the entire generated range; aggregation work is
querier-1  | 2026-05-16T17:15:49.469483626Z -- dominated by group-by and merge across many files. 6h bins keep result
querier-1  | 2026-05-16T17:15:49.469484418Z -- cardinality manageable while still exercising the full date range.
querier-1  | 2026-05-16T17:15:49.469485084Z SELECT
querier-1  | 2026-05-16T17:15:49.469485793Z     DATE_BIN(INTERVAL '6 hours', time) AS bucket,
querier-1  | 2026-05-16T17:15:49.469486418Z     region,
querier-1  | 2026-05-16T17:15:49.469486959Z     AVG(temp) AS avg_temp,
querier-1  | 2026-05-16T17:15:49.469487626Z     APPROX_PERCENTILE_CONT(humidity, 0.95) AS p95_humidity
querier-1  | 2026-05-16T17:15:49.469488209Z FROM sensors
querier-1  | 2026-05-16T17:15:49.469488751Z WHERE time > now() - INTERVAL '8 weeks'
querier-1  | 2026-05-16T17:15:49.469489501Z GROUP BY bucket, region
querier-1  | 2026-05-16T17:15:49.469490084Z ORDER BY bucket, region query_params=Params { } issue_time=2026-05-16T17:15:49.457740043+00:00 partitions=1 parquet_files=1 deduplicated_partitions=1 deduplicated_parquet_files=1 plan_duration_secs=0.011360333 permit_duration_secs=1.8125e-5 execute_duration_secs=0.000227333 end2end_duration_secs=0.011628708 compute_duration_secs=0.000274024 max_memory=8448 ingester_metrics.latency_to_plan_secs=0.0 ingester_metrics.latency_to_full_data_secs=0.0 ingester_metrics.response_rows=0 ingester_metrics.partition_count=0 ingester_metrics.response_size=0 success=true running=false cancelled=false
querier-1  | 2026-05-16T17:15:50.143888043Z 2026-05-16T17:15:50.143818Z  INFO influxdb3_server::http: handling query_sql database=bench query_str=-- 6-hour downsampling over an 8-week window. Touches most parquet files
querier-1  | 2026-05-16T17:15:50.143893960Z -- since timestamps span the entire generated range; aggregation work is
querier-1  | 2026-05-16T17:15:50.143896543Z -- dominated by group-by and merge across many files. 6h bins keep result
querier-1  | 2026-05-16T17:15:50.143897251Z -- cardinality manageable while still exercising the full date range.
querier-1  | 2026-05-16T17:15:50.143897876Z SELECT
querier-1  | 2026-05-16T17:15:50.143898418Z     DATE_BIN(INTERVAL '6 hours', time) AS bucket,
querier-1  | 2026-05-16T17:15:50.143899043Z     region,
querier-1  | 2026-05-16T17:15:50.143899585Z     AVG(temp) AS avg_temp,
querier-1  | 2026-05-16T17:15:50.143900168Z     APPROX_PERCENTILE_CONT(humidity, 0.95) AS p95_humidity
querier-1  | 2026-05-16T17:15:50.143900793Z FROM sensors
querier-1  | 2026-05-16T17:15:50.143901335Z WHERE time > now() - INTERVAL '8 weeks'
querier-1  | 2026-05-16T17:15:50.143902085Z GROUP BY bucket, region
querier-1  | 2026-05-16T17:15:50.143902668Z ORDER BY bucket, region format=Csv
querier-1  | 2026-05-16T17:15:50.143903251Z 2026-05-16T17:15:50.143837Z  INFO influxdb3_server::query_executor: executing sql query database=bench query=-- 6-hour downsampling over an 8-week window. Touches most parquet files
querier-1  | 2026-05-16T17:15:50.143909918Z -- since timestamps span the entire generated range; aggregation work is
querier-1  | 2026-05-16T17:15:50.143910585Z -- dominated by group-by and merge across many files. 6h bins keep result
querier-1  | 2026-05-16T17:15:50.143911210Z -- cardinality manageable while still exercising the full date range.
querier-1  | 2026-05-16T17:15:50.143911835Z SELECT
querier-1  | 2026-05-16T17:15:50.143912376Z     DATE_BIN(INTERVAL '6 hours', time) AS bucket,
querier-1  | 2026-05-16T17:15:50.143912960Z     region,
querier-1  | 2026-05-16T17:15:50.143913501Z     AVG(temp) AS avg_temp,
querier-1  | 2026-05-16T17:15:50.143914043Z     APPROX_PERCENTILE_CONT(humidity, 0.95) AS p95_humidity
querier-1  | 2026-05-16T17:15:50.143914626Z FROM sensors
querier-1  | 2026-05-16T17:15:50.143915168Z WHERE time > now() - INTERVAL '8 weeks'
querier-1  | 2026-05-16T17:15:50.143915710Z GROUP BY bucket, region
querier-1  | 2026-05-16T17:15:50.143916251Z ORDER BY bucket, region params=None
querier-1  | 2026-05-16T17:15:50.143916876Z 2026-05-16T17:15:50.143857Z  INFO iox_query::query_log: query when="received" id=a38e5437-dfd4-4ae2-a787-9d5947ec8ad4 namespace_id=0 namespace_name="influxdb3 oss" query_type="sql" query_text=-- 6-hour downsampling over an 8-week window. Touches most parquet files
querier-1  | 2026-05-16T17:15:50.143917835Z -- since timestamps span the entire generated range; aggregation work is
querier-1  | 2026-05-16T17:15:50.143918418Z -- dominated by group-by and merge across many files. 6h bins keep result
querier-1  | 2026-05-16T17:15:50.143919001Z -- cardinality manageable while still exercising the full date range.
querier-1  | 2026-05-16T17:15:50.143919585Z SELECT
querier-1  | 2026-05-16T17:15:50.143920126Z     DATE_BIN(INTERVAL '6 hours', time) AS bucket,
querier-1  | 2026-05-16T17:15:50.143920710Z     region,
querier-1  | 2026-05-16T17:15:50.143921210Z     AVG(temp) AS avg_temp,
querier-1  | 2026-05-16T17:15:50.143921793Z     APPROX_PERCENTILE_CONT(humidity, 0.95) AS p95_humidity
querier-1  | 2026-05-16T17:15:50.143922335Z FROM sensors
querier-1  | 2026-05-16T17:15:50.143922876Z WHERE time > now() - INTERVAL '8 weeks'
querier-1  | 2026-05-16T17:15:50.143923418Z GROUP BY bucket, region
querier-1  | 2026-05-16T17:15:50.143924168Z ORDER BY bucket, region query_params=Params { } issue_time=2026-05-16T17:15:50.143856418+00:00 success=false running=true cancelled=false
querier-1  | 2026-05-16T17:15:50.152963210Z 2026-05-16T17:15:50.152877Z  INFO influxdb3_write::composite_write_buffer: composite get_table_chunks db_schema.id=DbId(1) table_def.table_id=TableId(0) local=1 remote=0 tail=560 total=561
querier-1  | 2026-05-16T17:15:50.153524251Z 2026-05-16T17:15:50.153475Z  WARN iox_query::physical_optimizer::dedup::split: cannot split dedup operation, fanout too wide n_split=281 max_dedup_split=100
querier-1  | 2026-05-16T17:15:50.155112626Z 2026-05-16T17:15:50.155046Z  INFO iox_query::query_log: query when="planned" id=a38e5437-dfd4-4ae2-a787-9d5947ec8ad4 namespace_id=0 namespace_name="influxdb3 oss" query_type="sql" query_text=-- 6-hour downsampling over an 8-week window. Touches most parquet files
querier-1  | 2026-05-16T17:15:50.155120210Z -- since timestamps span the entire generated range; aggregation work is
querier-1  | 2026-05-16T17:15:50.155129501Z -- dominated by group-by and merge across many files. 6h bins keep result
querier-1  | 2026-05-16T17:15:50.155130210Z -- cardinality manageable while still exercising the full date range.
querier-1  | 2026-05-16T17:15:50.155130876Z SELECT
querier-1  | 2026-05-16T17:15:50.155131418Z     DATE_BIN(INTERVAL '6 hours', time) AS bucket,
querier-1  | 2026-05-16T17:15:50.155132043Z     region,
querier-1  | 2026-05-16T17:15:50.155132585Z     AVG(temp) AS avg_temp,
querier-1  | 2026-05-16T17:15:50.155133126Z     APPROX_PERCENTILE_CONT(humidity, 0.95) AS p95_humidity
querier-1  | 2026-05-16T17:15:50.155133710Z FROM sensors
querier-1  | 2026-05-16T17:15:50.155134251Z WHERE time > now() - INTERVAL '8 weeks'
querier-1  | 2026-05-16T17:15:50.155135043Z GROUP BY bucket, region
querier-1  | 2026-05-16T17:15:50.155135585Z ORDER BY bucket, region query_params=Params { } issue_time=2026-05-16T17:15:50.143856418+00:00 partitions=1 parquet_files=1 deduplicated_partitions=1 deduplicated_parquet_files=1 plan_duration_secs=0.0111835 success=false running=true cancelled=false
querier-1  | 2026-05-16T17:15:50.155136376Z 2026-05-16T17:15:50.155061Z  INFO iox_query::query_log: query when="permit" id=a38e5437-dfd4-4ae2-a787-9d5947ec8ad4 namespace_id=0 namespace_name="influxdb3 oss" query_type="sql" query_text=-- 6-hour downsampling over an 8-week window. Touches most parquet files
querier-1  | 2026-05-16T17:15:50.155137251Z -- since timestamps span the entire generated range; aggregation work is
querier-1  | 2026-05-16T17:15:50.155137918Z -- dominated by group-by and merge across many files. 6h bins keep result
querier-1  | 2026-05-16T17:15:50.155138501Z -- cardinality manageable while still exercising the full date range.
querier-1  | 2026-05-16T17:15:50.155139085Z SELECT
querier-1  | 2026-05-16T17:15:50.155139585Z     DATE_BIN(INTERVAL '6 hours', time) AS bucket,
querier-1  | 2026-05-16T17:15:50.155140126Z     region,
querier-1  | 2026-05-16T17:15:50.155140668Z     AVG(temp) AS avg_temp,
querier-1  | 2026-05-16T17:15:50.155141210Z     APPROX_PERCENTILE_CONT(humidity, 0.95) AS p95_humidity
querier-1  | 2026-05-16T17:15:50.155141793Z FROM sensors
querier-1  | 2026-05-16T17:15:50.155142293Z WHERE time > now() - INTERVAL '8 weeks'
querier-1  | 2026-05-16T17:15:50.155142876Z GROUP BY bucket, region
querier-1  | 2026-05-16T17:15:50.155143460Z ORDER BY bucket, region query_params=Params { } issue_time=2026-05-16T17:15:50.143856418+00:00 partitions=1 parquet_files=1 deduplicated_partitions=1 deduplicated_parquet_files=1 plan_duration_secs=0.0111835 permit_duration_secs=2.0667e-5 success=false running=true cancelled=false
querier-1  | 2026-05-16T17:15:50.155455585Z 2026-05-16T17:15:50.155376Z  INFO iox_query::query_log: query when="success" id=a38e5437-dfd4-4ae2-a787-9d5947ec8ad4 namespace_id=0 namespace_name="influxdb3 oss" query_type="sql" query_text=-- 6-hour downsampling over an 8-week window. Touches most parquet files
querier-1  | 2026-05-16T17:15:50.155464293Z -- since timestamps span the entire generated range; aggregation work is
querier-1  | 2026-05-16T17:15:50.155465335Z -- dominated by group-by and merge across many files. 6h bins keep result
querier-1  | 2026-05-16T17:15:50.155466168Z -- cardinality manageable while still exercising the full date range.
querier-1  | 2026-05-16T17:15:50.155472918Z SELECT
querier-1  | 2026-05-16T17:15:50.155473710Z     DATE_BIN(INTERVAL '6 hours', time) AS bucket,
querier-1  | 2026-05-16T17:15:50.155474460Z     region,
querier-1  | 2026-05-16T17:15:50.155475001Z     AVG(temp) AS avg_temp,
querier-1  | 2026-05-16T17:15:50.155475585Z     APPROX_PERCENTILE_CONT(humidity, 0.95) AS p95_humidity
querier-1  | 2026-05-16T17:15:50.155476168Z FROM sensors
querier-1  | 2026-05-16T17:15:50.155476710Z WHERE time > now() - INTERVAL '8 weeks'
querier-1  | 2026-05-16T17:15:50.155477460Z GROUP BY bucket, region
querier-1  | 2026-05-16T17:15:50.155479960Z ORDER BY bucket, region query_params=Params { } issue_time=2026-05-16T17:15:50.143856418+00:00 partitions=1 parquet_files=1 deduplicated_partitions=1 deduplicated_parquet_files=1 plan_duration_secs=0.0111835 permit_duration_secs=2.0667e-5 execute_duration_secs=0.000256916 end2end_duration_secs=0.011517833 compute_duration_secs=0.000366732 max_memory=11264 ingester_metrics.latency_to_plan_secs=0.0 ingester_metrics.latency_to_full_data_secs=0.0 ingester_metrics.response_rows=0 ingester_metrics.partition_count=0 ingester_metrics.response_size=0 success=true running=false cancelled=false
querier-1  | 2026-05-16T17:15:50.830703668Z 2026-05-16T17:15:50.830624Z  INFO influxdb3_server::http: handling query_sql database=bench query_str=-- 6-hour downsampling over an 8-week window. Touches most parquet files
querier-1  | 2026-05-16T17:15:50.830712710Z -- since timestamps span the entire generated range; aggregation work is
querier-1  | 2026-05-16T17:15:50.830714293Z -- dominated by group-by and merge across many files. 6h bins keep result
querier-1  | 2026-05-16T17:15:50.830715210Z -- cardinality manageable while still exercising the full date range.
querier-1  | 2026-05-16T17:15:50.830716002Z SELECT
querier-1  | 2026-05-16T17:15:50.830716793Z     DATE_BIN(INTERVAL '6 hours', time) AS bucket,
querier-1  | 2026-05-16T17:15:50.830717585Z     region,
querier-1  | 2026-05-16T17:15:50.830718335Z     AVG(temp) AS avg_temp,
querier-1  | 2026-05-16T17:15:50.830719085Z     APPROX_PERCENTILE_CONT(humidity, 0.95) AS p95_humidity
querier-1  | 2026-05-16T17:15:50.830719835Z FROM sensors
querier-1  | 2026-05-16T17:15:50.830720543Z WHERE time > now() - INTERVAL '8 weeks'
querier-1  | 2026-05-16T17:15:50.830721460Z GROUP BY bucket, region
querier-1  | 2026-05-16T17:15:50.830722210Z ORDER BY bucket, region format=Csv
querier-1  | 2026-05-16T17:15:50.830723002Z 2026-05-16T17:15:50.830641Z  INFO influxdb3_server::query_executor: executing sql query database=bench query=-- 6-hour downsampling over an 8-week window. Touches most parquet files
querier-1  | 2026-05-16T17:15:50.830723918Z -- since timestamps span the entire generated range; aggregation work is
querier-1  | 2026-05-16T17:15:50.830724793Z -- dominated by group-by and merge across many files. 6h bins keep result
querier-1  | 2026-05-16T17:15:50.830725502Z -- cardinality manageable while still exercising the full date range.
querier-1  | 2026-05-16T17:15:50.830726085Z SELECT
querier-1  | 2026-05-16T17:15:50.830726627Z     DATE_BIN(INTERVAL '6 hours', time) AS bucket,
querier-1  | 2026-05-16T17:15:50.830727210Z     region,
querier-1  | 2026-05-16T17:15:50.830727752Z     AVG(temp) AS avg_temp,
querier-1  | 2026-05-16T17:15:50.830734043Z     APPROX_PERCENTILE_CONT(humidity, 0.95) AS p95_humidity
querier-1  | 2026-05-16T17:15:50.830734710Z FROM sensors
querier-1  | 2026-05-16T17:15:50.830735252Z WHERE time > now() - INTERVAL '8 weeks'
querier-1  | 2026-05-16T17:15:50.830735835Z GROUP BY bucket, region
querier-1  | 2026-05-16T17:15:50.830736377Z ORDER BY bucket, region params=None
querier-1  | 2026-05-16T17:15:50.830782085Z 2026-05-16T17:15:50.830666Z  INFO iox_query::query_log: query when="received" id=9b5f36bc-b5ef-44b1-b103-399dde4a39e3 namespace_id=0 namespace_name="influxdb3 oss" query_type="sql" query_text=-- 6-hour downsampling over an 8-week window. Touches most parquet files
querier-1  | 2026-05-16T17:15:50.830787793Z -- since timestamps span the entire generated range; aggregation work is
querier-1  | 2026-05-16T17:15:50.830789293Z -- dominated by group-by and merge across many files. 6h bins keep result
querier-1  | 2026-05-16T17:15:50.830790210Z -- cardinality manageable while still exercising the full date range.
querier-1  | 2026-05-16T17:15:50.830791085Z SELECT
querier-1  | 2026-05-16T17:15:50.830791877Z     DATE_BIN(INTERVAL '6 hours', time) AS bucket,
querier-1  | 2026-05-16T17:15:50.830792668Z     region,
querier-1  | 2026-05-16T17:15:50.830793377Z     AVG(temp) AS avg_temp,
querier-1  | 2026-05-16T17:15:50.830794085Z     APPROX_PERCENTILE_CONT(humidity, 0.95) AS p95_humidity
querier-1  | 2026-05-16T17:15:50.830794877Z FROM sensors
querier-1  | 2026-05-16T17:15:50.830795585Z WHERE time > now() - INTERVAL '8 weeks'
querier-1  | 2026-05-16T17:15:50.830796460Z GROUP BY bucket, region
querier-1  | 2026-05-16T17:15:50.830797210Z ORDER BY bucket, region query_params=Params { } issue_time=2026-05-16T17:15:50.830664877+00:00 success=false running=true cancelled=false
querier-1  | 2026-05-16T17:15:50.840557252Z 2026-05-16T17:15:50.840500Z  INFO influxdb3_write::composite_write_buffer: composite get_table_chunks db_schema.id=DbId(1) table_def.table_id=TableId(0) local=1 remote=0 tail=560 total=561
querier-1  | 2026-05-16T17:15:50.841267960Z 2026-05-16T17:15:50.841219Z  WARN iox_query::physical_optimizer::dedup::split: cannot split dedup operation, fanout too wide n_split=281 max_dedup_split=100
querier-1  | 2026-05-16T17:15:50.843406252Z 2026-05-16T17:15:50.843339Z  INFO iox_query::query_log: query when="planned" id=9b5f36bc-b5ef-44b1-b103-399dde4a39e3 namespace_id=0 namespace_name="influxdb3 oss" query_type="sql" query_text=-- 6-hour downsampling over an 8-week window. Touches most parquet files
querier-1  | 2026-05-16T17:15:50.843412793Z -- since timestamps span the entire generated range; aggregation work is
querier-1  | 2026-05-16T17:15:50.843413710Z -- dominated by group-by and merge across many files. 6h bins keep result
querier-1  | 2026-05-16T17:15:50.843414418Z -- cardinality manageable while still exercising the full date range.
querier-1  | 2026-05-16T17:15:50.843415043Z SELECT
querier-1  | 2026-05-16T17:15:50.843415627Z     DATE_BIN(INTERVAL '6 hours', time) AS bucket,
querier-1  | 2026-05-16T17:15:50.843416335Z     region,
querier-1  | 2026-05-16T17:15:50.843416918Z     AVG(temp) AS avg_temp,
querier-1  | 2026-05-16T17:15:50.843417543Z     APPROX_PERCENTILE_CONT(humidity, 0.95) AS p95_humidity
querier-1  | 2026-05-16T17:15:50.843418127Z FROM sensors
querier-1  | 2026-05-16T17:15:50.843423418Z WHERE time > now() - INTERVAL '8 weeks'
querier-1  | 2026-05-16T17:15:50.843424252Z GROUP BY bucket, region
querier-1  | 2026-05-16T17:15:50.843424835Z ORDER BY bucket, region query_params=Params { } issue_time=2026-05-16T17:15:50.830664877+00:00 partitions=1 parquet_files=1 deduplicated_partitions=1 deduplicated_parquet_files=1 plan_duration_secs=0.012663958 success=false running=true cancelled=false
querier-1  | 2026-05-16T17:15:50.843425668Z 2026-05-16T17:15:50.843356Z  INFO iox_query::query_log: query when="permit" id=9b5f36bc-b5ef-44b1-b103-399dde4a39e3 namespace_id=0 namespace_name="influxdb3 oss" query_type="sql" query_text=-- 6-hour downsampling over an 8-week window. Touches most parquet files
querier-1  | 2026-05-16T17:15:50.843426543Z -- since timestamps span the entire generated range; aggregation work is
querier-1  | 2026-05-16T17:15:50.843427127Z -- dominated by group-by and merge across many files. 6h bins keep result
querier-1  | 2026-05-16T17:15:50.843427752Z -- cardinality manageable while still exercising the full date range.
querier-1  | 2026-05-16T17:15:50.843428335Z SELECT
querier-1  | 2026-05-16T17:15:50.843428877Z     DATE_BIN(INTERVAL '6 hours', time) AS bucket,
querier-1  | 2026-05-16T17:15:50.843429418Z     region,
querier-1  | 2026-05-16T17:15:50.843429960Z     AVG(temp) AS avg_temp,
querier-1  | 2026-05-16T17:15:50.843430502Z     APPROX_PERCENTILE_CONT(humidity, 0.95) AS p95_humidity
querier-1  | 2026-05-16T17:15:50.843431085Z FROM sensors
querier-1  | 2026-05-16T17:15:50.843431627Z WHERE time > now() - INTERVAL '8 weeks'
querier-1  | 2026-05-16T17:15:50.843432168Z GROUP BY bucket, region
querier-1  | 2026-05-16T17:15:50.843432835Z ORDER BY bucket, region query_params=Params { } issue_time=2026-05-16T17:15:50.830664877+00:00 partitions=1 parquet_files=1 deduplicated_partitions=1 deduplicated_parquet_files=1 plan_duration_secs=0.012663958 permit_duration_secs=2.7e-5 success=false running=true cancelled=false
querier-1  | 2026-05-16T17:15:50.843703293Z 2026-05-16T17:15:50.843620Z  INFO iox_query::query_log: query when="success" id=9b5f36bc-b5ef-44b1-b103-399dde4a39e3 namespace_id=0 namespace_name="influxdb3 oss" query_type="sql" query_text=-- 6-hour downsampling over an 8-week window. Touches most parquet files
querier-1  | 2026-05-16T17:15:50.843714960Z -- since timestamps span the entire generated range; aggregation work is
querier-1  | 2026-05-16T17:15:50.843716377Z -- dominated by group-by and merge across many files. 6h bins keep result
querier-1  | 2026-05-16T17:15:50.843717210Z -- cardinality manageable while still exercising the full date range.
querier-1  | 2026-05-16T17:15:50.843717918Z SELECT
querier-1  | 2026-05-16T17:15:50.843718585Z     DATE_BIN(INTERVAL '6 hours', time) AS bucket,
querier-1  | 2026-05-16T17:15:50.843719168Z     region,
querier-1  | 2026-05-16T17:15:50.843719710Z     AVG(temp) AS avg_temp,
querier-1  | 2026-05-16T17:15:50.843720252Z     APPROX_PERCENTILE_CONT(humidity, 0.95) AS p95_humidity
querier-1  | 2026-05-16T17:15:50.843720835Z FROM sensors
querier-1  | 2026-05-16T17:15:50.843721377Z WHERE time > now() - INTERVAL '8 weeks'
querier-1  | 2026-05-16T17:15:50.843722168Z GROUP BY bucket, region
querier-1  | 2026-05-16T17:15:50.843722877Z ORDER BY bucket, region query_params=Params { } issue_time=2026-05-16T17:15:50.830664877+00:00 partitions=1 parquet_files=1 deduplicated_partitions=1 deduplicated_parquet_files=1 plan_duration_secs=0.012663958 permit_duration_secs=2.7e-5 execute_duration_secs=0.000232375 end2end_duration_secs=0.012953916 compute_duration_secs=0.000186633 max_memory=0 ingester_metrics.latency_to_plan_secs=0.0 ingester_metrics.latency_to_full_data_secs=0.0 ingester_metrics.response_rows=0 ingester_metrics.partition_count=0 ingester_metrics.response_size=0 success=true running=false cancelled=false
querier-1  | 2026-05-16T17:15:51.515474127Z 2026-05-16T17:15:51.515407Z  INFO influxdb3_server::http: handling query_sql database=bench query_str=-- 6-hour downsampling over an 8-week window. Touches most parquet files
querier-1  | 2026-05-16T17:15:51.515480544Z -- since timestamps span the entire generated range; aggregation work is
querier-1  | 2026-05-16T17:15:51.515481335Z -- dominated by group-by and merge across many files. 6h bins keep result
querier-1  | 2026-05-16T17:15:51.515481960Z -- cardinality manageable while still exercising the full date range.
querier-1  | 2026-05-16T17:15:51.515482585Z SELECT
querier-1  | 2026-05-16T17:15:51.515483127Z     DATE_BIN(INTERVAL '6 hours', time) AS bucket,
querier-1  | 2026-05-16T17:15:51.515483710Z     region,
querier-1  | 2026-05-16T17:15:51.515484335Z     AVG(temp) AS avg_temp,
querier-1  | 2026-05-16T17:15:51.515484919Z     APPROX_PERCENTILE_CONT(humidity, 0.95) AS p95_humidity
querier-1  | 2026-05-16T17:15:51.515485544Z FROM sensors
querier-1  | 2026-05-16T17:15:51.515486044Z WHERE time > now() - INTERVAL '8 weeks'
querier-1  | 2026-05-16T17:15:51.515486794Z GROUP BY bucket, region
querier-1  | 2026-05-16T17:15:51.515487335Z ORDER BY bucket, region format=Csv
querier-1  | 2026-05-16T17:15:51.515487919Z 2026-05-16T17:15:51.515428Z  INFO influxdb3_server::query_executor: executing sql query database=bench query=-- 6-hour downsampling over an 8-week window. Touches most parquet files
querier-1  | 2026-05-16T17:15:51.515488585Z -- since timestamps span the entire generated range; aggregation work is
querier-1  | 2026-05-16T17:15:51.515489210Z -- dominated by group-by and merge across many files. 6h bins keep result
querier-1  | 2026-05-16T17:15:51.515489794Z -- cardinality manageable while still exercising the full date range.
querier-1  | 2026-05-16T17:15:51.515490335Z SELECT
querier-1  | 2026-05-16T17:15:51.515490877Z     DATE_BIN(INTERVAL '6 hours', time) AS bucket,
querier-1  | 2026-05-16T17:15:51.515491460Z     region,
querier-1  | 2026-05-16T17:15:51.515491960Z     AVG(temp) AS avg_temp,
querier-1  | 2026-05-16T17:15:51.515492502Z     APPROX_PERCENTILE_CONT(humidity, 0.95) AS p95_humidity
querier-1  | 2026-05-16T17:15:51.515493044Z FROM sensors
querier-1  | 2026-05-16T17:15:51.515493585Z WHERE time > now() - INTERVAL '8 weeks'
querier-1  | 2026-05-16T17:15:51.515494169Z GROUP BY bucket, region
querier-1  | 2026-05-16T17:15:51.515494710Z ORDER BY bucket, region params=None
querier-1  | 2026-05-16T17:15:51.515495252Z 2026-05-16T17:15:51.515449Z  INFO iox_query::query_log: query when="received" id=d24276f5-e0e7-4a36-ae8d-68b6595dc80f namespace_id=0 namespace_name="influxdb3 oss" query_type="sql" query_text=-- 6-hour downsampling over an 8-week window. Touches most parquet files
querier-1  | 2026-05-16T17:15:51.515501710Z -- since timestamps span the entire generated range; aggregation work is
querier-1  | 2026-05-16T17:15:51.515502335Z -- dominated by group-by and merge across many files. 6h bins keep result
querier-1  | 2026-05-16T17:15:51.515502877Z -- cardinality manageable while still exercising the full date range.
querier-1  | 2026-05-16T17:15:51.515503377Z SELECT
querier-1  | 2026-05-16T17:15:51.515503877Z     DATE_BIN(INTERVAL '6 hours', time) AS bucket,
querier-1  | 2026-05-16T17:15:51.515504377Z     region,
querier-1  | 2026-05-16T17:15:51.515504835Z     AVG(temp) AS avg_temp,
querier-1  | 2026-05-16T17:15:51.515505335Z     APPROX_PERCENTILE_CONT(humidity, 0.95) AS p95_humidity
querier-1  | 2026-05-16T17:15:51.515505835Z FROM sensors
querier-1  | 2026-05-16T17:15:51.515506294Z WHERE time > now() - INTERVAL '8 weeks'
querier-1  | 2026-05-16T17:15:51.515506752Z GROUP BY bucket, region
querier-1  | 2026-05-16T17:15:51.515507460Z ORDER BY bucket, region query_params=Params { } issue_time=2026-05-16T17:15:51.515448502+00:00 success=false running=true cancelled=false
querier-1  | 2026-05-16T17:15:51.524567085Z 2026-05-16T17:15:51.524478Z  INFO influxdb3_write::composite_write_buffer: composite get_table_chunks db_schema.id=DbId(1) table_def.table_id=TableId(0) local=1 remote=0 tail=560 total=561
querier-1  | 2026-05-16T17:15:51.525193460Z 2026-05-16T17:15:51.525144Z  WARN iox_query::physical_optimizer::dedup::split: cannot split dedup operation, fanout too wide n_split=281 max_dedup_split=100
querier-1  | 2026-05-16T17:15:51.526773210Z 2026-05-16T17:15:51.526701Z  INFO iox_query::query_log: query when="planned" id=d24276f5-e0e7-4a36-ae8d-68b6595dc80f namespace_id=0 namespace_name="influxdb3 oss" query_type="sql" query_text=-- 6-hour downsampling over an 8-week window. Touches most parquet files
querier-1  | 2026-05-16T17:15:51.526781960Z -- since timestamps span the entire generated range; aggregation work is
querier-1  | 2026-05-16T17:15:51.526783210Z -- dominated by group-by and merge across many files. 6h bins keep result
querier-1  | 2026-05-16T17:15:51.526784210Z -- cardinality manageable while still exercising the full date range.
querier-1  | 2026-05-16T17:15:51.526785044Z SELECT
querier-1  | 2026-05-16T17:15:51.526785877Z     DATE_BIN(INTERVAL '6 hours', time) AS bucket,
querier-1  | 2026-05-16T17:15:51.526786669Z     region,
querier-1  | 2026-05-16T17:15:51.526787377Z     AVG(temp) AS avg_temp,
querier-1  | 2026-05-16T17:15:51.526788085Z     APPROX_PERCENTILE_CONT(humidity, 0.95) AS p95_humidity
querier-1  | 2026-05-16T17:15:51.526788835Z FROM sensors
querier-1  | 2026-05-16T17:15:51.526789502Z WHERE time > now() - INTERVAL '8 weeks'
querier-1  | 2026-05-16T17:15:51.526790460Z GROUP BY bucket, region
querier-1  | 2026-05-16T17:15:51.526791210Z ORDER BY bucket, region query_params=Params { } issue_time=2026-05-16T17:15:51.515448502+00:00 partitions=1 parquet_files=1 deduplicated_partitions=1 deduplicated_parquet_files=1 plan_duration_secs=0.011244708 success=false running=true cancelled=false
querier-1  | 2026-05-16T17:15:51.526792252Z 2026-05-16T17:15:51.526717Z  INFO iox_query::query_log: query when="permit" id=d24276f5-e0e7-4a36-ae8d-68b6595dc80f namespace_id=0 namespace_name="influxdb3 oss" query_type="sql" query_text=-- 6-hour downsampling over an 8-week window. Touches most parquet files
querier-1  | 2026-05-16T17:15:51.526800835Z -- since timestamps span the entire generated range; aggregation work is
querier-1  | 2026-05-16T17:15:51.526801710Z -- dominated by group-by and merge across many files. 6h bins keep result
querier-1  | 2026-05-16T17:15:51.526802419Z -- cardinality manageable while still exercising the full date range.
querier-1  | 2026-05-16T17:15:51.526803169Z SELECT
querier-1  | 2026-05-16T17:15:51.526803835Z     DATE_BIN(INTERVAL '6 hours', time) AS bucket,
querier-1  | 2026-05-16T17:15:51.526804544Z     region,
querier-1  | 2026-05-16T17:15:51.526805210Z     AVG(temp) AS avg_temp,
querier-1  | 2026-05-16T17:15:51.526805919Z     APPROX_PERCENTILE_CONT(humidity, 0.95) AS p95_humidity
querier-1  | 2026-05-16T17:15:51.526806627Z FROM sensors
querier-1  | 2026-05-16T17:15:51.526807294Z WHERE time > now() - INTERVAL '8 weeks'
querier-1  | 2026-05-16T17:15:51.526807960Z GROUP BY bucket, region
querier-1  | 2026-05-16T17:15:51.526808669Z ORDER BY bucket, region query_params=Params { } issue_time=2026-05-16T17:15:51.515448502+00:00 partitions=1 parquet_files=1 deduplicated_partitions=1 deduplicated_parquet_files=1 plan_duration_secs=0.011244708 permit_duration_secs=2.3917e-5 success=false running=true cancelled=false
querier-1  | 2026-05-16T17:15:51.527077919Z 2026-05-16T17:15:51.527004Z  INFO iox_query::query_log: query when="success" id=d24276f5-e0e7-4a36-ae8d-68b6595dc80f namespace_id=0 namespace_name="influxdb3 oss" query_type="sql" query_text=-- 6-hour downsampling over an 8-week window. Touches most parquet files
querier-1  | 2026-05-16T17:15:51.527081877Z -- since timestamps span the entire generated range; aggregation work is
querier-1  | 2026-05-16T17:15:51.527082877Z -- dominated by group-by and merge across many files. 6h bins keep result
querier-1  | 2026-05-16T17:15:51.527083669Z -- cardinality manageable while still exercising the full date range.
querier-1  | 2026-05-16T17:15:51.527084377Z SELECT
querier-1  | 2026-05-16T17:15:51.527084960Z     DATE_BIN(INTERVAL '6 hours', time) AS bucket,
querier-1  | 2026-05-16T17:15:51.527085585Z     region,
querier-1  | 2026-05-16T17:15:51.527086127Z     AVG(temp) AS avg_temp,
querier-1  | 2026-05-16T17:15:51.527086752Z     APPROX_PERCENTILE_CONT(humidity, 0.95) AS p95_humidity
querier-1  | 2026-05-16T17:15:51.527087335Z FROM sensors
querier-1  | 2026-05-16T17:15:51.527087919Z WHERE time > now() - INTERVAL '8 weeks'
querier-1  | 2026-05-16T17:15:51.527088544Z GROUP BY bucket, region
querier-1  | 2026-05-16T17:15:51.527089169Z ORDER BY bucket, region query_params=Params { } issue_time=2026-05-16T17:15:51.515448502+00:00 partitions=1 parquet_files=1 deduplicated_partitions=1 deduplicated_parquet_files=1 plan_duration_secs=0.011244708 permit_duration_secs=2.3917e-5 execute_duration_secs=0.0002605 end2end_duration_secs=0.011554667 compute_duration_secs=0.000344361 max_memory=8448 ingester_metrics.latency_to_plan_secs=0.0 ingester_metrics.latency_to_full_data_secs=0.0 ingester_metrics.response_rows=0 ingester_metrics.partition_count=0 ingester_metrics.response_size=0 success=true running=false cancelled=false
querier-1  | 2026-05-16T17:15:52.194659127Z 2026-05-16T17:15:52.194591Z  INFO influxdb3_server::http: handling query_sql database=bench query_str=-- 6-hour downsampling over an 8-week window. Touches most parquet files
querier-1  | 2026-05-16T17:15:52.194680002Z -- since timestamps span the entire generated range; aggregation work is
querier-1  | 2026-05-16T17:15:52.194682127Z -- dominated by group-by and merge across many files. 6h bins keep result
querier-1  | 2026-05-16T17:15:52.194683086Z -- cardinality manageable while still exercising the full date range.
querier-1  | 2026-05-16T17:15:52.194683836Z SELECT
querier-1  | 2026-05-16T17:15:52.194684586Z     DATE_BIN(INTERVAL '6 hours', time) AS bucket,
querier-1  | 2026-05-16T17:15:52.194685336Z     region,
querier-1  | 2026-05-16T17:15:52.194686044Z     AVG(temp) AS avg_temp,
querier-1  | 2026-05-16T17:15:52.194686794Z     APPROX_PERCENTILE_CONT(humidity, 0.95) AS p95_humidity
querier-1  | 2026-05-16T17:15:52.194687502Z FROM sensors
querier-1  | 2026-05-16T17:15:52.194688127Z WHERE time > now() - INTERVAL '8 weeks'
querier-1  | 2026-05-16T17:15:52.194688919Z GROUP BY bucket, region
querier-1  | 2026-05-16T17:15:52.194689461Z ORDER BY bucket, region format=Csv
querier-1  | 2026-05-16T17:15:52.194690044Z 2026-05-16T17:15:52.194607Z  INFO influxdb3_server::query_executor: executing sql query database=bench query=-- 6-hour downsampling over an 8-week window. Touches most parquet files
querier-1  | 2026-05-16T17:15:52.194690836Z -- since timestamps span the entire generated range; aggregation work is
querier-1  | 2026-05-16T17:15:52.194691461Z -- dominated by group-by and merge across many files. 6h bins keep result
querier-1  | 2026-05-16T17:15:52.194692044Z -- cardinality manageable while still exercising the full date range.
querier-1  | 2026-05-16T17:15:52.194692669Z SELECT
querier-1  | 2026-05-16T17:15:52.194693252Z     DATE_BIN(INTERVAL '6 hours', time) AS bucket,
querier-1  | 2026-05-16T17:15:52.194693836Z     region,
querier-1  | 2026-05-16T17:15:52.194694377Z     AVG(temp) AS avg_temp,
querier-1  | 2026-05-16T17:15:52.194694919Z     APPROX_PERCENTILE_CONT(humidity, 0.95) AS p95_humidity
querier-1  | 2026-05-16T17:15:52.194695502Z FROM sensors
querier-1  | 2026-05-16T17:15:52.194696044Z WHERE time > now() - INTERVAL '8 weeks'
querier-1  | 2026-05-16T17:15:52.194696586Z GROUP BY bucket, region
querier-1  | 2026-05-16T17:15:52.194697211Z ORDER BY bucket, region params=None
querier-1  | 2026-05-16T17:15:52.194698127Z 2026-05-16T17:15:52.194628Z  INFO iox_query::query_log: query when="received" id=39622d3c-b481-4f2b-a53f-ae8da14278eb namespace_id=0 namespace_name="influxdb3 oss" query_type="sql" query_text=-- 6-hour downsampling over an 8-week window. Touches most parquet files
querier-1  | 2026-05-16T17:15:52.194699377Z -- since timestamps span the entire generated range; aggregation work is
querier-1  | 2026-05-16T17:15:52.194700377Z -- dominated by group-by and merge across many files. 6h bins keep result
querier-1  | 2026-05-16T17:15:52.194701127Z -- cardinality manageable while still exercising the full date range.
querier-1  | 2026-05-16T17:15:52.194701877Z SELECT
querier-1  | 2026-05-16T17:15:52.194702502Z     DATE_BIN(INTERVAL '6 hours', time) AS bucket,
querier-1  | 2026-05-16T17:15:52.194703211Z     region,
querier-1  | 2026-05-16T17:15:52.194703877Z     AVG(temp) AS avg_temp,
querier-1  | 2026-05-16T17:15:52.194704586Z     APPROX_PERCENTILE_CONT(humidity, 0.95) AS p95_humidity
querier-1  | 2026-05-16T17:15:52.194706461Z FROM sensors
querier-1  | 2026-05-16T17:15:52.194707002Z WHERE time > now() - INTERVAL '8 weeks'
querier-1  | 2026-05-16T17:15:52.194707586Z GROUP BY bucket, region
querier-1  | 2026-05-16T17:15:52.194708336Z ORDER BY bucket, region query_params=Params { } issue_time=2026-05-16T17:15:52.194626836+00:00 success=false running=true cancelled=false
querier-1  | 2026-05-16T17:15:52.203970544Z 2026-05-16T17:15:52.203884Z  INFO influxdb3_write::composite_write_buffer: composite get_table_chunks db_schema.id=DbId(1) table_def.table_id=TableId(0) local=1 remote=0 tail=560 total=561
querier-1  | 2026-05-16T17:15:52.204555002Z 2026-05-16T17:15:52.204504Z  WARN iox_query::physical_optimizer::dedup::split: cannot split dedup operation, fanout too wide n_split=281 max_dedup_split=100
querier-1  | 2026-05-16T17:15:52.206135002Z 2026-05-16T17:15:52.206069Z  INFO iox_query::query_log: query when="planned" id=39622d3c-b481-4f2b-a53f-ae8da14278eb namespace_id=0 namespace_name="influxdb3 oss" query_type="sql" query_text=-- 6-hour downsampling over an 8-week window. Touches most parquet files
querier-1  | 2026-05-16T17:15:52.206140794Z -- since timestamps span the entire generated range; aggregation work is
querier-1  | 2026-05-16T17:15:52.206141752Z -- dominated by group-by and merge across many files. 6h bins keep result
querier-1  | 2026-05-16T17:15:52.206142461Z -- cardinality manageable while still exercising the full date range.
querier-1  | 2026-05-16T17:15:52.206143086Z SELECT
querier-1  | 2026-05-16T17:15:52.206143711Z     DATE_BIN(INTERVAL '6 hours', time) AS bucket,
querier-1  | 2026-05-16T17:15:52.206144336Z     region,
querier-1  | 2026-05-16T17:15:52.206144919Z     AVG(temp) AS avg_temp,
querier-1  | 2026-05-16T17:15:52.206145461Z     APPROX_PERCENTILE_CONT(humidity, 0.95) AS p95_humidity
querier-1  | 2026-05-16T17:15:52.206146086Z FROM sensors
querier-1  | 2026-05-16T17:15:52.206146669Z WHERE time > now() - INTERVAL '8 weeks'
querier-1  | 2026-05-16T17:15:52.206147502Z GROUP BY bucket, region
querier-1  | 2026-05-16T17:15:52.206148086Z ORDER BY bucket, region query_params=Params { } issue_time=2026-05-16T17:15:52.194626836+00:00 partitions=1 parquet_files=1 deduplicated_partitions=1 deduplicated_parquet_files=1 plan_duration_secs=0.011436541 success=false running=true cancelled=false
querier-1  | 2026-05-16T17:15:52.206148919Z 2026-05-16T17:15:52.206084Z  INFO iox_query::query_log: query when="permit" id=39622d3c-b481-4f2b-a53f-ae8da14278eb namespace_id=0 namespace_name="influxdb3 oss" query_type="sql" query_text=-- 6-hour downsampling over an 8-week window. Touches most parquet files
querier-1  | 2026-05-16T17:15:52.206149794Z -- since timestamps span the entire generated range; aggregation work is
querier-1  | 2026-05-16T17:15:52.206150419Z -- dominated by group-by and merge across many files. 6h bins keep result
querier-1  | 2026-05-16T17:15:52.206151002Z -- cardinality manageable while still exercising the full date range.
querier-1  | 2026-05-16T17:15:52.206151669Z SELECT
querier-1  | 2026-05-16T17:15:52.206152211Z     DATE_BIN(INTERVAL '6 hours', time) AS bucket,
querier-1  | 2026-05-16T17:15:52.206152794Z     region,
querier-1  | 2026-05-16T17:15:52.206153336Z     AVG(temp) AS avg_temp,
querier-1  | 2026-05-16T17:15:52.206160211Z     APPROX_PERCENTILE_CONT(humidity, 0.95) AS p95_humidity
querier-1  | 2026-05-16T17:15:52.206160877Z FROM sensors
querier-1  | 2026-05-16T17:15:52.206161377Z WHERE time > now() - INTERVAL '8 weeks'
querier-1  | 2026-05-16T17:15:52.206161961Z GROUP BY bucket, region
querier-1  | 2026-05-16T17:15:52.206162544Z ORDER BY bucket, region query_params=Params { } issue_time=2026-05-16T17:15:52.194626836+00:00 partitions=1 parquet_files=1 deduplicated_partitions=1 deduplicated_parquet_files=1 plan_duration_secs=0.011436541 permit_duration_secs=2.025e-5 success=false running=true cancelled=false
querier-1  | 2026-05-16T17:15:52.206497086Z 2026-05-16T17:15:52.206406Z  INFO iox_query::query_log: query when="success" id=39622d3c-b481-4f2b-a53f-ae8da14278eb namespace_id=0 namespace_name="influxdb3 oss" query_type="sql" query_text=-- 6-hour downsampling over an 8-week window. Touches most parquet files
querier-1  | 2026-05-16T17:15:52.206506586Z -- since timestamps span the entire generated range; aggregation work is
querier-1  | 2026-05-16T17:15:52.206507711Z -- dominated by group-by and merge across many files. 6h bins keep result
querier-1  | 2026-05-16T17:15:52.206508669Z -- cardinality manageable while still exercising the full date range.
querier-1  | 2026-05-16T17:15:52.206509336Z SELECT
querier-1  | 2026-05-16T17:15:52.206509919Z     DATE_BIN(INTERVAL '6 hours', time) AS bucket,
querier-1  | 2026-05-16T17:15:52.206510502Z     region,
querier-1  | 2026-05-16T17:15:52.206511169Z     AVG(temp) AS avg_temp,
querier-1  | 2026-05-16T17:15:52.206511752Z     APPROX_PERCENTILE_CONT(humidity, 0.95) AS p95_humidity
querier-1  | 2026-05-16T17:15:52.206512336Z FROM sensors
querier-1  | 2026-05-16T17:15:52.206512919Z WHERE time > now() - INTERVAL '8 weeks'
querier-1  | 2026-05-16T17:15:52.206513669Z GROUP BY bucket, region
querier-1  | 2026-05-16T17:15:52.206514419Z ORDER BY bucket, region query_params=Params { } issue_time=2026-05-16T17:15:52.194626836+00:00 partitions=1 parquet_files=1 deduplicated_partitions=1 deduplicated_parquet_files=1 plan_duration_secs=0.011436541 permit_duration_secs=2.025e-5 execute_duration_secs=0.000254792 end2end_duration_secs=0.011777625 compute_duration_secs=0.000467021 max_memory=11264 ingester_metrics.latency_to_plan_secs=0.0 ingester_metrics.latency_to_full_data_secs=0.0 ingester_metrics.response_rows=0 ingester_metrics.partition_count=0 ingester_metrics.response_size=0 success=true running=false cancelled=false
querier-1  | 2026-05-16T17:15:52.891266128Z 2026-05-16T17:15:52.891202Z  INFO influxdb3_server::http: handling query_sql database=bench query_str=-- 1-week recent window — exercises the gen1-heavy tail. Most recent data
querier-1  | 2026-05-16T17:15:52.891272253Z -- still sits in many small gen1 files; compaction should already be
querier-1  | 2026-05-16T17:15:52.891273128Z -- promoting older portions of this window to gen2/3.
querier-1  | 2026-05-16T17:15:52.891273753Z SELECT region, AVG(temp), COUNT(*)
querier-1  | 2026-05-16T17:15:52.891274336Z FROM sensors
querier-1  | 2026-05-16T17:15:52.891274961Z WHERE time > now() - INTERVAL '1 week'
querier-1  | 2026-05-16T17:15:52.891275669Z GROUP BY region format=Csv
querier-1  | 2026-05-16T17:15:52.891276294Z 2026-05-16T17:15:52.891221Z  INFO influxdb3_server::query_executor: executing sql query database=bench query=-- 1-week recent window — exercises the gen1-heavy tail. Most recent data
querier-1  | 2026-05-16T17:15:52.891282669Z -- still sits in many small gen1 files; compaction should already be
querier-1  | 2026-05-16T17:15:52.891283336Z -- promoting older portions of this window to gen2/3.
querier-1  | 2026-05-16T17:15:52.891283961Z SELECT region, AVG(temp), COUNT(*)
querier-1  | 2026-05-16T17:15:52.891284711Z FROM sensors
querier-1  | 2026-05-16T17:15:52.891285253Z WHERE time > now() - INTERVAL '1 week'
querier-1  | 2026-05-16T17:15:52.891285836Z GROUP BY region params=None
querier-1  | 2026-05-16T17:15:52.891286419Z 2026-05-16T17:15:52.891244Z  INFO iox_query::query_log: query when="received" id=9eef3f6f-e988-4c14-b572-25d3aaa5b228 namespace_id=0 namespace_name="influxdb3 oss" query_type="sql" query_text=-- 1-week recent window — exercises the gen1-heavy tail. Most recent data
querier-1  | 2026-05-16T17:15:52.891287461Z -- still sits in many small gen1 files; compaction should already be
querier-1  | 2026-05-16T17:15:52.891288044Z -- promoting older portions of this window to gen2/3.
querier-1  | 2026-05-16T17:15:52.891288586Z SELECT region, AVG(temp), COUNT(*)
querier-1  | 2026-05-16T17:15:52.891289128Z FROM sensors
querier-1  | 2026-05-16T17:15:52.891289628Z WHERE time > now() - INTERVAL '1 week'
querier-1  | 2026-05-16T17:15:52.891290211Z GROUP BY region query_params=Params { } issue_time=2026-05-16T17:15:52.891242544+00:00 success=false running=true cancelled=false
querier-1  | 2026-05-16T17:15:52.898181211Z 2026-05-16T17:15:52.898112Z  INFO influxdb3_write::composite_write_buffer: composite get_table_chunks db_schema.id=DbId(1) table_def.table_id=TableId(0) local=1 remote=0 tail=70 total=71
querier-1  | 2026-05-16T17:15:52.906457919Z 2026-05-16T17:15:52.906388Z  INFO iox_query::query_log: query when="planned" id=9eef3f6f-e988-4c14-b572-25d3aaa5b228 namespace_id=0 namespace_name="influxdb3 oss" query_type="sql" query_text=-- 1-week recent window — exercises the gen1-heavy tail. Most recent data
querier-1  | 2026-05-16T17:15:52.906468961Z -- still sits in many small gen1 files; compaction should already be
querier-1  | 2026-05-16T17:15:52.906470128Z -- promoting older portions of this window to gen2/3.
querier-1  | 2026-05-16T17:15:52.906470836Z SELECT region, AVG(temp), COUNT(*)
querier-1  | 2026-05-16T17:15:52.906471461Z FROM sensors
querier-1  | 2026-05-16T17:15:52.906472086Z WHERE time > now() - INTERVAL '1 week'
querier-1  | 2026-05-16T17:15:52.906472919Z GROUP BY region query_params=Params { } issue_time=2026-05-16T17:15:52.891242544+00:00 partitions=1 parquet_files=1 deduplicated_partitions=0 deduplicated_parquet_files=0 plan_duration_secs=0.015135 success=false running=true cancelled=false
querier-1  | 2026-05-16T17:15:52.906473836Z 2026-05-16T17:15:52.906404Z  INFO iox_query::query_log: query when="permit" id=9eef3f6f-e988-4c14-b572-25d3aaa5b228 namespace_id=0 namespace_name="influxdb3 oss" query_type="sql" query_text=-- 1-week recent window — exercises the gen1-heavy tail. Most recent data
querier-1  | 2026-05-16T17:15:52.906474753Z -- still sits in many small gen1 files; compaction should already be
querier-1  | 2026-05-16T17:15:52.906475378Z -- promoting older portions of this window to gen2/3.
querier-1  | 2026-05-16T17:15:52.906475961Z SELECT region, AVG(temp), COUNT(*)
querier-1  | 2026-05-16T17:15:52.906476544Z FROM sensors
querier-1  | 2026-05-16T17:15:52.906484586Z WHERE time > now() - INTERVAL '1 week'
querier-1  | 2026-05-16T17:15:52.906485294Z GROUP BY region query_params=Params { } issue_time=2026-05-16T17:15:52.891242544+00:00 partitions=1 parquet_files=1 deduplicated_partitions=0 deduplicated_parquet_files=0 plan_duration_secs=0.015135 permit_duration_secs=2.6459e-5 success=false running=true cancelled=false
querier-1  | 2026-05-16T17:15:52.906556294Z 2026-05-16T17:15:52.906496Z  INFO iox_query::query_log: query when="success" id=9eef3f6f-e988-4c14-b572-25d3aaa5b228 namespace_id=0 namespace_name="influxdb3 oss" query_type="sql" query_text=-- 1-week recent window — exercises the gen1-heavy tail. Most recent data
querier-1  | 2026-05-16T17:15:52.906561044Z -- still sits in many small gen1 files; compaction should already be
querier-1  | 2026-05-16T17:15:52.906562169Z -- promoting older portions of this window to gen2/3.
querier-1  | 2026-05-16T17:15:52.906562961Z SELECT region, AVG(temp), COUNT(*)
querier-1  | 2026-05-16T17:15:52.906563586Z FROM sensors
querier-1  | 2026-05-16T17:15:52.906564294Z WHERE time > now() - INTERVAL '1 week'
querier-1  | 2026-05-16T17:15:52.906565128Z GROUP BY region query_params=Params { } issue_time=2026-05-16T17:15:52.891242544+00:00 partitions=1 parquet_files=1 deduplicated_partitions=0 deduplicated_parquet_files=0 plan_duration_secs=0.015135 permit_duration_secs=2.6459e-5 execute_duration_secs=7.8541e-5 end2end_duration_secs=0.015253459 compute_duration_secs=4e-9 max_memory=0 ingester_metrics.latency_to_plan_secs=0.0 ingester_metrics.latency_to_full_data_secs=0.0 ingester_metrics.response_rows=0 ingester_metrics.partition_count=0 ingester_metrics.response_size=0 success=true running=false cancelled=false
querier-1  | 2026-05-16T17:15:52.932892336Z 2026-05-16T17:15:52.932815Z  INFO influxdb3_server::http: handling query_sql database=bench query_str=-- 1-week recent window — exercises the gen1-heavy tail. Most recent data
querier-1  | 2026-05-16T17:15:52.932908044Z -- still sits in many small gen1 files; compaction should already be
querier-1  | 2026-05-16T17:15:52.932909253Z -- promoting older portions of this window to gen2/3.
querier-1  | 2026-05-16T17:15:52.932910086Z SELECT region, AVG(temp), COUNT(*)
querier-1  | 2026-05-16T17:15:52.932910794Z FROM sensors
querier-1  | 2026-05-16T17:15:52.932911544Z WHERE time > now() - INTERVAL '1 week'
querier-1  | 2026-05-16T17:15:52.932912544Z GROUP BY region format=Csv
querier-1  | 2026-05-16T17:15:52.932913211Z 2026-05-16T17:15:52.932834Z  INFO influxdb3_server::query_executor: executing sql query database=bench query=-- 1-week recent window — exercises the gen1-heavy tail. Most recent data
querier-1  | 2026-05-16T17:15:52.932914003Z -- still sits in many small gen1 files; compaction should already be
querier-1  | 2026-05-16T17:15:52.932914628Z -- promoting older portions of this window to gen2/3.
querier-1  | 2026-05-16T17:15:52.932915211Z SELECT region, AVG(temp), COUNT(*)
querier-1  | 2026-05-16T17:15:52.932915711Z FROM sensors
querier-1  | 2026-05-16T17:15:52.932916211Z WHERE time > now() - INTERVAL '1 week'
querier-1  | 2026-05-16T17:15:52.932916794Z GROUP BY region params=None
querier-1  | 2026-05-16T17:15:52.932917378Z 2026-05-16T17:15:52.932855Z  INFO iox_query::query_log: query when="received" id=bb1acf82-a001-4ff8-a33d-34b97aed7f37 namespace_id=0 namespace_name="influxdb3 oss" query_type="sql" query_text=-- 1-week recent window — exercises the gen1-heavy tail. Most recent data
querier-1  | 2026-05-16T17:15:52.932925669Z -- still sits in many small gen1 files; compaction should already be
querier-1  | 2026-05-16T17:15:52.932926378Z -- promoting older portions of this window to gen2/3.
querier-1  | 2026-05-16T17:15:52.932926961Z SELECT region, AVG(temp), COUNT(*)
querier-1  | 2026-05-16T17:15:52.932927503Z FROM sensors
querier-1  | 2026-05-16T17:15:52.932928003Z WHERE time > now() - INTERVAL '1 week'
querier-1  | 2026-05-16T17:15:52.932928586Z GROUP BY region query_params=Params { } issue_time=2026-05-16T17:15:52.932853711+00:00 success=false running=true cancelled=false
querier-1  | 2026-05-16T17:15:52.940050419Z 2026-05-16T17:15:52.939970Z  INFO influxdb3_write::composite_write_buffer: composite get_table_chunks db_schema.id=DbId(1) table_def.table_id=TableId(0) local=1 remote=0 tail=70 total=71
querier-1  | 2026-05-16T17:15:52.948166669Z 2026-05-16T17:15:52.948100Z  INFO iox_query::query_log: query when="planned" id=bb1acf82-a001-4ff8-a33d-34b97aed7f37 namespace_id=0 namespace_name="influxdb3 oss" query_type="sql" query_text=-- 1-week recent window — exercises the gen1-heavy tail. Most recent data
querier-1  | 2026-05-16T17:15:52.948173878Z -- still sits in many small gen1 files; compaction should already be
querier-1  | 2026-05-16T17:15:52.948175044Z -- promoting older portions of this window to gen2/3.
querier-1  | 2026-05-16T17:15:52.948175878Z SELECT region, AVG(temp), COUNT(*)
querier-1  | 2026-05-16T17:15:52.948176586Z FROM sensors
querier-1  | 2026-05-16T17:15:52.948177336Z WHERE time > now() - INTERVAL '1 week'
querier-1  | 2026-05-16T17:15:52.948178378Z GROUP BY region query_params=Params { } issue_time=2026-05-16T17:15:52.932853711+00:00 partitions=1 parquet_files=1 deduplicated_partitions=0 deduplicated_parquet_files=0 plan_duration_secs=0.015237292 success=false running=true cancelled=false
querier-1  | 2026-05-16T17:15:52.948179211Z 2026-05-16T17:15:52.948118Z  INFO iox_query::query_log: query when="permit" id=bb1acf82-a001-4ff8-a33d-34b97aed7f37 namespace_id=0 namespace_name="influxdb3 oss" query_type="sql" query_text=-- 1-week recent window — exercises the gen1-heavy tail. Most recent data
querier-1  | 2026-05-16T17:15:52.948180086Z -- still sits in many small gen1 files; compaction should already be
querier-1  | 2026-05-16T17:15:52.948180711Z -- promoting older portions of this window to gen2/3.
querier-1  | 2026-05-16T17:15:52.948181294Z SELECT region, AVG(temp), COUNT(*)
querier-1  | 2026-05-16T17:15:52.948181836Z FROM sensors
querier-1  | 2026-05-16T17:15:52.948182336Z WHERE time > now() - INTERVAL '1 week'
querier-1  | 2026-05-16T17:15:52.948182961Z GROUP BY region query_params=Params { } issue_time=2026-05-16T17:15:52.932853711+00:00 partitions=1 parquet_files=1 deduplicated_partitions=0 deduplicated_parquet_files=0 plan_duration_secs=0.015237292 permit_duration_secs=2.6708e-5 success=false running=true cancelled=false
querier-1  | 2026-05-16T17:15:52.948273461Z 2026-05-16T17:15:52.948214Z  INFO iox_query::query_log: query when="success" id=bb1acf82-a001-4ff8-a33d-34b97aed7f37 namespace_id=0 namespace_name="influxdb3 oss" query_type="sql" query_text=-- 1-week recent window — exercises the gen1-heavy tail. Most recent data
querier-1  | 2026-05-16T17:15:52.948275961Z -- still sits in many small gen1 files; compaction should already be
querier-1  | 2026-05-16T17:15:52.948292128Z -- promoting older portions of this window to gen2/3.
querier-1  | 2026-05-16T17:15:52.948292836Z SELECT region, AVG(temp), COUNT(*)
querier-1  | 2026-05-16T17:15:52.948293419Z FROM sensors
querier-1  | 2026-05-16T17:15:52.948293919Z WHERE time > now() - INTERVAL '1 week'
querier-1  | 2026-05-16T17:15:52.948294669Z GROUP BY region query_params=Params { } issue_time=2026-05-16T17:15:52.932853711+00:00 partitions=1 parquet_files=1 deduplicated_partitions=0 deduplicated_parquet_files=0 plan_duration_secs=0.015237292 permit_duration_secs=2.6708e-5 execute_duration_secs=7.8708e-5 end2end_duration_secs=0.015360333 compute_duration_secs=3.5045e-5 max_memory=0 ingester_metrics.latency_to_plan_secs=0.0 ingester_metrics.latency_to_full_data_secs=0.0 ingester_metrics.response_rows=0 ingester_metrics.partition_count=0 ingester_metrics.response_size=0 success=true running=false cancelled=false
querier-1  | 2026-05-16T17:15:52.974321711Z 2026-05-16T17:15:52.974260Z  INFO influxdb3_server::http: handling query_sql database=bench query_str=-- 1-week recent window — exercises the gen1-heavy tail. Most recent data
querier-1  | 2026-05-16T17:15:52.974329461Z -- still sits in many small gen1 files; compaction should already be
querier-1  | 2026-05-16T17:15:52.974330503Z -- promoting older portions of this window to gen2/3.
querier-1  | 2026-05-16T17:15:52.974331294Z SELECT region, AVG(temp), COUNT(*)
querier-1  | 2026-05-16T17:15:52.974332003Z FROM sensors
querier-1  | 2026-05-16T17:15:52.974332836Z WHERE time > now() - INTERVAL '1 week'
querier-1  | 2026-05-16T17:15:52.974333711Z GROUP BY region format=Csv
querier-1  | 2026-05-16T17:15:52.974334461Z 2026-05-16T17:15:52.974277Z  INFO influxdb3_server::query_executor: executing sql query database=bench query=-- 1-week recent window — exercises the gen1-heavy tail. Most recent data
querier-1  | 2026-05-16T17:15:52.974335378Z -- still sits in many small gen1 files; compaction should already be
querier-1  | 2026-05-16T17:15:52.974336128Z -- promoting older portions of this window to gen2/3.
querier-1  | 2026-05-16T17:15:52.974336836Z SELECT region, AVG(temp), COUNT(*)
querier-1  | 2026-05-16T17:15:52.974337503Z FROM sensors
querier-1  | 2026-05-16T17:15:52.974338169Z WHERE time > now() - INTERVAL '1 week'
querier-1  | 2026-05-16T17:15:52.974338836Z GROUP BY region params=None
querier-1  | 2026-05-16T17:15:52.974339586Z 2026-05-16T17:15:52.974296Z  INFO iox_query::query_log: query when="received" id=ea7f9bdb-f883-40e7-b09e-c07f6f51b4b9 namespace_id=0 namespace_name="influxdb3 oss" query_type="sql" query_text=-- 1-week recent window — exercises the gen1-heavy tail. Most recent data
querier-1  | 2026-05-16T17:15:52.974340753Z -- still sits in many small gen1 files; compaction should already be
querier-1  | 2026-05-16T17:15:52.974341378Z -- promoting older portions of this window to gen2/3.
querier-1  | 2026-05-16T17:15:52.974342003Z SELECT region, AVG(temp), COUNT(*)
querier-1  | 2026-05-16T17:15:52.974342628Z FROM sensors
querier-1  | 2026-05-16T17:15:52.974343169Z WHERE time > now() - INTERVAL '1 week'
querier-1  | 2026-05-16T17:15:52.974343753Z GROUP BY region query_params=Params { } issue_time=2026-05-16T17:15:52.974295753+00:00 success=false running=true cancelled=false
querier-1  | 2026-05-16T17:15:52.981489836Z 2026-05-16T17:15:52.981409Z  INFO influxdb3_write::composite_write_buffer: composite get_table_chunks db_schema.id=DbId(1) table_def.table_id=TableId(0) local=1 remote=0 tail=70 total=71
querier-1  | 2026-05-16T17:15:52.989607336Z 2026-05-16T17:15:52.989543Z  INFO iox_query::query_log: query when="planned" id=ea7f9bdb-f883-40e7-b09e-c07f6f51b4b9 namespace_id=0 namespace_name="influxdb3 oss" query_type="sql" query_text=-- 1-week recent window — exercises the gen1-heavy tail. Most recent data
querier-1  | 2026-05-16T17:15:52.989615128Z -- still sits in many small gen1 files; compaction should already be
querier-1  | 2026-05-16T17:15:52.989616086Z -- promoting older portions of this window to gen2/3.
querier-1  | 2026-05-16T17:15:52.989616836Z SELECT region, AVG(temp), COUNT(*)
querier-1  | 2026-05-16T17:15:52.989617544Z FROM sensors
querier-1  | 2026-05-16T17:15:52.989618211Z WHERE time > now() - INTERVAL '1 week'
querier-1  | 2026-05-16T17:15:52.989619003Z GROUP BY region query_params=Params { } issue_time=2026-05-16T17:15:52.974295753+00:00 partitions=1 parquet_files=1 deduplicated_partitions=0 deduplicated_parquet_files=0 plan_duration_secs=0.015238833 success=false running=true cancelled=false
querier-1  | 2026-05-16T17:15:52.989619878Z 2026-05-16T17:15:52.989558Z  INFO iox_query::query_log: query when="permit" id=ea7f9bdb-f883-40e7-b09e-c07f6f51b4b9 namespace_id=0 namespace_name="influxdb3 oss" query_type="sql" query_text=-- 1-week recent window — exercises the gen1-heavy tail. Most recent data
querier-1  | 2026-05-16T17:15:52.989620753Z -- still sits in many small gen1 files; compaction should already be
querier-1  | 2026-05-16T17:15:52.989621378Z -- promoting older portions of this window to gen2/3.
querier-1  | 2026-05-16T17:15:52.989621961Z SELECT region, AVG(temp), COUNT(*)
querier-1  | 2026-05-16T17:15:52.989622503Z FROM sensors
querier-1  | 2026-05-16T17:15:52.989623003Z WHERE time > now() - INTERVAL '1 week'
querier-1  | 2026-05-16T17:15:52.989623628Z GROUP BY region query_params=Params { } issue_time=2026-05-16T17:15:52.974295753+00:00 partitions=1 parquet_files=1 deduplicated_partitions=0 deduplicated_parquet_files=0 plan_duration_secs=0.015238833 permit_duration_secs=2.3125e-5 success=false running=true cancelled=false
querier-1  | 2026-05-16T17:15:52.989739919Z 2026-05-16T17:15:52.989649Z  INFO iox_query::query_log: query when="success" id=ea7f9bdb-f883-40e7-b09e-c07f6f51b4b9 namespace_id=0 namespace_name="influxdb3 oss" query_type="sql" query_text=-- 1-week recent window — exercises the gen1-heavy tail. Most recent data
querier-1  | 2026-05-16T17:15:52.989751753Z -- still sits in many small gen1 files; compaction should already be
querier-1  | 2026-05-16T17:15:52.989752794Z -- promoting older portions of this window to gen2/3.
querier-1  | 2026-05-16T17:15:52.989753544Z SELECT region, AVG(temp), COUNT(*)
querier-1  | 2026-05-16T17:15:52.989754128Z FROM sensors
querier-1  | 2026-05-16T17:15:52.989754711Z WHERE time > now() - INTERVAL '1 week'
querier-1  | 2026-05-16T17:15:52.989755461Z GROUP BY region query_params=Params { } issue_time=2026-05-16T17:15:52.974295753+00:00 partitions=1 parquet_files=1 deduplicated_partitions=0 deduplicated_parquet_files=0 plan_duration_secs=0.015238833 permit_duration_secs=2.3125e-5 execute_duration_secs=7.4625e-5 end2end_duration_secs=0.01535275 compute_duration_secs=2.8043e-5 max_memory=0 ingester_metrics.latency_to_plan_secs=0.0 ingester_metrics.latency_to_full_data_secs=0.0 ingester_metrics.response_rows=0 ingester_metrics.partition_count=0 ingester_metrics.response_size=0 success=true running=false cancelled=false
querier-1  | 2026-05-16T17:15:53.015304003Z 2026-05-16T17:15:53.015244Z  INFO influxdb3_server::http: handling query_sql database=bench query_str=-- 1-week recent window — exercises the gen1-heavy tail. Most recent data
querier-1  | 2026-05-16T17:15:53.015310086Z -- still sits in many small gen1 files; compaction should already be
querier-1  | 2026-05-16T17:15:53.015310961Z -- promoting older portions of this window to gen2/3.
querier-1  | 2026-05-16T17:15:53.015311628Z SELECT region, AVG(temp), COUNT(*)
querier-1  | 2026-05-16T17:15:53.015312211Z FROM sensors
querier-1  | 2026-05-16T17:15:53.015312753Z WHERE time > now() - INTERVAL '1 week'
querier-1  | 2026-05-16T17:15:53.015313503Z GROUP BY region format=Csv
querier-1  | 2026-05-16T17:15:53.015314086Z 2026-05-16T17:15:53.015265Z  INFO influxdb3_server::query_executor: executing sql query database=bench query=-- 1-week recent window — exercises the gen1-heavy tail. Most recent data
querier-1  | 2026-05-16T17:15:53.015314919Z -- still sits in many small gen1 files; compaction should already be
querier-1  | 2026-05-16T17:15:53.015315503Z -- promoting older portions of this window to gen2/3.
querier-1  | 2026-05-16T17:15:53.015316086Z SELECT region, AVG(temp), COUNT(*)
querier-1  | 2026-05-16T17:15:53.015316628Z FROM sensors
querier-1  | 2026-05-16T17:15:53.015317169Z WHERE time > now() - INTERVAL '1 week'
querier-1  | 2026-05-16T17:15:53.015317711Z GROUP BY region params=None
querier-1  | 2026-05-16T17:15:53.015320169Z 2026-05-16T17:15:53.015287Z  INFO iox_query::query_log: query when="received" id=6c42d160-2c7a-4630-b292-6822e1f1cfdc namespace_id=0 namespace_name="influxdb3 oss" query_type="sql" query_text=-- 1-week recent window — exercises the gen1-heavy tail. Most recent data
querier-1  | 2026-05-16T17:15:53.015321253Z -- still sits in many small gen1 files; compaction should already be
querier-1  | 2026-05-16T17:15:53.015321836Z -- promoting older portions of this window to gen2/3.
querier-1  | 2026-05-16T17:15:53.015322378Z SELECT region, AVG(temp), COUNT(*)
querier-1  | 2026-05-16T17:15:53.015322961Z FROM sensors
querier-1  | 2026-05-16T17:15:53.015323461Z WHERE time > now() - INTERVAL '1 week'
querier-1  | 2026-05-16T17:15:53.015324128Z GROUP BY region query_params=Params { } issue_time=2026-05-16T17:15:53.015285753+00:00 success=false running=true cancelled=false
querier-1  | 2026-05-16T17:15:53.022359878Z 2026-05-16T17:15:53.022285Z  INFO influxdb3_write::composite_write_buffer: composite get_table_chunks db_schema.id=DbId(1) table_def.table_id=TableId(0) local=1 remote=0 tail=70 total=71
querier-1  | 2026-05-16T17:15:53.030627628Z 2026-05-16T17:15:53.030563Z  INFO iox_query::query_log: query when="planned" id=6c42d160-2c7a-4630-b292-6822e1f1cfdc namespace_id=0 namespace_name="influxdb3 oss" query_type="sql" query_text=-- 1-week recent window — exercises the gen1-heavy tail. Most recent data
querier-1  | 2026-05-16T17:15:53.030638378Z -- still sits in many small gen1 files; compaction should already be
querier-1  | 2026-05-16T17:15:53.030639794Z -- promoting older portions of this window to gen2/3.
querier-1  | 2026-05-16T17:15:53.030640919Z SELECT region, AVG(temp), COUNT(*)
querier-1  | 2026-05-16T17:15:53.030641711Z FROM sensors
querier-1  | 2026-05-16T17:15:53.030653086Z WHERE time > now() - INTERVAL '1 week'
querier-1  | 2026-05-16T17:15:53.030654044Z GROUP BY region query_params=Params { } issue_time=2026-05-16T17:15:53.015285753+00:00 partitions=1 parquet_files=1 deduplicated_partitions=0 deduplicated_parquet_files=0 plan_duration_secs=0.015267666 success=false running=true cancelled=false
querier-1  | 2026-05-16T17:15:53.030655128Z 2026-05-16T17:15:53.030577Z  INFO iox_query::query_log: query when="permit" id=6c42d160-2c7a-4630-b292-6822e1f1cfdc namespace_id=0 namespace_name="influxdb3 oss" query_type="sql" query_text=-- 1-week recent window — exercises the gen1-heavy tail. Most recent data
querier-1  | 2026-05-16T17:15:53.030656169Z -- still sits in many small gen1 files; compaction should already be
querier-1  | 2026-05-16T17:15:53.030656794Z -- promoting older portions of this window to gen2/3.
querier-1  | 2026-05-16T17:15:53.030657419Z SELECT region, AVG(temp), COUNT(*)
querier-1  | 2026-05-16T17:15:53.030658003Z FROM sensors
querier-1  | 2026-05-16T17:15:53.030658586Z WHERE time > now() - INTERVAL '1 week'
querier-1  | 2026-05-16T17:15:53.030659211Z GROUP BY region query_params=Params { } issue_time=2026-05-16T17:15:53.015285753+00:00 partitions=1 parquet_files=1 deduplicated_partitions=0 deduplicated_parquet_files=0 plan_duration_secs=0.015267666 permit_duration_secs=2.3292e-5 success=false running=true cancelled=false
querier-1  | 2026-05-16T17:15:53.030765628Z 2026-05-16T17:15:53.030697Z  INFO iox_query::query_log: query when="success" id=6c42d160-2c7a-4630-b292-6822e1f1cfdc namespace_id=0 namespace_name="influxdb3 oss" query_type="sql" query_text=-- 1-week recent window — exercises the gen1-heavy tail. Most recent data
querier-1  | 2026-05-16T17:15:53.030770503Z -- still sits in many small gen1 files; compaction should already be
querier-1  | 2026-05-16T17:15:53.030771378Z -- promoting older portions of this window to gen2/3.
querier-1  | 2026-05-16T17:15:53.030772044Z SELECT region, AVG(temp), COUNT(*)
querier-1  | 2026-05-16T17:15:53.030772669Z FROM sensors
querier-1  | 2026-05-16T17:15:53.030773211Z WHERE time > now() - INTERVAL '1 week'
querier-1  | 2026-05-16T17:15:53.030773961Z GROUP BY region query_params=Params { } issue_time=2026-05-16T17:15:53.015285753+00:00 partitions=1 parquet_files=1 deduplicated_partitions=0 deduplicated_parquet_files=0 plan_duration_secs=0.015267666 permit_duration_secs=2.3292e-5 execute_duration_secs=8.0917e-5 end2end_duration_secs=0.015411083 compute_duration_secs=4e-9 max_memory=0 ingester_metrics.latency_to_plan_secs=0.0 ingester_metrics.latency_to_full_data_secs=0.0 ingester_metrics.response_rows=0 ingester_metrics.partition_count=0 ingester_metrics.response_size=0 success=true running=false cancelled=false
querier-1  | 2026-05-16T17:15:53.059413003Z 2026-05-16T17:15:53.059354Z  INFO influxdb3_server::http: handling query_sql database=bench query_str=-- 1-week recent window — exercises the gen1-heavy tail. Most recent data
querier-1  | 2026-05-16T17:15:53.059419253Z -- still sits in many small gen1 files; compaction should already be
querier-1  | 2026-05-16T17:15:53.059420044Z -- promoting older portions of this window to gen2/3.
querier-1  | 2026-05-16T17:15:53.059420669Z SELECT region, AVG(temp), COUNT(*)
querier-1  | 2026-05-16T17:15:53.059421253Z FROM sensors
querier-1  | 2026-05-16T17:15:53.059421836Z WHERE time > now() - INTERVAL '1 week'
querier-1  | 2026-05-16T17:15:53.059422586Z GROUP BY region format=Csv
querier-1  | 2026-05-16T17:15:53.059428628Z 2026-05-16T17:15:53.059370Z  INFO influxdb3_server::query_executor: executing sql query database=bench query=-- 1-week recent window — exercises the gen1-heavy tail. Most recent data
querier-1  | 2026-05-16T17:15:53.059429544Z -- still sits in many small gen1 files; compaction should already be
querier-1  | 2026-05-16T17:15:53.059430128Z -- promoting older portions of this window to gen2/3.
querier-1  | 2026-05-16T17:15:53.059430878Z SELECT region, AVG(temp), COUNT(*)
querier-1  | 2026-05-16T17:15:53.059431461Z FROM sensors
querier-1  | 2026-05-16T17:15:53.059431961Z WHERE time > now() - INTERVAL '1 week'
querier-1  | 2026-05-16T17:15:53.059432544Z GROUP BY region params=None
querier-1  | 2026-05-16T17:15:53.059433128Z 2026-05-16T17:15:53.059390Z  INFO iox_query::query_log: query when="received" id=0baf7430-dde7-4e01-a0e4-03c61c78efec namespace_id=0 namespace_name="influxdb3 oss" query_type="sql" query_text=-- 1-week recent window — exercises the gen1-heavy tail. Most recent data
querier-1  | 2026-05-16T17:15:53.059434169Z -- still sits in many small gen1 files; compaction should already be
querier-1  | 2026-05-16T17:15:53.059434878Z -- promoting older portions of this window to gen2/3.
querier-1  | 2026-05-16T17:15:53.059435461Z SELECT region, AVG(temp), COUNT(*)
querier-1  | 2026-05-16T17:15:53.059436003Z FROM sensors
querier-1  | 2026-05-16T17:15:53.059436544Z WHERE time > now() - INTERVAL '1 week'
querier-1  | 2026-05-16T17:15:53.059437128Z GROUP BY region query_params=Params { } issue_time=2026-05-16T17:15:53.059389169+00:00 success=false running=true cancelled=false
querier-1  | 2026-05-16T17:15:53.066134919Z 2026-05-16T17:15:53.066048Z  INFO influxdb3_write::composite_write_buffer: composite get_table_chunks db_schema.id=DbId(1) table_def.table_id=TableId(0) local=1 remote=0 tail=70 total=71
querier-1  | 2026-05-16T17:15:53.074203878Z 2026-05-16T17:15:53.074136Z  INFO iox_query::query_log: query when="planned" id=0baf7430-dde7-4e01-a0e4-03c61c78efec namespace_id=0 namespace_name="influxdb3 oss" query_type="sql" query_text=-- 1-week recent window — exercises the gen1-heavy tail. Most recent data
querier-1  | 2026-05-16T17:15:53.074212753Z -- still sits in many small gen1 files; compaction should already be
querier-1  | 2026-05-16T17:15:53.074214003Z -- promoting older portions of this window to gen2/3.
querier-1  | 2026-05-16T17:15:53.074214919Z SELECT region, AVG(temp), COUNT(*)
querier-1  | 2026-05-16T17:15:53.074215586Z FROM sensors
querier-1  | 2026-05-16T17:15:53.074216211Z WHERE time > now() - INTERVAL '1 week'
querier-1  | 2026-05-16T17:15:53.074217044Z GROUP BY region query_params=Params { } issue_time=2026-05-16T17:15:53.059389169+00:00 partitions=1 parquet_files=1 deduplicated_partitions=0 deduplicated_parquet_files=0 plan_duration_secs=0.014738084 success=false running=true cancelled=false
querier-1  | 2026-05-16T17:15:53.074217878Z 2026-05-16T17:15:53.074151Z  INFO iox_query::query_log: query when="permit" id=0baf7430-dde7-4e01-a0e4-03c61c78efec namespace_id=0 namespace_name="influxdb3 oss" query_type="sql" query_text=-- 1-week recent window — exercises the gen1-heavy tail. Most recent data
querier-1  | 2026-05-16T17:15:53.074218878Z -- still sits in many small gen1 files; compaction should already be
querier-1  | 2026-05-16T17:15:53.074219503Z -- promoting older portions of this window to gen2/3.
querier-1  | 2026-05-16T17:15:53.074228003Z SELECT region, AVG(temp), COUNT(*)
querier-1  | 2026-05-16T17:15:53.074228711Z FROM sensors
querier-1  | 2026-05-16T17:15:53.074229294Z WHERE time > now() - INTERVAL '1 week'
querier-1  | 2026-05-16T17:15:53.074229961Z GROUP BY region query_params=Params { } issue_time=2026-05-16T17:15:53.059389169+00:00 partitions=1 parquet_files=1 deduplicated_partitions=0 deduplicated_parquet_files=0 plan_duration_secs=0.014738084 permit_duration_secs=2.3541e-5 success=false running=true cancelled=false
querier-1  | 2026-05-16T17:15:53.074338419Z 2026-05-16T17:15:53.074240Z  INFO iox_query::query_log: query when="success" id=0baf7430-dde7-4e01-a0e4-03c61c78efec namespace_id=0 namespace_name="influxdb3 oss" query_type="sql" query_text=-- 1-week recent window — exercises the gen1-heavy tail. Most recent data
querier-1  | 2026-05-16T17:15:53.074347253Z -- still sits in many small gen1 files; compaction should already be
querier-1  | 2026-05-16T17:15:53.074348378Z -- promoting older portions of this window to gen2/3.
querier-1  | 2026-05-16T17:15:53.074349044Z SELECT region, AVG(temp), COUNT(*)
querier-1  | 2026-05-16T17:15:53.074349669Z FROM sensors
querier-1  | 2026-05-16T17:15:53.074350336Z WHERE time > now() - INTERVAL '1 week'
querier-1  | 2026-05-16T17:15:53.074351128Z GROUP BY region query_params=Params { } issue_time=2026-05-16T17:15:53.059389169+00:00 partitions=1 parquet_files=1 deduplicated_partitions=0 deduplicated_parquet_files=0 plan_duration_secs=0.014738084 permit_duration_secs=2.3541e-5 execute_duration_secs=7.5875e-5 end2end_duration_secs=0.014851125 compute_duration_secs=4e-9 max_memory=0 ingester_metrics.latency_to_plan_secs=0.0 ingester_metrics.latency_to_full_data_secs=0.0 ingester_metrics.response_rows=0 ingester_metrics.partition_count=0 ingester_metrics.response_size=0 success=true running=false cancelled=false
querier-1  | 2026-05-16T17:15:53.099790003Z 2026-05-16T17:15:53.099726Z  INFO influxdb3_server::http: handling query_sql database=bench query_str=-- 1-week recent window — exercises the gen1-heavy tail. Most recent data
querier-1  | 2026-05-16T17:15:53.099797961Z -- still sits in many small gen1 files; compaction should already be
querier-1  | 2026-05-16T17:15:53.099799253Z -- promoting older portions of this window to gen2/3.
querier-1  | 2026-05-16T17:15:53.099800086Z SELECT region, AVG(temp), COUNT(*)
querier-1  | 2026-05-16T17:15:53.099800836Z FROM sensors
querier-1  | 2026-05-16T17:15:53.099801544Z WHERE time > now() - INTERVAL '1 week'
querier-1  | 2026-05-16T17:15:53.099802419Z GROUP BY region format=Csv
querier-1  | 2026-05-16T17:15:53.099803169Z 2026-05-16T17:15:53.099745Z  INFO influxdb3_server::query_executor: executing sql query database=bench query=-- 1-week recent window — exercises the gen1-heavy tail. Most recent data
querier-1  | 2026-05-16T17:15:53.099804128Z -- still sits in many small gen1 files; compaction should already be
querier-1  | 2026-05-16T17:15:53.099804919Z -- promoting older portions of this window to gen2/3.
querier-1  | 2026-05-16T17:15:53.099805669Z SELECT region, AVG(temp), COUNT(*)
querier-1  | 2026-05-16T17:15:53.099806378Z FROM sensors
querier-1  | 2026-05-16T17:15:53.099807044Z WHERE time > now() - INTERVAL '1 week'
querier-1  | 2026-05-16T17:15:53.099807794Z GROUP BY region params=None
querier-1  | 2026-05-16T17:15:53.099814669Z 2026-05-16T17:15:53.099767Z  INFO iox_query::query_log: query when="received" id=ae63973e-f8d3-418d-b229-f7f56479e530 namespace_id=0 namespace_name="influxdb3 oss" query_type="sql" query_text=-- 1-week recent window — exercises the gen1-heavy tail. Most recent data
querier-1  | 2026-05-16T17:15:53.099823919Z -- still sits in many small gen1 files; compaction should already be
querier-1  | 2026-05-16T17:15:53.099824919Z -- promoting older portions of this window to gen2/3.
querier-1  | 2026-05-16T17:15:53.099825586Z SELECT region, AVG(temp), COUNT(*)
querier-1  | 2026-05-16T17:15:53.099826211Z FROM sensors
querier-1  | 2026-05-16T17:15:53.099826753Z WHERE time > now() - INTERVAL '1 week'
querier-1  | 2026-05-16T17:15:53.099827461Z GROUP BY region query_params=Params { } issue_time=2026-05-16T17:15:53.099766419+00:00 success=false running=true cancelled=false
querier-1  | 2026-05-16T17:15:53.106567086Z 2026-05-16T17:15:53.106494Z  INFO influxdb3_write::composite_write_buffer: composite get_table_chunks db_schema.id=DbId(1) table_def.table_id=TableId(0) local=1 remote=0 tail=70 total=71
querier-1  | 2026-05-16T17:15:53.114631253Z 2026-05-16T17:15:53.114565Z  INFO iox_query::query_log: query when="planned" id=ae63973e-f8d3-418d-b229-f7f56479e530 namespace_id=0 namespace_name="influxdb3 oss" query_type="sql" query_text=-- 1-week recent window — exercises the gen1-heavy tail. Most recent data
querier-1  | 2026-05-16T17:15:53.114638461Z -- still sits in many small gen1 files; compaction should already be
querier-1  | 2026-05-16T17:15:53.114639586Z -- promoting older portions of this window to gen2/3.
querier-1  | 2026-05-16T17:15:53.114640378Z SELECT region, AVG(temp), COUNT(*)
querier-1  | 2026-05-16T17:15:53.114641128Z FROM sensors
querier-1  | 2026-05-16T17:15:53.114641878Z WHERE time > now() - INTERVAL '1 week'
querier-1  | 2026-05-16T17:15:53.114642794Z GROUP BY region query_params=Params { } issue_time=2026-05-16T17:15:53.099766419+00:00 partitions=1 parquet_files=1 deduplicated_partitions=0 deduplicated_parquet_files=0 plan_duration_secs=0.014789959 success=false running=true cancelled=false
querier-1  | 2026-05-16T17:15:53.114643628Z 2026-05-16T17:15:53.114581Z  INFO iox_query::query_log: query when="permit" id=ae63973e-f8d3-418d-b229-f7f56479e530 namespace_id=0 namespace_name="influxdb3 oss" query_type="sql" query_text=-- 1-week recent window — exercises the gen1-heavy tail. Most recent data
querier-1  | 2026-05-16T17:15:53.114644544Z -- still sits in many small gen1 files; compaction should already be
querier-1  | 2026-05-16T17:15:53.114645128Z -- promoting older portions of this window to gen2/3.
querier-1  | 2026-05-16T17:15:53.114645753Z SELECT region, AVG(temp), COUNT(*)
querier-1  | 2026-05-16T17:15:53.114646294Z FROM sensors
querier-1  | 2026-05-16T17:15:53.114646836Z WHERE time > now() - INTERVAL '1 week'
querier-1  | 2026-05-16T17:15:53.114647419Z GROUP BY region query_params=Params { } issue_time=2026-05-16T17:15:53.099766419+00:00 partitions=1 parquet_files=1 deduplicated_partitions=0 deduplicated_parquet_files=0 plan_duration_secs=0.014789959 permit_duration_secs=2.5e-5 success=false running=true cancelled=false
querier-1  | 2026-05-16T17:15:53.114799128Z 2026-05-16T17:15:53.114680Z  INFO iox_query::query_log: query when="success" id=ae63973e-f8d3-418d-b229-f7f56479e530 namespace_id=0 namespace_name="influxdb3 oss" query_type="sql" query_text=-- 1-week recent window — exercises the gen1-heavy tail. Most recent data
querier-1  | 2026-05-16T17:15:53.114843503Z -- still sits in many small gen1 files; compaction should already be
querier-1  | 2026-05-16T17:15:53.114846086Z -- promoting older portions of this window to gen2/3.
querier-1  | 2026-05-16T17:15:53.114847503Z SELECT region, AVG(temp), COUNT(*)
querier-1  | 2026-05-16T17:15:53.114851586Z FROM sensors
querier-1  | 2026-05-16T17:15:53.114852753Z WHERE time > now() - INTERVAL '1 week'
querier-1  | 2026-05-16T17:15:53.114855253Z GROUP BY region query_params=Params { } issue_time=2026-05-16T17:15:53.099766419+00:00 partitions=1 parquet_files=1 deduplicated_partitions=0 deduplicated_parquet_files=0 plan_duration_secs=0.014789959 permit_duration_secs=2.5e-5 execute_duration_secs=7.8291e-5 end2end_duration_secs=0.014913542 compute_duration_secs=2.8588e-5 max_memory=0 ingester_metrics.latency_to_plan_secs=0.0 ingester_metrics.latency_to_full_data_secs=0.0 ingester_metrics.response_rows=0 ingester_metrics.partition_count=0 ingester_metrics.response_size=0 success=true running=false cancelled=false
